raw_text,teencode_ratio
anh cho bạn em ứng tuyển ạ,0.0
Muốn nuôi một bé sinh viên Mình 98 ở Hà Nội đang kinh doanh Nghiêm túc nhé ai có nhu cầu ib,0.0
Cô để cho các cháu kiếm cơm 😂,0.0
"Bạn em .03 làm kế toán công ty xuất nhập khẩu nhưng tâm hồn sinh viên, mong anh để ý đến bạn em một chút ạ",0.0
Em biết làm hết việc nhà ạ em đang có ý định học thêm 1 chuyên ngành nữa,0.0
anh nuôi nổi em lên thsi (8 năm đi học) thì ib em nhé,0.0
bọn em ạ,0.0
"Chị 95, sinh viên năm 10 đại học tư bản ứng cử, nghiêm túc",0.0
Đủ điều kiện thế thì cứ xếp hàng thôi =))),0.0
"làm kế toán công ty xuất nhập khẩu nhưng tâm hồn sinh viên, mong anh để ý đến bạn em một chút ạ",0.0
em cựu sv có được không ạ 🙌🏻,0.0
bé kia thì phải học hành cho xong,0.0
Nói thẳng với thằng e trai là nếu thấy nó dẫn con vớ vẩn đó về lần nữa thì cút xéo,0.0
và khoá cửa luôn khi đi ra ngoài đi em,0.0
cắt tiền chi tiêu của em bạn,0.0
gọi công an xuống khai báo có người đột nhập phi pháp để có địa chỉ nhà nhỏ đó rồi trả về nơi sản xuất.,0.0
Để lâu nó gài có bầu còn khó giải quyết hơn.,0.0
Ngày trước nhà e mới xây nhà xong nên cửa chưa thể khoá được,0.0
Giờ thì khoá cửa rồi nhưng e trai e biết chỗ để chía khoá nên vẫn vào được,0.0
"Nhà chị là còn hiền đấy, chứ nhà em là chửi thẳng mặt 2 đứa nó từ lâu rồi.",0.0
"Nấu cơm thì cắt phần 2 đứa nó đi, cái tội đưa con ny về và chỉ ru rú trong phòng",0.0
"vô cmt chủ tus toàn bị fan martin, fan james lừa.",0.0
Cười vl =))))),0.0
"It's time to change 👍 thế kỷ 21, trục giá trị thay đổi.",0.0
Chúng ta không còn cần một gia đình có đàn ông gia trưởng nữa,0.0
"đồng cảm, thương 🫂",0.0
còn bác 2 với bố tui siêu gia trưởng luôn,0.0
"gắng đến lúc đi học,đi làm để thoát khỏi căn nhà ấy thoii",0.0
cực kì ghét,0.0
yeah đá vía có bố gia trưởng (trưởng nam miền bắc) nhé ạ ✌️✌️🥰,0.0
"giống kiểu địa chủ xưa,thấy địa vị bị đe doạ là dùng bạo lực, quyền lực để trấn áp liền",0.0
thử đóng góp ý kiến nhẹ nhàng để thay đổi cái nha là mấy ổng sẽ tự cho rằng vị trí của mình đang bị lung lay,0.0
đối phương đang đe dọa và nổi khùng lên,0.0
"Cái này là may nhưng trăm phần tội ngu :))) Mẹ kể hồi còn nhỏ, chắc khoảng 1 tuổi, mình chuyện môn chọc con mèo ở nhà.",0.0
"Cứ lấy đuôi nó cho vào ống chỉ, bữa đó nó khùng lên quay sang cào cho một phát, mẹ bảo chỉ còn mấy mm là vô con mắt rồi.",0.0
Mấy cậu dì mỗi lần nghe lại hay chọc là suýt nữa là thành cướp biển vùng Caribbean rồi 🤣,0.0
"1 case là vừa bị lay off, 1 case là vì chán.",0.0
Cả hai đều đang expect mức lương 18-20tr.,0.0
Ngành thì nhỏ nên dễ dàng biết mức lương hiện tại của các bạn thấp hơn rất nhiều ↓,0.0
"""Cứ deal lương cao như mức em muốn đi, điều tệ nhất có thể là gì nhỉ?""",0.0
Em chỉ có thể an toàn nếu em trung lập.”,0.0
cười vl con vợ,0.0
"2k2, 2k3 đi làm ĐÒI LƯƠNG 18 - 20tr là có BỊ ẢO không?",0.0
Hôm rồi khi lướt Threads,0.0
cả hai đều mới tốt nghiệp có kinh nghiệm trainee 3 tháng đi làm công ty kinh nghiệm dưới 6 tháng và muốn nhảy.,0.0
Đm điều tệ nhất là đăng lên threads ạ,0.0
hãm vị mom,0.0
nên cũng chả biết cảm giấc ấy như thế nào,0.0
thật ra khóc mà càng bị mắng là vì họ muốn phủ định cảm xúc của bạn thoi.,0.0
Khóc xong thầy thương quá cho 10đ😛,0.0
TOPIC: HÃY KỂ RA 1 LẦN CHÚNG MÀY THẤY KHÓC ĐÚNG LÚC ĐÚNG THỜI ĐIỂM LẠI CÓ TÁC DỤNG SIÊU PEAK ĐI,0.0
Đa số là vô nghĩa luôn á bác=)))) Càng khót càng bị mắng mà lúc nín xong nghĩ lại thấy quê vl💔,0.0
Chứ biết thừa luôn,0.0
:))) ý là cả kể chị e chúng toi có giận thì cũng chỉ tại thời điểm đấy thôi chứ nói dối thế sau mà chúng toi phát hiện ra thì chuyện lúc đấy là to rồi nha :))),0.0
"Được rồi, tôi đã đăng lại.",0.0
Xin đừng nói nữa 😭,0.0
nó sợ bị phát hiện nên mới biện minh như thế thôi =))),0.0
Ê bà này nói đúng ý tui :)))),0.0
cái giống gì cũng biết 🤡,0.0
mới lỡ chiều nay,0.0
"MOI HẾT RUỘT GAN RA ĐỂ KỂ VÌ NGHĨ LÀ BẠN THÂN, ĐÃ HỐI HẬN🙌🏻",0.0
kể hết cuộc đời rồi giờ sao,0.0
"thề sai lầm vcl 🙏🏻 chơi thân gần 3 năm,tin tưởng mới dám kể :) ai ngờ nó chơi cho 1 vố nhớ đời",0.0
Siêu nhẹ nhành và ngọt ngào cấp 3 + đại học nắng mưa đều đưa đi rước về nhậu say anh đón,0.0
tết vừa rồi nhập viện từ 29 đến m4 anh trông miết lúc nào cũng Anh đây .,0.0
"các em gái đang iu tranh thủ ""củ hành"" vào nhé, lấy về lười chảy thây ra đấy 😆",0.0
đọc cmt mới biết phải cho bản thân thời gian vì những điều tốt đẹp thường đến muộn,0.0
Kể về 1 hành động mà bạn thấy siêu soft đến từ ny✅,0.0
"Khổ thân quá, giờ cuộc sống E ổn chưa??",0.0
Trải qua từng ấy chuyện nhưng bạn vẫn là một người tử tế thì rất đáng quý trọng,0.0
dạ con cảm ơn cô!,0.0
Chúc em mọi điều tốt đẹp trong cuộc sống.,0.0
"Respect bạn 🔥🔥🔥 chúc bạn năm mới nhiều sức khoẻ và bình an, hãy giữ trái tim luôn kiên cường như vậy nha 👍👍",0.0
Đúng rồi chính là toyyy :>>>,0.0
Ôm bạn một cái nhé🫶 năm mới chúc bạn nhiều sức khỏe và may mắn ạ🥰,0.0
Khoảnh khắc tất cả mọi thứ tồi tệ đến cùng 1 lúc,0.0
Là mình của tháng 3 năm ấy.,0.0
Nhìn lại vẫn thấy hoài niệm.,0.0
Chính mình của khoảnh khắc đó quyết tâm thay đổi để có mình của bây giờ.,0.0
"Không có tiền, tới tháng không mua được băng vệ sinh, chỉ biết nằm lót áo dưới mông cho máu chảy.",0.0
"15 tuổi bỏ nhà đi, 39kg chạy bàn quán nhậu phải xách két bia, thùng lắc xê cho khách.",0.0
"Tháng đầu chưa có lương chật vật ăn ngủ tắm rửa ở quán net, hết tiền đi net thì ngủ bụi ngoài đường.",0.0
Vào làm được hai tuần thì quán cho ngủ lại trên gác của một cái phòng bé xíu không có nhà tắm,0.0
phải tắm trong nhà vệ sinh bằng vòi xịt.,0.0
(1) Kể về khoảnh khắc khó khăn nhất cuộc đời bạn?,0.0
Đúng nha 😭,0.0
Khi bạn định làm một điều gì đó mà có rất nhiều thứ khách quan chen ngang vào thì bạn không nên làm điều đó nữa,0.0
Thay vì nói xin lỗi vì đã làm phiền thì thay bằng cảm ơn vì đã lắng nghe.,0.0
"Chỉ nói điều tích cực, nếu không thì im lặng.",0.0
Nên cảm ơn người đã giúp đỡ mình bằng cách mời họ đi ăn tặng món quà nhỏ hoặc giúp lại họ khi có cơ hội,0.0
Đến đúng giờ là trễ.,0.0
Còn mấy cái này ai EQ cao biết hết,0.0
"Mình hiểu, ranh giới cảnh báo đó đôi khi mỏng manh lắm!",0.0
"Đôi khi không tin, quá vội… giá sẽ trả khá đắt!",0.0
hãy tạm ngưng & rà soát lại mọi thứ.,0.0
Followers của Khoa LC Car chắc chắn đẹp trai,0.0
Hãy kể về những quy tắc “ngầm” trong xã hội mà các bạn cần phải biết và chú ý.,0.0
Đừng chạm vào vai người khác khi chuẩn bị bước vào sự kiện quan trọng như kỳ thi hay phỏng vấn xin việc,0.0
"Quan điểm cá nhân, bạn nào còn “non” mới ra trường thì nên hạn chế tiếp xúc người Bắc.",0.0
KHÔNG ĐƯỢC DẮT BẠN THÂN GẶP NGƯỜI YÊU :))) 1.,0.0
KHÔNG ĐƯỢC 2.,0.0
KHÔNG ĐƯỢCCC 3.,0.0
Thô nhưng thật.,0.0
Qui tắc ngầm thật sự là những qui tắc làm việc với cq các bé ơi.,0.0
"Và mấy cái đó thì phải trả bằng năm tháng, tiền bạc và thời gian, sức khoẻ mới may ra được người giỏi truyền thụ.",0.0
"Trừ khi người khác nói cho , còn đã mượn tiền thì phải trả đúng hạn, đúng số tiền.",0.0
Con phanh cứ ltinh,0.0
hình như chúng ta chung hoàn cảnh😭,0.0
ê 3 tháng bạn ấy đã phải trãi qua những gì nhờ😭,0.0
chính là khoảnh khắc nhận ra đã mất họ,0.0
thích đến cái mức ngồi tâm sự với con chat gpt... khóc lóc kể lể các thứ ngại vl=)))),0.0
Topic: Hãy kể khoảng khắc rằng bạn nhận ra mình đã thích người ta nhiều hơn mình nghĩ,0.0
đó là khi mình chịu mệt mỏi từ trường đến nhà và đến tối thì chỉ mong được chơi game cùng nhóm bạn và có cả bạn ấy.,0.0
Lúc đó mình nhận ra à mình thích bạn ấy thật rồi,0.0
bởi vì mỗi lần chơi game anh ấy để take care mình và trêu mình để làm mình vui.,0.0
Và đó là anh nic siêu đặc biệt của mình,0.0
"Tớ thắc mắc sao cậu lại hỏi câu này, lý do vì sao vậy🥹",0.0
Mình thắc mắc cái này.,0.0
Vì đối với mình điện thoại giống như 1 cuốn nhật ký cá nhân có hình ảnh/video có sở thích những tâm tư,0.0
những bí mật không muốn tiết lộ cho bất kỳ ai kể cả là người thân.,0.0
:)) iphone phá khoá có tự out tài khoản icloud hay hình ảnh có tự xoá gì không nhỉ,0.0
Mình cảm ơn nhìu ạ,0.0
Giống nhau quá ba mình mất cũng 1 tháng hơn,0.0
điện thoại của ông ấy mình đang giữ và chỉ gắn acc ytb vào để nghe nhạc khi chơi game thoi,0.0
còn lại mình vẫn giữ nguyên trạng như ngày ba còn sống thi thoảng vô nhóm gia đình seen tin nhắn :))),0.0
Đi chùa bị cào cáo đái lên mũ💔,0.0
"Nạng tội hay mô mỡ nó đó bạn, mình tra gg nên mình cment :))",0.0
"đạp trúng con gián = chân trần, đ biết là trứng hay cức nó phọt ra nữa nhưng trắng trắng và nhớt lắm.",0.0
"Cánh với râu gián nó dính chặt vào chân phải chùi mạnh mới rớt ra, có lúc nhúc giòi bò lên phía trên đùi nữa :)",0.0
Mong con cào cào sớm siêu độ😇,0.0
Đọc comment post này,0.0
Tự nhiên nhớ ông nội quá.,0.0
Giờ biết suy nghĩ hơn thì ông đã đi được chục năm rồi,0.0
340K views • 13K likes | Reel by Học Bá Mẫu Giáo,0.0
còn lại là chịu thua vợ.,0.0
Mãi đến lúc ông chưa bị bệnh mình vẫn thấy ông chuẩn bị nước tắm cho bà.,0.0
Các con mà to tiếng với bà là ông mắng ngay.,0.0
Thật sự ngưỡng mộ tình yêu của ông bà ta ngày xưa,0.0
chuyện tình oba nội mình cũng cute lắm.,0.0
Biết ơn lắm lắm.,0.0
Có thể là đã cứu 1 mạng người luôn ấy.,0.0
Thú thật là tao thấy việc xóa ảnh trong thư viện cực kỳ khó khăn.,0.0
"Bất kể là chụp cái gì, cho dù là quả dưa hấu đi nữa, Tao cứ luôn có cảm giác là sẽ có lúc tao cần dùng đến nó...",0.0
Đi concert 2n dùng hết 400gb :) Sau mua tiếp 1TB trên onedrive,0.0
tư liệu hết đấy,0.0
mình từng đọc ở đâu đó đại loại là: “nếu một người trong câu chuyện của họ không nhắc đến ba hoặc mẹ thì đừng hỏi gì thêm về người còn lại” share cho cả lò nhà mình để có những cuộc nói chuyện nhẹ nhàng hơn nhenn❤️,0.0
Đừng buồn nữa nhé ạ 🤗,0.0
nghỉ chơi đii bạn đéo gì hãm bỏ mẹ,0.0
nó có xu hướng ghen ghét khi thấy người khác được khen,0.0
"topic : kể một chuyện mà bạn cảm thấy có thể sợ nó tới già *khuyến khích truyện ma, càng kinh dị càng tốt",0.0
"=)) vl con vợ giỏi thế, thi lần 1 6.0 sau thpt muốn thi lần 2 mà aim tận 8😅",0.0
"dkm người đâu, trao huy chương",0.0
Em ib chị nha,0.0
chị nghe từ con số 0 ạ?,0.0
nghe từ những kênh nào vậy ạ.,0.0
chúc mừng em nhé.,0.0
siêu giỏiiiiiii trời ơi.,0.0
Chị học ở Izone nha,0.0
Sức mạnh của tri thức đấy pà ơi.,0.0
May là tri thức kéo mình ra khỏi hố lửa.,0.0
Tự hào tự hào 💅💅💅💅🎆🎆,0.0
còn ở nhà thì chị ép mình nghe tiếng anh ít nhất 2 tiếng mỗi ngày em cứ xem hết 10 phần phim friends là thấy khác biệt liền,0.0
anh ơi quen không:),0.0
Việc nhà tôi mà,0.0
ông cho tôi toạ độ đi,0.0
việc nhà ông à,0.0
312 A4 Đại học Hàng Hải Việt Nam,0.0
=))) vãi bà ơi chia tay mẹ đi,0.0
"Mỹ lên tiếng Iran đáp trả trong vài tiếng, vậy mà các bạn chỉ nói chuyện được hai hôm thôi sao :)))?!",0.0
"Cả hai nói ra bản thân cảm thấy thế nào, có thay đổi có chỉnh có sửa được không.",0.0
"Nếu không thì mới nhảy đến bước cuối chứ =)))))))) sao lại chưa giải quyết chưa nói chuyện gì mà đã cứ ""bỏ đi bà"" là sao",0.0
Tôi là con đàn bà đ có hoa trong ngày 8/3 Và còn phải tỏ ra hiểu chuyện🤗,0.0
Tìm giúp tui tí tui vào xem tiếp,0.0
tiếp di bàaaa,0.0
đấy có chg hay là pk csẻ ngay,0.0
ủa les hả,0.0
Để đây mai hóng tiếp,0.0
Em cũng không rõ vì vấn đề này lắm nhưng em đúng là đang trong tình trạng thiếu máu,0.0
Nếu do thiếu đường thật thì em cũng đang cải thiện bằng cách 2-3 ngày lại uống nước dền đỏ nấu với mía rồi ạ.,0.0
Đi kiểm tra thấy máu cũng tăng và cải thiện huyết áp.,0.0
Sao bạn phát hiện mình bị ung thư máu.,0.0
"Bạn đi khám sức khỏe định kỳ, hay đột nhiên thấy người có biểu hiện bất ổn?",0.0
Bé giỏi và kiên cường quá Chúc bé sớm vượt qua nhé,0.0
"Chúc bạn mau khỏi bệnh, fighting 💪",0.0
nằm viện theo dõi 7 ngày thì bác sĩ yêu cầu sinh thiết thì phát hiện ạ,0.0
"uhh e, e tham khảo rồi theo dõi cơ thể rồi bs sao cho phù hợp.",0.0
Chúc e luôn khỏe mạnh.,0.0
"Gửi cậu 1 cái ôm nha, cậu đã vất vả nhiều rồi.",0.0
"Mong cậu sẽ khỏe mạnh trở lại, vui vẻ, bình an.",0.0
"6 năm học Đại học + 3 năm học bs nội trú, bạn bè ra trường từ đời nào, mình vẫn đi học 🤣",0.0
Nhưng để nhận được mức lương trên đầu 4x với vị trí như vậy thì:,0.0
"Chào bác, mình làm remote về mảng nào nhỉ?",0.0
Có thể cho mình kết nối không ạ?,0.0
"Là chuỗi thời gian OT, có ngày chỉ có 3 tiếng ngủ.",0.0
không biết có chị nào có thời gian lưỡng lự như em giữa công việc và gia đình không ạ 🥹,0.0
bạn thử đến những nhà có bố mẹ gắt rồi bị quản chặt chưa =)))))))),0.0
Cái giá của tự do bao giờ cũng đáng mà bạn nhỉ :)),0.0
"Ở ké bố mẹ là sướng nhất, khỏi lo tiền trọ, khỏi lo cơm nước.",0.0
Chưa kể chi phí phát sinh khác nữa.,0.0
Người đi làm lâu năm share tips cho mấy con gà này với ạ :((,0.0
Ra ở riêng mua sự tự do thôi =)) Biết nó tốn tiền phát sinh hơn ở với bố mẹ nhưng thôi đến khi mình kiếm ra nhiều tiền thì thấy cái đánh đổi về tiền vẫn là rẻ nhất =)),0.0
trả bằng mental health bác ạ =)))))))))))),0.0
tôi đủ combo xong đi về có sao đâu nhỉ hồi 2017 lần đầu đi leo sống lưng khủng long ở tà xùa (đi từ phía nghĩa lộ,0.0
yên bái) hồi đó cứ thấy cái gì hay ho là tôi nhặt bỏ balo hết rồi mệt nằm lăn lên đá nghỉ,0.0
Tại nằm lên đá thì đau lưng,0.0
Tại sao vào rừng không được gọi tên thật và không được nằm lên đá hả các bác🤔,0.0
"Ai biết đâu, nằm trên đá 2 đêm rồi",0.0
"Ngày bé chúng tôi hôm nào cũng vào rừng, gọi tên nhau vọng vào núi cho vui và khắc tên khắp từ vách đá đến gốc cây.",0.0
Đứa nào cũng khỏe mạnh 😄,0.0
"Có gọi thì gọi tên ingame thôi, ai biết tên thật mà gọi?",0.0
"Vào rừng gọi nhau làm gì ai làm việc nấy đi, trừ khi có giao tranh.",0.0
Chỉ có Keera đi vào đá được thôi chứ mình núp bụi là cùng.,0.0
Nói chung là đừng phá game,0.0
Gọi rồi team địch biết nó kéo hội qua cướp bùa thì sao,0.0
tao khóc vì bạn tao,0.0
"Khi bồ quá tập trung vào họ, bồ sẽ quên mất cũng cần như vậy với chính mình.",0.0
Cho đi không đồng nghĩa với nhận lại ngày nào đó mình sẽ nhận được những gì mình xứng đáng thoi đừng mất niềm tin mà sống dè dặt,0.0
cũng đừng kỳ vọng quá cao.,0.0
Làm những gì mình thấy vui là được,0.0
"Là một giáo viên có nguyên tắc, tôi chỉ kết bạn với phụ huynh nữ, tuyệt đối không add bất kỳ phụ huynh nam nào.",0.0
tuỵt quá tôi đã thả tym 2 lần,0.0
Lần sau đề nghị để câu cuối lên đầu :)),0.0
Tôi thật sự là một giáo viên nam có nguyên tắc 🥰,0.0
Thích nhất câu cuối 🤭🤣🤣,0.0
Kể cả phụ huynh nam có liên lạc tôi cũng nói là đã trao đổi với mẹ cháu rồi,0.0
cho dù phụ huynh nam đó có đẹp trai đến thế nào đi chăng nữa.,0.0
Topic: Hãy kể những kiểu cãi nhau mà bạn khó chịu nhất Tui trước: không cãi lại được bắt đầu dùng mấy từ xúc phạm đối phương,0.0
cãi nhau đuối lí là gào mồm lên để át tiếng người khác,0.0
"Lại còn thêm dấu chấm than nữa, cười địch",0.0
Ủa là 2 cái đó khác nhau hả?,0.0
Trà xanh mùi thơm hơn,0.0
Đọc xong đứng hình🥰😭😭,0.0
Ủa vậy tụi nó khác nhau hả??,0.0
😞vcl khác nhau thật á...,0.0
ủa chứ không phải hả,0.0
Không biết matcha với trà xanh :)...,0.0
Chắc là mình ngu thật đêm mới vô shoppe mua đồ,0.0
Là lúc bản thân cảm thấy yếu đuối nhất,0.0
Thoi ngủ sớm đi sau 10h hoá điên đêys,0.0
nhớ mmc dien luôn,0.0
cô đơn vl í,0.0
thiệt dm cứ đêm đêm sau 23g là nhớ mmc muốn chết đi sống lại mà sáng vẫn chill chill =)),0.0
Không biết tiếp theo mình nên làm gì sau khi đỗ c3=)),0.0
biết trượt tuyển sinh 10 dù học rất giỏi nhưng lại tự tin quá trớn và chủ quan,0.0
Sau này học gdtx lấy bằng c3 đi du học,0.0
Nghỉ việc tại nơi từng gắn bó 8 tháng….,0.0
Xong chơi 1 tháng hơn mới đi tìm việc 😭 lúc đó chênh vênh thật sự,0.0
bị burn out suốt học kì 1 năm 12☺️.,0.0
Bước qua tuổi 18,0.0
vừa đẻ xong bác sĩ đặt em bé lên người mình🥺,0.0
"chiều muộn, đang ngồi học trong lớp thì lơ đãng nhìn ra ngoài cửa sổ, đột nhiên cảm thấy bản thân chưa đủ cố gắng để đền đáp bố mẹ",0.0
"Nếu Mỹ và Iran không dừng chiến tranh lại, tôi buộc phải đi bộ đi học.",0.0
"Nếu Mỹ và Iran không ngừng bắn nhau, thì mai tôi sẽ phải đi học 🙂",0.0
Vẫn đi đều :)),0.0
đi bộ tới trường cũng thấy khoẻ nữa😭😭,0.0
con trúc học đi🥵,0.0
trúc ơi huyền hết tiền đổ xăng rồi 😔,0.0
cuối cùng vẫn phải đi học nhờ😞,0.0
"Tụi nó không quánh nhau, tôi vẫn cuốc bộ đi làm :))))))",0.0
hey😨 sợ quá hết buồn ngủ rồi,0.0
+1 Nạn nhân thiệt mạng trước vụ đánh bom :)),0.0
"vào 00h00 rạng sáng nay, 1 thanh niên đột ngột qua ngày mới tại nhà riêng.",0.0
Hôm nay sẽ là thông điệp bạn bắt buộc phải ghi nhớ : Hãy nhớ tên các quốc gia sau đây,0.0
họ là những nước đã bỏ phiếu phản đối cấm vận của Mỹ áp lên Việt Nam năm 1979 - LÀO 🇱🇦 - Syria 🇸🇾 - Ba Lan 🇵🇱 - Liên Xô Cũ 🇷🇺 - Mông Cổ 🇲🇳 - Cuba 🇨🇺 - Tiệp Khắc - Yemen 🇾🇪 - Iraq 🇮🇶,0.0
sẽ ghi nhớ và hãy nhớ luôn các nước đã tiếp sức cho “ pol pot “,0.0
Mặt nào thấy mình thiệt thòi là có Lào ra giúp.,0.0
Nhớ không nhầm thì Pháp cũng khuyên Mỹ bỏ cấm vận nước mình phải không nhỉ?,0.0
Sau chuyển thăm Việt Nam vào khoảng những năm 80 thì phải,0.0
Mỹ nợ cả thế giới nhưng bằng một cách nào đó cả thể giới đang gánh nợ thay mỹ,0.0
Sai cờ LX bạn ơi.,0.0
Dù mục đích là gì đi chăng nữa vẫn sẽ ghi nhớ ân nghĩa này .respect 🙏 .mặc dù chúng ta vẫn bị cấm vận nhưng lúc hoạn nạn mới thấy ân tình mới biết được ai thực sự là bạn,0.0
"CHDC Đức, CHND Bulgaria, CHND Hungary : * left the chat*",0.0
tổng thống mỹ làm mọi thứ trừ việc qua đời,0.0
Tóm tắt từ AI cho những ai chưa biết,0.0
Mé hôm bữa đi 3/2 có chiếc xe dán hình ông Trump rồi 1 bên dán chữ gì mà nhờ ơn Trump nhờ Mỹ mà gì gì đấy,0.0
giống phát cuồng vì ổng.,0.0
"Kệ ổng đi , ae mình cứ vui là được",0.0
trump doc xong khoc nuc no,0.0
thời của vượng,0.0
dm bảo sao mấy nay xăng người ta xếp hàng dữ vậy =)),0.0
xin đề xuất hướng giải quyết,0.0
cam thay minh nhu pham nhat vuong,0.0
mắc gì làm thiệt 😔🥺,0.0
1 là Mỹ và Iran dừng lại 2 là sinh viên Việt Nam đạp xe đi học Chị không giỡn,0.0
nếu Mỹ và Iran không dừng chiến tranh lại tôi buộc lòng phải cưỡng hôn donald trump,0.0
e sợ lắm,0.0
Trông thế mà liều,0.0
hun ai lựa đi,0.0
Dm sao Việt Nam cái gì cũng dám giỡn vậy😭😭,0.0
Tôi không muốn có chiến tranh.nhưng tôi thấy đất nước mà đến người dân của họ họ còn mang ra giết vì lên tiếng những cái bất bình,0.0
không được lòng dân thì sớm muộn cũng mất nước.,0.0
Mình xin đính chính lại cho bạn tên phim là Lord of War nha.,0.0
Báo chí thế giới thì đưa tin là vì Iran đang phải sống dưới chế độ độc tài và phát triển vũ khí hạt nhân.,0.0
Còn mình thì nghĩ vì Iran thân Nga và có trữ lượng dầu mỏ lớn.,0.0
Có nhiều nguyên nhân tuy nhiên nguyên nhân quan trọng nhất đó là nước Mỹ cần chiến tranh,0.0
họ cần chiến tranh như 1 loại nhiên liệu để vận hành bộ máy của họ.,0.0
"Đơn giản nhất đó là vũ khí, không ngành nào đem lại lợi nhuận khủng khiếp như buôn vũ khí.",0.0
Bạn có thể xem phim God of war của Nicolag cage để hiểu thêm,0.0
méo mó là bố mày phang hiểu chưa.. Còn trả lời đúng về câu hỏi của bạn thì bạn hãy làm đất nước mình giàu lên,0.0
câu trả lời nằm gọn trong 4 chữ: chủ nghĩa đế quốc,0.0
Hj anh chị cho em hỏi về vấn đề này liên quan đến thế giới ạ.,0.0
Cho em hỏi tại sao Mỹ lại đánh Iran vậy ạ?,0.0
"Em không biết và cũng đang tìm hiểu ạ, em chỉ muốn biết lí do và đầu nguồn tại sao Mỹ lại đánh thôi ạ.",0.0
Em cảm ơn anh chị,0.0
Bạn nói cái này tôi nghe hợp lý,0.0
nguồn lợi là nó muốn chiếm à =)) mình hồi xưa cũng vậy á,0.0
... nhưng cảm thấy qua rồi thì mình cảm nhận nước mình quá may mắn vì đã giành được độc lập,0.0
- Không có hệ thống ngân hàng Rothschild.,0.0
- Dầu mỏ.,0.0
- Ngăn chặn làm bom nguyên tử.,0.0
"- ""Giải cứu"" người dân - Kiểm soát trading route.",0.0
- Tái thiết Iran để đưa người thân Isr và Mỹ lên -> đặt base của Mẽo ở đấy -> an ninh tuyệt đối - Yếu tố tôn giáo (cái này cực kỳ phức tạp),0.0
chiến tranh Iran,0.0
"nghe đồn TQ đang có dự định xây dựng 1 trạm trung chuyển ở Iran trong khuôn khổ dự án ""Vành đai và Con đường"" nhằm tạo tuyến thương mại thứ 2 ngoài tuyến trên biển do Mỹ kiểm soát.",0.0
"Mấy vấn đề chính trị này rất khó để phân định đúng sai, chỉ là ai chọn nhìn dưới góc độ thế nào thôi",0.0
vì Iran có dầu mỏ đó Mỹ nó đánh để kiềm hãm sự hợp tác về kinh tế của Trung Quốc-Iran và quân sự của Nga-Iran,0.0
Chính xác 🥳🥳🥳,0.0
địt mẹ chất,0.0
Cách bán hàng giỏi nhất,0.0
"Cần vay 🔥15-300tr💵 ib em tư vấn MIỄN PHÍ ✅đủ 21t đi làm công ty ✅ không nợ 6, dư nợ cao ☎️ zép lào: 0395.423.882 (Yến)",0.0
Vợ tôi nghe xong quẹt gần 10 củ 🥹,0.0
Bà nhân viên vuýp của vuýp,0.0
nói như vả vô mặt ông chồng nói vậy khác nào “nhìn mặt chồng chị có tướng hám gái lạ lắm,0.0
chị mua mấy cái này về trưng diện cho đẹp để chồng không dòm gái bên ngoài” hihi,0.0
Dẫn vợ đi dạo TTTM,0.0
"Nhỏ nhân viên mới nói: ""Chị biết sao trà xanh lộng hành vậy không?",0.0
Bởi vì những người chính thất như chị không nỡ tiêu tiền của chồng để chăm chút bản thân.,0.0
"Kết quả tiểu 3 hưởng hết.""",0.0
"Vợ định mua bộ mỹ phẩm hơn 3tr, nhưng đắt quá nên suy nghĩ mãi",0.0
Má này chắc nhân viên sale xuất sắc của brand :)))))),0.0
phim Việt Nam như thể xem Chat GPT ấy =)))),0.0
Người Việt chào nhau : hello bro 🥀,0.0
Nhưng bạn không thể xem phim Việt Nam để học giao tiếp với người Việt 🤡,0.0
"Bạn cũng có thể xem phim Hàn, Trung để học giao tiếp với người Hàn, Trung.",0.0
Mình cũng từng có trải nghiệm như vậy về việc thiếu kiến thức về từ vựng tiếng Việt mà mình đưa những từ này vào tình huống và thời điểm chưa đúng đắn.,0.0
Mình thiết nghĩ người Việt mà còn khó khăn khi hiểu và dùng tiếng Việt ^^,0.0
Coi phim Việt nghe diễn viên nói đã còn may.,0.0
"Phim VFC hay bị cái tật cho nhạc nền át hết tiếng nhân vật, mấy đoạn cao trào tình cảm đéo nghe mẹ gì.",0.0
Có khi coi phim Việt không giỏi tiếng Việt mà tự nhiên giỏi nhạc cũng nên.,0.0
🤣🤣🤣🤣🤣 Bởi vì phim Việt dùng VĂN VIẾT để áp dụng cho VĂN NÓI,0.0
tha cho thái tử,0.0
Hay ngôn ngữ nào cũng có nhỉ?,0.0
mình học rất là nhanh và mình thuộc rất là bài ❤️‍🔥,0.0
Ý là bọn TQ cũng vậy mà.,0.0
Với người lạ hay đối tác thì ní hảo thôi chứ bạn bè là ha lồ ha lô,0.0
Bạn có thể xem phim Mỹ để học giao tiếp với người Mỹ.,0.0
ê nhờ bài này toi mới biết chứ bình thường đọc không để ý luôn 😭,0.0
"4,4 tỉ thùng dầu?",0.0
xu hướng xu hướng !,0.0
cái này mà cũng có người nhầm à🤦‍♂️,0.0
400 ngàn tấn nhiên liệu nha,0.0
má ơi dễ huông dạ 😭,0.0
Kêu công an thôi,0.0
Con này rồi gặp quả báo,0.0
CHỊ GÁI Ô TÔ ĐỎ BẮT ANH TRAI KHUYẾT TẬT BỒI THƯỜNG 5 TRIỆU VÌ 1 VẾT MÓP ĐUÔI XE 😢,0.0
"Ủa, người dân chứng kiến có gió tiền vào không?",0.0
Nhân quả đâu chừa ai thì cần gì bức xúc,0.0
Người dân chứng kiến cảnh này cũng vô cùng bức xúc vì vết lõm này sửa chỉ 1 triệu rưỡi là cùng.,0.0
"Thợ nào cắn sâu lắm thì 2 củ, đằng này chị gái húp luôn 5 củ của người khuyết tật.",0.0
Nghĩ mà thương quá 😢,0.0
"Nhìn bảng số xe là biết dân nào rồi, đừng nói chuyện nhân nghĩa với chúng.",0.0
"Anh này bị khuyết tật ở chân, do sức khỏe yếu nên anh chỉ có thể bán cà phê dạo",0.0
Xe cỏ mà đi so với chiếc outlander mới cóng.,0.0
Tôi cười 1 cái nha,0.0
"hoặc nhà nghèo hoặc nghèo nhân cách, va chạm hay cò quay thì show ra",0.0
Này là báo công an luôn chứ sao nữa.,0.0
Sai phạm về vsattp.,0.0
Rồi thì hành động đó là hạ nhục nhân phẩm rồi.,0.0
Làm to lên,0.0
làm ăn như cl,0.0
Đi khám xong kiện chetme bọn nó đi bạn ơi 😭,0.0
eo ghê thật,0.0
"Cứ combo ăn xong đau đầu buồn nôn nhìn đồ ăn là bị ám ảnh blabla, đi khám vinmec vào bạn ơi",0.0
Bóc phốt nhà hàng,0.0
vong mê gái méo thèm về nhà 😂😂😂,0.0
Thật ra là 200kg fat,0.0
Tập tới ngưỡng thất bại mới phát triển cơ bắp bác ạ =)))))),0.0
2 năm tập 1 lần hay gì?,0.0
tạ này là đồng đội tạ à?,0.0
Thấy cre là Vietnamnet ấy bác,0.0
"Tôi dùng tiktok hay fb là tìm beatvn + thế em 28 block đầu tiên, nói gì thì nói vẫn cứ phải dọn rác trước",0.0
Bạn trông chờ gì ở beatvn 😂,0.0
"Như này mà nâng 200kg chắc mấy ông gymer, bodybuilder nâng cmn xe cont rồi",0.0
Trang rác đọc bẩn mắt lắm:))),0.0
Ô này nâng 200kg chắc tôi cũng 400kg 😂,0.0
Mình thông báo trên tất cả các nền tảng nha.,0.0
Bạn có thể cập nhật trên group Ảnh Hà Nội Xưa nữa ạ.,0.0
Trước Tết chắc mình làm 1 2 tour.,0.0
"Hà Nội bạn có thể đi xem cách show diễn nghệ thuật nha, sau đó đi một loạt các bảo tàng.",0.0
Bạn ơi ở Hồ Hoàn Kiếm đang có văn nghệ quân đội do các chiến sĩ hát đó bạn,0.0
Làm sao để tham gia tour của bạn ạ?,0.0
"chuẩn xác Kích động kiểu này là chiêu bài của Hồng vệ binh TQ, phá hoại khối đại đoàn kết",0.0
một bài viết hay và khách quan của anh Nguyễn Tuấn Linh cũng nói về vấn đề kỳ thị sắc tộc và văn hoá chọn con mồi để hiến tế: facebook.com/share…,0.0
Page này nó đăng đầu tiên 😆 mấy page kia nó copy content lại,0.0
Có ngày đi tò như chơi,0.0
một bài viết hay và khách quan của anh Nguyễn Tuấn Linh cũng nói về vấn đề kỳ thị sắc tộc và văn hoá chọn con mồi để hiến tế:,0.0
"những cây bút mạng, đọc chọn lọc để nghe nhiều luồng ý kiến",0.0
"Bài nhạc 3 phút viết thêm lời mới được 20 giây, còn lại toàn tiếng beat với cả viết lời chế.",0.0
Khi nào ông anh bị bắt bẻ gì thì cũng bảo vệ ông anh này như các chú e bảo vệ MCK nhá =)))),0.0
=)) miễn không xảy ra xô xát thì thằng em này cãi bằng thắng cho anh,0.0
Đúng rồi chửi mạnh lên cho chịu ngồi vào phòng thu ra nhạc,0.0
cám ơn mck đã giới thiệu bài nhạc hay vkl còn bài rap như cc luôn,0.0
dm obito cũng remake nhưng tử tế với hay vkl còn mang đi diễn được kia kìa,0.0
ALong nghỉ rap về kinh doanh meme của ảnh cũng được mà=))) form mặt tếu vl,0.0
Chúc con một đời an yên,0.0
thật tuyệt vời.,0.0
Một em bé sơ sinh bị bỏ rơi và thú hoang ăn mất một chân cùng vài bộ phận cơ thể,0.0
đứa bé với quá nhiều thương tích lớn tỷ lệ thương tật đến 75% ngày nào đã mạnh mẽ sống để giờ đây trở thành một chàng thanh niên 19 tuổi - em Thiện Nhân.,0.0
Ôi nhanh quá.,0.0
"Khâm phục cậu bé, khâm phục Gia đình Mai Anh.",0.0
Cuộc sống này còn nhiều điều tuyệt vời khiến ta tin vào lòng tốt của con người.,0.0
Cảm ơn cả hai.,0.0
Chúc Con một đời bình an nhé!,0.0
Ánh mắt bộc ra sự căm phẫn với người ruồng bỏ mình.,0.0
Vết thương này quá lớn sẽ theo cậu ta suốt đời.,0.0
Trừ khi có em nào đó giúp em ấy tìm được tình yêu .,0.0
Ngưỡng mộ chị Mai Anh lắm ạ,0.0
"Từ xưa con đã trông rất đáng yêu rồi, giờ lại học giỏi như vậy.",0.0
Bạn còn nhớ cậu bé với biệt danh “chú linh chì” không?,0.0
"Hay là: “mẹ, sau này con sẽ nuôi mẹ”",0.0
CHUYỆN CỦA NGÀY HÔM QUA GIỜ ĐÃ LÀ 19 NĂM VỀ TRƯỚC…,0.0
Ảnh: Trần Mai Anh #Beatvn,0.0
"19 năm, em Thiện Nhân giờ đã là chàng trai có gương mặt cực kì ưa nhìn",0.0
"Câu chuyện rung động lúc bấy giờ, may mắn con đã có một vị Bồ tát cưu mang che trở, chúc mừng con.",0.0
"Chúc con hạnh phúc, công danh sự nghiệp vững vàng trong thời gian tới",0.0
đồ thất nghiệp,0.0
sao tõic mình vậy bạn?,0.0
phải có tỷ phú phải có công nghệ thì mới đem tài nguyên đấy vào sản xuất vào đời sống được.,0.0
Muốn có cnxh thì phải có con người cnxh.,0.0
"Là bạn phải học tập lao động, nâng trình lý luận ctri lên.",0.0
Loài người diệt vong thì lòng tham mới biến mất theo thôi,0.0
1 tiếng đồng hồ không đủ mua 1 lít xăng mà dành hẳn 2 tiếng để khóc 😭 Bạn phải ước toàn thế giới quay về thời bao cấp ấy,0.0
Nó chỉ là các gia vị cho món ăn của thời cuộc thôi =]] thời nay có chất chống đông chất bảo quản màu tự nhiên,0.0
Muối đường đầy đủ là được.,0.0
Không giống người thường thì không còn là người nữa đâu...một kiểu khác của chết đó 😂,0.0
tài nguyên trên trái đất đủ để nuôi toàn bộ loài người nhưng không đủ để nuôi lòng tham của một vài người,0.0
và hôm nay tôi đã khóc hai tiếng đồng hồ vì nhận ra một giờ làm việc của mình còn không được giá bằng một lít xăng.,0.0
ước gì tỉ phú chết hết.,0.0
"""Khi giọt nước và miếng ăn cuối cùng biến mất, họ sẽ nhận ra là họ không thể ăn tiền""🤷‍♀️",0.0
Siêng nữa xin đi làm công nhân ở mấy chỗ vin xây.,0.0
Tỷ phú mà chết thì người tiếp theo sẽ là chúng ta 😂,0.0
Vãi cả ước gì tỉ phú chết hết.,0.0
Tỉ phú nào cũng đạp đổ bát cơm nhà bạn à?,0.0
"những ""lần cuối"" thường xảy ra một cách bất ngờ nhất.",0.0
"Đúng 28 tết mà, đ ngờ",0.0
và mình cũng chưa kịp làm trọn vẹn hết những gì chưa kịp trao,0.0
Ồ đéo nó rõ vãi 😇,0.0
Thời tiết miền Bắc hôm nay xứng đáng được phong thầnnnn,0.0
Nắng thì đẹp rùiiii,0.0
viêm xoang không thích thời tiết này:)))),0.0
Đã thế còn không mưa Tuỵt vờ lờ,0.0
Vừa nắng vừa gió 🙂,0.0
Đi lượn thích vcl,0.0
Sáng 6r ra đường lạnh vailon :'')),0.0
HN hãy giữ thời tiết ngư hôm nay cho đến cc,0.0
Đẹp lắm các vợ ạ.,0.0
Cuộc sống thiếu gay hồn bay một nữa 😌,0.0
Ý là nghệ sĩ ơi?,0.0
Ủa zalo chị nhậm acc à,0.0
Chị oi mình đang nghệ sĩ mà:)),0.0
Nghệ sĩ nước mình ơi??,0.0
Nghệ sĩ mình ơi ý là debut rồi á,0.0
nghệ sĩ nước mình ơi....?,0.0
"Hôm nay chưa đọc truyện, thấy gay quá",0.0
nghệ sĩ nước mình ơi???,0.0
thoại cái gì vậy?,0.0
"10km thì thôi, xin phép nghỉ học bảo tồn đôi chân bà ạ",0.0
dear: chiến tranh TAO ĐÉO THỂ ĐI BỘ 10KM ĐẾN TRƯỜNG ĐƯỢC nên dừng mẹ lại đi,0.0
Người nhà cách trường 25km và ngày nào cũng phải duy trì việc đi bộ đến trường 🪦🏫🏃🏻‍♀️💨💦,0.0
hên quá nhà cách trường có 400m,0.0
em xin cử bạn,0.0
"Đi xe đạp, đạp lòi le",0.0
15km còn hãi hơn,0.0
Trong quy trình tư vấn của long châu có cái đó á bà 🥲 mấy anh chị còn bị ép doanh số nữa.,0.0
Ai hỏi cũng nói chích rồi.,0.0
"Khổ lắm mấy bà ơi, áp lực kpi, sếp bắt nói, cam soi để bắt lỗi, nên tụi tui có hỏi hay tư vấn thì mọi người thông cảm nha",0.0
về còn điện thim 3 cuộc nựa,0.0
Tại 1 gói HPV là đủ về số tháng đó rồi 👀 còn về số xong tăng KPI lên 14 củ thì hên xui =))))),0.0
Em chưa rõ thông tin nên muốn hỏi ạ.,0.0
E thấy có thông tin là cis tuêm hpv miến phí ấy ạ.,0.0
Nghe kể lúc chưa vaccin đã áp lực sẵn tới khi áp dụng chạy vaccin không đạt thì trừ tới 30% tiền thưởng,0.0
đạt vượt mức thì tăng thưởng 10% tối đa.,0.0
Nhiều khi đến LC mua thuốc các bạn cứ mời tiêm vaccin trong khi cái trung tâm tiêm chủng LC cách nhà 15km,0.0
Đi cafe chó mèo đi lượn hồ tây (lúc xăng rẻ) đi tô tượng Đi lượn tttm Đi ăn jollibee đi ăn dookki Đi chụp ảnh hoa ban/ hoa phong linh Đi nét Đi bar (idol diễn bar) Đi xem bói tử vi,0.0
tarot Đi chùa Đi ra đầu ngõ buôn chuyện (chỉ định nhà gần),0.0
"Nhóm tụi tui đi chùa, đi A50 😆😆",0.0
"Tội hiếp dâm, kiện đi.",0.0
Nhưng mà lỡ bà đẻ thì bạn có nhận con không ?,0.0
ép qhtd -> xâm hại tình dục -> trái quy định pháp luật + không tình nguyện thì như nào chả kiện được,0.0
"Bảo sao mạng xã hội VN dân trí thấp, đọc cmt dcm sôi máu thật",0.0
Toà hỏi : các toà hỏi đi ạ!!!!,0.0
Kiện bà cô 9x thế nào?,0.0
cái cmt tởm vl tởm,0.0
Sướng bỏ mẹ mà bày đặt,0.0
"Ủa, ai có thai 🤣🤣🤣",0.0
17t là thanh niên rồi.,0.0
Trẻ em clg nữa cháu ơi.,0.0
Thôi nào mạnh mẽ nhé em gái chúc e sau này có thể tự lập vững vàng,0.0
sống cuộc đời tự do làm những điều mình thích và gạt chuyện buồn sang 1 bên nhé💪,0.0
Bạn cứ nói thẳng với mẹ bạn đi.,0.0
Mình nghĩ mẹ bạn sẽ hiểu thôi,0.0
"Chúc bbi 9/3 vui vẻ nhé, chúc bbi hạnh phúc, vui vẻ từ giờ đến năm sau hehe.",0.0
Bbi cố lên 🔥,0.0
Em cảm ơn chị nhìu ạ,0.0
"Chúc cổ 8/3 vui vẻ, hạnh phúc và tích cực nha",0.0
Sau này đi làm còn lâu mới về,0.0
"Hơi muộn nhưng chúc bạn 8/3 luôn vui vẻ, hạnh phúc, và gặp được nhiều điều tốt đẹp hơn nhaaa💞",0.0
8/3 mẹ giận vì không chúc mẹ câu nào.,0.0
"Vậy mà mẹ chẳng nhận ra từ cái năm mẹ lấy người đã xàm sỡ con gái mình làm chồng, con đã chẳng chúc nữa.",0.0
nếu muốn tâm sự thì nhắn cho tui tuy tui không giúp gì được nhưng tui sẵn sàng lắng nghe bà nhen 🤍,0.0
"Tôi bị ngu, dế lừa, nghèo, gia đình không hạnh phúc tôi sống khổ lắm mọi người ơi yeahh",0.0
Trường đại học kiến trúc HN,0.0
nhờ cả nhà lấy hộ ạ🥺,0.0
"Trường Đại học Luật Hà Nội (Hanoi Law University - HLU), 87 Nguyễn Chí Thanh, Đống Đa, Hà Nội",0.0
4 điểm Kinh tế Chính Trị,0.0
"""tình yêu chưa đủ lớn xin đừng đem khoe""=))",0.0
kinh nghiệm xương máu =)),0.0
Trường Đại Học Hàng Hải Việt Nam (VMU) - Viện Đào Tạo Quốc Tế (ISE),0.0
tài sản duy nhất,0.0
Lấy hết giùmm bếp 🤣✨,0.0
chỉ cho có phần cmt mà để quyền riêng tư á:) thử xem,0.0
đổi acc đi:),0.0
3h sáng đọc truyện gay,0.0
thì em bảo em hôm nay không mang rồi mà có mang thì cũng chỉ mang 1,0.0
2 cái dự phòng thôi chứ em mang cả gói bvs đi làm gì cho chật túi ra.,0.0
"Nói thẳng thôi e ơi, lòng tốt nên đặt đúng chỗ",0.0
Rất thích cách giải quyết vấn đề của bạn,0.0
Còn thân thì chửi cho nó tỉnh.,0.0
Tử tế quá bị lợi dụng á e.,0.0
"Bà nói thẳng luôn đi bà, ngay từ đầu đã tốt thì không phải vòng vo lí do làm gì đâu.",0.0
Động vật nào làm trong ngành xây dựng?,0.0
Người triều tiên không thể chơi trò gì... Tiến lên miền nam 😈,0.0
Con ma ăn ô mai được gọi là gì?,0.0
mở mang tầm mắt,0.0
“người chuyển giới đi muộn” trong tiếng anh gọi là gì?,0.0
"Con cua 🦀,vì nó có ""gạch""",0.0
nâng tầm tri thức,0.0
Khum phải joke bá đạo nhưng mà tui thấy rất dễ thương: - Vì sao con lợn thích ăn trứng - Egg Egg,0.0
Ừ e cũng đ biết:))),0.0
"“-1tr” =)) là sao nữa, tiện thể ăn luôn à",0.0
Ôi ông ơi =)) nó có 2-3 thằng to vãi l đi theo =)) mà nó cầm đến cho bọn tôi 2 em trông khê vcd :)) thôi đã chơi thì chơi ngon ngon tý nên mới bị -1 củ đó =))),0.0
"1 cái cột điện, hơn 5,6 nhà dán bán cháo dinh dưỡng =)))",0.0
=)))) may mà chưa gọi thử lần nào,0.0
đcm cái này có thật à mấy con vợ,0.0
Những anh đồng ang như này nên bị triệt sản :)),0.0
Nhắn thấy ưng ý quá,0.0
siêu cấp tử tế,0.0
Thà dị đi có dễ thương khum,0.0
Đúng ùi bà ảnh đúng kiểu gu tui luôn á,0.0
Anh tử tế thật đấy.,0.0
tục cl cưới hỏi gì chưa mà nhập gia,0.0
Mừng cho tụi nhỏ nó vui mà,0.0
Thế nó mừng tuổi bố mẹ mình 1 triệu hay 2 triệu một người hay hơn?,0.0
Định viết câu nghị luận 3 vạn chữ.,0.0
giá rẻ cứu cả cuộc đời,0.0
thành ngyeu cũ chưa mom,0.0
Hôm m4 tui cũng qua nhà ny chơi nè ổng mua sẵn hết túi quà rồi nó tui biếu cho ông bà với ba mẹ,0.0
rồi bỏ cho tui 3 bì lì xì mỗi bì 200k kêu đưa cho em ổng nói chị mừng tuổi,0.0
Nó quát: “nhập gia tùy tục.” Ô đm tục caimaulon??,0.0
đang định chửi thì thấy gắn link shopeee,0.0
"Vật chất quyết định phong tục, nhắn ảnh vậy đi",0.0
Trên típ tóp là còn nhiều nữa💔 huhu rất bực,0.0
😂 bị ngu thật hả hỏi thật,0.0
họ nghĩ chiến tranh is funny and quirky,0.0
nay thế giới ngày nào cũng diễn ra diệt chủng với chiến tranh mà cũng đem ra đùa được ☺️,0.0
Thiệt sự luôn ấy:)),0.0
Sao hồi đi học tui không có năng lực này ta,0.0
"Sáng cô quay ramdom đọc bài, tới đứa cuối cái nói “lớp mười mấy người hong lẽ trúng mình”, 30 giây sau nhận quả báo =))))",0.0
35 đứa sao vào mình được lo quái gì,0.0
Thành tâm xin vía có anh người giàu yêu chiều 2.,0.0
"Nyc tớ cũng giàu vch, tớ toàn tặng mấy thứ vô tri.",0.0
Thấy car perfum là hợp lí tặng anh anh mở ra anh để lên xe hai đứa hít chung mùi perfum 2 triệu là cũng cũng hịn oy đó,0.0
Mấy chị ơi cho em hỏi có chị nào gia cảnh bình thường mà yêu mấy anh giàu giàu chưa ạ🥲,0.0
Thường con trai được tặng quà là vui rồi.,0.0
Nếu bạn tìm hiểu được sở thích của ny bạn thì càng tốt.,0.0
8 năm trước mình được em ny (bây giờ là vợ) tặng cho 1 con gundam (dù chỉ là hàng bootleg) nhưng mình vẫn cất tủ trưng cho đến tận bây giờ.,0.0
"Chạ bít nửa ảnh hàng xóm tui, hồi tui 10t là hay đưa tui đi chơi gùi ai biết 10 năm sau yeu nhau đâuu😂😂",0.0
:))) tui tặng cây cảnh/cốc uống nước + viết thiệp á bà.,0.0
Con trai giàu thừa biết kinh tế bạn gái như thế nào.,0.0
Quan trọng là tấm lòng.,0.0
Em chọn món quà mà anh ấy cảm giác em suy nghĩ và cái thiệp tự viết là chuẩn.,0.0
Tip từ chính tôi - tôi có cái ví 15+ năm chưa đổi mua từ hồi đi Sầm Sơn.,0.0
Em thử quan sát cái ví tiền của anh đấy xem.🤣😉,0.0
đừng xoá bài nha bà cố,0.0
"Cảm ơn bà, suộc đi khen mấy nhỏ bạn 👯",0.0
Mẹo khen ai đó xinh hoặc dùng để thả thính là ví vẻ đẹp họ như sắc thái của thiên nhiên vậy á.,0.0
Nó vừa tạo ấn tượng vì không đại trà mà còn nâng tầm bản thân lên nữa,0.0
kiểu người đối diện sẽ thấy bạn có độ am hiểu và cách dùng từ sâu rộng đến mức nào mới nghĩ được câu như vậy.,0.0
"""Cậu biết không?",0.0
Cậu cho mình cảm giác mà vạn sắc xuân cũng không thể mang lại được.,0.0
"Cậu rực rỡ đến vậy đấy!""",0.0
đang tìm tư liệu cho lịch sử đảng ở đây à tú,0.0
"Ui đăng rồi mà không hiện lên nên mình đăng lại, nhờ mấy bạn tim bài mình nên mình mới biết có 2 câu bị trùng.",0.0
Mà thôi lỡ để rồi nên mình để luôn nha.,0.0
Thanks mấy bạn đã đọc bài và tim nó nha!,0.0
Cả đời anh đã ngắm cả trăm đối mắt nhưng chưa đôi mắt nào làm anh rung động như em cuộc đời anh như tảng băng trôi,0.0
thấy em toả nắng bỗng hoà với biển,0.0
Có thể là rỉ tại chỗ,0.0
Về thắp nhang ông bà đi mày ơi🥲nghe nó ảo nhưng mà nó cũng sợ lắm,0.0
cùng lắm thì chỉ nói ''tôi ước được như bà'' thôi chứ đòi đổi làm gì má =)))))))))),0.0
Tối ngủ sáng hôm sau thấy mình là con bé đó 🗿,0.0
Ê nó định đổi vận á nó tặng gì hay cho ăn gì đừng nhận nha :((((((((((,0.0
"Qua mỗi lần tự nhân đôi thì gene ngắn lại 1 xíu, qua thời gian dài (khi về già) các gene ở đầu mút NST bị mất dần.",0.0
Đó là 1 trong những nguyên nhân dẫn đến lão hoá ở người.,0.0
Virus dại có thể “ngủ đông” trong hệ thần kinh của người.,0.0
Người ta có thể phát dại và tử vong từ 1 vết cào không ai nhớ từ nhiều năm trước,0.0
Nhưng may mắn thay ở tế bào sinh giao tử có emzyme telomerase hoạt động mạnh có chức năng kéo dài đầu mút NST,0.0
khôi phục các đoạn gene đã mất.,0.0
Do đó các gển của bố mẹ được truyền nguyên vẹn cho đời con.,0.0
Con đàu tiên là cú muỗi mào.,0.0
Trông hay không?,0.0
Và nó có ở VN nha Con số 2 gọi là mèo cá (for real) tên tiếng anh là fishing cat,0.0
Kiểu có tiêu chuẩn cao.Tôi không cần biết bạn nữ đó là người như thế nào,0.0
nhưng một khi cô ấy có tiêu chuẩn cao sẽ cực kì khó tiếp cận nếu ngay từ đầu cô ấy không ưng bạn.,0.0
Người con gái nhận thức được giá trị của bản thân.,0.0
"Khi đó thì bất cứ ai không đặt đủ tâm, đủ thời gian và nỗ lực đều sẽ thấy khó tán",0.0
"Dễ gần nhưng khó thân, dễ cười nhưng khó mà hiểu được lòng.",0.0
"Tự lập, tự chủ, làm được mọi thứ.",0.0
"Yêu bản thân, yêu gia đình.",0.0
Một cô gái mà có thể sống được 1 cuộc đời rất nhiều người mong được sống,0.0
ra đường ai cũng có thể bắt chuyện và tán chuyện cùng,0.0
nhưng ở nhà thì như kiểu bị rút cạn năng lượng (cụ thể là không có năng động nhiều như ra ngoài),0.0
Kiểu gái Les 😇 =))),0.0
"nói chung cả 2 đi làm nên hơi ""lạnh"" tí nhưng vẫn ấm lòng🥺",0.0
Góc nhắc nhở : Yêu ĐÀN BÀ hơn NHIỀU TUỔI phải nhớ CHỊ ẤY không dành 100% cuộc sống của CHỊ ẤY cho tình yêu!,0.0
tui cũng phải hao mana để chăm sóc cho chỉ và nhà cửa dữ lắm 🤣,0.0
Chị còn đi làm em ạ,0.0
Nhà bao việc 🙃,0.0
rất chi là đúng luôn,0.0
FACT : Khi bạn bias ai thì tính cách và style của bạn sẽ ít nhiều bị ảnh hưởng từ người đó 🤗,0.0
Nếu ở đoạn CG thì qua Nguyễn Chánh nhó .,0.0
Đỡ hơn ấy .,0.0
"2 cây xăng 2 bên đoạn Thuỵ Khuê, Liễu Giai đều xếp hàng sắp ra đến ngã tư",0.0
Thế nên giờ cứ đầy bình =)),0.0
"ai chê thì học hộ cái , ôn lên 7.0 còn khóc lên khóc xuống đâyy🙏🏻🙏🏻",0.0
"Đi học vì mục đích khác nhau, aim khác nhau.",0.0
Miễn là mình học được kỹ năng mới và cần thiết trong cuộc sống biết áp dụng,0.0
ngoài đời thực sự mình cũng chẳng quan tâm ai nói 7.5 là đại trà 8.0 mới giỏi mình thấy đây là một suy nghĩ không ổn lắm,0.0
Nhưng cũng đáng học mà,0.0
6.5 là đáy xh hay gì??,0.0
6.0 không biết giấu mặt đi đâu☺️,0.0
Hừm 1 thằng 75/990 toeic đang đọc và đánh giá,0.0
"2 năm trước : “7.5 ielts cao vãi đỉnh vãi” 2 năm sau : “ 7.5 ielts bị đại trà, bị chê tới chê lui”",0.0
"cứ mỗi lần làm rớt đồ là la lên “oops xì” rồi cúi xuống nhặt lên, cảm thấy mình quá là hoạt hình.",0.0
mới ngủ dậy đã thấy mình nổi tiếng,0.0
"Tao còn ""ái ya"", ""omg"", ""ouch"", ""damn"", ""ash bal"" cảm thấy mình hoạt hình thật.",0.0
những âm hưởng thật đẹp 🥰,0.0
Ê có ai trong đây vừa oops vừa chửi thề không^^ rớt đồ thì chửi còn oops kiểu nói cho vui do buồn miệng í.,0.0
miền tây core,0.0
Còn tui là dàn hợp xướng miền tây,0.0
"""Quá là hoạt hình"" ?🤡🥰😭😌👋",0.0
"ae gợi ý cho tôi đặt tên với số áo fc điii, kiểu dạng tên: ""em chưa"", số: ""18"" ấy bựa bựa kiểu thế=)))))",0.0
trư 8 giới,0.0
Nem chua 36,0.0
tôn ngộ 0,0.0
đường 3 tạng,0.0
Chị làm sao để cải thiện được vậy ạ 😭,0.0
làm sao mà nhận ra được một người đang có vấn đề tâm lý trong khi người đó trông có vẻ rất ổn vậy,0.0
Đọc hết cmt và mình có gần hết lặng lẽ đi ra…,0.0
ôi bản thân tôi ơi đọc cmt thấy mình chẳng thiếu gì,0.0
"Dẩm l gọi tao là có vấn đề về tâm lí, tao gọi ả là dẩm l",0.0
Chủ đề này có lẽ tui là người có câu trả lời .,0.0
Vì chính tôi đã trải qua giai đoạn từ nhẹ đến nặng .,0.0
Từ tuổi thơ đến trưởng thành .,0.0
"Và dấu hiệu nhận biết đầu tiên sẽ là tư duy , thần sắc , thể chất , giọng nói , ánh nhìn .",0.0
Hehe chia sẻ nhỏ vì giờ mình ổn hơn thời điểm trước.,0.0
Em cảm ơn ạ 😭,0.0
Dẩm l cứ thấy tao hành động khác ả là ả bảo tao có vấn đề về tâm lí,0.0
Thì phải chịu 😆,0.0
Couple date đánh bida mà cược tiền nước + tiền giờ thì quả thật ....,0.0
Cái gì dễ gây xích mích thì mình né ra là được 8 tháng đang yên ổn tự dưng dấn vào xong cãi nhau,0.0
"Hạn chế rủ, kiếm cái khác chơi bà",0.0
Chỉ là máu game thủ trỗi dậy thôi.,0.0
"Tớ chơi game cùng ae thì có thể toxic, chửi nhau, háo thắng vì mục đích là lên rank hoặc đơn giản là muốn thắng.",0.0
giờ mới chỉ là chơi game thôi sau này nhiều thứ nữa khéo ném bạn ra rìa,0.0
Bà sợt amaze là ra nhó,0.0
lâu lâu chơi game có ván di chuyển ngáo ngơ dẫn đến combat thua trong khi ván đó đang có lợi thế các kiểu nha,0.0
kiểu thua game mà bản thân mình tự tức mình luôn đó nhưng người yêu mình chưa bao giờ nói gì mình hết,0.0
Chúng mày thôi chiến tranh cho tao đi học không ?,0.0
đi hoà giải đi,0.0
hối hận vì bán cái xe điện để mua xe ga💩,0.0
đã đến lúc một chiều đi học ở vn của các bạn bằng một chiều đi học ở hà lan của tôi...,0.0
tụi mình nên lên Sao Hỏa sống đi pà,0.0
má 5km mà 100 ngàn 🙏🏻🙏🏻,0.0
7 là 7 tao đéo quan tâm?,0.0
YAS CÚT HẾT 6 6 CÁI ĐÉO GÌ,0.0
alo còn tour ở mel thì sao ông ơi?,0.0
mãi mãi là 7 đéo thay đổi,0.0
dcm sau thấy heeseung với én tranh cúp chắc fan nó khóc lụt nhà,0.0
"Em ơi, ba mẹ em sao thương vợ em như con được?",0.0
"Hỏi thế cũng hỏi , thế bạn có yêu vợ mình không mà hỏi câu đấy ?",0.0
để a ra báo bố mẹ 1 tiếng rồi mình đi nhé vợ bạn mà,0.0
"ở nhà đẻ thì là con đẻ con ruột, ở nhà chồng thì dù thế nào cũng chỉ là người đẻ ra cháu ruột.",0.0
Nói vậy hiểu chưa?,0.0
Thì về chứ có sao đâu.,0.0
Chỉ cần thốt ra câu này thôi là cũng đủ hiểu vì sao vợ muốn về nhà ngoại đẻ.,0.0
Sao cái social cứ lột ra bộ mặt của hôn nhân và sinh đẻ thế này thì hỏi sao phụ nữ người ta sợ sinh đẻ!,0.0
Sắp làm bố rồi mà hỏi 1 câu ngây thơ như vậy?,0.0
Muốn bồi bổ cháu thì cứ cho tiền cổ mua đồ bổ ăn.,0.0
Đẻ hỏi con dâu muốn ở nội hay ngoại.,0.0
Cổ về ngoại thì gửi tiền mua đồ bổ cho cổ.,0.0
Hết cữ 1/3 tháng thì về nội.,0.0
Thấy thoả mái vui vẻ mà,0.0
Cứ cái kiểu tự ôm lấy những thứ xấu xa suy diễn tiêu cực,0.0
"Cái tâm hướng thiện thì cõi lòng sẽ thảnh thơi, đừng nhìn nhân gian với ánh nhìn u tối quá, kẻo chính mình mới là người mệt mỏi.",0.0
Thì để vợ về nhà ngoại chứ sao nữa.,0.0
Thay ảnh đại diện xem sao bạn,0.0
THẬT SỰ LÀ ĐÉO CÓ AI LUÔN ẤY?,0.0
Có tìm cái gì khó hơn không á.,0.0
Ê cũng hợp hợp đó 😂,0.0
Gu tui là bạn nam không hút thuốc ( đó là cái tui quan tâm đầu tiên khi quen ai đó ) .,0.0
E tuổi dần vậy a tuổi gì 😅,0.0
Sếp này ở đâu mà khói nhiều thế,0.0
"Tui không hút thuốc nè, nhưng chắc chắn không phải gu của bạn rồi :)))) nó không đơn giản là không hút thuốc thôi đâu :))))",0.0
cứ kiên nhẫn hoy :3,0.0
"giá mặt bằng, chi phí đầu tư, thuế má,... mẹ bạn cho họ hả ?",0.0
"lời lắm, mở đi bạn.",0.0
bạn mở đi bạn sẽ quay xe viết stt khác cho coi 🤣🤣,0.0
Vấn đề vẫn nằm ở mắt bằng thôi.,0.0
Công giá nhà bds ở hn hay sg thì ra con số không tưởng vl,0.0
"cafe các bạn không bán cafe, cái các bạn bán là không gian, là chỗ ngồi, là cảm xúc bạn nhé.",0.0
"Mặt bằng trong F&B ở VN đứng đầu chi phí - chiếm khoảng 30%, còn nếu mặt bằng đắt còn cao hơn nữa",0.0
"Lời lắm bạn ơiiii mình làm fnb nhiêu năm mình biết😂, ly nước 80k lời 70k là ít.",0.0
Có ai rành về mô hình quán cà phê giải thích hộ là lợi nhuận của mô hình này đi về đâu không🥲,0.0
"cost x5 x7 đó, ngon lắm vào mà làm thử đi bạn",0.0
vấn đề của bạn là thế giới quan của bạn bị giới hạn bởi quán cafe chắc tới 80% thất khởi nghiệp của các bạn ở việt nam là cafe,0.0
quần áo điện thoại bỉm sữa ( nếu là mẹ bầu ở nhà ),0.0
80% trong số đó sập vì họ thấy mấy điều hiển nhiên mà điều hiển nhiên thì ai cũng thấy.,0.0
"Nguyên liệu thì bình dân, nhân công thì thuê với giá rẻ mạt (20k/h), nhưng nước thì bán 7-80k/cốc.",0.0
cảm thấy amee là wonyoung vn,0.0
Nói chung thái độ của cổ ở các sự kiện nếu sai thì cần lên án,0.0
nhưng về đời từ tính câch đối xử với người ngoài thì đừng lôi vào vì thật giả lẫn lộn,0.0
mẹ chị amee quen bác làm tóc quen của mẹ em,0.0
Amee bà thuộc cái kiểu mà hướng nội không thích giao tiếp với ai á,0.0
Có hôm tui nghe bài Hongkong1 thì tui để ý bạn nữ MV giống Amee thì hôm họp nhóm làm bài tui có hỏi thử thì đúng là Amee đóng trong bài đó thật,0.0
"xưa làm brand thời trang tặng đồ trực tiếp cho Amee trong sự kiện 1 lần em ý kiểu ""uiiii My cảm ơn nha",0.0
3. xen ngang khi người ta đang nói cũng cũng á=)),0.0
Đánh răng mà không làm ướt miệng trước 😖,0.0
Gia sư nam chọc eo🤮🤮🤮,0.0
"Vỗ vai=))) tui ghét cái vỗ vai lắm, tâm linh thì nó mất vận may, đem xui xẻo tới.",0.0
"Còn nữa là làm giật mình ấy, cảm giác hẫng người khó chịu cực.",0.0
"Ai mà vỗ vai mình là mình không ngại phủi vai ngai trước mặt họ đâu, thề cực ghét vỗ vai ý",0.0
2. anh/em/ba/mẹ/con (nói chung là người thân) nuôi yêu nhau khó nói,0.0
Topic: Một việc bạn thấy rất tởm nhưng người khác lại thấy rất bình thường,0.0
Yêu thầy giáo???,0.0
1. ghép đôi hai đứa nào đó với nhau chúng mày đi học hay đi ghép đôi đường phố?,0.0
Bố còn đưa 100 nghìn cho nó bảo tiền này cho để ăn cơm.,0.0
êy đúng vãi ngày mô cũng chục viễn cảnh nớ trong đầu,0.0
90% trẻ em VN khi còn nhỏ bị bố mẹ mắng đều có ý nghĩ bỏ nhà đi bụi và sau này thành công trở về cho bố mẹ hối hận,0.0
Đã thử lúc học lớp 2 và bị đánh từ đầu ngõ về nhà ☺️,0.0
đợi nhốt trong phòng hơn 1 tiếng rồi đi ra và bị cha mắng,0.0
"Qua nhà bạn ở -> đi làm -> nhân viên xuất sắc -> giám đốc -> chủ tịch -> về đưa tỷ kêu "" số tiền này coi như là công bố mẹ nuôi con"" xàm vcl 🥲🥲",0.0
ê nha khi nào bame chửi xong là muốn bỏ nhà ra đi à🙂🥰,0.0
"Tui cũng đã từng, quen xong thời gian ngắn sau chia tay 😌",0.0
Rồi lại vào sọt rác mà thôi,0.0
Cảm ơn bạn đã lan toả những điều tốt đẹp giản dị này ❤️❤️❤️.,0.0
Nhìn hình ảnh bạn khiến mình thấy xúc động.,0.0
Đáng iu quá ạ 😍,0.0
Cảm ơn bạn nhé toii chủ muốn truyền tải sự đáng yêu này đến cho mọi người mà thoii,0.0
"bạn này viết hay quá, tui đọc tí thì khót",0.0
chắc phải đi xỏ khuyên mũi,0.0
"Nhờ chủ thớt ẩn bớt mấy cái cmt của bọn to6 đi cho đỡ tụt mood, đang chill kéo xuống đọc, khó chịu cả con người",0.0
Dạ tụi nhỏ thương mẹ lắm ạ!,0.0
"Nhà mình có 3 cô con gái, hôm qua các con hì hục tự làm rồi tặng mẹ và bà ngoại !",0.0
Đáng yêu vô cùng !,0.0
Chúc cho các bà,0.0
các mẹ và các chị em luôn nhận sự yêu thương dịu dàng như cách bạn Bạn Be ấy đối với mẹ và Người yêu của mình .,0.0
CÓ NÊN LY HÔN CHỈ VÌ CHỒNG KHÔNG CÓ CHÍ TIẾN THỦ⁉️,0.0
Nói về gia cảnh thì nhà chồng giàu có hơn gia đình em rất nhiều,0.0
tài sản gồm nhiều bất động sản có giá trị cao từ Sài Gòn đến Đà Lạt.,0.0
Hai vợ chồng em cưới nhau 6 năm mới có một em bé 7 tháng tuổi do hiếm muộn.,0.0
Suốt từ năm 2020 đến nay em vẫn đi làm đều đặn,0.0
Bạn nghĩ chồng bạn ở không?,0.0
Đúng là anh ta không đi làm cố định.,0.0
Nhưng thủ tài sản thừa kế là việc sẽ nặng dần theo thời gian.,0.0
Quản lý bđs cho thuê chưa bao giờ là việc dễ.,0.0
Vẫn có trường hợp phải deal với khách thuê.,0.0
"Nhà ổng giàu vậy rồi, sinh ra ở vạch đích rồi mà tiến thủ cái gì.",0.0
Đầu thai nhà nào là phước của bản thân.,0.0
Con bạn cũng rất may đầu thai làm con cháu cha mẹ chồng đó thôi.,0.0
Vợ 50 + Chồng 50 = 100 tr/th : cả 2 vui vẻ 2.,0.0
Chồng 100tr + Vợ 0tr : chồng năng động 3.,0.0
Giờ tất cả ở đây đều xúi ly hôn thì bạn cũng ly hôn à.,0.0
Tôi nghĩ - bạn tính lại FIRE có kèm chi phí cho 2 con vào đại học.,0.0
"Bạn xem lại danh mục tài sản của 2 vợ chồng, nếu toàn bộ portfolio là bđs thì tiền liquidity hơi thấp quá cho các năm.",0.0
Cùng lắm bạn bàn với chồng đổi 1 đất thành chung cư để mỗi tháng có dòng tiền.,0.0
Lấy mẫu số ngoài xã hội đo ngược lại người đã thừa kế tài sản là việc ngược đời rồi.,0.0
Quản lý tài sản là nghề,0.0
"Em 32 tuổi hiện đang làm cho một bank lớn, thu nhập 40-50tr/ tháng.",0.0
"Chồng em làm kiến trúc sư từ lúc ra trường chỉ đi làm tự do, có lập công ty nhưng từ đợt dịch thì công ty ngưng hoạt động.",0.0
Bạn có tiền rồi thì cân nhắc cả tìm một therapist thảo luận để bớt áp lực tâm lý khi giao tiếp vợ chồng.,0.0
Học về giao tiếp trắc ẩn.,0.0
Học cả hai người cũng được.,0.0
Rồi sau đó tìm cách nói về cái khổ của bạn cho chồng.,0.0
Tôi nghĩ tiền không phải vấn đề mà là bạn cảm thấy chồng không thấu hiểu được nổi khổ của bạn.,0.0
Và anh ta quá sướng trong góc nhìn của bạn.,0.0
"tui cũng mới dạy xong, cố gắng nở nụ cười giữa đám trẻ mà lòng cũng nặng lắm",0.0
em còn đang trông thi cơ,0.0
ôi đ hiểu break kiểu gì,0.0
"nhà em có truyền thống nhà giáo, em cũng từng theo học Sư Phạm.",0.0
mọi người biết không?,0.0
tôi chỉ có 20 phút break giữa các ca dạy để khóc để xả cho hết trước khi đứng liên tiếp 3 lớp với hàng chục học sinh,0.0
cười nói tương tác như thể tôi vẫn lành lặn.,0.0
dù bên trong vỡ nát hết rồi…,0.0
"đọc tin trong giờ học, không kìm được phải lén giả vờ mỏi mắt buồn ngủ.",0.0
"sau giờ học còn sinh hoạt clb, phải nhảy múa và cười nói như thể mình ổn với những gì đã xảy ra.",0.0
ôm bà cái nhe 🥹,0.0
"Vậy đấy, cuộc sống của người lớn… đang khóc vội lau nước mắt để quay sang bàn kế hoạch với sếp xong quay đi đã trào ra luôn…",0.0
đi du lịch với nhóm bạn của ny lại dắt theo bạn thân của mình??,0.0
"Dump him 👍🏼 cả nhỏ bạn thân cũng mắc ỉa nữa, bồ của bạn thân mình khen mà cũng dám nhận hả 🙂",0.0
"giờ nghỉ chơi được ròi đó, cả đám rất cùy nha",0.0
Chia tay chưa bè,0.0
"đâu có, nghỉ chơi thằng bồ chứ 🤔",0.0
Câu hỏi EQ thấp =))))) còn lỡ tham gia vào game thì phải chịu.,0.0
thà trả lời là 1 người nổi tiếng nào đấy thì bạn cũng sẽ đỡ khó chịu hơn là chỉ ra 1 người bạn bè của bạn,0.0
Acc rác ragebait câu tương tác,0.0
nguyên 1 đám biết hết trừ bà ra á nên mới hỏi kháy như vậy,0.0
Cho nó thành nyc đi,0.0
dm chia tay,0.0
"Tôi là Gai Con, concert muốn đem bao nhiêu chai thì đem, vác 1 thùng theo cũng được, miễn là vác nổi",0.0
1 là có nắp chai trường hợp quá khích sẽ chọi trúng nghệ sĩ 2 là không cho nắp trai vô làm đổ tháo tùm lum Nói chung cấm luôn cho chắc thấy đi concert 85% là cấm mang nước roì,0.0
"0 có nắp thì hậu concert dọn ve chai dễ, có nắp thì nước còn ở trong chai.",0.0
"Nặng, khó dọn.",0.0
Mình là fan quốc nội mà =)))) mình đi concert mình cứ mang nước tằng tằng vào thôi,0.0
nhiều khi mấy anh bảo an còn phát thêm nước của nhà tài trợ cho mình trong khi nguyên buổi mình hét sml xong cũng chả khát mấy 😁,0.0
làm mấy cốc nước mua ngoài tôi phải cố uống hết,0.0
Tại gần cuồng quăng chài vào nghệ sỹ,0.0
"Mình là Gai Con mình không biết, chỉ biết khi đi đem 3 chai vẫn không đủ uống, bạn kế bên đem hẳn chai 1l5 :""))))",0.0
TOPIC: TẠI SAO CONCERT THƯỜNG CẤM MANG NƯỚC ĐÓNG CHAI VÀO UỐNG?,0.0
"Cái này mình thắc mắc lâu rồi mà vẫn chưa hiểu được vấn đề, bạn nào làm bên mảng sự kiện giúp mình giải đáp với ạ🥲",0.0
Concert của nhóm idol nhà tôi mà tôi đã đi thì từ 2013 tới giờ chưa bao giờ được mang nước vào cả,0.0
"Câu này với mỗi hoàn cảnh một khác, với mỗi người một khác.",0.0
"Ý là khoẻ như trâu còn ngã, huống gì con người",0.0
Theo những gì e học Tru = trâu Cụng= cũng Bổ = ngã Trâu cũng ngã …,0.0
nghĩa là trâu cũng ngã,0.0
Việc gì đó quá sức đó em 😆,0.0
Học tới đây chưa vào dịch dùm bạn,0.0
có a rứa mà nỏ hiểu :)),0.0
"Cũng tuỳ ngữ cảnh, có thể là làm quá sức đến khoẻ như trâu cũng gục",0.0
Nghĩa là thích bạn lắm á,0.0
khoẻ như con trâu cũng ngã nhé,0.0
tiếc kỉ niệm bà...sao tui khờ ghê.,0.0
"sao tới lượt tui thấy tủi thân quá, càng gần lễ càng tủi!",0.0
"Tui giới thiệu bà cuốn sách bên dưới, nhờ nó mà tui đi từ bi luỵ trong tình yêu với nhiều người trước đó, đến được yêu thưng như này.",0.0
Tủi thân thì đổi người.,0.0
Hỏi gì dạ gái??,0.0
Bạn nên rời đi tìm tình yêu đích thực dành cho mình nhé,0.0
"Tui đọc vài cái cmt của bà ùi, tui nghĩ chắc bà có tổn thương bên trong nên cần níu giữ tình cảm.",0.0
"Giờ tui làm được rồi, bước qua boudary cái tui giải tán liền .",0.0
"Nên cưới nhau mấy nay rồi chồng vẫn cưng hehe, ngày càng cưng hơn ó, trộm día.",0.0
uhm tại sao vậy bọn lôz??,0.0
ở đây thì…,0.0
vi ban la cau nho cua to 😇,0.0
joke md quá cap up str sợ bị chửi,0.0
Có thể bạn đang tưởng tượng mình hài hước,0.0
dễ thương quá 😭😭😭,0.0
Đáng iu :)),0.0
cho mình yêu với,0.0
dangiu thíiii xin vía,0.0
có thể là hài,0.0
chuyện từ hôm trước thềm 8/3: nhỏ bồ thì ovtk phát điên còn thằng bồ thì ở nhà trốn bẻ kẽm nhung sợ bị phát hiện 😭👆🏻,0.0
điện nước 2tr Tổng là 19tr 😂,0.0
"Hợp lý bạn ạ, có thể là bạn nữ này ít luôn.",0.0
Tại vợ mình 1 tháng dùng 40tr cơ nên là bạn cầu hôn cô ấy sớm đi nhé,0.0
Bịa thì vl =))))) thiếu kiến thức còn ragebait,0.0
Dạ bạn nói rất đúng ạa!,0.0
Bạn quản lý chi tiêu tốt quá ạa 🥹😂,0.0
Nhưng mà tui lấy chồng gần 3 năm rồi nhưng hai vợ chồng chưa đi du lịch với nhau bao giờ hết =))))) Ổng còn tự tính mấy chuyến về quê là đi du lịch nữa 🤣,0.0
xong lại vòng ra chỗ cũ mua quà cho tôi mang về cho bố mẹ nựa.,0.0
Lộ bản chất mà tui chỉ vì tấm ảnh Mộc Châu quá đẹp mà iu liền 5 năm:))) quá hối hận,0.0
"Ra sân bay ga tàu chậm, lỡ tàu xe, mệt mỏi, mất đồ.. lúc đó tính cách bộc lộ rõ nhất.",0.0
"Sau chuyến đi châu Âu lần đó, tôi xác định là chia tay anh rồi :)))",0.0
Phải thử thách khi gặp khó khăn và cách giải quyết từ việc nhỏ nhất đến việc lớn như công ăn việc làm lương bổng cách tiêu pha nội trợ,0.0
quan hệ họ hàng giờ giấc kế hoạch và thực hiện...,0.0
Dù có một loll dấu hiệu,0.0
"Dạo này không thấy cái ông hay đăng bài ""kiếp sau vẫn làm người Việt Nam nhé"" đăng bài nữa.",0.0
Có lẽ giá xăng đã làm ông ấy đổi ý maybe,0.0
giá xăng liên quan mẹ gì mày ơi??,0.0
Tăng có mấy đồng mà lè nhà lè nhè suốt từ hôm qua đến giờ,0.0
chắc nghĩ mỗi VN bị tăng giá xăng dầu?,0.0
Đăng lên chi cho người ta biết mình ngờ u vậy,0.0
"Chứ không lẽ muốn làm người Trung Đông, đang ngồi trong lớp tự nhiên bị dội bom?",0.0
Giá xăng tăng rồi quay ra chửi nhà nước.,0.0
Đúng là tư duy lũ phản động có khác 🤣,0.0
"Người ta nói 1 lần là đủ rồi, chứ đâu như cái loài 3 we suốt ngày kêu khát nước...",0.0
Tới nổi cái câu này cũng copy tq bên đó dân nó châm biếm câu này chán chê vn lụm về tuyên truyền,0.0
"này là hoàn cảnh riêng mỗi người bạn ơi, fact cái đ gì?",0.0
Đẻ ít vì họ muốn cho con họ những điều tốt nhất và nếu nhận thấy nó không thể hoặc chưa thể thì họ không đẻ.,0.0
Môi trường sống là 1 trong những nguyên nhân khó thay đổi trong điều trị bệnh tâm lý.,0.0
Khó có thể hồi phục khi nguồn tổn thương vẫn còn xung quanh,0.0
"Còn ngày xưa thì cứ đẻ cả đống đấy, lớn thì lớn chứ có nên người không thì tuỳ duyên",0.0
Ừa chứ nhìn avatar của tui là lúc bé chụp năm 2002 thì thấy họ thật sự thương tôi .,0.0
"Tôi cũng thông cảm và hiểu cho họ, they didnt know better (không biết dịch câu này ra sao).",0.0
Mong là mọi vấn đề sẽ kết thúc ở thế hệ của tôi.,0.0
Mình nghĩ dạy thì ít mà trút ra sự khó chịu thì nhiều,0.0
"""Bà đi mà cưới""😔",0.0
e là con hiền hiền đó☺,0.0
"Em cứ cứng rắn lên ha, giờ là xã hội hiện đại pháp luật bảo vệ em, đừng để bất kì ai trói buộc đạo đức mình 🫂",0.0
hơn audio ạ☺,0.0
e bị bắt nghỉ học lâu rui a,0.0
dạ sáng mai tui đi ạ,0.0
17 năm sau thi dh mà má,0.0
đi rui ạ,0.0
"Mình đi 4n3đ hết 8tr/ng, lo tiền vé với phòng là hết 70%, ăn uống bên đó rẻ bèo.",0.0
"Tui đi 4 đêm thì phải, riêng tui >30tr, này là 3 con share airbnb, grab với nhau rồi nên rẻ lắm rồi.",0.0
Đi ở VN còn hơn thái chán òm luôn ý thề,0.0
với budget đó thì chi tiêu đủ nha.,0.0
Budget của 2 đứa 27tr thì có đi Thái Lan thoải mái được không ạ?,0.0
ở đâu ạ,0.0
"khu vực ngũ hành sơn, ở hồ huân nghiệp ạ",0.0
nhân viên phục vụ qán cà hê bà ơi,0.0
Mé chỗ mình toàn 12-18k giờ,0.0
Quán ở đâu ạ,0.0
12k-18k chắc bào tới tuỷ =)))),0.0
"Có làm part time được hong bác, tại tui đi học hơi nhiều 🥹",0.0
bạn rep ib mình vứi,0.0
Lương như này bạn tự làm nha,0.0
Ở đâuu vậy ạ,0.0
Đoán vội không lông,0.0
Sau này bạn nhớ làm nhà báo nhé,0.0
"còn việc yêu thì tùy duyên nữa í, nên nói chung là giờ cậu hãy làm bản thân bận rộn hơn thì có thể sẽ mau quên á.",0.0
"lần đầu luôn: ni mình có tặng mình bó hoa hôm 8/3, nói rằng anh sẽ yêu em đến khi hoa héo.",0.0
mình cũng không nghĩ gì nhiều tưởng rằng sẽ giống trên mạng là sẽ giấu một bông hoa giả ở đó,0.0
Nó nói thật đó,0.0
Ê đừng mà ☺️,0.0
nhầm kịch bản:)))),0.0
không bạn :))),0.0
Xin vía ạ🥹,0.0
đáng iu vcll,0.0
vũ trụ mang txvt đến cho tôi ngayyy,0.0
Còn bà ui,0.0
"Eo ui dễ thương thế,",0.0
bạn tham khảo VƯƠNG BÌNH nha anh có bài Có hẹn với thanh xuân Thanh Tân,0.0
Mình muốn giới thiệu đến CLB của bạn về anh VƯƠNG BÌNH ạ.,0.0
"Anh năng lượng dễ thương lắm, chắc chắn sẽ không làm các bạn thất vọng đâuu.",0.0
Mời bạn nghe qua và dành chút tình cảm cho anh ấy nhaaa 🫰,0.0
Anh/chị/bạn nào đã từng mời ca sĩ tầm giá này có thể gợi ý giúp mình với ạ?,0.0
Nếu chia sẻ thêm trải nghiệm và mức giá từng mời thì càng tốt ạaaa,0.0
"Vương Bình đi ạ, chàng thơ hát hay dễ thương, thân thiện 🥰🥰🥰",0.0
Cảm ơn mọi người nhiều ạ 🙏 (Độ con cho bài với thread ơiii),0.0
"Mọi người ơi, CLB mình đang tìm ca sĩ khách mời cho show âm nhạc, budget khoảng 50–60 triệu.",0.0
Người nhà mình học NNa của trường An Ninh rồi bị nhét về làm công an xữ ở tỉnh.,0.0
Cuối cùng chả dùng gì tới chuyên môn,0.0
Ê giống a quá hồi đó a cũng bị định hướng thi công an,0.0
nếu e tin vào lựa chọn của mình thì cứ việc vào trường mình cố gắng thêm.,0.0
Vào công an vào công an vào công an.,0.0
"From 1 FTUer tốt nghiệp xuất sắc, làm đúng nghề :)))",0.0
Nếu nhà có cơ thì nên vào công an mà thi đầu vào công an cũng khó vl,0.0
Vote vào công an nhé bạn.,0.0
ôi vậy thì vào ftu đi:3,0.0
chỉ vì lời tư vấn của bạn mẹ mà mẹ e bắt theo công an đấy ạ:)))))),0.0
Chính xác luôn.,0.0
🎯 Không chỉ cần hiểu mình dũng cảm thừa nhận 'mặt tối' trong mình mà còn thấu cảm tha thứ với lỗi lầm của mình,0.0
thì mới có thể thấu cảm được cho người 💙,0.0
'Thích nghi' khác với niềm hạnh phúc ý nghĩa của việc có 1 người bạn cùng tiến,0.0
cùng trải qua những bài học để phát triển để trở thành phiên bản tốt nhất của chính mình nha ),0.0
Tui là kiểu hướng nội thích nghi tần nào tui cũng thích nghi được nhưng cuối cùng tui vẫn thích ở một mình làm khùng làm điên,0.0
nên cái việc tìm người cùng tần số với tui nó xa vời quá,0.0
"Thế hoá ra sống gần 30 năm nay uổng phí rồi, tui vẫn chưa tìm được người cho mình niềm hạnh phúc, đáng để suy ngẫm",0.0
Không biết nữa,0.0
"Tìm được người có tầng 2, tầng 3 giữa thời buổi này khó như mò kim đáy biển",0.0
"lâu lắm rui mới thấy 1 post hữu ích và có chiều sâu tâm lý như này, cảm ơn thớt",0.0
Thật là chán những người cùng tần số.,0.0
Không có gì thú vị.,0.0
Không ai chán cái tôi của mình à!,0.0
Có tự kỷ quá không?,0.0
Nhiều khi mình phản ứng mạnh với người khác chỉ vì mình chưa hiểu rõ điều gì trong mình đang bị chạm tới.,0.0
Gần đây mình cũng đang tìm hiểu khá nhiều về việc nhận diện cấu trúc suy nghĩ và điểm mạnh của mỗi người.,0.0
Có một bài test khá thú vị giúp nhìn rõ hơn điều đó.,0.0
"Ai quan tâm thì nhắn mình, mình gửi để tham khảo nhé.",0.0
Là vì nếu có v1 v3 to mà v2 cũng to nốt thì thảm hoạ ;)),0.0
Vì đấy là nơi chúng tôi thích và muốn nó bé.,0.0
dáng hình chữ nhật và dáng đồng hồ cát có thể có cùng size vòng 1 và vòng 3 nhưng đường nào người ta cũng thấy dáng đhc đẹp hơn,0.0
sự khác biệt nằm ở v2 đấy =)),0.0
Tôi thực sự quan tâm đến câu hỏi: Vì sao phụ nữ lại chú tâm quá mức đến vòng 2 trong khi thứ làm họ quyến rũ lại là vòng 1 và vòng 3?,0.0
Vừa lòng mình trước vừa lòng người sau,0.0
Chúc bé mau khoẻ.,0.0
"Sau đợt này, e cứ cho bé uống kẽm 1 thời gian nhé",0.0
=))) thôi cứ từ từ trải nghiệm,0.0
"Con nào cg vậy thôi bạn :)) 2026 rồi, thân ai nấy lo đi nha.",0.0
Còn thích ở với bố mẹ thì đừng lấy vợ.,0.0
Ở chung thì bỏ nhau sớm,0.0
Êu sao chồng bạn kiểu gì ý,0.0
Nhưng vẫn ở riêng hẳn 1 nhà cơ.,0.0
Ra ở riêng chưa bé?.,0.0
nhưng tư tưởng thoải mái là đính sống cần đến nhất,0.0
"Respect chị, cuối cùng chúng ta vẫn phải tỉnh táo để CHỌN sự tử tế.",0.0
Welp lời khuyên của 1 thầy dạy tiếng anh của mình là “never date a co-worker” 🫠,0.0
Cám dỗ mỗi người đều không hề ít biết dừng đúng lúc trân trọng hiện tại biết đủ… thì sẽ vượt qua và không chán chị nhỉ,0.0
vừa thấy mới mẻ khi gặp 1-2 người mới rất hợp gu ở chỗ làm họ chất lượng mindset tốt và good looking.,0.0
"đôi lúc mình hay nghĩ, nếu bản thân còn single thì sẽ thế nào, NHƯNG DĨ NHIÊN mình biết giới hạn, biết đúng sai, nên chỉ dừng ở đấy.",0.0
Nhưng mình biết cái nào thật xứng đáng để ở lại🥰,0.0
tâm sự của người có tình yêu lâu năm,0.0
"được hôm nay tâm sự với bà bạn, mình mới nhớ ra bản thân từng…",0.0
con người phải biết ơn và biết đủ mới thật sự có được hạnh phúc chị nhỉ 🥺,0.0
"Tui biết mấy bà còn thương, còn yêu, mắc nợ,….",0.0
chia tay đi,0.0
cuộc sống này phải là tuần hoàn theo quỹ đạo từ xưa đến nay đàn ông luôn là người đứng ra chịu trách nhiệm với bạn gái trường hợp này thì chú khuyên thật lòng hãy chia tay chăm chú việc học hành rồi kiếm tiền rồi mới nghĩ đến yêu .,0.0
yêu đương trong lúc học hành sẽ làm ảnh hưởng tương lai sau này chúc cháu lựa chọn thông thái,0.0
Làm người yêu anh nhé,0.0
"đúng rồi , dứt khoát đi",0.0
Hiện tại em đã chọn dừng lại vì không phải vấn đề đó nữa mà là anh còn tình cảm với người cũ,0.0
Hiện tại con đã chọn dừng lại vì không phải vấn đề đó nữa mà là anh còn tình cảm với người cũ,0.0
Hơn 1 năm trước tui chia tay ex khi còn yêu rất nhiều 8 tháng trời tui cũng có move on được đâu,0.0
nhưng được cái cuộc sống mình thay đổi rất nhiều và đặc biệt là sau này gặp người mới tui move on trong vòng 1 tuần lễ 🤣,0.0
"Trời ơi, giữa việc thay đổi tính nết của 1 người và việc đổi người thì tui thấy đổi người là dễ hơn gấp 1000 lần á.",0.0
"Cười vào mặt họ đi e, cười hềnh hệch ra xong tấm tắc “a/c nói đúng hết, chuẩn quá”.",0.0
Biết nấu là giỏi rồi ý.,0.0
Mình lấy chồng 4 năm rồi và vẫn chả biết nấu cơm.,0.0
Mình vui là được kệ họ nhé cô gái,0.0
thề nhiều lúc vài đứa xấu tính ác,0.0
Nói chung là chỉ xã giao thôi.,0.0
ê thương vl,0.0
"hãy nỗ lực để đi concert của nhóm nhạc bạn yêu thích càng sớm càng tốt nhé, mình thất bại rồi",0.0
"Heeseung à, anh định bỏ 6 đứa em ở lại thật đấy à😭😭",0.0
chị ơi giờ ra đường mà em gặp engene nào là em ôm em khóc mất 😭,0.0
"Em cũng thất bại, em từng ước sẽ quẩy ở concert thật nhiệt tình, mà giờ...",0.0
Cảm giác nhà mình chẳng mặn mà bầu cử lắm vì tin là bầu hay không thì kết quả đã được định sẵn rồi còn đâu.,0.0
Cứ kêu bầu cử là quyền lợi nhưng thấy hệ thống bầu cử vận hành chả hiệu quả gì cả,0.0
Viết thế này có bị bế đi không bạn.,0.0
Tại mình chủ định than vãn thôi chứ không phải kiểu phản động hay làm gì xấu xa đâu í.,0.0
Thật lo sợ,0.0
Cơ quan an ninh mạng đã xem và sẽ liên hệ trong thời gian sớm nhất :))),0.0
Bạn nói thế là bạn chưa hiểu stt của mình nói gì rồi.,0.0
Mình có tỏ vẻ biết tuốt đâu mà bạn nói vậy,0.0
Hình như là phải đi trực tiếp bạn ạ,0.0
bạn ở trong ban kiểm phiếu hay sao mà hiểu rõ thế,0.0
Cái gì cũng có lợi có hại.,0.0
Cứ hoà bình thì đó là đường lối đúng đắn.,0.0
Trải mấy nghìn năm Việt Nam luôn độc lập đ dựa dẫm bọn nào nên khỏi nhồi nhét từ ngữ nhé các sọc,0.0
"Coi chuẩn bị đi nộp phạt đi nha, này được coi là phát ngôn phản động chống phá ngay trước thềm bầu cử",0.0
"Mình cứ trực tiếp tham gia trải nghiệm, thậm chí là ứng cử thì sẽ có cái nhìn khác hơn, khách quan hơn nhé chị.",0.0
"Cứ nghe đồn này, nghe đồn nọ thì tội cho những người họ mất ăn mất ngủ, thật lòng lo cho nước, cho dân, cho chị.",0.0
"NHƯNG ÍT NHIỀU cám ơn các phòng ban, đoàn, phường décor cho Saigon nó rực rỡ quá :3",0.0
"Nếu xét kĩ ra thì bạn nói là ""bạn tin là"" thì không ai phạt được bạn cả",0.0
nhưng vế sau mà bạn không có bằng chứng là vận hành không hiệu quả thì nếu muốn vẫn có thể cho bạn vào tội vu khống.,0.0
Nên lời khuyên là nói bé thôi.,0.0
Mày chỉ ra cho mọi người xem tuyên truyền chống phá ở chỗ nào.,0.0
Có bản lĩnh thì lập luận để người khác hiểu vấn đề nào.,0.0
Nỗi niềm không của riêng ai.,0.0
sao méo tháo sim ra nhỉ=)))),0.0
Bật vị trí là cái nút có cái hình ghim ghi lướt xuống có cái nút đó hẻ,0.0
Có 7tr đóng phạt chưa,0.0
Cuộc gọi khẩn cấp không cần sim,0.0
"Có thì nói , chứ đừng nói kiểu chống phá ,kích động như này",0.0
gọi tới số công an phường thì kêu là có chuyện gì thì ra phường làm đơn :))) gọi lên tới số ông trưởng c.an phường thì kêu gọi lại cho số c.an phường đi,0.0
liễu như yên đang cảm thấy bất mãn,0.0
Địt mẹ doanh nghiệp nào đứng sau chuỗi hệ thống này?,0.0
"chắc chắn có hệ thống thật, kpop dạo này bị cái đéo gì đây",0.0
chắc chắn là do liễu như yên,0.0
Tất cả là tại Liz nhé :))),0.0
như cái lon,0.0
môi người rắng đợi xíu co liz nó sắp làm xong nhiệm vụ để cứu ae rồi😭,0.0
Dạo gần đây tự dưng thấy nhiều cặp bot x bot top x top xung quanh mình,0.0
nên maybe cái threads này sinh ra để bạn bè followers của tui có cái nhìn rõ hơn về vấn đề này,0.0
Đừng xoá bài nhé 💯,0.0
"Tui thiệt sự đã thắc mắc lắm luônnn, mà đọc xong tui hiểu rõ hơn nhiều, đúng là cảm giác nghĩ đơn giản mọi thứ",0.0
Chúng mình có đang làm một nghiên cứu về thái độ và niềm tin chuẩn mực dị tính (heteronormative beliefs and attitudes) và căng thẳng thiểu số ở cộng đồng đa dạng tính dục,0.0
có liên quan đến vấn đề được bàn luận trong post🥺 Nếu mọi người hứng thú thì có thể tham gia khảo sát ở link sau (hoặc quét mã QR) ạ:,0.0
E gửi cả nhà qr🌸,0.0
PHIẾU KHẢO SÁT TÁC ĐỘNG CỦA NIỀM TIN VÀ THÁI ĐỘ VỚI CHUẨN MỰC DỊ TÍNH TỚI CĂNG THẲNG THIỂU SỐ Ở CỘNG ĐỒNG ĐA DẠNG TÍNH DỤC,0.0
có liên quan đến vấn đề được bàn luận trong post🥺 Nếu mọi người hứng thú thì có thể tham gia khảo sát ở link sau (hoặc quét mã QR) ạ: forms.gle/eWYhv…,0.0
Cùng ý kiến với you!,0.0
!/ hoặc nhìn masc thì là thường sẽ được người ngoài nhìn nhận là nam trong một mối quan hệ nữ nữ,0.0
"Warning: có bàn về 18+, nghiêm cấm trẻ em đọc dưới mọi hình thức",0.0
sợ tới già=)))),0.0
…thế mà lại hay,0.0
"Gởi mail cho họ đi bạn , mình nghĩ anh Gonzo sẽ để ý á",0.0
bạn thử tham gia vào cộng đồng mê naruto xem hữu duyên thì gặp bạn này,0.0
Nay tăng thì cũng phải gần 100k,0.0
Thông số của nsx phải đi đăng ký chuẩn chứ ai bịa ra đâu mà đắt hay rẻ.,0.0
Toi đổ đầy bình 100 nhee 😭,0.0
"vision 2024 còn 2 vạch, đổ 85K đầy bình :))",0.0
Bình xe vision 5L là 130k đó bạn ơi,0.0
Nhỏ nào đồn đầy bình Vision 110k đó?,0.0
không nhắn càng tốt đỡ phiền chả ham hố gì,0.0
"Ê thiệt má, chán",0.0
đơn giản thế á,0.0
"kkk bạn hog cô đơn đâu mess tớ còn thua cái acc clone nữa dưới 40 bạn nè,hog có 1 ai nói chuyện luôn😆",0.0
"Ông ăn xin, bà bán vé số, khứa shipper.",0.0
"Đấy, camera chạy bằng cơm đấy.",0.0
Đi đêm ắt có ngày gặp ma.,0.0
tại vì đối tượng gà,0.0
"Lưới trời lồng lộng, thưa mà khó thoát",0.0
"Giấu để ở nhà thì khó chứ đã mang đi tiêu thụ/ buôn bán thì kiểu gì chả có dấu vết, lần 1 không bị thì lần 3 lần 5",0.0
Hỏi ngu: Tại sao các đối tượng giấu ma toé rất tinh vi mà lực lượng chức năng vẫn có thể phát hiện được?,0.0
"Đã làm chắc chắn sẽ có sơ hở, sẽ bị lộ.Chẳng qua là chưa bị bắt thôi",0.0
"Giờ thời 4.0, liên lạc rồi chỉ điểm cũng dễ mà 😃",0.0
Nghe câu muốn không ai biết thì đừng làm chưa,0.0
À thì câu nói năm xưa của sếp Cao vẫn luôn đúng đấy 😂 Đại loại chỉ cần là đã làm thì sẽ luôn để lại chứng cứ 😂 Việc của điều tra viên là lần theo những chứng cứ đó thôi.,0.0
có snitch đó bạn,0.0
mỗi store 1 kiểu.,0.0
là khách hàng thì khó đánh giá phết.,0.0
btw boycott f*t long châu,0.0
Có nhà thuốc nào mua thuốc trên app được mà còn freeship giống LC không ạ huhu.,0.0
"quả boycot 90p cười thì vl luôn, để yên cho các cải tạo nào 😭",0.0
ủng hộ nhà thuốc nhỏ 💕,0.0
ra long châu mua uống được 3 ngày rồi không xẹp,0.0
quyết định đi ra hàng thuốc local cạnh nhà mua thì uống đến hôm sau xẹp mụn còn 1 nửa 💀,0.0
Hehe thấy tư bản cũng dễ huông bà ha,0.0
"Dạ bên tui là hệ thống Bác Tôm chuyên về thực phẩm hữu cơ, thuận tự nhiên nha",0.0
Bà ơi có tuyển mkt khumm :))),0.0
"Trộm vía bác ạ, bên tui là hệ thống Bác Tôm chuyên thực phẩm hữu cơ, thuận tự nhiên ạ",0.0
"Hôm nay mới biết có 1 chị kế toán sau khi sinh em bé, sức khoẻ yếu và nhà xa nên làm online full time 2 năm rồi.",0.0
Tự nhiên thấy công ty mình cũng nhân văn ghê,0.0
Huhu đọc mà thương bà quá.,0.0
Chúc bà gặp nhiều may mắn trên hành trình sự nghiệp nhaa,0.0
Sắp tới bên tui tuyển content đó bàa,0.0
"Dạ bên tui là thực phẩm sạch, hữu cơ bà uii",0.0
Ôi cái ub ché đỏ của toy bó bột chân còn hành lên xuống cầu thang photo này kia cơ,0.0
"Tâm linh có gu, chọn tarot nhà tui nha 🌙",0.0
xuất hiện trong thế giới tư bản à hh,0.0
người ta: biến mất khỏi mạng xã hội để xuất hiện ở cuộc đời của “một ai đó”.,0.0
"còn tớ: biến mất khỏi mạng xã hội chỉ vì phải tự chữa lành cho bản thân, rất nhiều lần…",0.0
huhu tự nhiên burn out vl😭⁉️,0.0
Mom ơi ví dụ mà có bị mất ngủ á mua cái trà hoa cúc của Cầu đất hoặc brand nào ở đlat cũng được,0.0
pha trà đó uống dễ ngủ hơn điều chỉnh tâm trạng nữa.,0.0
😿😿 nào ngoi lên lại tức là đã ổn,0.0
Kiểu không phải nghĩ đến mấy vấn đề í nữa,0.0
"Tui thích đi đuy.t hơn, nó lành hơn, ngủ nó ì trệ hết cả người ngợm hê hê",0.0
hoá ra là vậy🌝,0.0
Nhưng đâu phải muốn ngủ là ngủ được đâu,0.0
"""Đi ngủ là cách chữa lành rẻ tiền nhất và tốt nhất.""",0.0
Ngủ cũng tốt đấy nhưng mà ngồi lắp bộ lego 259k này bên sốp cũng chill lắm nè 😍,0.0
Nghe có vẻ tốt cho đến khi bạn thức dậy và nhận ra mình mình vẫn ở trong cơn đau đấy ;))),0.0
tui xin bài với ạ,0.0
bác ơi bác cố tìm nha em cần lắm í 😭,0.0
huhu ráng kím lại post đó nha bồ 🥹,0.0
Xong tui cũng nghĩ về bản thân quá trời và đến hôm nay,0.0
cố lên bà tìm cho tui xin với nha✊✊,0.0
threads.com/… này hả bác,0.0
tìm ra thuốc tag tui nhé sốp,0.0
này hả bác,0.0
"Captain boy bay tới đâyyyyyyy,",0.0
"Ôi elm Ahn Keonho nha, cười xinh vải",0.0
Topic: Một người nghệ sĩ mà mỗi khi bạn thấy họ cười hoặc làm một cái gì đấy là nó như chữa lành tất cả mọi mệt mỏi như kiểu là câu “Một người khẽ cười,0.0
người kia cũng dịu nỗi đau…”,0.0
Trái tim lành lặn rất đẹp nhưng trái tim trải qua nhiều lần đổ vỡ chắp vá lại càng đẹp hơn đoạn đường đã đi qua có nhiều bài học,0.0
nhiều tiếc nuối nhưng cũng có nhiều kỉ niệm đẹp.,0.0
Nhưng nếu để chọn lại tôi vẫn muốn mang trái tim của hiện tại dù nó chẳng lành lặn gì,0.0
nhưng nó đã biết bao dung và yêu thương hơn cuộc đời này,0.0
Xong bạn nhớ ra phải học lại toán văn anh sử địa ...rồi tiếp đó là Triết học Kinh tế chính trị Tư tưởng Hồ Chí Minh,0.0
Chủ nghĩa Xã hội Lịch sử Đảng.,0.0
Bạn muốn kết thúc mọe cái tuổi 17 của bạn luôn,0.0
Bằng tuổi chủ tus và đây cũng là mong ước,0.0
suy nghĩ của tui trong thơid gian gần đây 😭 thật sự là làm ngừi lớn khó quá bé muốn quay về cái thời chưa phải lo nghĩ nhiều,0.0
chưa trải qua sự đổ vỡ và tan nát trái tim quá nhiều lần 🥺😭,0.0
"nhỉ, đối với 2001 thì 2018 là năm cuối dễ thở, sau đó tới nay thì đúng luôn.",0.0
"mà hồi đó không có biết trân trọng, giờ qua rồi nghĩ lại mới thấy nuối tiếc",0.0
"đọc mà tim mềm ra, 2018 đúng là năm cuối cùng mọi thứ còn dễ thở…",0.0
"Nhưng chúng mình không thể quay lại nữa, chỉ còn cách đi concert chữa lành thôi đẹp gái ơi",0.0
là mình phải đi thi đại học lại hã 💔 mình quên hết công thức đạo hàm nguyên hàm rồi,0.0
"Cũng may giờ chỉ sắp mới 20, tôi còn cơ hội tỉnh giấc thêm một lần nữa.",0.0
ô nhớ gê,0.0
đúng cái mình đang gặp phải,0.0
Kiến thức này hay nha cú 🤩,0.0
Tiến sĩ Gabor Maté đã dành cả đời nghiên cứu về mối liên hệ giữa stress và bệnh tật.,0.0
"Ông chứng minh rằng việc thiếu ranh giới (không thể nói ""Không"") khiến cơ thể luôn ở trong trạng thái Stress sinh lý.",0.0
cú ơi bạn học kiến thức về khoa học thần kinh ở đâu ạ?,0.0
Ranh giới với lựa chọn là như nào á?,0.0
Động lực có thể cạn kiệt nhưng một ranh giới vững chắc giúp bảo vệ nguồn tài nguyên năng lượng của bạn,0.0
không để nó bị rò rỉ bởi những tác nhân bên ngoài.,0.0
🦉 Cú tin rằng bằng việc nâng cao nhận thức bản thân chính là sách lược tối ưu nhất để người trẻ Việt có thể bứt phá theo cách riêng của mình.,0.0
Bọn tớ có đang phát triển một bài test tính cách (HOÀN TOÀN MIỄN PHÍ) dựa trên mô hình Big 5 (được khoa học và nhiều doanh nghiệp tin cậy).,0.0
Nếu bạn quan tâm thì test nó tại đây nhé: talemy.vn/perso…,0.0
"(2) Trong tâm lý học lâm sàng, sự chữa lành bắt đầu khi một người lấy lại được thứ cảm giác mà bản thân mình có thể thay đổi được.",0.0
Bạn muốn hiểu chuyên sâu chữa lành?,0.0
Tớ sẽ giúp bạn,0.0
"Mình cũng mới nhận ra điều này gần đây, cảm thấy diệu kì kiểu gì á =))))",0.0
Đó là lý do tại sao việc thiết lập ranh giới giúp con người chữa lành nhanh hơn là chỉ dùng động lực đơn thuần.,0.0
Insight hay về tâm lý học: Hệ thần kinh của bạn không trở nên bình tâm chỉ vì cuộc sống bớt khó khăn đi.,0.0
Nó chỉ thực sự dịu lại khi cơ thể bạn nhận ra rằng mình có những sự lựa chọn.,0.0
Nếu bạn quan tâm thì test nó tại đây nhé:,0.0
phải có trách nhiệm với quyết định của mình.,0.0
Đã có rất nhiều người phải hối hận vì không học chăm chỉ dù áp lực đến đâu vì với họ,0.0
thiếu học chính là thứ làm mọi thứ tồi tệ hơn.,0.0
"tao cũng ghét đi học vl, ghét cả đi làm nữa, nhưng đéo học thì đéo có tương lai, đéo đi làm thì đéo có tiền.",0.0
Tao chỉ muốn ngủ thôi dcm!!,0.0
Sau đi làm còn khổ hơn em ạ :)))),0.0
"Áp lực lúc học của e có thể cao do e học chưa tốt, e có thể cố gắn hơn nè.",0.0
"cứ mỗi lần chán học là tui nghĩ ngay 2 câu thần chú này ""Mây tầng nào gặp gió tầng ấy"" và ""Học thêm 15p nữa là cộng thêm 10tr"" =)))).",0.0
Mà công nhận lười đi học thiệt,0.0
"Điều đó có thể rất áp lực, nhưng em hãy tập “ngước lên” và “nhìn xuống”.",0.0
Bạn đang rất dũng cảm khi nhìn nhận những khó khăn của mình.,0.0
Việc không biết nguyên nhân là gì cũng làm gia tăng cảm giác chai lì.,0.0
Bạn có thể tìm đến sự trợ giúp tâm lý để có người đồng hành và xác định thực sự vấn đề của mình là gì,0.0
có thể cải thiện như thế nào.,0.0
Mong bạn sẽ vượt qua được giai đoạn này nhaaaa☘️,0.0
"Bạn tham khảo chia sẻ của mình nhe, mong bạn sớm tìm được nơi khám tốt",0.0
"Tập thể dục đi bạn, bất cứ món nào bạn thấy thích: yoga, chạy bộ, gym, cầu lông.",0.0
Cơ thể có vận động tự nhiên suy nghĩ tích cực không ngờ luôn đó.,0.0
Do mình lựa chọn.,0.0
"Cơ thể, suy nghĩ đều do mình làm chủ, bệnh tâm lí do mình gây ra.",0.0
Cơ thể của mình rất quý nên hãy trân trọng,0.0
🫂 gửi bạn cái ôm từ tận đáy lòng 🫀,0.0
Họ kết luận dựa vào những gì được bày ra trước mắt họ.,0.0
nói là phải tự giải quyết,0.0
"Mình tự thấy mình lười thiệt, hay mình bị tâm lý nên mới lười như vậy?",0.0
Người Nhút nhát rất ngại thể hiện nói lên suy nghĩ và ngại hành động vì trong họ có nhiều nổi sợ nên chọn im lặng.,0.0
Gọi tắt là Tự Ti.,0.0
Người Hướng nội thường dành thời gian suy nghĩ nhiều hơn nói chuyện phiếm nhưng có khả năng nói rất nhiều khi cần hoặc trong môi trường thuộc cùng mindset với họ.,0.0
Họ có thể dành hàng giờ để deep talk về những câu chuyện sâu sắc.,0.0
"Im lặng với họ là khi năng lượng xã hội đã bị giảm nên họ cần sạc lại năng lượng, khác hoàn toàn với sợ hãi.",0.0
Vậy người không có suy nghĩ nào trong đầu thì sao nhỉ 🤔 đôi khi rất muốn nói gì đó nhưng lại không biết phải nói gì,0.0
yess em mình nhỏ í không có nhu cầu làm quen với bạn mới nên đi học thêm 3 năm một chỗ mà không nói chuyện với ai cả nhưng những bạn học chung từ bé hoặc con của bạn mẹ mà chơi với nhau lâu thì em mình lại nói nhiều,0.0
kể nhiều và mấy ẻm còn giữ chuỗi tiktok chăm hơn mình nữa🥲,0.0
Tui thương xuyên đi ăn dookki một mình 😇 đi net một mình -> Tôi hướng nội Tui thích đi ăn dookki và đi net một mình nhưng tôi chưa từng dám thử vì thấy sợ và ngại -> Tôi nhút nhát,0.0
nhút nhát như kiểu bệnh sợ xã hội sợ mọi người suy nghĩ về mình,0.0
Tui thích sự hướng nội và nhút nhát của mình.,0.0
Thực ra chỉ cần được động viên và ở trong đúng môi trường thì cảm giác mình chẳng hề nhát như mình nghĩ.,0.0
Sự thật về tâm lý con người Làm thế nào để phân biệt giữa người hướng nội và người nhút nhát???,0.0
"- NGƯỜI HƯỚNG NỘI: Họ có thể nói rất nhiều trong 1 nhóm nhỏ, trong 1 môi trường họ thuộc về, nhưng luôn im lặng trong đám đông.",0.0
- NGƯỜI NHÚT NHÁT: Họ có rất nhiều suy nghĩ trong đầu nhưng hầu như lúc nào cũng im lặng.,0.0
ủa thật à?,0.0
"Trước khi đi ngủ, tôi bỗng nhiên có 80 tỷ trong tài khoản...",0.0
1 là suy nghĩ về điều tốt đẹp để dễ ngủ => được 1p là chìm sâu luôn.,0.0
2 cách đều ngủ ngon điên và quan trọng là sáng hôm sau tỉnh dậy bật mood mình đẳng cấp méo ai bằng =)))))),0.0
"Khi gặp đúng chủ đề yêu thích, người ADHD có thể tập trung ở mức độ sâu hơn cả người bình thường.",0.0
Nghiên cứu của Hupfeld và cộng sự (2018) đã xác nhận rằng những người trưởng thành mắc ADHD trải nghiệm trạng thái Hyperfocus thường xuyên hơn và mạnh mẽ hơn trong các lĩnh vực họ đam mê so với nhóm đối chứng.,0.0
Đây là lý do tại sao nhiều người ADHD cực kỳ thành công trong các lĩnh vực sáng tạo hoặc kỹ thuật chuyên sâu.,0.0
+1 KIẾN THỨC TÂM LÝ,0.0
"tôi đã bỏ lỡ cơ hội apply PR, và mỗi ngày tự trách mình sao lại chủ quan thế này.",0.0
Anh ơi em cũng đang có hứng thú với ngành này thì nên bắt đầu từ đâu ạ,0.0
Em rất cảm ơn nếu anh share ạ,0.0
Thường thì những người có Neptune mạnh thường dễ bị ảnh hưởng bởi hình ảnh trên mạng xã hội,0.0
họ nhìn thấy highlights của người khác và tin rằng cuộc sống của họ không tốt bằng,0.0
mà quên rằng mọi người chỉ chia sẻ phần tốt đẹp nhất của họ.,0.0
Neptune tạo nhiều góc chiếu với personal planets,0.0
Cảm ơn bạn 🙏,0.0
Là một người đã hoàn thành khoá tâm lý học ở Stanford để mình nói với bạn rằng: Bạn không phải là một kẻ thất bại,0.0
bạn chỉ đang so sánh chương khó nhất của đời mình với highlights của người khác.,0.0
Câu nói của bạn thật là tạo động lực cho mình (ít nhất là sáng nay) 😌 Thay vì đi so sánh thì mình tìm người giỏi và học theo những điều tốt từ họ 😎,0.0
Lời nói này... sao mà dễ thương quá,0.0
Nhưng có 1 nghiên cứu cho rằng ADHD khi càng lớn nó sẽ từ từ hết,0.0
+1 KIẾN THỨC TÂM LÝ:,0.0
Huhuhu đã ADHD mà còn là mẹ bỉm lần đầu nữa 😭😭😭😭 huhuhu cần lắm cách khắc phục,0.0
"Người ADHD thường biết rất rõ mình nên làm gì, nhưng họ lại không thể bắt đầu làm việc đó.",0.0
"Nhưng từ từ mình quên sạch cảm giác đó, những chuyện từng xảy ra và mình chỉ biết là mình đã từng trải qua như vậy thôi.",0.0
Này thì tui không chắc nhưng dạo gần đây tui nhận ra là có những chuyện xảy ra trong đời tui mà tui không còn nhớ là nó từng hiện diện,0.0
khi người ta nhắc lại thì tui kiểu :”ủa là có á?”,0.0
Nghe vụ này yummy ó,0.0
"Mình có một người bạn đang học NCS tại Nhật lĩnh vực Human Insight Studies, nghiên cứu tư duy và hành vi con người trong bối cảnh AI.",0.0
"Bạn ấy đang có 1 dự án nhỏ dành cho những người từng rất nỗ lực, được kỳ vọng, nhưng lại đang cảm thấy chững lại và hoang mang.",0.0
Tâm lý học,0.0
Đỉnh cao của chấn thương tâm lý là: Não bộ làm phai mờ gần như quên lãng tất cả nỗi đau... Nhưng cứ có một ngày nào đó tim bạn trống rỗng,0.0
cơ thể đòi sống đòi chết.,0.0
"Nếu bạn muốn hiểu rõ hơn bản thân mình, hoặc chỉ cần một nơi để nói ra, mình có thể gửi link đăng ký buổi trò chuyện thử.",0.0
Bạn cứ ib mình nhé.,0.0
sự thật đúng là vậy bởi vậy con nít có thể hiện kiểu nổi loạn thì nên mừng ít ra nó biết bảo vệ nó chỉ cần kiên nhẫn với nó không nổi giận với nó rồi nói chuyện bình đẳng với nó nó sẽ hiểu chuyện đúng cách,0.0
sau đi khám ra tự kỉ,0.0
"về phía gia đình mình thì đôi lúc họ sẽ nhăn nhó, nói điều tiêu cực dù mình hết sức nhỏ nhẹ.",0.0
Những lúc ấy mình sẽ nổi loạn một cách có chủ đích - nhằm để họ biết rằng mình không phải kiểu dễ bị bắt nạt - cho đến khi họ phải xuống nước với mình thì mình mới nói chuyện lại với họ.,0.0
Mình cho rằng chữa lành là một chuyện,0.0
nhưng phải nhận biết nguồn cơn gây ra và học cách đối phó cũng quan trọng không kém để bảo vệ bản thân mình.,0.0
"Đúng rồi ạ, chỉ có bản thân mình mới là người có thể đứng ra giải quyết được những vấn đề của mình một cách tốt nhất.",0.0
Sự thật về tâm lý con người Những đứa trẻ lúc nhỏ biểu hiện càng ngoan càng hiểu chuyện,0.0
thì sau khi lớn lên lại càng có nhiều vấn đề tâm lý.,0.0
Tại sao lại có nghịch lý như vậy?,0.0
Bởi vì sự đè nén quá lâu và vì vết thương lòng thuở ấu thơ.,0.0
Xin nguồn với bạn,0.0
"uayy, giờ mới biết và xác nhận là đúng nhé.",0.0
Có những chuyện mình muốn chấm dứt hết cho xong thật sự là hết đường để chọn nghĩ là sau khi mất rồi có lẽ mỗi thứ sẽ yên ắng hơn không còn giày vò bản thân và đầu óc nữa,0.0
Đưa lẹ tui cây súng =)) nhanh gọn lẹ,0.0
"​Ý nghĩ 44 thường xuất phát từ nỗi đau cảm xúc không thể chịu đựng nổi, chứ không phải là một khát khao thực sự muốn lìa đời.",0.0
"​Khi bộ não bị quá tải nó có thể rơi vào trạng thái ""tầm nhìn đường hầm"" (tunnel vision)",0.0
khiến bạn cảm thấy như thể mọi lựa chọn khác đều đã biến mất.,0.0
Sự thật tâm lý:,0.0
1 lần nãy ra ý định thì bên ý chí còn lại tự an ủi rằng không sao cố gắng thêm chút nữa hãy vì bản thân còn 1 bên thì chấm dứt luôn là khỏe,0.0
Cảm ơn bạn nha ❤️,0.0
"Vậy đừng rời đi, có thể bạn không tin nhung tôi hay rất nhiều người khác đều rất cần bạn.",0.0
"Sự thật về tâm lý con người: "" Người nhút nhát từng là những đứa trẻ rất năng động và hoạt bát.",0.0
"Do thường xuyên bị đánh giá và chỉ trích nên chúng tạo ra sự nhút nhát như một cơ chế tự vệ. """,0.0
xong ngay đợt dịch bắt đầu rầu lo mọi thứ rồi trầm hẳn cũng va vấp nhiều thứ nựa,0.0
một số đứa thì có vẻ hướng nội hơn 1 chút mình nghĩ ra do tính cách bẩm sing từng đứa nữa,0.0
tiếp xúc mới biết cha mẹ cực kỳ nghiêm khắc làm sai chuyện nhỏ cũng bị mắng nhiếc rất nặng nề,0.0
nên đứa nhỏ dần không tự tin vào năng lực bản thân nhìn rất thương,0.0
nghe đau lòng thật,0.0
Đúng như rằng nhút nhats có 2 loại đến từ gia đình và chỉ trích những lời đánh giá của ngừoi xung quanh,0.0
đôi khi cần phải mạnh mẽ giữa cuộc đời,0.0
vào cấp 3 rồi tính nhút nhát dè dặt cực kỳ,0.0
"Sau tất cả, chỉ cần bình yên bên nhau thôi",0.0
Bạn tui nè.,0.0
Yêu kiểu đó đỡ mệt vl,0.0
sau cùng thì chia tay vì vài lí do không drama xích mích chỉ đơn giản là không muốn chia sẻ cuộc sống cho nhau nữa,0.0
nhất là khi bạn bè của đối phương không dành sự tôn trọng cho mình.,0.0
2 là người ngoài nhìn vô nói ra vào,0.0
"Vì càng ít bị soi mói, càng bền lâuu",0.0
+1 từ vựng mới,0.0
+1 fact là bên hàn có từ 중이병 có nghĩa là bệnh lớp 8 =))),0.0
thiêk thầk hỏ-),0.0
1 tuần ra hơn 100 chương,0.0
Topic: Một drama trong vbiz mà bạn thấy nó nhảm vl,0.0
TBTN bị chửi vì spam quảng cáo Sportify??,0.0
Negav bị chửi phông bạt:),0.0
"Vụ Negav bị phốt giả nghèo ấy, thề hài đell chịu được.",0.0
Còn drama nào nhảm hơn mấy trò hate train Tân binh.,0.0
"Mới đây thôi, fan joke trong vòng fan cũng bị táp lãng nhách nữa mà",0.0
mà chị ấy còn đứng sau tất cả nữa :)),0.0
Drama tình cảm bộ ba Trâm - Tùng - Tú,0.0
nói nghèo với dân trí thấp là dãy đành đạch cãi nhau,0.0
Công nhận là bài có ý đúng thiệt nhưng nó chỉ giúp được tạm thời thôi ấy.,0.0
"Vấn đề nó vẫn còn ở đó, lâu lâu nó úp sọt phát là ối dồi ôi khổ gần chết.",0.0
Viết dấu chấm và viết hoa đúng nữa nha,0.0
"đâu phải đơn giản hoá bạn mình nghĩ chủ tus sai ở câu ""để loại bỏ trầm cảm"" thôi",0.0
còn lại những gì chủ tus khuyên thì cực kỳ tốt luôn á,0.0
đối với các bạn chưa đến mức trầm cảm mà ở mức tiêu cực hay ovtk thì tập mấy thói quen đó cũng cải thiện nhiều lắm á,0.0
:)))))))) Hay Chuyên viên tâm lý cút hết ra gầm cầu luôn,0.0
"Trung bình mấy cuốn sách, video self help trên mạng:",0.0
để loại bỏ trầm cảm: hãy bỏ đường hóa học.,0.0
uống nhiều nước sạch.,0.0
hãy tắm nắng.,0.0
hãy vận động.,0.0
hạn chế tiệc tùng.,0.0
không xem p*rn.,0.0
ăn mặc chỉn chu.,0.0
kiếm đủ tiền.,0.0
hãy thơm tho.,0.0
và nói ít lại,0.0
Đổi luôn bạn thân lẫn crush ngay liền cho tôi 🫵🏻 không có cái kiểu bạn thân nào nó hãm l như vậy,0.0
đã thế cush còn cười cợt vô duyên vc!,0.0
"Thích thì để trong lòng thôi , nhiều lúc chno hăng quá mình cũng vc ra ấy",0.0
vô duyên vl đhs,0.0
Bài học rút ra là gi?,0.0
CHỌN BẠN MÀ CHƠI,0.0
Ơ cái đm vô duyên bỏ mẹ ra ấy:),0.0
coá thể lói là xuyên giáp luông =))),0.0
Mọi người sợ cái đí hả.,0.0
Team mê gà Jbee mà muốn tiết kiệm?,0.0
"Vô đây nè, e nhận oder rẻ hơn tại quán tới vài chục nghìn luôn 💌 Combo đủ kiểu, chỉ cần ib!",0.0
Hỏi câu đó đúng xịt keo cứng ngắt luôn 😓,0.0
":))))) moẹ, ai biết gì đâu",0.0
Hehe hồi đó cũng được crush giảng toán cho.,0.0
ừ xịt keo thật :))),0.0
Đúng vậy trải qua nhiều chuyện rồi đau cũng nhiều buồn cũng nhiều nên học được cách không cần cái gọi là bạn thân nữa,0.0
"Hong sao người ơii, cái gì khó quá cứ đổ cho duyên phận là được",0.0
"nhưng khi chơi với ai đó đủ lâu mình lại mong muốn nhiều hơn, đôi lúc nó lại mang lại gánh nặng cho mình và cả người khác",0.0
Tui đã nhận ra điều này quá muộn.,0.0
Đó là suy nghĩ của mình lúc hồi cấp 2,0.0
hiện tại ở môi trường mình đang tiếp xúc thấy cái này khá đúng nhiều khi dây dưa vào thì lại mang hoạ vào thân,0.0
"đúng chuẩn câu ""trong 1 đám người gù mình bạn là người thẳng thì họ coi bạn là kẻ lập dị""",0.0
Ủa chứ muốn sao?,0.0
Cái thói im re tự tách biệt với mọi người.,0.0
Còn bắt mọi người phải cư xử giao tiếp bình thường với mình hả.,0.0
"Có ai ép im lặng, không nói chuyện, không giao tiếp không?",0.0
Có một sự thật là trong một tập thể chỉ cần bạn cứ im lặng không nói chuyện không bắt chuyện với ai,0.0
luôn ngồi một góc hay chỉ cần cư xử khác với mọi người là bạn mặc định trở thành kẻ lập dị,0.0
"Biết ơn đi bạn, nhờ vậy mới nhìn rõ được mặt nhau.",0.0
Tiếp tục phát triển và rồi sẽ gặp được những người bạn thật sự thôi.,0.0
ma ni phét nhiều nhiều luôn áaaaa,0.0
ai uống gì nó tự động app nó chia ra hết kể cả ship và mã giảm giá,0.0
"eo, hãm thế",0.0
Cái nhóm E lò vi sóng dùm đi má,0.0
bà cũng i chang tui hả:),0.0
"(2) Cảm ơn anh vì đã không chỉ là một người tình, mà còn là một điểm tựa, một thực tại dịu dàng nhất mà em từng có.",0.0
4 năm không quá dài để thấu hết một đời nhưng đủ để em hiểu rằng: hóa ra những câu chuyện cổ tích vẫn có thể xảy ra,0.0
"ngay giữa lòng cuộc đời bình dị này.""",0.0
xin vũ trụ hãy lắng nghe clingy và nerdy boyfriend 🙏🏻🙏🏻🙏🏻🙏🏻🙏🏻,0.0
"(1)""Đã gần 4 năm trôi qua, em vẫn không tin anh là thật.",0.0
Có những buổi sáng thức dậy nhìn thấy gương mặt anh cạnh bên,0.0
em vẫn tự hỏi liệu mình có đang đánh cắp hạnh phúc của một ai khác hay không?,0.0
Thế giới ngoài kia vẫn ồn ào và đầy rẫy những đổi thay nhưng trong vòng tay anh,0.0
thời gian dường như ngưng đọng lại ở khoảnh khắc bình yên nhất.,0.0
Ôi zồi tin được không -)),0.0
chỉ bic ước,0.0
ÔNG TRỜI ƠIIII HÃY BAN CHO CON MỘT CHIẾC BẠN TRAI THÍCH LÀM NŨNG THÍCH SKINSHIP THÍCH ĐƯỢC VUỐT VE VÀ XOA ĐẦU,0.0
THÍCH BÁM DÍNH LẤY CONNNNN 😭😭 CLINGY BOYFRIEND CỦA CON ĐANG Ở ĐÂUUUUUUUUUU,0.0
nhất là mấy đứa đu show sống còn,0.0
tôi đồng tính!,0.0
Học thì đéo học đăng mấy bài nhảm l cộng điểm,0.0
năm nay cva sale chuyên anh nhé...,0.0
"cộng điểm vượt khó cho fan exo, ưu tiên bía cbx, otp chanbaek😔",0.0
Ngay và luôn,0.0
"TRẠNG THÁI TÂM LÝ CỦA CÁC CON HIỆN GIỜ ĐÉO ỔN, XIN SỞ GIÁO DỤC NHẸ NHÀNG THÔI Ạ",0.0
Khôn thế quê chị đầy,0.0
Nói: em ơi ly em 42 mà sao chuyển có 40k vậy em.,0.0
Rồi phần kết sao nữa bà thơ.,0.0
"Thì nói thẳng ra, thân nhau lắm hay gì mà ngại nói thế.",0.0
"Hoan hỉ lần này, lần sau né nó ra nhé fen",0.0
có xí tiền thoy mà khôn lỏi làm mất giá trị con người hẳn =))))),0.0
Mạnh ai nấy trả tiền đi,0.0
Khôn lõi thế,0.0
"Bé chung chỗ làm rủ đặt nước chung, mà ly nó 42 ngàn ly em 22 ngàn.",0.0
Tổng bill là 81k xong kêu chia 2 🤣,0.0
Chưa bao giờ muốn lò vi sóng như hôm nay,0.0
rồi buộc phải buông bỏ vì thực tế phũ phàng...T hiểu cảm giác đó vậy nên chúc kì tích sẽ xảy ra nha❤️,0.0
mắ hồi đó cũng mong soojin vào lại nhóm 🥹🥹🥹,0.0
"Có Sunmi (Wonder Girls), Nicole và Jiyoung (KARA) nha.",0.0
"Nhưng phải đợi, đợi lâu phết đấy",0.0
nhưng vì dưới trướng có mỗi 2 nhóm nên bóc heeseung vì ổng đa tài…,0.0
"Nói nghe buồn vcl, vì 2 trường hợp quay lại kia, Wonder Girls comeback 3 lần rồi tan rã, KARA là tái hợp sau thời gian đóng băng.",0.0
"tập thể dục hoặc làm gì đó đi bà, hiệu quả lắm á",0.0
Còn ngủ nhiều thêm sẽ bị uể oải mệt mệt lười lười ý (dù ngủ nướng vẫn thích vcl),0.0
Ngủ nhiều cũng mệt á =)))).,0.0
"Đợt mình stress mình ngủ đâu đó 16 tiếng một ngày, ngủ thì tâm nó yên nhưng nó lại khiến mọi thứ trở nên tệ hơn thôi.",0.0
Mình tâm sự một chút nha.,0.0
Không biết có ai như mình không.,0.0
Bạn thân mình chơi thân với đứa khác là mình khó chịu.,0.0
"Kiểu như bạn mình là của mình, chỉ được phép chơi với mình, phải coi mình như ngoại lệ vậy đó.",0.0
Liệu như vậy mình có có quá ích kỉ hay gia trưởng không nhỉ?.,0.0
điều khiến 1 đứa trẻ trở nên giỏi nói dối: gia đình khó,0.0
"người yêu mà hay đánh mình , liệu có gia trưởng khum ạ ?",0.0
“Có một gia đình tan vỡ.,0.0
Tốt nhất đừng vướng vào tình yêu..”,0.0
Tôi đọc ở đâu đó:,0.0
Cho con 1 bà la sát 🙂‍↕️,0.0
Không mấy ghi âm cũng được,0.0
"dear Santa một chị ny gia trưởng và chiều con, sẵn sàng call nghe con luyên thuyên cả tối 😭😭",0.0
"Dear, con cũng ước giống bản:))",0.0
"Dear Ông Bụt, Con cũng ước giống bạn ấy",0.0
"mẹ thì anger issues, bố thì cái ego to bằng quả núi.",0.0
tôi mệt cái gia đình này quá,0.0
thật ra thì cả 2 cùng có anger issues và ego to đùng,0.0
Bạn xin kiểu quái gì mà khiến một người gia trưởng bị ptsd như vậy :)),0.0
Là sang chấn tâm lí ba ơi,0.0
"Mình cứ nói 1 câu lặp đi lặp lại 100 lần, đặc biết là phải thì thầm vào lỗ tai nó mới creepy",0.0
ptsd là dì dị bạn,0.0
cười vl =))),0.0
Bị phô tô shop dừng hả,0.0
Nó mang 1 phần thôi bà.,0.0
Nhưng tui mất lòng tin vào yêu đương nên tui sẽ tin sự việc trên là thật và né ra ấy😊.,0.0
"Kiếm xiền, ăn ngon mặc đẹo chẳng phiền đến ai🤭🤭🤭",0.0
Chia buồn vì trải nghiệm bạn gặp phải.,0.0
Bạn cũng có thể tìm hiểu chiêm tinh nha.,0.0
Nó đi khá sâu vào tâm lý tính cách và xu hướng lựa chọn của mình.,0.0
Mình có nhận xem bản đồ sao.,0.0
Nếu bạn quan tâm ib nhé,0.0
Mình là mệnh cô quả khó lấy chồng nyc theo lá số là lần rung động cuối của mình,0.0
Coi ở đâu vậy ạ,0.0
Về lá số: 10 năm trước mình có rút lần đầu và đẹp rất đúng cho công việc năm đó nên cũng tin đấy.,0.0
Mặc dù trong cviec rất nhiều biến số không đoán được trước Nhưng tình duyên cần Thử thách và khéo léo nắm về các mối quan hệ hiện tại của người ấy… có thể đoán ra.,0.0
Khi đoán ra cần khéo hỏi …,0.0
"Mệnh nó chỉ là 1 phần thôi nà, thả lỏng tinh thần ra nha.",0.0
Nếu bạn chọn hướng rẽ khác thì nó sẽ khác ấy.,0.0
Nhiều người mệnh tốt mà thực tế họ không tốt như vậy.,0.0
"Đấy, phải vậy mới khắc chế được",0.0
Dm cười chết????,0.0
Top 1 cách khắc chế mấy ông bô,0.0
Xin.... tiền... gia trưởng... bố.... khoá cửa.... sợ....,0.0
"Con tướng này mạnh quá, chắc xài skin thần tài nên tung chiêu là ""xin tiền"" )))))",0.0
Chân kinh cần ghi chép lại,0.0
Biết 1 thức thôi là đủ thắng rồi,0.0
Nói hay đấy 👏🏻,0.0
Khắc chế ngay =)),0.0
Biến nỗi đau thành sức mạnh hả?,0.0
Topic: hãy kể một điều bạn cho là biến thái nhất chúng tôi nghe và không nói gi=)),0.0
Đối với mình thì mình đã gặp biến thái 2 lần rồi và đều là thời học sinh vẫn còn đi học.,0.0
Topic: Bạn từng gặp biến thái bao giờ chưa?,0.0
Lần thứ 1: là năm cấp 2 mình đang đi bộ với bạn mình thì bỗng có 1 ông già dê,0.0
ổng đi xe đạp chạy vụt qua tay ông đó đụng voi ngực mình mà may lúc đó mình đang để tay trước ngực nên ông đó đụng trượt mà lúc đó mình với bạn mình hết hồn luôn.,0.0
"tệ làm sao nhà mình thì nghèo từ bé, ba mình thì cờ bạc, rượu chè, ba mẹ mình đã ly dị.",0.0
tệ làm sao chị ruột mình có những hành vi biến thái với mình.,0.0
"tệ làm sao mình phải tự đi làm để đóng tiền Đại Học, phải tự lập năm 18 tuổi.",0.0
một cuộc đời khá buồn.,0.0
Tôi ước gì khi đụng đến mấy hành vi biến thái bạo lực tội phạm,0.0
họ ồn ào và mạnh mẽ lên án như việc người trans đi đái ở đâu.,0.0
"Ể, cho hít với",0.0
Topic: Thứ mọi người nghiện nhưng nó hoàn toàn hợp pháp :)))),0.0
Mùi mèo lâu ngày,0.0
Chuẩn thế chứ nị,0.0
Truyện trôn có lài có màu full hđ,0.0
"Truyện gay, truyện lét, phim gay, phim lét, concert, card và tiền",0.0
Sơn Hoàng Nguyễn 😎,0.0
vãi lìn thiet chớ🤣,0.0
Về sùi mào gà tay,0.0
Ẩu rồi =)),0.0
Má có thể cười đến chết,0.0
cừ xỉu má ơi,0.0
Khi gặp biến thái hãy như trong video :)))) chứ hoảng hốt là chỉ làm tụi nó khoái thôi.,0.0
bả kêu bả nghiến răng nghiến lợi để bấu hết sức bình sinh làm thằng đó nó la quá trời :))))),0.0
công viên gia định có thằng già chạy wavealpha xanh mạ cũng vầy nha :) bà nào yếu vía đừng đi 1m,0.0
vl đây thằng Trần Hải Đăng ở Sóc Sơn Hà Nội mà,0.0
trước cổng trường e mình cũng có một bãi:)),0.0
Thì muốn biết cách bạn nhìn nhận mọi thứ mà bạn quan tâm sẽ như nào á,0.0
"Thì đó, vậy cũng không hiểu hả",0.0
Nghịch tới mức kêu call để xem ảnh lọ rồi kêu là gửi ủ dánh cho ảnh bắt sóc bỏ lọ,0.0
Đừng để avatar gì để họ nhận ra là nữ nữa thì hết thôi,0.0
hầy mấy ông ế lâu năm thành ra thế,0.0
Ờm.... tui bắt đầu mún nói chuyện với bạn rồi đó,0.0
Tưởng đấy là gu của các chị em,0.0
để mấy ông ấy gặp mấy bà lớn tuổi mới trị được 🤣🤣🤣,0.0
"Tui đi nhiều chuyện á bà , muốn nghe bà tâm sự linh tinh , kiểu vậy á",0.0
Nghiệp chưa hết.,0.0
Duyên dâm chưa tận 😂,0.0
Phải quen dần đi thôi .,0.0
"Cơ hội để hết ế là kiếm mấy anh gạ 18 hay xăm trổ , nghịch nghịch ấy",0.0
Ngbt đây nài,0.0
"🫠 tôi cũng xin lỗi, tôi bị ngu.",0.0
"Mình làm tham vấn trị liệu muốn lắng nghe nỗi đau mà bạn đang chịu đựng, mà chẳng nói được cùng ai.",0.0
"Khi bạn mắc lo âu, trầm cảm điều bạn khó chịu nhất muốn thoát khỏi ngay lập tức là gì?",0.0
Mình từng bị trầm cảm nghiêm trọng trong mấy năm 🙂‍↕️ nó kéo theo hệ lụy là kích thích ruột+ trào ngược dạ dày,0.0
Khi nào tâm trạng mình ổn định thì không sao Có chuyện stress là nó tái phát ngay mặc dù mình ăn uống rất đều độ và không ăn bậy bạ Mỗi lần mình bị là nó cào ruột mình mất ngủ cả đêm =))),0.0
"ui siêu thích bộ này, đọc xong lụy mất gần nửa tháng mới đọc được bộ khác",0.0
còn có ktt nữa cơ mà tại truyện không nổi nên không có người dịch,0.0
stress công việc và luôn nghĩ về những ngày tồi tệ nhất của bản thân.,0.0
"Lướt tóp tóp đến những vid xúc động thì thường dễ rơi nước mắt, thích nghe nhạc buồn khi trong trạng thái rối bời nhất.",0.0
NAM MÔ A DI ĐÀ PHẬT.,0.0
"Những lúc tâm trạng không tốt, đừng cố gắng quá làm gì.",0.0
90% lo lắng không thành sự thật đâu!,0.0
Nếu chưa thì mong bạn tìm được bác sĩ giỏi và tốt để khám và điều trị.,0.0
Mau khoẻ nghen.,0.0
Hãy ngưng: - Theo dõi những trang/ người tiêu cực để không bị năng lượng xấu kéo bạn theo.,0.0
- Ngưng đọc tin tiêu cực.,0.0
"Cố lên, dù bản thân mình cũng y như bạn mỗi ngày vẫn khóc vật vã.",0.0
"Lướt toptop, ở 1m cả ngày không muôn đi đâu hay gặp ai cả.",0.0
THẬT SỰ RẤT MỆT Ạ,0.0
Hãy: - Viết ra những lo lắng của mình.,0.0
Viết là cách khiến bản thân giải toả và suy nghĩ thấu đáo hơn.,0.0
- Khóc thoải mái.,0.0
- Làm thứ mình thích.,0.0
ôm cậu một cái 🫂,0.0
Gửi đến bạn một cái ôm,0.0
Trầm cảm là bệnh.,0.0
Không có nỗi đau nào đáng bị đem lên bàn cân để so sánh với một nỗi đau khác.,0.0
Cuộc đời đâu phải đường đua xem ai khổ hơn ai?,0.0
Mỗi người lại có một ngưỡng chịu đựng khác nhau.,0.0
"Và vì thế, những nỗi đau dù là về thể chất hay tâm lý thì cũng nên được tôn trọng như nhau.",0.0
Chuyện quan trọng phải nói 3 lần.,0.0
"Trầm cảm không phải chỉ là một nỗi buồn đơn thuần, trầm cảm là bệnh.",0.0
Người bị trầm cảm cũng xứng đáng được đối xử như những bệnh nhân khác.,0.0
"Không người bệnh nào hy vọng mình bị trầm cảm, và không ai có quyền phán xét hay áp đặt lên người bệnh.",0.0
Ôm bạn 1 cái 🫂,0.0
"Cái thứ 4 thì tui ít nghe ai nói lắm, toàn kêu suy nghĩ tích cực lên hoặc thay đổi bản thân không à =))))",0.0
"cơ mà cái thay đổi bản thân di, nghe nó quạu thực sự.",0.0
"Trời ạ, rất là làm biếng giải thích",0.0
"""Sống như người bình thường đi.""",0.0
"""Cố thay đổi bản thân đi.""",0.0
Em hết trầm cảm chưa hay vẫn đang bị / trong giai đoạn uống thuốc?,0.0
Vào bv Tâm Thần rồi thấy tụi bây chưa có gì gọi là nặng nề đâu :))) Thật ra thấy hay không do bản thân người bệnh nhìn nhận,0.0
Hahaha bạn hài quá.,0.0
Thông tin về bệnh tâm lý còn ít quá nhỉ.,0.0
"Vậy thì lúc đó mình nên làm gì nhỉ, để bạn một mình hả",0.0
Nói chung là khi bệnh thì mình cũng lười nói luôn í :))) Nhưng mà tui bị lưỡng cực nên lúc hưng cảm thì tui chửi,0.0
lúc trầm cảm thì tui khóc 🤣,0.0
"- Ngủ sớm đi, đừng có thức khuya rồi nghĩ linh tinh",0.0
Có nói chuyện nhiều nhưng không thực sự hiểu.,0.0
"Bạn ấy có quá nhiều mối quan hệ xung quanh, còn mình thì không.",0.0
"Đôi khi ngại nhờ vả, không dám kể chuyện nhiều hơn về bản thân.",0.0
Và người ta có 1 người bạn quan trọng hơn mình,0.0
"TOPIC: Điều gì khiến bạn nhận ra rằng cả hai chỉ là ""CHƠI THÂN"" chứ không phải ""BẠN THÂN""?",0.0
Qua cách chị kể chuyện khiến em cảm thấy mình thật nhỏ bé trước một tấm lòng nhân cách lớn như chị.,0.0
Từ cách xử lý hôn nhân đổ vỡ đến việc tu dưỡng sau ly hôn đều khiến người khác cảm thấy phải trải qua những gì họ mới có được như thế.,0.0
"Chúc chị 8/3 vui vẻ, chị luôn đẹp trong lòng ai đó ngoài kia, có em ạ 🥰",0.0
8/3 chúc chị hạnh phúc nhé ạ chị cũng rất giỏi khi mạnh dạn ly hôn với người không phù hợp rồi,0.0
"Hjhj, ít nhất họ vẫn nghĩ đến mình nè.",0.0
"Gần 10 năm, tính luôn thời gian yêu nhau là khoảng 13 năm.",0.0
Em chúc 2 mẹ con chị luôn mạnh khoẻ nhenn ❤️‍🩹,0.0
khong phải chịu thêm bất kì điều gì tồi tệ nữa,0.0
"chị nói chuyện nhẹ nhàng tình cảm quá chị ạ, thật sự em thấy em còn trẻ, nóng giận nhiều lúc trẻ con.",0.0
Cảm ơn bé 🥰,0.0
"Dạ vâng, tất cả sẽ ổn.",0.0
Con chúc cô luôn mạnh khoẻ và bình an 🫂,0.0
Đúng là đàn ông bỏ vợ xong không thấy ai tốt được như vợ.,0.0
Còn phụ nữ mà bỏ chồng xong nhìn đâu cũng thấy người tốt hơn chồng mình :)))).,0.0
Chỉ riêng việc chồng không chu cấp 1 đồng nào là đủ ly hôn rồi.,0.0
Lấy chồng hay lấy thêm con để nuôi vậy,0.0
Y như hoàn cảnh của tui .,0.0
"Nhưng mà em càng thích cách chị tha thứ nhưng vẫn dứt khoát không cho ông này cơ hội hơn, buông được bỏ được",0.0
Chị cảm ơn em.,0.0
Ui nghe đến đoạn ổng ngoại tình mà tôi lại nhẹ lòng.,0.0
Vì đấy là lí do chính đáng để tiêu hôn.,0.0
Đừng quan tâm họ nữa.,0.0
Tập trung vào mình và sống thật happy nha em 🥰,0.0
Ai cũng xứng đáng hạnh phúc mà.,0.0
Đủ đầy nè 🥰,0.0
"Dạ vâng, e cảm ơn a đã chia sẻ.",0.0
tôi combat với cả cái toptop vì bản final KĐNR quá đỉnh,0.0
Cái zọng hát như nàng cá voi sâu thẳm từ đại dương vang lên miêu tả nỗi buồn sâu sắc từ trái tim,0.0
ma mị mà nó cuốn mà nó buồnnn.,0.0
"Giải thích đi chị, sao em nghe xong bài không đau nữa rồi em khóc dữ dội như vậy??",0.0
Xoang kiểu gì mà hát xong người nghe nước mắt nước mũi tùm lum😭🫰🏻,0.0
Xoang mà cở đó he bà=)),0.0
"Lên con mã hát chay một đoạn Không đau nữa rồi lại giùm em, rốp rẻng trong tuần luôn chị ớiiiii",0.0
Tui tưởng bà nói bà yêu phụ nữ 🤣🤣 Nhưng mà tui mê giọng xoang này của bà quá 🫶🏻,0.0
=))))) kiểu ló phải thế,0.0
Xoang cỡ nào mà làm emm luỵ giọng chị ròiii nè bắt đền 😾,0.0
Nhưng mà intro với outro của mắ hay nhứt bài đó mắ 🙇‍♀️,0.0
Dụ gì ó bà,0.0
Tôi có một chuyện muốn thú nhận …,0.0
hình như đang kể lại cuộc đời của tao (?),0.0
Mỗi ván 1 hộp ensure à,0.0
ê má y chang 🤡,0.0
"Đợi vào viện dưỡng lão mình có thể làm quen ông bạn phòng bên, rủ nhau đi uống sữa Ensure với ăn cháo được mà 🌚",0.0
Sau ae lập sòng oánh tú lơ khơ trong viện dưỡng lão,0.0
Same 🥲 hồi mới vào c3 cứ nghĩ mình sẽ có 1 mối tình gà bông thanh xuân vườn trường xong đến cả tốt nghiệp đại học chưa được nắm tay ai cả 💀,0.0
Do kén chọn và mơ mộng quá đó bà,0.0
"phải vui chứ, những người thầy đầu dơid",0.0
vừa kể vừa cười 🤣,0.0
Mấy người đó họ có trải nghiệm nhiều với vốn sống dày á bạn.,0.0
Mà trong bất cứ hành động lời nói nào họ cũng có khả năng phân tích tình huống thời gian,0.0
hoàn cảnh xung quanh và có chất liệu cho trí não.,0.0
Bẩm sinh + luyện tập.,0.0
"Luyện tập thì quan sát xung quanh, coi ai nói gù mà họ cười.",0.0
Khi kể chuyện thì tạo bất ngờ bằng cái kết ngược với lẽ thường.,0.0
Bình thường những người hài hước trong cuộc sống ít có được nhiều giây phút hạnh phúc.,0.0
Nên bản năng tự nhiên của họ là phải tự tạo ra niềm vui cho chính mình và khả năng nhìn thấy sự hài hước trong mọi tình huống là kết quả của điều đó - khả năng tự mua vui cho bản thân.,0.0
Do cơ địa nhể,0.0
Nhưng họ lấy đâu ra những câu chuyện đó nhỉ và sao họ có thể hài hước quá vậy ?,0.0
Chuyện chỉ hài khi được kể từ miệng nó,0.0
sợ nói ra bố mẹ không thấu hiểu vì không phải phụ huynh nào cũng sẵn sàng lắng nghe con cái ý.,0.0
"Và đặt mình vào tâm lý của những đứa trẻ thì sẽ không nghĩ được nhiều như vậy, họ chỉ sợ hãi thôi.",0.0
"Dần dần hình thành thói quen cho đến khi lớn lên, ăn sâu vào tiêm thức.",0.0
còn trước mặt a2 thì dịu dàng yêu thương 🤡,0.0
"hiểu chuyện là hong có kẹo ăn, gòi tutu nó nổ banh xác vì đè nén quá nhiều.",0.0
cảm ơn chủ tus đã nói lên nỗi lòng tui 🌧️🩵,0.0
"Hoặc là gặp được người giúp họ được yêu thương và trở nên tốt hơn, nhưng cái này khá là ít.",0.0
"Hoặc là tự soi chiếu lại bản thân mình, trò chuyện với mình nhiều hơn, học cách vỗ về đứa trẻ bị tổn thương đấy.",0.0
Chiêm nghiệm lại mọi thứ diễn ra xung quanh mình.,0.0
Lúc đấy đứa trẻ đó sẽ biết cách yêu thương bản thân và vượt qua được những vấn đề của chính mình.,0.0
11h mấy đêm rồi tao thích nghe chuyện tâm linh á mọi người có chuyện nào hong kể thì kể đi tui nghe,0.0
A: Nay e đi đâu không?,0.0
"A: anh mới tập em, mấy ngày .....",0.0
đáng sợ là mấy đứa biết mình EQ thấp nhưng xem nó như là cái trait đặc biệt của mình á=))))))))) KHÓ CHỊU VÔ CÙNG!!!,0.0
"Nó: ""bạn mình nay ra trường đi làm rồi, mai mốt đừng có dạy con mình nha!""",0.0
"Nó: "" à mà lỡ chừng đó mày dạy giỏi nổi tiếng ở đây thì sao.",0.0
Chừng đó tao cho con tao học mày.,0.0
"MIỄN PHÍ NHA!""",0.0
Thật ra nói chuyện với người EQ thấp mình thấy đôi lúc cũng hơi bực mình.,0.0
Nhưng đa số những người EQ thấp mà mình biết họ khá thành thật kiểu bị vô tri biết gì nói đó nên vô tình gây khó chịu,0.0
chứ không cố tình.,0.0
"Nên mình cứ coi như nói chuyện với trẻ con thôi, thân thiết thì mình góp ý, không thì thôi",0.0
"EQ từ 1 khái niệm khoa học dần trở thành 1 cách nói đểu blame lẫn nhau, dìm đối phương rồi tỏ ra mình thượng đẳng.",0.0
Y như khái niệm tháp maslow hay đường cong dunning-kruger vậy,0.0
Nói chuyện với người EQ thấp là 1 sự tra tấn vô hình 🫠 thật sự đấy,0.0
thấu hiểu và quản lý cảm xúc của mình và các mối quan hệ xung quanh mình.,0.0
EQ càng cao thì mấy cái trên càng làm tốt.,0.0
"Lên mạng kêu người khác EQ thấp hoàn toàn không phải là indicator cho EQ cao, khá là ngược lại",0.0
Nếu ai chưa biết EQ thấp là gì thì post trên là một ví dụ cụ thể cho người có EQ thấp nhé mọi người!,0.0
mấy anh 2k3 nói chuyện tốn gái vl,0.0
Oce luôn ha,0.0
Nhắm mắt yêu luôn chứ :)),0.0
"Một tuần đòi ""3 lần"" Tệ hơn là mỗi lần đều ""6 tiếng""",0.0
Tính cách kiểu anh em xã hội.,0.0
"Dân anh chị, nghe đ ngấm nổi",0.0
2k3 này lạ quá=))),0.0
tui xin sticker với bà ơiii,0.0
thật sự là 2k3 2k4 nói chuyện tốn gái vl😞,0.0
Tưởng bướng em lên giề 🥀,0.0
2k3 là nghịch tử mà😇,0.0
“để anh rèn cho em bướng”,0.0
trai 2k3 là đồ tồi,0.0
trung bình trai 2k3 🙄,0.0
Thật chứ cứ mấy ông 2k4 2k3 2k2 nói chuyện mượt mà dcd,0.0
Đấy là trên cái post một bạn nữ kể về gia đình bạn ấy tệ như thế nào,0.0
Thêm mấy đứa post đang vui vào cmt tiêu cực :D ?,0.0
Ý là để làm cái đ gì vậy?,0.0
Nhiều đứa cmt “nhả vía cho bạn có” + ảnh khoe + miêu tả + “như mình nha” ?,0.0
kệ đi bà.,0.0
gặp dịp người ta tiện chia sẻ thôi.,0.0
cái đấy do eq thấp và thiếu đồng cảm chứ cũng không nặng nề lắm👩🏻‍🦯,0.0
mé gần 0h thì tự dưng nghe thấy tiếng cửa sổ đập bình bịch xong tiếng nước chảy,0.0
Đợt đó ở một cái khách sạn ở phòng cuối tầng,0.0
cạnh đó có 1 phòng sát rịt kiểu cửa ra vào của 2 phòng khả năng cao sẽ chung vách ý.,0.0
Mà đi lần nào cũng bị bóng đè.,0.0
Ở đâu cũng bị kể cả resort hay homestay 🥲,0.0
"Xong ở cứ suốt ngày bị gõ cửa, gõ quài luôn mà mở ra không có ai.",0.0
Đêm gõ sáng gõ trưa gõ,0.0
cứ ở trong phòng là gõ mà tôi với ny cứ nghĩ là phòng bên cạnh gõ ra vào còn nghĩ phòng đó lịch sự với nhau thế đi ra vào còn phải gõ cửa với nhau 🤡 Rồi có lần đang nằm xem TV,0.0
cái cửa cứ có người cố tình mở lạch,0.0
Đọc mí truyện này đỡ sợ chứ mấy topic ma cỏ đọc xong lạnh sống lưng,0.0
tui up bài rồi đó bà qua đọc nhenn,0.0
Kệ lại đi boà,0.0
"sốc như nhau, thế giới yêu nhau quái quái 🤡",0.0
Mày kể nhanh!,0.0
Kể đi nó mới viral,0.0
"tui kể rồi, đừng viral quâ chớ không A nó đọc nó qua ib 😢",0.0
Vụ của Tym và thầy có đứa nào thắc mắc vì sao Tym thấy ổng là thầy mà vẫn chọn yêu không?,0.0
điều khiến mình shock và khó làm quen lại nhất khi về vn là ô nhiễm tiếng ồn.,0.0
"Ở nhà thì hàng xóm ồn, ra đường thì tiếng còi xe inh ỏi, nhạc nhẽo ầm ầm từ các cửa hàng hai bên đường.",0.0
đặc biệt là tiếng trẻ con la hét 😂 các dịp lễ Tết thì karaoke bao vây bốn phương tám hướng,0.0
Tui shock nhất là đang đi siêu thị với con (em bé 6 tháng tuổi) tự dưng bạn nhân viên với tay qua BỎ MŨ CON TUI XUỐNG,0.0
Nhớ có một năm về Việt Nam ăn Tết xong bị sốc vì trai trêu ngoài đường.,0.0
"Kiểu đi bộ một mình là bị hỏi: em ơi sao đi một mình thế kia, em ơi lên đây anh đèo.",0.0
Có lần đang đứng một mình đợi xe khách về quê thì có mấy chú xe ôm đi qua cũng trêu,0.0
có ông đi lướt qua định kéo áo khoác mình ra luôn đhs,0.0
Nói chuyện đàng hoàng nhưng nhân viên thì cộc lốc.,0.0
ở nước ngoài về các bạn thường bị reverse culture shock không nhỉ ?,0.0
Vô đây kể chuyện nào,0.0
Lặn lội đọc hết cmt ở topic này siêu cuốn luôn.,0.0
Việt Nam hay nước ngoài và lý do tại sao ạ.,0.0
Shock nhất là văn hóa bon chen.,0.0
xong cửa mở má ơi nó ào ạt đổ vào.,0.0
Quấy rối rõ,0.0
Ý niệm về giá tiền vẫn neo ở lúc mình đi nên ăn tô bún bò 70k bật ngửa ủa nhớ hồi xưa nó 35k mà...,0.0
Bình thường với người đủ trưởng thành.,0.0
"Cháu chưa thành niên, không nên vội vàng để tránh mối qh grooming.",0.0
Ba mẹ tao.,0.0
😆😆😆thế nên mới lên đây xin kinh nghiệm nek,0.0
Cưng chiều như con.,0.0
"Nhưng vẫn là red flag, kiểm soát và thao túng tâm lý.",0.0
Đánh dấu nha bbi🥀,0.0
sao nữa bà ui😭😭😭😭😭,0.0
cute thế bà oi,0.0
"Đoán xem•́ ‿ ,•̀",0.0
Kể tiếp bà oiiiii,0.0
"Bồ bình tĩnh, để nhớ khúc nào kể khúc đó",0.0
Cuộc sống hôn nhân gặp rất nhiều thử thách gian lao... Bây giờ cộng thêm vấn đề khác Tôn giáo nữa.. Chúc 2 bạn nhiều may mắn,0.0
"Đó là ""tụi mình"" lúc chưa cưới thôi Sau cưới thì ""chúng ta"" nha, nhiều chuyện 2 đứa muốn nhưng ""tất cả"" không muốn đâu.",0.0
"Về lâu dài thì thỏa hiệp cũng chỉ là lời hứa, mà lời hứa thì...",0.0
"Tụi mình rất cởi mở về tôn giáo, cùng đi lễ nhà thờ, lễ chùa, kể chuyện đạo cho nhau nghe.",0.0
Ủa ở mình lạ nhỉ như ở nước ngoài họ cũng theo thiên chúa đám cưới họ vẫn dự,0.0
từ đầu làm rõ thì sau đâu thể có chuyện cãi nhau vì tôn giáo🤷🏻‍♀️,0.0
Đạo không xấu nhưng đừng quá cuồng đạo.,0.0
Chỉ nên học hỏi điều tốt của nó thôi.,0.0
Trong khi con họ cưới họ vẫn lên gửi thiệp mời nhà tui.,0.0
"Thật ý bạn lúc quy y là có đoạn""ko quy y thiên thần quỷ vật...."" rồi tức là chỉ nhận Đức Phật làm thầy",0.0
ê rõ ràng quy y rồi là có ba điều quy y phật - pháp - tăng đàng hoàng,0.0
thế giờ họ nói họ quy y rồi thì yêu cầu họ rửa tội vào đạo có khác gì bắt họ đi ngược lại với lời phát nguyện đâu?,0.0
tránh phiền phức về lâu dài =)),0.0
Đơn giản là tính chiếm hữu thôi.,0.0
Anh thì thấy này là tính chiếm hữu bọn con trai hay có lắm☠️☠️☠️,0.0
Cái đồ dong tinh đáng yêu này!,0.0
bạn kế bên còn không nói chuyện 🥹,0.0
"Đi học thì lo học thôi, nói chuyện với Bạn ngồi kế bên cũng là nhiều lắm rồi, sao mấy bạn nhỏ này cứ hay lo không ai nói chuyện.",0.0
"đi học tớ sợ nhất tiết thể dục tại bị mọi người cô lập, không có ai nói chuyện, cũng chỉ có thể lủi thủi một mình một góc.",0.0
mình ghét phải có mặt ở cái lớp ấy,0.0
Vì sao bạn lại bị cô lập thế?,0.0
Nếu đã bị ghét thì cứ sống thật với chính bạn,0.0
mình ib rồi🥹,0.0
Mình khom thấy 🥹,0.0
bạn check yêu cầu xem sợ bị ẩn á🥹,0.0
hì hì mình cũng chọn cách ấy để trôi thời gian...,0.0
tui bị yếu giao tiếp... với bị sợ người lạ tui hỏng biết nữa 😭,0.0
”Đừng thở dài hãy vươn vai mà sống Bùn dưới chân nhưng nắng ở trên đầu.”,0.0
"Vậy, nếu cả đời này không rực rỡ thì sao?",0.0
Câu cuối nghĩa là sao vậy bạn,0.0
"“Ta muốn ôm Cả sự sống mới bắt đầu mơn mởn Ta muốn riết mây đưa và gió lượn Ta muốn say cánh bướm với tình yêu""",0.0
Trong bài đó có câu thơ ban đầu tưởng ai đó chế lời: Thương yêu quá!,0.0
Việt Nam Lựu đạn bay lẫn trong bầy chim sẻ,0.0
"“Mau vói chứ, vội vàng lên với chứ Em, em ơi!",0.0
Tình non sắp già rồi!” -Xuân Diệu,0.0
"""Rồi một ngày mai, tôi sẽ đi.",0.0
"Vì sao, ai nỡ bỏ làm chi!",0.0
"Tôi khờ khạo lắm, ngu ngơ quá, Chỉ biết yêu thôi, chẳng hiểu gì.""",0.0
"""Mơ khách đường xa khách đường xa Áo em trắng quá nhìn không ra... Ở đây sương khói mờ nhân ảnh",0.0
"Ai biết tình ai có đậm đà"" Trích Đây Thôn Vĩ Dạ - Hàn Mặc Tử",0.0
uii hồi lớp 9 tui thích bài này điêngg,0.0
""" Con ơi tuy thô sơ da thịt Lên đường Không bao giờ nhỏ bé được Nghe con. """,0.0
( Y Phương ),0.0
"“Ôi Tổ quốc ta yêu như máu thịt Như mẹ cha ta, như vợ như chồng.” (Sao Chiến Thắng - Chế Lan Viên)",0.0
"""Tôi thấy em xinh khẽ lắc đầu Bởi vì ta có được em đâu?",0.0
"Tay kia sẽ ấp nhiều tay khác Môi ấy vì ai sẽ nhuộm màu"" -Xuân Diệu-",0.0
"""Ta dại, ta tìm nơi vắng vẻ .",0.0
"Người khôn, người đến chốn lao xao"".",0.0
"""Tôi rót hồn tôi xuống mắt nàng.",0.0
Hồn tôi là cả một lời van.,0.0
Tôi van nàng đấy!,0.0
Van nàng đấy!,0.0
"Ai có yêu đương chả vội vàng?""",0.0
_ Nguyễn Bính _,0.0
Có đôi người đang khóc.,0.0
Làm trôi của buổi chiều.,0.0
Và những miền gió lặng.,0.0
Rủ tiếng rì lặng thiêu.,0.0
"""Yêu là chết ở trong lòng một ít Vì mấy khi yêu mà chắc được yêu?""",0.0
"- Xuân Diệu - ""Họ đã sống và đã chết Giản dị và bình tâm Không ai nhớ mặt đặt tên Nhưng họ đã làm nên Đất Nước...."" - Nguyễn Khoa Điềm -",0.0
Sẽ còn in như dao khắc lòng tôi Dáng đồng đội ngã trong giờ chiến đấu Ngực áp sát cột biên cương đỏ máu Mà môi cười tha thiết - Việt Nam ơi <Tôi không thể nào mang về cho em - Hoàng Nhuận Cầm>,0.0
"""“Hỡi xuân hồng, ta muốn cắn vào ngươi"" 🤡",0.0
Có người để chia sẻ niềm vui nhưng không có ai để mình sẵn sàng chia sẻ nỗi buồn,0.0
trauma đến khi chết,0.0
Là khi mình chơi với nó thật lòng còn nó lật lọng đi nói xấu mình,0.0
Topic: Khi nào bạn chợt nhận ra mình chẳng có một người bạn thân thật sự ?,0.0
mọi người kiếm lớp ở đâu vậy ạ?,0.0
"Với nhận dạy thì tui chỉ nhận mấy bé c2 thoi, dạy cả onl cả off nên cũng đỡ á",0.0
Hồi đó đi phiên dịch 3 ngày kiếm được nhiều tiền hơn đi thực tập 30 ngày nữa 🤡,0.0
"Ảnh mình chụp, ib mình gửi cho",0.0
"Thế chắc bác phải 5,7 chục củ khoai",0.0
Topic: Đi dạy gia sư 20tr/tháng và đi làm 8tr/tháng.,0.0
Bác nhận qua ttam nào đó ạ,0.0
dạy trung tâm online cho khoẻ,0.0
Hòi hè toi từng làm 2 jobs + nhận gia sư 3 bé phại nói là yomost cái cảm giác lúc nào cũng có việc nó đã lắm,0.0
"lúc nào cũng đi giờ muộn nhất, vào thấy anh em mình đang chép mình hỏi thì không nói=)))",0.0
"Dm , hàng ngày",0.0
"toát mồ hôi, nhói tay chân, hoảng loạn….",0.0
có thể là hoá đin,0.0
Cóa thể là wtf tại chỗ và ngơ ngác,0.0
Hồi lớp 7 là thời điểm mà lớp lười nhất nên hôm nào vào cũng như hôm nào,0.0
"Hồi đó tao đi chơi với con lớp bên đến lúc gần vô lớp tao thấy tụi nó chép bào tao hỏi ""ủa chép cái gì vậy bây"" con hân nhìn lên nói với tao "" soạn bài môn văn chưa mày "" lúc đó tao ăn con 0 giờ vẫn còn ghi thù với bà cô",0.0
TOPIC: Đã bao giờ bạn vừa vào lớp đã thấy tụi nó cắm đầu chép lia lịa mà mình không biết đang chép cái gì chưa?,0.0
không cần đến 5p đâu bác chỉ cần 2p thôi,0.0
80% cmt nghiện gay,0.0
mùi đất lúc trời đổ mưa,0.0
"Top 1: âm nhạc Top 2: truyện gay, otp gay Top 3: 6 Top 4: T1",0.0
Những thứ gây nghiện cực mạnh nhưng may quá... pháp luật không cấm =)))),0.0
Top 1: truyện gay Top 2: cc ATSH mùa 1 Top3: otp Top4: T1,0.0
giải đề hoá -))))),0.0
"truyện gay, trai gay và đặc biệt là otp gay",0.0
Nghiện thích em,0.0
"Mình say khóc sướt mướt, ảnh dỗ mình, một thời gian sau thế là iu",0.0
"Lúc mình khóc ẻm hỏi mình ""có ổn không?""",0.0
:))) nó cười,0.0
Topic : Những hành động khiến bạn rung động vkl cho đến bây giờ,0.0
""" em sai chị đúng, không cãi """,0.0
Topic : Vẫn có những người thực sự xấu tính nhưng mà họ lại sống bình yên và được yêu quý.,0.0
Thậm chí là có rất nhiều bạn bè và mối quan hệ tốt,0.0
Mấy đứa xấu tính kiểu này rất khôn ngoan trong việc chọn bạn mà chơi hơn chúng ta đó,0.0
Nên là nó thường được người xung quanh bao vây và coi nó thanh khiết,0.0
Có thể trừng trị mấy con hay blhd,0.0
tay búng ra tiền,0.0
Biến ra tiền,0.0
"Có khả năng ship hàng siêu tốc, siêu shipper 500 đơn 1 ngày, thành top 1 mảng logistic Việt Nam",0.0
Ngưng động thời gian để khi thì nhìn được bài,0.0
Muốn ji được nấy,0.0
Siêu năng lực cho idol ngồi ngay cạnh,0.0
Ngưng đọng hoặc quay ngược tg,0.0
Có mọi siêu năng lực 🤓,0.0
điều khiển tg nhé🤞🏻,0.0
Đừng đánh giá người khác qua cái nhìn.,0.0
Hãy tiếp xúc và cảm nhận bạn sẽ thấy rõ hơn rất nhiều,0.0
-Nhìn mắt để đoán.,0.0
Dừng lại luôn.,0.0
"-Trực giác bản thân luôn đúng, cứ tin đi.",0.0
"-Tâm chưa chắc sinh tướng, nhưng hành động và lời nói của họ sẽ phần nào rõ hơn.",0.0
Người hay ăn thường đang đói,0.0
cách người đối diện đối xử với mình thật ra có liên quan tới việc mình tỏ ra như thế nào nữa.,0.0
Nên việc ngồi suy đoán về đối phương nên tương đối,0.0
quan trọng hơn là dành thời gian đi du ngoạn trong não mình xem mình là người thế nào đã.,0.0
"trực giác bản thân, ngay từ đầu cảm giác họ không ổn, chính là không ổn, trộm vía lần nào cũng đúng :))",0.0
Topic:Kinh nghiệm nhìn người !,0.0
ai có nốt ruồi ở mép trên hầu hết là người bên ngoài nói chuyện rất khéo léo đường mật nhưng trong thâm tâm thường không như thế,0.0
"Chị ta nói yêu tôi mỗi đêm, chị ta gọi tôi là chồng, nhưng cuối cùng là ""chúng ta nên làm bạn""💔",0.0
Topic: Làm sao để phân biệt con gái đang bật đèn xanh (với con gái) hoặc họ chỉ coi mình như chị em thân thiết?,0.0
"Trừ khi người ta nói thích bạn, còn không thì đừng ảo tưởng =)))",0.0
"Ngại ngùng, e thẹn hơn khi ở gần mình 2.",0.0
Topic: làm sao để phân biệt con trai đang bật đèn xanh( với con trai) hoặc họ chỉ coi mình như anh em thân thiết?,0.0
Gọi hỏi nobita nha bạn,0.0
hoá Nobita nằm cái ngụ luôn 💤,0.0
Làm sao mà khiến cho việc ngủ gắn với một hành động cụ thể ấy.,0.0
Khi muốn ngủ thì cứ làm hành động đó là dễ vào giấc ngủ lắm.,0.0
Trước khi đi ngủ tao phải nhắm mắt sau đó nghĩ về 77 49 kịch bản trong đầu tao có bữa nghỉ về sau này sẽ thống lĩnh thế giới có bữa nghĩ là sẽ làm sếp con mình ghét có bữa mà làm dâu hào môn^^,0.0
Sắp vào giấc ❎️ ngủ ✅️ cố làm mình thức để delulu trí tưởng tượng;:)))))))))))☺️,0.0
nằm nghĩ 7749 câu truyện gay là ngủ ngon luôn:)),0.0
Đừng suy nghĩ về gì hết.,0.0
"Tập trung vào hơi thở, tưởng tượng như có 1 luồng gió đi ra đi vào theo hơi thở của mình.",0.0
Mình vẫn áp dụng hàng ngày từ giấc trưa hoặc giấc ngủ tối.,0.0
Im lặng vầ tận hưởng đi,0.0
Đ có đối tượng nào cr để xinh gái:))),0.0
ở nhà da trắng má hồng môi đỏ tự nhiên lên lớp da vàng môi thân:))),0.0
"thật, lên trường đ khác gì hoa dâm tặc",0.0
như con ăn xin trong trường học,0.0
Tất cả tại môn toán,0.0
:)))) công nhận,0.0
soi gương tưởng hot gơ lên trường như xác chết😇,0.0
Đừng xóa post nha bạn.,0.0
Đọc cmt đã vl,0.0
đụng tay lên faceid nhiều,0.0
Thức khuya + nạp nhiều đường.,0.0
"Da không tệ không lấy tiền, nhất là da dầu:))",0.0
Chiến tranh hạt nhân🥀,0.0
topic: 1 thói quen khiến da của mình ngày càng tệ hơn,0.0
Ăn mì liên tục nha mọc cục mụn ngay mồm:)),0.0
không ngủ ☺️,0.0
"Thức khuya, ít uống nước :))",0.0
khôn đeo khẩu trang nè,0.0
ún cà phơ 😞,0.0
Rõ ràng mà nó là công cụ giao tiếp mình thấy các môn thuộc về tư duy rất cần có thiên phú,0.0
thì ngoại ngữ chăm chỉ và luyện tập nhiều là oke,0.0
Chính xác !,0.0
nhưng không phải ai cũng có thể học được ngoại ngữ :)),0.0
Tui học chưa hết lớp 9 phải nghỉ đi làm nuôi mẹ.,0.0
Bạn tự có câu trả lời cho mình ha,0.0
với cá nhân mình thì câu này hoàn toàn đúng í,0.0
Topic: Ngoại ngữ là thứ có thể lấy cần cù bù thông minh,0.0
"Thực hành ngôn ngữ là một kỹ năng, dùng điểm kinh nghiệm để nâng cao kỹ năng bằng cách sử dụng thường xuyên.",0.0
Nó ít phụ thuộc vào trí thông minh bản năng.,0.0
Tuy nhiên những thiên phú như khả năng tái tạo ngữ điệu như người bản địa,0.0
hoặc khả năng phán đoán một từ lạ dựa theo ngữ cảnh thì người có thiên phú vẫn nhanh hơn nhiều bước.,0.0
Bản thân việc sở hữu ngoại ngữ cũng là một dạng thông minh.,0.0
Nhiều người lầm tưởng thông minh cứ phải là nhanh nhạy và xuất sắc trong các lĩnh vực khoa học tự nhiên hay được thể hiện qua điểm số.,0.0
Không phủ nhận nhưng mình chưa thấy ai viết được một tác phẩm hay mà trí thông minh không trên mức khá cả.,0.0
Bồ kể được không?,0.0
^^ Mà tui thấy dũng cảm lắm mọi người mới đi được Ấn á,0.0
Tôn trọng sự khác biệt,0.0
tôi đồng ý huhu,0.0
Topic: Những tư duy bạn cảm thấy peak vô cùng,0.0
Thấy người trái dấu với mình thú vị thay vì khó chịu :))))),0.0
mình luôn nhấn mạnh vào việc tôn trọng sự khác biệt (điển hình là Tất Tưng Tửng như ava của mình :))).,0.0
Chỉ khi các bạn thật sự tôn trọng và lắng nghe nhau thì mới có thể đẩy lùi tình trạng bạo lực học đường 😚,0.0
Giảng viên môn CSVHVN đã nói câu này trong buổi nhập môn đầu tiên và mình đã ấn tượng với nó.,0.0
Tất cả mọi người đều khác biệt và thế giới được tạo nên bởi sự khác biệt.,0.0
"""Đừng bao giờ tin vào sự thống nhất nơi con người"", trong chúng ta luôn có Thiện & Ác, Ma quỷ & Thiên đường.",0.0
Chỉ là cách thức biểu hiện khác nhau.,0.0
Tuyệt vời lắm bồ iu.,0.0
"“Ngủ thì ai cũng như lương thiện, Tỉnh dậy phân ra kẻ dữ, hiền; Hiền, dữ phải đâu là tính sẵn, Phần nhiều do giáo dục mà nên.",0.0
Bốn câu thơ này nhấn mạnh vai trò quan trọng của giáo dục và sự rèn luyện,0.0
khẳng định nhân cách con người không phải do bẩm sinh mà do sự trau dồi.,0.0
Nếu ta chấp nhận chúng tồn tại trong chính mình thì ta sẽ thừa nhận được trong những người khác và khi đó lòng trắc ẩn xuất hiện (vị tha cho những cái xấu,0.0
cái ác của người khác và giúp đỡ hỗ trợ họ chuyển hoá).,0.0
Điều đó cũng đến từ trí tuệ.,0.0
"Theo mình là: ""mọi thứ đều là cơ hội"".",0.0
"Không phải điều tốt thì mình mới nhận, hay xấu thì né tránh, mà nhận tất cả để thử thách bản thân.",0.0
Năm mới có bạn nào muốn khám phá bản thân để dù là hoàn cảnh nào thì bản thân cũng chào đón và vượt qua được không.,0.0
"Mình đang hỗ trợ dự án phi lợi nhuận, free nhưng có chọn lọc, ib mình nha",0.0
"nhớ mmc, up nhật kí buồn🥰",0.0
"2 mặt, đi chơi với đứa khác trong khi nó để mình ngồi 1m",0.0
"Hay đề cao bản thân, chỉ thích nói về bản thân.",0.0
đhs kể lúc ngồi trên xe buýt vắng lúc chiều về tan học xong tới sáng hôm sau vô lớp thì đâu ra mấy đứa lạ hoắc lại kể cái bí mật đó như cái loa phường,0.0
"nói xấu, 2 mặt và đặc biệt là thảo mai",0.0
có thể là vào dí ngay lập tức,0.0
"Nói chuyện Thảo Mai, đi soi mói người khác",0.0
"Topic : Một hành động có thể khiến bạn lập tức nghĩ rằng "" người này không hợp chơi cùng """,0.0
cái quay ra thấy thầy hiệu phó đứng ngay cửa sổ nhìn chằm chằm vào mình với cái đứa bên cạnh cũng đang chơi🙏.,0.0
Còn hồi c2 lớp 7 thì vừa nhét quả nhót to đoành vào mồm thì cô gọi đứng lên đọc bài (vẫn là bàn đầu) :)))),0.0
thậm chí còn để luôn 1 chồng sách trên bàn,0.0
TOPIC GIỜ TRƯA,0.0
"tôi rủ bạn tôi móc l trong lớp, không chỉ 1 mà rất nhiều lần, lần nào cũng vừa móc vừa sợ",0.0
tôi với bạn tôi móc len 😔🤘,0.0
TOPIC GIỜ TRƯA: Bạn từng lén làm gì trong lớp mà giờ nghĩ lại vẫn sợ?,0.0
dễ thương mà 😭😭,0.0
phải chăng mình đã già...,0.0
Ủa thích vl😝,0.0
Thời này ai còn yêu nhaoo??,0.0
em có rồi mà!,0.0
Nói vậy chứ cũng muốn:)),0.0
học lõm trên mạng chứ gì đâu,0.0
Vl mấy quả cmt bị sao đấy?,0.0
Tôi thấy đàn ông hấp dẫn nhất là khi họ yêu chó mèo.,0.0
đứa con duy nhất tôi chấp nhận ảnh có,0.0
quản lý cảm xúc hơi kém (Ý kiến cá nhân thôi nha không đúng cho mọi trường hợp),0.0
"thiệtt , nuôi chó mèo lại tốt nữa",0.0
A ấy tôn trọng phụ nữ và yêu chó mèo💯,0.0
Tôi thấy đàn ông hấp dẫn nhất là khi họ có bầu,0.0
hấp dẫn nhất là khi cởi trần,0.0
và trẻ em,0.0
"Sợ thôi, đừng ghét là được.",0.0
tính tình rất dễ thương.,0.0
“a có đứa con ở nhà”,0.0
Thật nhỉ 😝,0.0
Trai 🏀 nó crossover qua người á🤣,0.0
bài này lổi rồi hay tôi lập acc clone cmt link shopee nhé =))))),0.0
kiểu muốn có bồ đẹp trai thì nên diện set này ABC-XYZ,0.0
Tui cũng muốn hỏi 🤣 🤣,0.0
mấy bà yên tâm yêu vô đẹp hết á:)),0.0
tớ cũng giống 2 cậu =))),0.0
Tao với nó từng thích nhau nhưng đéo đứa nào mở lời.,0.0
"Nó thì chờ tao, còn tao thì chờ nó.",0.0
Tao với nó sắp bỏ lỡ nhau rồi🤡,0.0
"ĐM, tao muốn yêu nhưng phải là người tao thích cơ",0.0
xin cap nhé ạ,0.0
"me toooo, nhưng mà chưa crush ai trong hơn 3 năm mới hay=)))))",0.0
Ai mà chả thế,0.0
Đợt 8/3 em có tặng bạn người yêu đôi giày cao gót thì vài ngày nữa chuẩn bị đến anni 1 year bọn em,0.0
em tính tặng bạn thêm 1 đôi baby doll hoặc tính tặng bạn 1 cái túi.,0.0
"Tha thiết cộng đồng thread cho em xin 1 vài brand túi hay giày chất lượng với ạ😭😭 (kiểu tượng tự như juno, vascara,....)",0.0
Sốp này nhớ mom ơii tui thấy nhiều bạn rcm nên mua thử xong mê luônnnn Giày bên này xinh đi êm mà giá ổn áp,0.0
tui đã sắm 2 đôi,0.0
Đúng vậy tầm này chỉ cần đỗ nv1 ty cần dell gì,0.0
ee chết quên khai bút rồi,0.0
"Mình thà không có người yêu, chứ không muốn bị thiếu chữ.",0.0
"Mong con đường học hành luôn hanh thông, thuận lợi, điểm cao chót vót.",0.0
Nguyện đánh đổi tình duyên cho bảng full A+,0.0
manifest đỗ nv1,0.0
Dear 2026 Mình ước cả hai Thanks,0.0
"Nên e cứ giữ vững quyết tâm của mình, sẽ thành công thôi.",0.0
"🖋️ Đánh máy tài liệu Word (1 bài = 100k, 3 bài = 300k).",0.0
"⏰ Làm part-time hoặc full-time, linh hoạt.",0.0
💰 Thu nhập: 2.100.000 VNĐ/tuần (tuỳ số bài làm).,0.0
"Yêu cầu: Từ 16 trở lên ⚡ Đánh máy nhanh, chính xác.",0.0
💻 Có máy tính và internet ổn định.,0.0
Ny tui cũng hay dụi dụi ngửi ngửi dù tui không dùng nước hoa cũng không dùng sữa tắm có mùi.,0.0
Căn bản là chẳng có cái mùi gì hết nên không biết ngửi cái gì luôn 🙃,0.0
“ thế giờ đẻ nhé”,0.0
lấy em nhé?,0.0
Trung bình mùa thi :,0.0
có dấu hiệu,0.0
Giỡn mà ảnh đòi cưới thật:)),0.0
Ảnh đòi bán tôi mãi 🙂‍↕️🙂‍↕️,0.0
Kẻ dám nói người dám làm,0.0
ok ổn mà,0.0
tôi cần cuộc đời của tôi thêm 1 tí màu hồng nên các con vợ có thể: hãy kể 1 moment của các con vợ với crush mập mờ,0.0
hay người yêu của các con vợ mà các vợ thấy siêu đáng yêu siêu rung động như trong tiểu thuyết mà các vợ không thể nào quên đi,0.0
ôi đẹp trai xinh gái cũng phải chia tay 😔,0.0
vậy thì mom có thể vào tcn tui để coi 😋,0.0
dm gặp tôi rỉ luôn 🥰,0.0
vãi l thế mà thành mmc,0.0
"ựaaaa, anh ý nghiền thơm má",0.0
nắm tay cute hơnn,0.0
Thơm trán hay xoa đầu nè cái ôm khi mmo nè.,0.0
nắm tay hôn tóc hôn đầu xoa đầu nữa🙆🏻‍♀️🙆🏻‍♀️ siuuu meeeee,0.0
"thật sự, chỉ thế là nhanh",0.0
xoa đầu nuaaa,0.0
dcm thơm má là cái đáng yêu nhất trên đời,0.0
rung động luôn,0.0
"Thật sự rất thích ngyeu thơm má, nhưng tao không có ngyeu",0.0
thì em của em chứ phải em đâu mà ngại nhề=))),0.0
Mom ơi là mom 🥰,0.0
"""thầy hỏi làm gì?""",0.0
thầy chừa liền =)),0.0
Trừ điểm chuyên cần cộng điểm thẳng thắn =)))),0.0
"Thôi, xin nghỉ có việc gia đình xong người ta lại hỏi “việc gia đình là việc gì?” :))",0.0
Thầy cũng không ngờ luôn,0.0
Góc khuất nghề giảng viên 💆‍♂️,0.0
Không có ảnh minh chứng à :)) trường tôi bắt có ảnh minh chứng 😞,0.0
"Sinh viên sau khi được yêu cầu ""Nghỉ học phải viết email trình bày lý do rõ ràng""",0.0
"Plot Twist: thật ra ông này mới là người phải cắt, chính thằng em của ông này mới là người đi để giữ.",0.0
Thêm nữa là xin vắng học vì sáng đó đưa vợ đi đẻ,0.0
Em trai môm ấy đây hả,0.0
Nếu bạn không ngại thì người ngại sẽ là người khác,0.0
Đọc nhầm là mai mẹ em đi cắt bqd 🥰,0.0
Áp lực khi lên giảng đường ❌ Áp lực khi đọc lý do xin nghỉ của sinh viên ✅,0.0
thực ra là không có thằng em nào ở đây cả,0.0
top những khoảnh khắc diễn viên không hề diễn,0.0
Rất chi tiết và thẳng thắn =))),0.0
có thể là cuời đến chết =))),0.0
+1 lí do để cưới ảnh,0.0
🔥Combo “Chân gà Bà Tuyết” cháy hàng rồi anh em ơi!,0.0
🥢Cắn một miếng chân gà dai giòn,0.0
chấm ngay sốt cay mặn ngọt “cộp mác Bà Tuyết” 🤤 💥SALE 44% Chỉ 90K được 10 chân gà + sốt chấm cực phẩm + tặng thêm hũ bim bim giòn tan 🚨 Hơn 133K đơn đã bán – ăn một lần là nghiện!,0.0
khoảnh khắc nhận ra mình iu đúng người 🥹🩵,0.0
cute lóm nha,0.0
cưới luôn giùm em nhé,0.0
xin lệnh nền với bàa,0.0
Cute thế ơ,0.0
nào cứi tui up threads nha bà 😘,0.0
siêu cấp dang iu,0.0
công nhận nha :)) mưa to là lo bố mẹ về thuii,0.0
Rất biết quan tâmmm,0.0
Tui cũng dị nè,0.0
Nhưng mình không cần nhờ cũng prep đồ ăn trưa cho mình đi làm vì mình làm 9-5.,0.0
"Hôm nào rảnh làm luôn bữa sáng, qua nhà mình thì chủ động làm luôn việc nhà của mình.",0.0
"Tâm lý vô cùng, dỗ dành quan tâm nên dù không dư giả nhưng chăm làm với chăm mình nên mình mê điên😩",0.0
Xa xỉ thiệt chứ,0.0
Quen được nhỏ người yêu mà nó hong đòi hỏi vật chất thì mấy ông đừng có vội mừng,0.0
bởi vì mấy đứa hong cần tiền của các ông thì thứ nó cần chính là tình yêu và sự nuông chiều.,0.0
Mà cái thứ xa xỉ đó làm gì các ông có mà cho.,0.0
tôi cần một anh iu ở cạnh 24/7 ☺️,0.0
không có tiền chiều bằng mắt à,0.0
Lúc mình mới quen ny bạn ý từ chức venue manager về làm hospo bartender thường nên tài chính tụt nhiều phần.,0.0
Rồi ở đâu trong mấy hình này á bạn,0.0
Bố mẹ Ruler & người yêu ổng Bố Canyon,0.0
"Nếu chỉ là nhân viên, the mau cũng chẳng dựng booth gì tự dưng có mặt làm chi?",0.0
"Avatar của bạn này là nhân vật kaguya trong phim công chúa vũ trụ kaguya, phim này chovy có kể với fan là dnay nó đang xem.",0.0
"Bài 5/10/2025, cap đăng là ""Ghen tị với Reze quá"".",0.0
Lúc đó ID của chovy là Reze.,0.0
Mọi người quên rằng cô này lâu lâu là dính phốt bịa đặt và bịa chuyện để người ta tin tưởng.,0.0
Chovy còn chả fl cái acc ig prv đó cơ.,0.0
Daram và Chovy fl.,0.0
Đơn giản là họ fan Gen =))),0.0
Oi cuối cùng cũng có người nói lên tiếng lòng.Đó giờ tưởng hỏi giá quà tặng là điều vô duyên nhất chứ ta :)))),0.0
Kỳ thật sự,0.0
khổ với mấy bả 😌,0.0
Hicc làm chủ sốp oii mới hiểu mấy bà được bồ order trước,0.0
Bà nói chỉ có chuẩn,0.0
Thiệt á chơ .,0.0
Ny tặng về cứ hỏi giá … xong lại xăm xoi chê mắc .,0.0
thiệt meow hiểu luôn!,0.0
đúng đúng đúng!,0.0
Ỏhhhhh “khách iu” này tinh tế lắm nha bà Vy ơiiiii😍,0.0
Hí hí hữu duyên thoai bà iu ơi🥰,0.0
năm nào cũng đọc phốt mà thương mấy shop hoa luôn 🥲,0.0
bởi dị cái tính khó khăn thì xin tiền bồ tự đi mua hoa tự chọn moẹ cho gòi đi,0.0
Tội thiệt luôn!,0.0
:))) chờ mãi mới được 1 bài vậy.,0.0
chứ sau lễ cứ bóc phốt soi mói .,0.0
đôi lúc thấy sợ thật cứ hỏi sao đắt,0.0
Thiệt luôn á.,0.0
Từ hồi mấy ngày trước 8/3 tới giờ tui thấy quá trời bà post chê hoa bồ/ck mua cho luôn,0.0
xong có bà còn nhắn hẳn vô shop bán hoa để tự chọn hoa.,0.0
Thấy tội mấy ông ny quá trời :))),0.0
Thật nhiều con rất chướng khí,0.0
Lắm đứa phật sống thật!,0.0
Những vẫn nghĩ là mình có gu mình có quyền 😅😅,0.0
Bạn mình cũng bị tư vấn hồ sơ không kĩ mà rớt visa.,0.0
Dù cho có profile đẹp và visa NZ.,0.0
nên vẫn cố gắng đi các buổi hội thảo của 2 trường mình cân nhắc nhất.,0.0
Rớt visa 500 Úc nộp student visa New Zealand qua bên khác hồ sơ kĩ hơn vẫn bị đánh rớt.,0.0
Giờ đi Anh hay Mĩ cũng khó chỉ đi EU thôi,0.0
Bạn nên thận trọng vì bộ di trú siết rất căng thời điểm này,0.0
viral cho cái bên này nổ mẹ đi,0.0
Lâu lâu lướt thấy phốt của idp 1 lần🙏,0.0
Hi mọi người!,0.0
trời ơi ?,0.0
"đọc cmt thấy đây không phải lần đầu, sao bọn này còn sống được ở quán hay vậy.",0.0
"Hay quán này không cần khách nữa, viral nhanh dùm cho dẹp mẹ quán đi được không🥰",0.0
nhắn tin cho các page lớn như theanh28 beatvn nhờ đăng đi bạn,0.0
góp vui cho mấy môm,0.0
khổ là nhổ nha mí môm bực quá nên viết sai🙂🙂,0.0
"Thứ 3: tại sao cô này hay xuất hiện ở lolpark và được follow bởi các cô BJ, streamer, người nổi tiếng khác.",0.0
"Bản thân cổ cũng là BJ của Afreeca và Soop, cũng có đi cổ vũ các giải khác như ASL cùng các cô khác.",0.0
Nhiều người mời mấy cô này xem để kiếm nhiệt cho giải và ngược lại có cô thích xem có cô cũng kiếm fame từ các giải này,0.0
Hai người chưa hôn à,0.0
"Nên là ấy TIN ĐỒN cũng chỉ là TIN ĐỒN, đừng mượn cái TIN ĐỒN để vơ đũa vợ của các tuyển khác và cả các tuyển thủ.",0.0
Với cái mình ghét ở đây là việc cố tình tạo content gây ảnh hưởng xấu đến hình ảnh của team.,0.0
Update thêm thứ 5.,0.0
Suya được Chovy và nym nyc follow và cũng đi xem Gen đánh thì cổ là bồ thứ mấy của Chovy á mọi người?,0.0
🐧🐧 Được mời lên sân khấu và fl nhau vì là người nổi tiếng ở Hàn và là fan Gen ❌ Được mời lên sân khấu và fl nhau vì là bồ tuyển thủ ✅.,0.0
"Chovy hai tay 2 em, quá mạnh",0.0
Thứ hai: cái acc này tạo từ 2021 và 2021 cổ vẫn hẹn hò với nyc,0.0
và nếu họ date từ năm ngoái thì sao chỉ có Delight fl dù Chovy ở Gen 3 năm rồi.,0.0
6 tháng trước cổ còn quay vlog uống rượu với trai khác (thằng ny để bạn gái quay vlog này thì vấn đề thật fr),0.0
Sau vụ của Park Bom nhận Lee Min Ho là ny và đổ Sandara chơi đớ thì đừng tin bố con thằng nào cả nếu chỉ có hint từ 1 phía,0.0
"Nói gì thì nói, anh vẫn đ tin thằng em anh có bồ 🫩",0.0
Cảm ơn sốp nhe,0.0
tui cũng chỉ nghĩ mới rumor thì chưa chắc chắn thôi mà mấy bạn kia đã quy chụp tất cả về đạo đức nhân cách của cá nhân chovy,0.0
"Khum coá đâu :))) 2,3 bộ ngược chứ còn lại HE hết á chớ.",0.0
Trời ơi các readers ruột tìm tới đây bóc phốt tôi… Thì trước em Choi má hằm ngọt ngấy thì Jung bé bi ăn hành sống chết.,0.0
"Mà quá khứ rồi mà, phải tin tưởng nhau chứ trời 😠",0.0
Đáng tin hơm?,0.0
Choi má hằm mà ngược quá là tui nằm ăn vạ mẹ Choi cho mà coi 🥲🥲🥲,0.0
Mẹ Choi má hằm chuyên viết truyện ngược 😱😱😱 chết gòi,0.0
Tham khảo plot độc giả vẽ đi cổ =)),0.0
👀 cập nhật tiếp đi bà,0.0
"Rồi lỡ khách đi vệ sinh cũng bước vào luôn à 🤮 khiếp quá vote né quán, đi uống nước kiểu gì chả đi wc mà nó lại như này",0.0
bố láo vô cùng,0.0
"Phốt kiểu này trên threads có khi không viral được bạn lên group ""hội suốt ngày hỏi hôm nay ăn gì bây giờ nhỉ"" mà phốt",0.0
đảm bảo uy tín tới mức quán phải ngay lập tức tìm cách bịt mồm bạn lại.,0.0
Và luật của group là không xoá bài phốt 1 khi đã đăng,0.0
Tui có tò mò xíu là cái chốt nvs nó cao tới cỡ nào 👁️👄👁️,0.0
Chắc chủ quán giờ đau đầu vì nhân viên lắm,0.0
mình đã đóng góp giúp bạn 1 review 1 sao = tiếng Anh cho nó cẩn thận.,0.0
khối moekiss và bảng mắt odbo sao ạ,0.0
"Phấn mắt vecci, bụi vãi l",0.0
"Tui mua qua giỏ tiktok ở mấy video hot á, mua về bị chị chửi quá trời 🥲",0.0
Mua về chỉ tổ phí tiền.,0.0
=> Các bạn kể đi để hội chị em mình cùng đánh giá nhé 😤😤,0.0
Cái đó nhiều fake dữ lắm.,0.0
Đợt tui được bạn bên Mỹ cho xài rất thích.,0.0
"Mua ở vn không biết hàng nào thật giả luôn, mà tại rẻ nên fake nhiều quá.",0.0
Bà qua shopee có mấy tiệm uy tín hay order á,0.0
Khả năng blur lcl = 0,0.0
tầm giá tiền đấy thêm tí nữa mua catrice đi,0.0
Cảm ơn bà nha 🥰,0.0
mặt nạ colorkey kem nền espoir serum dưỡng trắng angel liquid serum brightening skin 1004 ủ môi laneige romand juicy 23 xịt serum d’alba mặt nạ bí đao cocoon,0.0
Đã thế còn nhạt kinh,0.0
Nhiều fake quá nên chắc bà dính fake chứ riu ngon,0.0
sao nữa ạ,0.0
lễ năm nay đậm so quá 🥲,0.0
Tong tai va chuyen cong tac cua anh,0.0
quà này to quá☺️,0.0
sướng nhất chị mình 8/3 đáng nhớ😙,0.0
đáng iu nhất quả đất☺️,0.0
khoác cả vai nhau ra khỏi nhà hàng ae ạ,0.0
Thật ra câu chuyện của bạn cũng từa tựa câu chuyện của mình.,0.0
ôi bất hạnh lắm mới có nyc chất như vậy,0.0
Tôi đã lên lại bài đính chính ở nick chính của tôi.,0.0
Dù 22flourish không phải là nhà hàng private nhưng chỗ tôi đặt là khu vực private của nhà hàng,0.0
Đâu xem ảnh,0.0
"các bạn nữ hạnh phúc nhé, đừng như taooo",0.0
Trùm quản lý thời gian đây rồi,0.0
quà tặng to lắm,0.0
điềm trước rồi đấy,0.0
khổ thì vãi lúa,0.0
Tao muốn phốt vcl.. 10 tim lên bài,0.0
Set Nồi Sứ Kèm Thìa Gấu Siêu Cute ( Không Nấu Trực Tiếp Trên Bếp ) | Shopee Việt Nam,0.0
"Sau khi trao đổi với chị .damsg , mình xin chia sẻ thêm trải nghiệm cá nhân khi sử dụng dịch vụ wedding planning của cùng đơn vị này.",0.0
Những chia sẻ dưới đây chỉ mang tính tham khảo,0.0
với mong muốn giúp các không có cô dâu nào bị wedding planner gián tiếp vứt đồ sính lễ đi như mình :)) Chúc các cô dâu có một quá trình planning nhẹ đầu,0.0
thảnh thơi và vui vẻ 🤍,0.0
Các CDCR nên có một xíu tìm hiểu để nhận ra redflag ngay từ đầu thì sẽ tốt hơn nè 🫶,0.0
muốn biết tên WP nữa để né luôn là câu hỏi bình thường của nhiều người mà,0.0
Né được bên nào thì đỡ bên đó chứ bạn.,0.0
Theo như lời chia sẻ của chị chủ bài viết thì thấy chị đã tìm hiểu ngay từ đầu rồi,0.0
thậm chí còn rất cẩn thận kìa mà cuối cùng cũng bị dính WP trời ơi đất hỡi,0.0
Mình thấy vấn đề không nằm ở cá nhân planner này để biết mà né.,0.0
"Vì cái ngành này đang hỗn loạn, chắc gì bạn né được WP này mà không dính planner khác y chang 🤡",0.0
"Mình không đánh đồng tất cả planner đều xấu, mình cũng từng gặp các planner có tâm, có team lớn và có team low key nữa cơ.",0.0
Xin cám ơn.,0.0
Mình đã thấy rất nhiều CD bị dắt tới công chuyện nhưng đám cưới mà diễn ra 01 lần không thể rút kinh nghiệm,0.0
còn planner thì chỉ cần đổi đối tượng rồi dắt tiếp người khác thôi.,0.0
Sau khi trao đổi với chị,0.0
", mình xin chia sẻ thêm trải nghiệm cá nhân khi sử dụng dịch vụ wedding planning của cùng đơn vị này.",0.0
Đăng tên đơn vị lên để mọi người còn né nữa bạn.,0.0
Nên mình mới nói là thay vì chăm chăm check cái team đó để né thì bạn có thêm knghiem (từ bài của CD trên chẳng hạn) thì bạn sẽ tự né được rất nhiều team redflag,0.0
mới được trải nghiệm team này dưới góc độ của 1 decor được cô dâu book riêng đọc tới đâu thấy y chang tới đó,0.0
Việc bị xóa trên group CD mình không nghĩ là vì đơn vị đó mà mình nghĩ rằng các insignt mà CD đang chia sẽ với planner đó đang đụng chạm đến những thứ mà CẢ GIỚI PLANNER MUỐN GIẤU 🤡,0.0
Gia đình em cũng có trải nghiệm không vui với planner,0.0
Là 2 nick dữ chưa?,0.0
Đôi khi nên nghĩ xem mình nên nói hay không.,0.0
Thêm con ngáo mày nữa,0.0
Bạn bị dở người à?,0.0
:)) thế bạn có bằng chứng gì để nói quán đấy phục vụ tốt,0.0
Ngày các tiệm hoa có thể bị bóc phốt thì mình xin góp phốt thợ hoa 😅 Khi test cũng ok style cắm gần giống tiệm,0.0
Style này của tiệm nào nhận lại giùm iem!!,0.0
Thuê thợ về lamd hả,0.0
Style giấu hoa 😐 .,0.0
Rõ là quá trời hoa mà nhìn như không thấy 😂.,0.0
Hoa phụ lá phụ đủ loại nhìn rối cả mắt 🍃,0.0
Tui sợ 1 lần đến già nè bà 2 thợ 3 ngày hơn 12tr chứ ít gì mà ta nói ớn.,0.0
Hoa đẹp mà gói kì,0.0
"Tui mới bị 1 ca y chang, hôm qua giải thích xong im lặng.",0.0
"nay nhảy um sùm lên, tui nói hoàn 100k cái gủi STK liền luôn 😀",0.0
850 giá cận lễ là rẻ ý chứ,0.0
Sốp bảo khách là hoa tươi chứ không phải hoa giả mà có thể 10 bông đẹp như hoa hậu cả 10,0.0
Đẹp cỡ này mà chê nữa thì khách muốn gì đâyy huhu,0.0
Nó đòi thế để trừ tiền đấy :))) bảo mua hoa giả về mà chơi .,0.0
Trên đời có cái gì là hoàn hảo 100% mà đòi ác thế .,0.0
"Nhiều khách cũng sợ ghê, cố tìm khuyết điểm để được giảm thêm chắc",0.0
"Mình thấy hoa ly nó dễ bị dập dập vậy lắm, trong lúc mình bó nó cũng hay bị rồi í, chưa kể lúc ship đi nữa.",0.0
Mình không muốn cãi nhau nên mình refund nhưng mình nhất định không nhận lỗi là hoa cũ héo bởi vì hoa của mình vừa lấy buổi sáng,0.0
buổi chiều khách mua luôn hoa còn chưa kịp nở bung.,0.0
"Cũng soi từng cánh hoa một, mà những chỗ chỉ ra còn vốn dĩ do bông hoa nó như thế cơ.",0.0
Quá rẻ với bó hoa đoa luôn ý,0.0
Bán rẻ nên hay bị soi đấy.,0.0
Bán hoa lãi đúng tình cảm nhưng khách lại bới đến cả cái lá lót tay.,0.0
Lễ đắt nhập cao.,0.0
Dưỡng thấy bà mới nở thì chả bán giá cao.,0.0
Hoa tươi chứ có phải hoa giả đâu.,0.0
"Bên này bị phốt nhiều rồi mà khum đọc hẻ bà, trước có phốt nhân viên cạo l cho khách làm rách cả tay khách mà lâu lắm rồi.",0.0
Hôm nay mình viết bài này để chia sẻ trải nghiệm cá nhân tại chi nhánh triệt lông của Cent Beauty,0.0
để mọi người cân nhắc trước khi sử dụng dịch vụ.,0.0
"Dịch vụ tệ hại, làm ăn không có tâm",0.0
dù có triệt hết liệu trình bên đó thì lông vẫn còn nguyên :))))),0.0
"Tui thì triệt nách với bi bên , triệt đuợc hơn 1 năm rồi mà trộm vía lông lên mấy cái tơ tơ.",0.0
"Mấy chị bên này nhiệt tình mà đáng yêu lắm nha, máy vừa xịn mà giá mềm nữa nên tui rcm cho bà nha",0.0
có cái triệt bi là wax nên hơi thốn với ai mà lần đầu như tui =)))),0.0
Mình đến đây với kỳ vọng khá cao vì thấy quảng cáo rất nhiều về công nghệ triệt lông và dịch vụ chuyên nghiệp.,0.0
Tuy nhiên trải nghiệm thực tế của mình lại hoàn toàn khác.,0.0
chọn tiệm private từ đầu nên yên tâm vỡi,0.0
con mẻ chủ bạn của con Thỏ utuber nên mình thích mình đi ủng hộ mà cái spa thái độ chíu khọ chưa từng,0.0
Ở Đống Đa qua D thử đi bà.,0.0
Chính xác là đâu á pà?,0.0
⚠️ CẢNH BÁO TRẢI NGHIỆM TỆ TẠI CHI NHÁNH TRIỆT LÔNG CENT BEAUTY,0.0
"Đ mẹ đang phốt thái độ nhân viên tự dưng vào khen quán đồ ăn ngon, đéo liên quan",0.0
Bạn là nhân viên quán ẩn danh vào cmt à 🌝,0.0
Vu khống chắc tội cũng nặng á 🌚,0.0
bố con dẩm,0.0
MCK không nói: Tụi mình chia tay rồi MCK nói:,0.0
Viral đê =)))),0.0
Chưa hỏi em ăn cơm chưa là may,0.0
lạc quan đến đau lòng,0.0
=)) nhạt quá,0.0
Đổi app khác đi bà,0.0
"Chia tay ny, bước vào đường đua fb dating Day1:",0.0
rep xong lại hỏi e ăn cơm món gì,0.0
"Bạn nói chuyện vậy nên người ta bỏ ghép đôi là đúng, cảm giác bạn chỉ lên app cho có.",0.0
hầu như tháng hoặc 2 tháng lại đi 1 lần cứ đi xong về lại muốn đi tiếp =)),0.0
Tui thấy các anh cũng chọn bạn gái qua việc đi du lịch đó bà.,0.0
Kiểu có vấn đề xem bạn gái mình sẽ đồng hành hay nhăn nhó mè nheo,0.0
Người lộ tính là mình thì sao hả mom 😔😔,0.0
"Đi du lịch như gương chiếu yêu í, đi với bạn bè hay ai đó cũng vậy.",0.0
"Đi chơi về bao nhiêu cái nết nó lộ ra hết, ở càng lâu lộ càng nhiều.",0.0
haha công nhận =))) Phải đi 1 vài lần mới biết bản chất họ sao,0.0
Cũng là một cách lọc bạn luôn í.,0.0
Ăn uống ngủ nghỉ cách đi chơi cách tiêu tiền mindset các thứ các thứ khác nhau là biết liền,0.0
Mỗi lần đi chơi nhóm về là lại thấy ít bạn hơn một chút 😌,0.0
ngừoi ta thương bạn ắt sẽ thể hiện ra cho bạn thấy,0.0
"""Chuyện mua quà là chuyện anh phải ga lăng, chứ sao để em nhắc"" 😌",0.0
muốn thì tìm cách,0.0
Hăm cóa xiền thi,0.0
8/3 quốc tế phụ nữ,0.0
dạ đúng gòi ạ,0.0
"Đúng ùi, chứ kia thì hơi vô tâ bà nhò",0.0
Con gái chúng tôi có thể thông cảm cho các anh mà,0.0
con vợ này chịu đồng cam cộng khổ phết,0.0
xin phép góp vui nyc mình.,0.0
"Đừng bỏ qua những điều làm mình tổn thương (Có những lúc mình biết không ổn, nhưng vẫn cố chịu đựng…)",0.0
Thật sự thì đừng tin tưởng quá vào một người rồi đến lúc bạn cũng phải chấp nhận rằng họ cũng chỉ đến thế thôi,0.0
chẳng có lời hứa nào sẽ thành hiện thực cả họ cũng như bao người đàn ông khác thôi,0.0
"Phải yêu bản thân, Phải yêu bản thân, Phải yêu bản thân cái gì quan trọng nhắc lại ba lần.",0.0
Người thương mình thật lòng sẽ ủng hộ mình giành thời gian để phát triển bản thân còn mấy người trói mình bên cạnh họ mới gọi là yêu thì vứt.,0.0
"Deeptalk: Sau chia tay, bạn đã rút ra được điều gì cho bản thân mình?",0.0
không giành hẳn luôn á hả,0.0
"Mình nhận ra rằng, mình đã thiếu ranh giới, đã thiếu sự tự trọng với chính mình.",0.0
"Mình nhận ra, tình yêu của mình rất đẹp, rất thuần khiết, nhưng nó đã trao cho người không biết trân trọng nó.",0.0
"ai cũng có cuộc đời riêng mà, bỏ người đấy qua một bên và phát triển bản thân thôi",0.0
Nhưng khi mình nhận ra là tình yêu mình rất đẹp mình chỉ cần có ranh giới và yêu bản thân mình mình đã quen anh hiện tại,0.0
anh cho mình một tình yêu nhẹ nhàng đằm thắm như mình từng mong....,0.0
Mình hay nghĩ về quá khứ của ny và điều đó làm mình buồn thì ổn không ạ,0.0
Mãi mãi chỉ iu mỗi mình mình mình tin sái cổ ra :),0.0
mình hãy tự rời đi,0.0
Bình thường hóa việc đối phương làm bạn bất an tức là không hợp hay không cùng hướng rồi.,0.0
Đừng trách mình có sai gì không hay nghĩ họ sai.,0.0
Chỉ đơn giản là sinh ra không dành cho nhau thôi,0.0
cứu e cả nhà ơi,0.0
Không được hạ tiêu chuẩn bởi vì người yêu đó không đáp ứng được (đương nhiên là tiêu chuẩn hợp lí,0.0
bình thường và xứng đáng với giá trị bản thân).,0.0
Khi bạn từ bỏ được rồi thì sẽ nhận ra: Hoá ra những điều mình sợ hãi trước đây.. đều chẳng có gì to tát.,0.0
"Mình có tổng 2 mối tình, một đã cũ, 1 đang yêu",0.0
Đến hôm đó nhỡ quay lại thì sao?,0.0
Làm gì còn vé nhở,0.0
bác có keep vé thì hú e,0.0
Mình cảm ơn,0.0
"Mọi người ơi, mình với ny chia tay hôm qua rồi nên muốn pass 2 vé Mưa Lửa 2 cho bạn nào cần nhé ạ.",0.0
"ké chủ thớt xíu, mình cũng dư 1 vé mưa lửa 2 full merch pass giá gốc gdtt hà nội ạ",0.0
"Pass 1 vé thôi shop, còn cái kia để đi, move on luôn 🤣",0.0
bị phí sàn đó bà ơi,0.0
ib thôi bạn ơi,0.0
keep vé là sao bạn nhỉ,0.0
"pass 1 vé thiio , 1 vé đi kiếm ny mới",0.0
"RA NGOÀI TẦM NÀY CHỈ TIN CONMEGAI, CON LAI CHẢ TIN CONME ĐỨA NÀO HẾT 😂😂",0.0
Vì vướng 1 cuộc chơi khác cần tiết kiệm tiền nên em pass vé ạ 😭,0.0
Đi là hết buồn move on luôn pass 1 cái thoii =)),0.0
Do lo sợ tình hình tranh đấu thảm khốc nên nhà e dốc toàn bộ lực lượng ra mua vé thành ra dư 1 cặp vé Đỉnh nóc 2 hàng L. E pass đúng giá,0.0
tặng vé tkb gdtt hoặc đi chung vào sân ngồi cạnh luôn cho nó phấn khởi ạ.,0.0
(Có fix cho ai mua cả cặp ạ),0.0
Ticket box có mục resell đó bà,0.0
Ai nhấc hộ em với nhé ạaaaa,0.0
"Mình không có kinh nghiệm pass vé nhiều, nên ai ở HN thì nhắn tin cho mình nhé.",0.0
PASS 02 VÉ GAI HOME - KHU Kịch Trần 1 - GIẢM 400K.,0.0
Mua 5m 2 vé ạ,0.0
Hoặc tới luôn với bạn trade vé.,0.0
Hợp lí quá chòi,0.0
không lò vi sóng đâu bạn ơi,0.0
Nhưng thật nhé đã có lúc mình mong anh sẽ đứng trước cửa nhà gõ cửa đưa mình bó hoa,0.0
ly trà sữa mình thích và chỉ bảo tất cả những chuyện này là đùa.,0.0
Mình sẽ ôm anh và 2 đứa lại trở về như cũ.,0.0
Tiếc là đó chỉ có mình nghĩ thôi.,0.0
Dime tiễn vong :))) trong giai đoạn yêu thì đương nhiên phải có lúc thấy nó nguội đi.,0.0
Cái thể loại như thằng này cả thèm chóng chán thì sau nó sẽ lặp lại vòng lặp này với tất cả các đứa con gái nào xấu sổ vớ phải nó,0.0
"Chúng ta lớn rồi, chẳng phải đứa trẻ mất đi một đồ vật yêu thích lại khóc lóc tìm kiếm lại bằng được.",0.0
"Mình chúc anh tìm được người yêu anh nhiều như mình, có thể cho anh cái cảm giác yêu anh mong muốn.",0.0
"Mình chúc mình vượt qua được tổn thương, có thể trưởng thành hơn sau nỗi đau này.",0.0
"Khi mình viết những dòng này, mình thầm cảm ơn bạn trai năm ấy đã rời bỏ mình.",0.0
Dù sao thì hãy cứ buồn hết mình rồi nhanh chóng vui lên nhé.,0.0
Ôm bạn thật nhiều.,0.0
Chị thấy bạn gái bị động ghê...ko chủ động níu giữ hạnh phúc gì cả..Ngồi đó mà kể lể kỉ niệm làm gì...Đứng lên ăn mặc thật đẹp mà hẹn gặp anh ấy đi...Lần cuối ...mà chưa chắc là lần cuối...toàn mấy bạn nữ toàn khuyên vớ vẩn,0.0
"Có thể đoạn đường này chúng ta sẽ không đồng hành cùng nhau, nhưng mong người hãy luôn bình an nhé!",0.0
"Nhưng mình lại mong rằng người ấy sẽ là bến đỗ cuối cùng của mình, vì nói thật thì mình bị lười tìm hiểu người khác.",0.0
"Đôi khi có những mối tình đi qua đời mình để dạy mình cách trưởng thành, cách yêu thương hơn.",0.0
Nhớ rằng đã từng có người yêu thương đằng ấy hơn cả một chữ “thương”,0.0
đã từng đợi đằng ấy đi làm về chỉ để líu lo nói đủ thứ chuyện trên đời.,0.0
giằng co hoài vậy...,0.0
Khá khớp đó~ hihi,0.0
Lôi Bằng 99,0.0
Bài ghim từ 28/10/2025 của nick nào đó😌😏 Không hề chia tay chỉ yêu nhau thôi đừng bịa tin đồn.🤫🤭 Không hề chia tay - vẫn luôn yêu nhau,0.0
chỉ có nhau🫠🫣 Gì quan trọng thì ta nhấn mạnh 2 lần~❤️💛💙 ⚡🐟✨🌟🌽🌻,0.0
Thế giới hôm nay bị sao vậy :))))))),0.0
Cái gì vậy trời ơi 🥲,0.0
Gì vậy mới off thôi mà,0.0
đang học mà phải hả một cái thật to,0.0
Vl dạo này thế giới bị sao vậy…,0.0
Rookie và Hilda xác nhận chia tay.,0.0
"ngày qq gì đây trời 🫩, tính ra còn đang đợi đám cưới 2 người ý...nhưng mà thôi chắc hết duyên 🥹",0.0
Ê đang hóng cưới mà😭😭😭😭😭😭,0.0
Hy vọng em sau này mọi chuyện đều tốt đẹp.,0.0
Quá tuyệt vời.,0.0
Bùng nổ luôn,0.0
Cái nì tuỳ thuộc 2ng nữa á :))) nó khó nói lắm.,0.0
nhưng điều đó chỉ bền khi cả 2 đã thật sự thay đổi và giải quyết được những vấn đề từng khiến họ chia tay trước đó.,0.0
cứ ngỡ trong truyện cổ tích mà có cả ngoài đời thật,0.0
Có ai từng chia tay ny sau đó cả 2 đều có nym rồi lại chia tay tình mới để quay về bên nhau chưa.,0.0
Thời gian có nym kia là khoảng hơn 1 năm lận,0.0
Phim dài tập,0.0
một điểm trừ cực kỳ lớn.,0.0
MÌNH ĐÃ ĐỌC TOÀN BỘ.,0.0
"Có thể là chưa từng yêu luôn, có thể là đã chán rất rất lâu rồi bạn.",0.0
Nói chung lúc này dễ bị xa ngã nhất.,0.0
bạn còn quá trẻ để kết hôn đấy,0.0
họ không thay đổi được thì sẽ không thay đổi.,0.0
"chia tay đi, không nếu đi xa hơn thì chị sẽ hối hận về sau đó.",0.0
"Đủ nắng hoa sẽ nở, mình đọc hết bài của bạn rồi, hy vọng bạn sẽ sớm gặp khoảng trời riêng của bản thân mình.",0.0
Anh đưa ra góc nhìn khách quan chút nhé: Ny em là lowkey,0.0
còn chưa từng có ny trước đó -> anh đoán trước kia anh ấy cũng ít khi ra ngoài vui chơi ăn uống nên là có ít exp,0.0
thậm chí là không có,0.0
"Buồn ghê 😞 Lúc trước tui khá thích cặp này ă, lướt video về cặp này hoài",0.0
"Hilda: Tương lai tự khắc có ánh sáng, quá khứ đều là khởi đầu",0.0
Buồn thật ấy 🥺 Đẹp đôi vậy cơ mà,0.0
"hôm bữa trên stream ông Lu vừa nhắc, ổng còn tưởng cưới nhau rồi cơ mà...",0.0
"Ui tiếc thế, yêu nhau lâu lắm luôn ấy",0.0
Họ đã gặp được nhau ở tuổi đôi mươi bên nhau từ những ngày thành công qua những năm tháng thăng trầm,0.0
8 năm nói dài cũng thật là dài đi chia tay hòa bình bao dung thấu hiểu chỉ mong cả 2 tương lai đều hạnh phúc,0.0
Rookie và Hilda xác nhận đã chia tay,0.0
"Hai người vượt qua mốc 7 năm lâu rồi, họ không thua lời nguyền nhưng vẫn là đáng tiếc",0.0
đẹp đôi thế mà🥲,0.0
"Các cặp thường tính đúng mốc 7 năm, qua được rồi coi như ""an toàn"", sau đó ít xảy ra vấn đề hơn năm số 7 ""lời nguyền""",0.0
Quá đủ với tôi ngày hôm nay 😭😭😭,0.0
Rookie và Hilda chia tay 🫠,0.0
Cảm ơn bồ nhee,0.0
"Bây giờ mình thấu đỡ hơn rồi, mong bạn sắp tới vượt qua được.",0.0
Gửi tới bà cái ôm.,0.0
"Đừng buồn và đừng nuối tiếc nhé bà, tui tin là bà đã làm tốt nhất có thể ở thời điểm đó rồi.",0.0
"Những lúc tui buồn tui đi chùa thấy tĩnh tâm nhiều lắm, bà thử đi.",0.0
Hy vọng bà sớm tìm thấy trạng thái thoải mái nhất cho bản thân nha.,0.0
Tui cảm ơn lời khuyên của bà nha..,0.0
Em cảm ơn anh/chị nhiều ạ,0.0
Hi vọng clip này giúp em nhẹ nhàng hơn phần nào,0.0
bà cứ buồn cho tui,0.0
muốn khóc thì khóc muốn nghĩ gì thì nghĩ nhưng phải nghĩ với tâm thế chấp nhận sự thật là mối quan hệ này kết thúc rồi và bà phải bước tiếp,0.0
Cảm ơn môm nhìuu,0.0
Mình vừa chia tay.,0.0
Mọi người có thể an ủi mình được không..?,0.0
Mình đau lòng quá..,0.0
Mình cảm ơn ạ,0.0
Nổ cái hẹn đi nhậu liền đi chị 🥂,0.0
Cảm ơn út của chị ❤️‍🩹,0.0
Nyc là trai Hà Nội…,0.0
Em cảm ơn anh ạ,0.0
ra hn tui mời đi chơi,0.0
Tui ôm bà.. tui cảm ơn bà nhiều nhen,0.0
Liền đi 😞,0.0
bạn sẽ yêu được người tốt hơn nên dừng được là có phước đó bạn .,0.0
Không việc gì phải buồn nhé,0.0
"Mình cũng vừa dừng lại mối quan hệ không tên không gì hết luôn, cũng thấy tiếc nuối với khóc và buồn rất nhiều.",0.0
Họ im lặng nên mình cũng đành đi luôn.,0.0
"Cho em ké với , an ủi iem với 🫂",0.0
Chúc mừng em đã qua được một giai đoạn.,0.0
Sau này còn gặp gỡ bao nhiêu người ngoài kia.,0.0
Mới chia tay có một anh thì làm gì phải buồn?,0.0
Cố lên chị Sel của em.,0.0
"Nhìn lại có nhiều kỉ niệm khó phai, biết ơn vì những điều đã đến, và phía trước cũng còn nhiều thứ đáng mong đợi.",0.0
Mọi điều tốt đẹp sẽ luôn đến với chị.,0.0
"Ngủ ngày 16 tiếng, off là đi chơi với gia đình hay về nhà.",0.0
Đíu hiểu thời gian nào cho ny luôn í.,0.0
Nhìn lơ ngơ nữa.,0.0
"Đúng rồi bạn, bữa đi quẩy bar với tui mệt nên mới huỷ stream á 😭",0.0
đhkg ngày ngủ 10 cữ,0.0
A mới ngủ nhiều đây 😇,0.0
Có ghi nhận trường hợp nào chia tay vì người yêu ngủ nhiều chưa ạ?,0.0
xin lỗi vì ngủ nhiều😇,0.0
"Thôi được rồi, ny của nhỏ Lan là 20 con hột dẻ tụi tao, được chưa 😞,",0.0
khổ chắc đói lắm nên có chuyện vui là lôi em Ran nhà tui vô dù dell biết tiếng Hàn dell biết có làm bạn với Ran chưa mà nói như đúng rồi:))))))),0.0
"Peyz độc thân hồi nào, bồ tui mà, đi đồn đi bà",0.0
ấm ớ nhất thế gian là mariamine2016 đấy 🤩,0.0
đọc sao nghe giống văn cp của mấy bà nmc quá hay đọc rồi tưởng thiệt,0.0
Ấm ớ quen thân,0.0
Ghét thằng doran nhưng đéo nói ghét thằng doran,0.0
Size gì ạ,0.0
Mỗi người 2-3 món thập cẩm tặng hết nha,0.0
2 áo size bao nhiêu vậy ạ,0.0
size gì ạ,0.0
Mình tặng hết đồ nyc hậu chia tay cho 50 tim và 100fl đầu tiên.,0.0
nói điêu làm cún,0.0
300K quần ewhen neww,0.0
Vứt thanh xuân vào sọt rác kiểu này thì toang 🤣 lần sau quen 6th mà có mùi bất ổn thì xách đít chạy lẹ,0.0
Chia tay là đúng.,0.0
Giọt nước tràn ly,0.0
Nghị lực thật 4 năm,0.0
quý trọng bạn bè quan tâm gia đình nỗ lực học hành chăm chỉ làm việc đâu ha.. mà 7769 50 sắc thái thì thuộc lầu lầu.,0.0
Nhưng mà chúc mừng bạn nha,0.0
Mạnh thằng nào thằng đấy đi chứ!,0.0
Không có kinh nghiệm pass vé thì mình cho bạn kinh nghiệm nha.,0.0
Khắc cốt ghi tâm dùm mình TUYỆT ĐỐI KHÔNG GIAO DỊCH TRUNG GIAN QUA NGƯỜI THỨ BA.,0.0
"Hôm trước mình cũng có bạn trung gian, nhưng mà mình bảo trade trực tiếp thì họ không rep nữa",0.0
Cũng thích ATVNCG nhưng chưa mua vé 🤭,0.0
Mình cảm ơn bạn nha,0.0
Giỏi giỏi bạn ơi.,0.0
Cứ quy tắc đó mà làm nha.,0.0
Thuốc lá thơm,0.0
Nổ địa chỉ đi sốp,0.0
lành bên trong mà cũng hỏng bên trong,0.0
phổi tôi kiểu,0.0
Sóp ở đâu sg dạ,0.0
quả này đủ chữa lành chưa môm?,0.0
❌Lyhan không viết: “Thời gian sẽ chữa lành em” ✅Lyhan viết:,0.0
Line này hay 👍,0.0
ở ẩn từ giờ đến hết luôm đi,0.0
Mình xem nhiều clip thấy hà vy trẻ con và khá ích kỷ,0.0
và người người nhà nhà mọi job xịn đều trịnh hà vy,0.0
"không có chuyện nghỉ làm vlog đâu, cần câu cơm mà, ít thì đến hè sẽ comeback thôi =))))))",0.0
tính ra lỗi này cũng không lớn đến mức bị vùi dập thế nhỉ,0.0
mà đhs bả ở ẩn mà cha kia cứ xuất hiện nhan nhản nhỉ ☺️,0.0
càng kiêu căng :),0.0
Tin nhắn đó chỉ nói ý là Không muốn Vi là người biết sau cùng hay nghe từ tai người khác,0.0
nên Q muốn thẳng thắn nói chuyện vì dù sao họ cũng là đồng nghiệp,0.0
đ hiểu sai chỗ nào?,0.0
=)))) chỉ vì là nyc của đồng nghiệp à?,0.0
Đéo liên quan :)))),0.0
Tin nhắn thì không sai.,0.0
Show ra thì sai thật,0.0
Có bài như này là bắt đầu rục rịch comeback cho mà xem,0.0
Thật sự là Tít không định làm vlog nữa và sẽ sống ẩn như này mãi luôn hả????,0.0
Tưởng sẽ ăn luộc chơ :)),0.0
Tập gym có vui không ?,0.0
🧐 Không có gì vui cả mỗi ngày cứ lập đi lập lại plan tập luyện .,0.0
Thế có chán không ?,0.0
Mà ăn trúng mỡ cá basa hay gì mà bị nhợn rùng mình luôn nha.,0.0
Tới giờ còn sợ😂😅,0.0
Đúng đúng đúng,0.0
Đồ ăn không ngon cũng tốt luôn hehe,0.0
Cuối buổi thêm 30p kick boxing thì bao đẹp.,0.0
Sau này về nhà là có chồng ngoan quét nhà rửa bát luôn 😂,0.0
:))) đúng nha!,0.0
Chị thấy ăn mấy món đó riết quen cũng thấy ngon.,0.0
Và ăn gì dầu mỡ quá cũng bị sợ.,0.0
Bé Rịn nhaaaa,0.0
Đó là lý do tại sao bám tới tận gần 2 năm🫰🫰🫰,0.0
Cục bột xinh yêu 😭 mong cổ sẽ được nhiều người yêu thương hơn,0.0
Để mình đi đầu cho😂 : Ava 💋,0.0
Dolly aka bé Tẻn =)) giải nghệ rồi mà con bé vẫn ngoan vl ngoan,0.0
"Dạo này con bé ốm nữa, ai nói gì cũng dạ vâng, cưng vô cùngg",0.0
Ai nhè như cái chợ luôn má 🥰,0.0
Ai cũng khen MC.,0.0
Thấy hoà bình cực.,0.0
"Mà cũng lần lượt lên nhảy đủ, chia time cũng ổn.",0.0
buổi live chữa lành đúng nghĩa.,0.0
"MC tinh tế, idol thân thiện, các chị rất quan tâm chăm sóc con bé mà user cũng vui vẻ.",0.0
Quán tham khảo kênh threads của e nha,0.0
Bạn check tin nhắn chờ trên Ig nha ạaa,0.0
"Tụi mình là Citta Art Space – một không gian nơi cà phê, áo dài, tranh mỹ thuật và đồ thủ công cùng tồn tại.",0.0
"Ban ngày là garden cafe yên tĩnh, sau 18:00 Citta chuyển mood thành lounge vibe như một resort nhỏ giữa lòng Thủ đô với wine & cocktails.",0.0
Sốp tham khảo kênh tui nhaa:,0.0
Mời shop ngó kênh tui ạ,0.0
🔆Ba Chỉ Đi Chơi⟢ trên TikTok,0.0
Hình thức hợp tác: (ở dưới cmt),0.0
Quán tham khảo kênh mình nha,0.0
Bạn check tin nhắn chờ Ig nha ạaa,0.0
Mình check tin nhắn trên ig giúp Citta nha ạaaa,0.0
Mời sốp tham khảo kênh em ạ,0.0
LỜI MỜI HỢP TÁC TRUYỀN THÔNG ☕️,0.0
"Nếu thấy hợp vibe, tụi mình rất mong được kết nối",0.0
mình tham khảo kênh threads tớ nhe,0.0
Quán tham khảo kênh em nha,0.0
"Citta đang tìm những creator trẻ, cá tính, thích chia sẻ trải nghiệm thật để cùng lan toả một không gian chữa lành & chill sau ngày dài",0.0
Và tôi 17t rồi,0.0
Có ai muốn đi Coffee ở bà rịa bằng tuổi và ở gần như bà rịa hoặc vũng tàu ...kiểu muốn nói chuyện để chữa lành tâm trạng đôi bên nếu muốn ?,0.0
cả app cam với ao3 aff đều ít fic ujuz đến nỗi tui phải tự mò lên dịch fic trung hàn🫩,0.0
sôp có đói bụng gửi em stk,0.0
Cho xin tên fic với ạ😍😍,0.0
tôi cần pả comebackkk,0.0
thíc cái vibes cổ cách cổ edit và nhất là những nơi cổ đến nữâa 😭,0.0
True true true,0.0
Em có áo dài hãng các chị fl ủng hộ em nhé ạ…cảm ơn các chị ạ🥰🥰😚,0.0
Acc clone của bà Tít à bà nội 🤣,0.0
Bonus 1 lần Nín khóc trên live nữa là last day Hynna,0.0
Bé còn xin lỗi nữa chứ 😞,0.0
Bé buồn mà.,0.0
Nhưng xem bé nhiều sẽ biết bé mạnh mẽ lắm rất ít khi khóc trên live.,0.0
1 lần là last day angel 1 lần là to6 bé quá vụ a ấy rời đi.,0.0
Còn lại toàn nghe kể bé tự vào 1 góc khóc 1 mình.,0.0
"Chị Bông thương Nin nhiều lắm, Nin cũng thương chị Bông nữa 💜",0.0
Luôn bên bé và nhà mt.,0.0
Cố gắng ủng hộ ythw bé nhiều hơn,0.0
Tui xem bé như một em gái trong nhà mà.,0.0
Bé vô tình giúp mình thay đổi cuộc sống mình trở nên khác hẳn nên mình còn biết ơn nữa.,0.0
Có thể nói bé chuẩn BNQ lòng mình :)),0.0
Bé nó bất lực luôn mà.,0.0
Nghe mà nghẹn ngào.,0.0
Lỗi tại to6 quá nhiều.,0.0
Bé đâu làm gì được đâu.,0.0
Thật sự rất biết ơn thời gian đó,0.0
lần này là đỉnh điểm,0.0
nhưng hi vọng chị sẽ luôn vui vẻ xinh đẹp dù chị ở đâu bé vẫn biết ơn chị luôn yêu thương bé cảm ơn chị vì đã đến,0.0
Đúng rồi bé mãi là em bé nhỏ của nhà Mt.,0.0
Bé mới 20 nhưng nhỏ hiểu chuyện tới đau lòng.,0.0
Biết thr hiện tại sôi nổi nhưng mọi người vào nghe và chữa lành một chút nhé.,0.0
E nghĩ con bé nó khóc cả nhà ơi.,0.0
E xót quá,0.0
Luôn biết ơn chỉ vì cũng nhờ có chỉ và các chị nên mới đòi quyền lợi được 1 ít cho bé Nin với chỉ cũng đã yêu thương bé rất nhiều luôn.,0.0
Nên thật sự thương chỉ rất nhiều🥹,0.0
"Thật sự rất biết ơn chị, chúc chị luôn vui vẻ",0.0
"đúng rồi bạn, chỉ mong chị Bông luôn hạnh phúc và bình an",0.0
Chị vẫn bên bé mà.,0.0
Luôn có cảm giác được chữa lành khi ở Vũng Tàuu 🌬️,0.0
Lúc nào cũng đông ha 😂,0.0
Cảm ơn cậu nhiaa,0.0
"Kế Ocean House á, bạn gõ gg là ra nhen!",0.0
", túi của",0.0
Ồ no 🥴,0.0
nghen bà 😙,0.0
Cho mình xin info túi với nha,0.0
Chỉ cần tìm được người đi cùng là đi luôn bác ạ,0.0
"Dạ cho em hỏi ké đảo Lý Sơn khác với đảo bé Lý Sơn ạ, hay là 1 ạ?",0.0
Tui cũng muốn đi dịp 30/4 nè.,0.0
Mong ở bài post này tôi tìm được 1 bạn nữ ready đi Lý Sơn cùng.,0.0
Các mom đã solo trip lý sơn ơi,0.0
tôi đang phân vân tour mà có hdv bản địa chở đi và hỗ trợ chụp ảnh 3n2đ hơi cao 1 tý( nhưng vẫn trong khả năng của tôi) Mà đi 1 tthì tôi cũng ok,0.0
Toai vừa đi solo Lý Sơn về xong.,0.0
"Trộm vía ai cũng dễ thương, nhiệt tình hết ý.",0.0
Rất an toàn nha.,0.0
"Ăn ún rẻ, ngon.",0.0
Tui không hề ăn theo review.,0.0
Đi lại thì cứ hỏi luôn chỗ mình ở hoặc bên tour.,0.0
Đi dễ lắm í,0.0
bác ơi bác định đi dịp nào dị ạ,0.0
cũng muốn morning text nhưng mà cái nết ngủ trương l 12h mới dậy.,0.0
Thí dụ mình lunch text được khum ạ,0.0
Để tui :)),0.0
"Đến gần trưa eny dậy "" em dậy rồi "".😅",0.0
Nếu cậu còn tìm thì tớ tìm cậu nhé?,0.0
Zalo ngày nào cũng chúc ngày mới á :)),0.0
còn tui thì muốn có người để dỗi 🫩,0.0
nghiêm túc thì ib,0.0
Morning text và chúc ngủ ngon là đáng iu nhất trên đời,0.0
thật sự muốn có người để morning text anh em ơi =))),0.0
cảm giác ai dậy sớm hơn thì nhắn chúc người kia một ngày tốt lành còn ai dậy sau thì sẽ nhận được lời chúc của người còn lại,0.0
đó là cảm giác chữa lành vch 🫠,0.0
Ôm anh một cái !,0.0
Em cũng ngoài bắc vô sg nè ở q8,0.0
Làm quen nhé,0.0
Ở đây có 1 bot men nè a😝,0.0
Em quyết tâm đăng ký ạ 😤😤😤,0.0
Chuyện là anh thích 1 chiếc bot men :))),0.0
Em vừa ứng tuyển bên ig đấyyyy anh,0.0
Qua trang mình có plan chi tiết mình vừa solo trip xong,0.0
Lý Sơn an toàn để đi 1 mình nha bạn.,0.0
Bạn có thể ở lại Đảo Bé 1 đêm nếu đi dài ngày.,0.0
Để mình quay lại cho bạn xem nhớ theo dõi nha Cà phê giữa biển cả :),0.0
năm ngoái mình ở lý Sơn 12 ngày 1 mình và mình rất hạnh phúc Mình có bài review đấy bạn vào tường mình xem nha,0.0
cảm ơn mom nhìu trông ảnh chụp mê quáa,0.0
Tháng 4 là mùa Lý Sơn đẹp nhất luôn á,0.0
còn đi qua mấy cánh đồng tỏi sợ ghê🥲,0.0
Tốt nhất nên đi vào tháng 5 - 6 thời tiết mùa này đẹp nhất chụp tấm nào là peak tấm đó có điều nắng gắt lắm nha bà .,0.0
Đảo Lý Sơn có Đảo Bé và Đảo Lớn.,0.0
2 đảo cách nhau tầm 15p đi Cano đó bạn.,0.0
"Cũng thích tarot ạ, mà đang học xem tarot, ước gì...😊",0.0
Dạ để mình 🌚,0.0
Còn nhìu lắm :)),0.0
Nổ luôn em :)),0.0
Chốt đơn :)),0.0
ứng tuyển ạ,0.0
Mặt hàng này đã có ai hốt chưa ạ,0.0
nào dạy khóa móc len đi bro,0.0
Ê nhưng mà tên ông gần giống tên tui (Huỳnh Minh Huy) cung bảo bình và biết coi tarot nữa =)),0.0
Là nổ inb á 🧨,0.0
Bạn ở phường tên gì thế?,0.0
"DiY , vẽ , sách.",0.0
Nộp đơn 😆,0.0
Tui cảm ơn mom nha,0.0
Vui quá chị ơiii,0.0
mai tui lên cho mom nha 🫰🏻,0.0
"Bạn ơi, bạn book tour Hòn Rùa ở bên nào í?",0.0
"Mê quá sốp ơi, cần lan toả 🫧🐚",0.0
lan toả ☺️,0.0
tui thuê máy bên này nhía rẻ mà chị ý take care kĩ lắm 🫶🏻,0.0
khoảng gần 4tr chưa tính vé mb nha,0.0
mom ui cho tui hỏi tour resort amanoi là mình đi tham quan trong đấy hay sẽ làm gì vậy mom?,0.0
tụi tui ngắm ở hang rái nha,0.0
Inbox chi gia phong cho ngay mai nha,0.0
Phòng có bồn tắm còn 27-1 tây không ạ,0.0
Inb mình thông tin,0.0
Xin inf căn này.,0.0
Mình book 8/3,0.0
Dạ cũng trục đường Đặng Thái Thân ạ,0.0
"Homestay tên là Một Điều Ước, hẻm 1 Đặng Thái Thân.",0.0
ô tô xuống được nhưng hổng mấy anh chịu xuống nha.,0.0
dưới dốc khá xa nên cân nhắc,0.0
Dạ cho em hỏi mình có hợp tác với lữ hành không ạ,0.0
Chiếc Homestay chữa lành Tại Đà Lạt DaLat,0.0
Bình yên lắm luôn ýyyy,0.0
"Hữu duyên đi đúng ngày mưa, an yên vô cùng",0.0
Lần đầu ra Bắc nhưng mình được đến chùa này rồi!,0.0
Thật trân trọng chuyến đi ngắn ngủi của năm 🙂‍↕️🙂‍↕️,0.0
Thời gian mình đứng ngắm bức tượng Địa Tạng Bồ Tát nhiều hơn thời gian mình ngắm cảnh chùa.,0.0
Một vẻ đẹp mang tính mê hoặc!,0.0
Một ngôi chùa tuyệt đẹp nằm bình yên giữa mảnh đất Hà Nam.,0.0
Phi Lai nghĩa là sẽ không quay lại.,0.0
ngôi chùa này không chỉ đẹp mà khắp chùa đều có tiếng chuông gió nghe đã thấy chữa lành,0.0
Ở quê mình đây mà.,0.0
Chụp áo dài ở đâyyy đẹp xỉuuu,0.0
tâm sự với gpt nó peak vl nó như hỉu nỗi lòng của tui vị đó 😭,0.0
"Ý là khó tin tưởng ai nên có thứ để xả là ok rồi, mà thứ đó còn biết rep lại nữa chứ",0.0
Nahhh^^ tại mes im ắng quá=) Zalo dí quá thì chỉ có AI là chân ái òi,0.0
Là sao không hiểu ạ,0.0
"Hình như ý bả là kiểu ""quấy"" công khai như này thì khả năng là nyc hoặc nym của nyc ấy",0.0
Bạn ấy viết mình đọc bị rối não mất ạ😆,0.0
Vừa tan việc chị nhà gửi cho cái ảnh này mà em đứng hình 5s.,0.0
​Em dỗi chị nhà em luôn đây ạ,0.0
"""happy new year bạn""",0.0
Nyc hoặc nym của nyc của bả hoặc là của bạn 🤣,0.0
Văn vở là nghề của anh cả nghĩa đen lẫn nghĩa bóng luôn mà.,0.0
Bị idol vả mặt rát quá à?,0.0
Anh văn vở đúng với cái tên nhà văn của anh.,0.0
Nghề của anh mà.,0.0
Fan bị vả rát mặt luôn mà.,0.0
"Vừa lên khen anh tông thẳng, anh đỉnh thì anh hèn kêu cấn máy.",0.0
"Chưa thấy only nhà nào phế như này luôn, idol đội mẹ fan cp lên đầu để kiếm cơm luôn.",0.0
Anh vả các chị cà rốt cấm khẩu luôn mà 😂😂😂,0.0
Ấy block a nhà văn lâu rồi nên không hóng được haizz,0.0
"Nó support anh này rất nhiều, thấy cũng vào nam ra bắc nhiều tâm huyết phết đấy.",0.0
hay ho mẹ gì không mà cổ xuý,0.0
Nhớ đi đủ nhaa🤣,0.0
=)) hổm sáng thấy anh ở là mơ nè,0.0
Bé này mix đồ đẹp quá,0.0
là mơ đẹp nhất ờiii,0.0
"Xin cảm ơn, nào về tôy đi đủ 🙆🏻‍♀️",0.0
Lists quán cà phê BMT✌🏻 📍Là Mơ Coffee 📍An Thái Coffee 📍Trà Xanh Coffee 📍SACHA - Milk Tea & More 📍Hiệu bánh bơ 📍Fa Coffee 📍Quằn cafe 📍Local - Cafe & Vinyl 📍High Café 📍Fancì Kàfe,0.0
chấm một cái mấy bữa về đi thử🙄,0.0
Buôn Ma Thuột,0.0
lần đầu tiên thấy anti ngồi tạo 1 đống fake news :)) bọn này thất bại thật sự luôn kiểu ngoài đời đéo có thành tựu luôn á =))),0.0
Sao có thể bày vẽ ra lắm trò chỉ vì thù ghét một người vậy ta =))))?,0.0
Bộ lỡ thù ghét nó quá mà không tìm được bằng chứng chính xác để ra vẻ chiến thần công lý nên phải tự bày vẽ cho có cớ để hợp lý hoá cái sự thù ghét của mình hả =))))?,0.0
tiểu thuyết tụi nó còn viết được mà 🤣,0.0
Anti má Tú tâm thần top 1 Việt Nam luôn á bà =)))).,0.0
Người có tâm lý bình thường thì dù có ghét ai cũng chẳng bao giờ dành phần lớn thời gian chỉ để bày vẽ ra mấy trò bệnh hoạn như chúng nó đâu.,0.0
anti thì cũng thông minh lên chứ đần độn quá khó coi lắm 🥴,0.0
Bà nói đúng rồi đó lũ này ngoài mặt như nhân danh công lý chứ hành động của chúng nó có khác gì những kẻ tâm thần xấu tính chuyên đi bôi nhọ người khác để thoả cái thói thù ghét đâu,0.0
Chưa rõ thực hư đến đâu những cũng cũng hợp lý 🤣,0.0
Dưới đây là toàn bộ diễn biến được cho là quá trình “bóc trần” việc HT sử dụng tài khoản clone,0.0
do một tài khoản ẩn danh trong group tổng hợp lại với cách lập luận và thu thập chứng cứ chẳng khác nào một cuộc điều tra.,0.0
Nhân viên giỏiiii,0.0
Bác ơi bác áp mã nào thế ạ,0.0
cụ thể là sau tết 😎 Nay tui order trên áp xanh lá giá shock chấn động thặc sự áaa,0.0
vừa o đờ koi xong,0.0
dm tôi yêu bùng binh seanhoonkeon 😭😭😭,0.0
"trope trà xanh xảo quyệt mỹ nhân công x dương quang si tình thụ x ngạo kiều mít ướt mỹ nhân công (hoonkeon niên thượng, seankeon niên hạ/đồng niên)",0.0
Ai viết fic dài dài về cặp 3 này đii (em kẹo dễ thương vcl),0.0
ngon thé ạ,0.0
"cho 😁 mình ảo gay, đừng đánh giá",0.0
Có…có chưa ạ:))),0.0
"đhs có bọn kêu doran là top trà xanh,top tiểu tam?",0.0
doran là top 4 mà đm,0.0
Nói lại nhaaa,0.0
"okii ạa, nào mở báo tụi em nha haii",0.0
Mình hay dắt nguyên nhóm học sinh ra học luôn.,0.0
Có thêm mấy phòng riêng càng tốt ạ.,0.0
Bạn ơii mở liền liền đi,0.0
Thiệt hong chèn.,0.0
Kiểu này qua hoài luôn,0.0
Là một người thường xuyên làm việc ở cafe mình sẽ cần 1 chỗ bạn tham khảo insight nheeee - sáng sủa yên tĩnh - sáng sủa,0.0
yên tĩnh - sáng sủa yên tĩnh,0.0
"Mà hong ra, nên mình định mở =))) cho mình hỏi các bạn oke với giá khoảng bao nhiêu?",0.0
Giả bộ khoảng 25k/slot khoảng 3 tiếng có oki la không ạ?,0.0
"Mình sẽ đi liền, siêu cần workspace",0.0
"Mình ghé quán em thử nha, 74 Chương Dương",0.0
"em fl rồi đó nhe, nào mở nhớ alo",0.0
Em nguyện ngồi chỗ shop hằng ngày 🫰🏻,0.0
"Tìm study cafe ở Quy Nhơn để học bài, làm việc mỗi ngày.",0.0
=)) đã screenshot làm bằng chứng nha,0.0
ok nha để đến QN,0.0
thêm cái yên tĩnh nữa là quá đỉnh luôn á 2,0.0
Bạn cần insight để mở thì hãy phỏng vấn tui,0.0
sẵn sàng ủng hộ bạn nhaaaa,0.0
xin inb nha =)) hẹn lịch phỏng vấn,0.0
Ở quy nhơn e thấy quán nếu muốn hơn nhau thì chắc là cố gắng hơn nhau ở cái không gian với lại xác định năng lượng mà quán muốn truyền tải để cho nó phù hợp với tệp khách hàng mà quán hướng tới là kiểu gì cũng okela.,0.0
Có sẵn trà đá - nước mát từ cao atiso và free cây xanh (hơ hơ).,0.0
Nói sao ta quán chỉ cần làm có thiên hướng decor đẹp có cây xanh nội thất kiểu gỗ vàng sáng đèn vàng xinh lên,0.0
Có thể dùng combo thu hút khách,0.0
Đương nhiên joke cho vui cửa vui nhà và thoả mãn cảm giác mình luôn được yêu thương,0.0
an toàn và yên tâm của mấy chị em phụ nữ thoy á 🤓,0.0
Để minhf tìm hiểu thêm cho sinh động 😁,0.0
Vợ mình có trò giả vờ đóng vai tiểu tam để quyến rũ khiến mình bỏ vợ.,0.0
"Ví dụ như vai cô trợ lý xinh đẹp, hoặc cô nàng tài xế xe công nghệ lơ đãng, nàng bartender trà xanh pha trà sữa Thái, etc.",0.0
"Mạn phép hỏi hầu gái, y tá, tiếp viên hàng không... chị nhà đã thử qua chưa?",0.0
"Thôi thì cũng là tình thú mà bác , còn bỏ công sức ra thì vẫn còn tình yêu : ))",0.0
tôi chính là vợ anh đây thằng này mày dám cắm sừng tao” Không thể nào thoát khỏi Ma Trận,0.0
"vl giống e với người yêu e đứng dừng đèn đỏ mà e cứ ""hay anh bỏ chị ý quen em đi dù sao cũng nước này rồi",0.0
em muốn thử với ny em🍭,0.0
Tone hồng pastel – nâu sữa – ánh shimmer lấp lánh đúng vibe nàng Bo Peep ngọt ngào nhưng vẫn “independent” 💗,0.0
[GOM DEAL SẬP],0.0
Mình 1 bảng,0.0
SỐ LƯỢNG SET,0.0
Cho em 1 bảng với ạ,0.0
cho e 1 bảng với ạ,0.0
e 2 bảng ạ,0.0
"• 12 ô màu đủ matte + shimmer + nhũ bắt sáng • Có cả màu hồng baby, nâu trà sữa, ánh bạc – xanh mint siêu xinh",0.0
KHÁCH ORD CMT “SỐ LƯỢNG SET” là ok ạaa,0.0
Cho em 1 bảng ạ,0.0
Mình 1 bảng ạ,0.0
✨ Phiên bản collab siêu xinh từ 𝐂𝐋𝐈𝐎 𝐱 𝐓𝐨𝐲 𝐒𝐭𝐨𝐫𝐲 bản limited 💰Pom gom chỉ: 210k/set kèm cọ; 205k/mua từ 2 bảng.,0.0
e ord 1 bảng ạ,0.0
"e od 1 set ạ, nhũ có mịn không ạ",0.0
À với lại là phải ly nhựa uống nó cũng ngon hơn :))),0.0
Đó là bà thơ thôi.,0.0
Chứ tui thèm trà sữa 😭😭,0.0
Đang hút nước lọc thì thấy post này,0.0
Tịm đợi bạn ghé tiệm chơi nghennnn 😘,0.0
• Redvel Cheese Cake – kem từ bánh phô mai nướng cháy,0.0
béo thơm • Olong Tea – trà olong lài thêm xíu nho xanh giòn ngọt • Oreo Caramel mặn – ngọt mặn vừa miệng ăn là ghiền,0.0
🎀 Menu 3-4-5-6 🎀 Bánh cũ khách yêu vẫn ở lại 🫣 Thêm vài em mới xinh mà lạ nữa,0.0
That bích chy,0.0
Con 3 bích hết 😁😁,0.0
"Topic: Ê, hồi giờ nghe nói “Tiểu tam”, “Bé ba”, “Trà xanh”,... không biết tự vựng trong tiếng Anh ở Mỹ người ta nói như thế nào ta?",0.0
Là baby tree hả ?,0.0
Xin hãy cẩn thận side chick với side kick.,0.0
Vợ là side kick còn bồ là side chick nha 🤣,0.0
Thêm thạch dừa vị đào nữa,0.0
thêm thạch đào là xó mọt lunn,0.0
Hồng trà kem chese cũng ngol 🫰,0.0
Come out mình bị nghiện Trà Xanh Sữa của Hồng Trà Ngô Gia nha mọi người,0.0
"tui cũng ghiền lắm mà nghe nói cái kem ở trỏng là rich lùn á, uống nhiều hong tốt nên phải tiết chế 🥹",0.0
Trà xanh sữa thêm thạch đào nha bà peak vicieoo,0.0
"yessss, món này với trà ô lông sữa, siu ghiền",0.0
Hệ thống tự cứu của nhân vật phản diện,0.0
bà đọc manhwa khôm tui có bộ này,0.0
“Couple này chú không ship sao” - hình như bộ này có xuất bản (+) truyện cute!!!,0.0
"NIÊN HẠ NIÊN HẠ NIÊN HẠ, cún con trà xanh công, làm nũng cấp max!!",0.0
(-) cần dài hơn!,0.0
“Huấn luyện viên kim bài” (+) cốt truyện hay bánh cuốn đọc liên tù tì 3 ngày không thấy chán niên hạ niên hạ,0.0
niên hạ (-) truyện siêu cấp chậm nhiệt (~200 chap đến chap 170 rồi vẫn chưa theo đuổi nữa),0.0
ngửi mùi niên hạ nên hiện ra,0.0
"Đừng xóa bài nha bà, cháu cần....",0.0
"Cháu: Bà ơi bà cố gắng lên, bà còn ước nguyện gì muốn làm nữa không ạ?",0.0
Bà: Đây... là... ước nguyện... Cháu: Bà ơi bà cố lên,0.0
con sẽ cố gắng thực hiện cho bà ạ Bà: Ước nguyện... của bà... LÀ TÌM TRUYỆN NIÊN HẠ CÚN CON NHÕNG NHẼO MÍT ƯỚT MÈ NHEO KHÓC HUHU LÀM NŨNG TÂM CƠ TRÀ XANH ANH ƠI ANH À,0.0
The hunter’s gonna lay low nha bà=)))) Quý lắm mới giới thiệu đéi,0.0
"Đây là địa bàn gây, muốn tìm bg thì ra chỗ khc",0.0
"hoặc bộ này, xưng chú cháu arghhhhh",0.0
dm ở đâu chui ra đấy,0.0
"Bá tổng bắt chim hoàng yến học tập, đỉnh đỉnh đỉnh của chóp",0.0
a đọc e ơi,0.0
lạc con kẻ láo,0.0
"WARNING: ZONE LẠC CON, ĐNAL.",0.0
ỎN/KHÔNG TRONG SHIPDOM VUI LÒNG BỎ QUA.,0.0
"KẺ LÁO, KHÔNG CÓ THẬT, OOC.",0.0
alpha mùi quế x sigma mùi trà xanh,0.0
nốt đoạn sau phần hôm qua nha...,0.0
Mì và kimbap nấu hàng ngày mời các bác lên đơn cho doanh nghiệp bận rộn nha,0.0
Đồ ăn hà nội,0.0
Cảm ơn khách hàng đã lựa chọn chúng tuiiiii 🥰 chúng tui vẫn ship đêm nhaaa,0.0
Nhân ngày mưa gió các bác nào lười nấu ăn thì alo ngay cho tui.,0.0
Bên tui vẫn FS khu vực Minh Khai,0.0
Times City-Hà Nội Vẫn giữ combo giá siêu rẻ MUA 1 TẶNG 1 Mua 1 kimbap tặng 1 trà thái xanh Mua 1 mỳ( thịt bằm-sốt kem) tặng 1 kimbap thường: giá siêu ưu đãi ngay dưới cmt.,0.0
Ủng hộ cho doanh nghiệp nhỏ của chúng tui nhaaa,0.0
Muốn xem menu mà coi bộ khó ha :))))),0.0
Chúng tui cảm ơn khách đã nhận dù đêm chúng tui vẫn hoạt động để mang lại cho khách chiếc bụng no để đi ngủ nha,0.0
PIZZA EM LÊN LUÔN NHA • Pizza Hut: 1 pizza gà nấm phomai + 1 bmi bơ tỏi + 1 bánh cuộn pho mai:,0.0
KATINAT DEAL 1 TẶNG 1 BẤT KÌ TẶNG THÊM MÃ GIẢM 30KAA,0.0
• Popeyes: 1 gà + 1 burger + 1 popcorn + 1 nước ngọt:,0.0
TỔNG HỢP MÃ: Koi Thé:,0.0
Sẽ được tặng ngay: ✨ Trà Sữa Nguyên Lá ✨ Marble Bạc Xỉu,0.0
DEAL 2/3 - 8/3 CỦA CHEESE (BST 8/3) CHEESE MUA 2 TẶNG 2 ✨ Trà Sữa Trân Châu Phô Mai Hồng:,0.0
• Mc Donalds: 2 tặng 2 kèm nước:,0.0
DEAL GÀ HUM NAY Ạ • Joliibie: 2 gà giòn + 1 bánh xoài đào + 1 nước ngọt lớn,0.0
Hồng Trà Ngô Gia:,0.0
• Pizza Domino: 1 Pizza cỡ 12 bất kì tặng 1 Pizza cỡ 7:,0.0
MÌ CAY ẠAA 🌶️🌶️🌶️ • Sasin:,0.0
• KFC: 1 gà xốt + 1 gà rán + 1 mì ý + 1 khoai tây + 2 pepsi + 1 túi Tote:,0.0
"Leadership starts from Self-mgmt: Trước khi muốn dẫn dắt ai, hãy học cách quản lý tốt chính mình (thời gian, lời hứa và thái độ).",0.0
"Hỏi có tư duy: Đừng hỏi ""Cái này làm sao?"".",0.0
"Hãy hỏi ""Em đã tìm hiểu 2 cách này, cách nào tối ưu hơn ạ?",0.0
genz đi làm,0.0
"Meeting Note trong 24h: Ghi chú phải có Action Items (Next step) lên đầu, Discussion points ở dưới.",0.0
"Đặt tên File chuyên nghiệp: Đừng gửi file Final_v1, Final_final.",0.0
Hãy đặt: [Dự án] - Tên File - Tên bạn - Ngày.,0.0
"Quan sát văn hóa: Intern không chỉ học chuyên môn, mà còn học cách một tập thể vận hành và giao tiếp.",0.0
"Thái độ > Trình độ: Kỹ năng có thể dạy, nhưng sự cầu tiến và trách nhiệm (Grit) là thứ bạn phải tự thân mang đến.",0.0
Maybe bạn tự hỏi - Professionalism này sẽ học ở đâu?,0.0
"Đi làm, tự va vấp (cách này hơi đau) 2.",0.0
"Đi thi, quan sát teammates (cách này hơi nhiều effort, vì tỉ lệ chọi cuộc thi cao) 3.",0.0
"Đi Thực tập trải nghiệm Externship - cách này mới, nhiều phòng ban từ Sales, Marketing, Market Research cho bạn thử đi thực tập 2 tuần.",0.0
"Apply trước 11.03, mình để link ở đây nha:",0.0
10 điều cần nhớ cho genZ đi intern lần đầu:,0.0
Đúc kết sau 3+ năm làm việc với 10+ bạn intern:,0.0
Ở mô đó,0.0
"Chúc mừng bà nha, xin vía 🙏🏻",0.0
sáng một việc chiều ba việc,0.0
task trong team tui cũng phát sinh nhanh vậy,0.0
đi làm rồi vẫn muốn open to work =)),0.0
nhưng hết tiền liền,0.0
"phỏng vấn mà hỏi “điểm yếu của em là gì""",0.0
thất nghiệp cũng sợ mà đi làm cũng sợ,0.0
Kkkkk cừi đéi,0.0
"thất nghiệp thì stress, đi làm thì burnout",0.0
đọc xong thấy đúng quá trời luôn,0.0
cái meme này đúng này hahaa,0.0
lan lây lan luôn,0.0
task trong công ty tui cũng lan lây lan y vậy,0.0
Top những thứ làm genZ sợ hãi: 1.,0.0
Thất nghiệp 2.,0.0
Phỏng vấn xin việc 4.,0.0
"Đi làm Không có việc cũng sợ, mà không có việc thì còn sợ hơn 🥹 #Vimviec",0.0
lan task cho cả team,0.0
nhiều khi muốn quay lại thất nghiệp,0.0
Công việc gì vậy ạ,0.0
Mình xin jd ạ,0.0
Mình xin JD ạ,0.0
📍Ở Đốc Ngữ (gần Văn Cao - Hoàng Hoa Thám) Hà Nội nha.,0.0
Ai mún xin JD thì nhắn 0378877581 nhoé,0.0
Cho e xin jd với ạ,0.0
mình xin jd,0.0
Mình xin job với,0.0
Em xin JD ạ,0.0
Ủa vậy là làm gì?,0.0
Fb của bạn khách nay vừa làm xong nè🤘,0.0
"Hôm nay mình vừa qua spa, trải nghiệm thật với mình là tốt.",0.0
Mình làm cổ vai gáy mà lúc ý chỉ muốn upgrade lên full body 🤣.,0.0
18 phố xuân quỳnh yên hoà cầu giấy pà ưiii.,0.0
Pà đi trung hoà rẽ vào là tới đấy,0.0
Chỗ nào Cầu Giấy vậy pà,0.0
Spa này siêu đông.,0.0
Tâm Việt Spa í,0.0
Có đó nè,0.0
Đấy là về da à bạn,0.0
Ai review tuii về Asense beauty Đoàn Trần Nghiệp với ạ,0.0
Đang kiếm quán luon á,0.0
Có bạn ạ,0.0
có gội đầu khum bà,0.0
Cổ vai gáy 50 phút nha bác,0.0
Có upsale khum ạ,0.0
Công ty làm về mảng gì vậy ạ?,0.0
Với mình truyển vị trí gì á?,0.0
Công ty có tuyển design không ạ,0.0
Inb zalo mình gửi nhé,0.0
Dạ không biết mình còn tuyển không ạ?,0.0
Cho em xin JD ạ,0.0
cho em xin JD với ạ,0.0
Hiện tại đang tuyển telemarketing,0.0
Bạn nhắn Zalo mình gửi JD nhé,0.0
"Mình có đồ ăn vặt, ăn xế mời công ty tham khảo ạ",0.0
tí nữa thấy bục chỉ thật 🤡,0.0
tui order Local Brand chất lượng xinh iu💘💘mấy bà ghé xem nha,0.0
Em xin JD với ạ,0.0
Mình xin jd bạn nhé,0.0
Mời em trải nghiệm,0.0
Mình xin job nha,0.0
Mình xin JD với ạ,0.0
cho tui xin jd ạ,0.0
mình ưu tiên các bạn 2k4 2k5 vì cùng GenZ nên sinh hoạt cũng thuận tiện hơn,0.0
"Mình cần share phòng chung cư bên An Khánh Q2 1tr9/ tháng, nam, phòng master tìm thêm 1b nam nữa để nhẹ chi phí",0.0
mình thả tấm ảnh ngấm hoàng hôn siêu hot mấy nay tại ban công nhà mình nè,0.0
"căn hộ có đầy đủ nội thất: tv, máy giặt, tủ lạnh, bếp,…",0.0
Top 1: thông báo zalo,0.0
kiểm duyệt không cấm bài bạn à?,0.0
sao lại đăng mấy cái nhạy cảm như thế này lên đây?,0.0
hết tiền 🤡,0.0
chuôn báo thức lúc 7h30,0.0
Không có wifi 2.,0.0
Có bầu 3.,0.0
Không có thưởng tết,0.0
Tiếng chuông Zalo,0.0
Thế bạn ở đâu,0.0
TOP SIÊU SIÊU SIÊU ĐẶC BIỆT: Đi ỉa ở trên trường ( Hoặc chỗ lạ ),0.0
Lì xì thì sao,0.0
thông báo zalo,0.0
Số 5 anti cực mạnh số 5 😔,0.0
Đây là video mang tính chất cực kỳ qua?ng ca'0 #lixi #hồ gươm #tết #Ngonclothing,0.0
Top khủng hoảng:Mất điện 🙂,0.0
"che dùm mình cụm từ ""ph*ng v*n x*n v**c"" nó bị nhạy cảm á bạn",0.0
Thông báo zalo,0.0
[QUẬN 3 - HCM] TUYỂN DỤNG NHÂN VIÊN LỄ TÂN,0.0
Yêu cầu công việc: - Không yêu cầu kinh nghiệm sinh viên mới ra trường hoặc còn đi học các ngành nghề - Ngoại hình khá lanh lẹ hoạt bát,0.0
có kỹ năng tư vấn bán hàng chăm sóc khách hàng.,0.0
"- Môi trường làm việc năng động, genZ - Được đào tạo khi chưa có kinh nghiệm - Có cơ hội làm việc với những KOL , KOC lớn.",0.0
Mức lương : - Lương theo giờ : 20k/h - Lương trách nhiệm : 5k/h - Upsell : 10k-50k / concept,0.0
TUYỂN DỤNG VIỆC LÀM THREADS,0.0
"Dạ đây là tóc kiểu gì thế chị, nhìn xinh thế ạ .....",0.0
tớ cắt layer gáy cao và đuôi dài mỏng nhe,0.0
Quá iu khách ơii :3,0.0
Ucie cậu nha,0.0
"Tẩy full là tẩy cả đầu á, bên tớ không bóc tách tính giá lần tẩy.",0.0
Trong gói tẩy full đã bao gồm cả màu nhuộm hoàn thiện.,0.0
Tẩy nền 2 hay 3 lần vẫn chỉ giá đấy nhé.,0.0
tẩy full là tẩy mấy lần vậy shop,0.0
Sốp check inb mình nha,0.0
"từ Thanh Xuân xuống Hà Đông cắt tóc không làm mình thất vọng, quá là ưng ❤️‍🔥❤️‍🔥❤️‍🔥",0.0
đã ghé và đã ưng nha cả lò 😛😛😛,0.0
Quá nà ưng màu luôn ạ,0.0
E cảm ơn ạ,0.0
Bạn quan tâm ib mình nhé,0.0
Cho em xin JD tts tuyển dụng với ạ 🫶,0.0
Bạn ib mình nhé,0.0
Em 2k2 ở Huế xin chào ậ🫶,0.0
Nữ biên hoà ạ,0.0
Có ai ở Cần Thơ hummm,0.0
"9x SG, kiếm anh nào vài năm sau về Nha Trang với mình 😀 còn bây giờ cứ cuối tuần đèo mình đi lễ là được 🙂‍↔️",0.0
99 Hà Nội 🙌🏻,0.0
9x đang làm việc và sống tại Cầu Giấy HN nhaaaa,0.0
không rồi ạ,0.0
😱SLOT CUỐI CÙNG😱 Công ty tui tuyển slot cuối cho vị trí DIGITAL MARKETING 🥳 👉 Thu nhập: theo năng lực 👉 Phúc lợi hấp dẫn 👉 Môi trường genz năng động Ib tui nhận JD đi làm liền tay!!!!,0.0
Có remote khoing ạ,0.0
[HN] TUYỂN MARKETING EXECUTIVE LÀM IMC Campaign brand MỸ PHẨM,0.0
"Mình đang cần tìm các bạn có tư duy mkt làm executive, lương 10-15tr.",0.0
MT thoải mái vui vẻ toàn genZ,0.0
Cho xin chi tiết job,0.0
Dạ em xin JD với ạ.,0.0
Em cảm ơn,0.0
Ở gần là u gứ tuyển luôn rồi.,0.0
Em xin jd với ạ,0.0
Mình xin jd nhé,0.0
Nhắn job mình với ạ,0.0
📍 Ở Đốc Ngữ (gần Văn Cao - Hoàng Hoa Thám) Hà Nội nha.,0.0
rep ib e với ạ,0.0
Nhả vía cviec đầu tiên trong cuộc đời - Làm 9h-5h trưa 1h30p,0.0
sơ hở là dẫn team đi ăn.,0.0
Bên mình tuyển vị trí gì vậy ạ?,0.0
"🌿Đồng Hội nay đã lớn, bay đi khám phá đó đây 🕊️ 🌿Chính vì thế Hội cần những thế hệ tiếp theo tiếp nối tinh thần",0.0
🌸 TUYỂN NHÂN VIÊN CỬA HÀNG 🌸,0.0
🌿Với môi trường “Doanh nghiệp trẻ” siêu thoải mái cùng cô chủ GenZ không gian làm việc rất chill 🙂‍↔️,0.0
rất phù hợp với những bạn sinh viên đang bận tâm việc học tập nhưng lại thích trải nghiệm điều mới mẻ.,0.0
Ý là cái post này thím đang joke hay nghiêm túc nhỉ 🤔 tự sướng nâng cao quan điểm xong còn để con chim cánh cụt,0.0
Cố gắng duy trì 👍,0.0
"đây rồi, thờ rét citi phải có mấy bài ngu lồn như nay chứ",0.0
Không có ai thèm chơi nên mới để icon 🐧 này nè.,0.0
"Nhưng mà thôi, chắc bạn cũng chẳng hiểu được đâu.",0.0
"Với cả lớn rồi, không ai chơi cũng được, quan trọng là bản thân thấy như nào, không sống thẹn với lòng.",0.0
Chứ phải hề đâu mà cứ cần người khác chơi với mình 🤭,0.0
qua dạy em nó cách vừa làm vừa học vừa circuit kìa,0.0
Mình thấy vẫn còn nhiều người show ra “nét đẹp lao động” ví dụ các bài time-lapse đi làm,0.0
mình thấy những người nỗ lực như vậy thật sự rất hấp dẫn,0.0
nên qua bài này mình cũng muốn cho các bạn tương tự như mình thấy rằng họ không cô đơn thôi.,0.0
"Đây rồi, thờ rét xi ti phải có mấy thằng pick me nói chuyện ngu lồn thế này mới giải trí chứ đúng là mạng xã hội tôi yêu",0.0
Flex việc chăm chỉ đi làm như thế rồi mà vẫn bị coi là pick me boy.,0.0
"Vào trang tiktok của anh, nhưng xem rồi đừng hứng quá lấy ảnh anh ra mà thẩm du",0.0
"Ùm tui nghĩ bạn nói đúng á, do không có ai thèm chơi với bạn á",0.0
"Thế á, thế thì kệ",0.0
Bạn thật là đặc biệt,0.0
xong gương vỡ lại lành thì tuyệt vời ặ pls làm ơn hãy triểnnnn,0.0
"Bên tui đang tuyển KOL / CONTENT CREATOR lương bọng thì 15M-30M tùy năng lực Môi trường thì khỏi bàn: Sếp thân thiện, đồng nghiệp không rắn, không toxic.",0.0
Yêu cầu nhỏ là mỏ hỗn tí cho dễ hòa nhập.,0.0
em xin JD cụ thể vị trí CONTENT CREATOR ạ,0.0
IB tui gửi JD cho nè,0.0
Tuyển dụng Việc Làm HCM,0.0
Dạ đúng ùi.,0.0
Mèo xứng đáng nhận được nhiều sự iu thương hơn nữa vì Mèo xứng đáng nhận được nó mà,0.0
"Chú mèo đáng yêu, không ngừng cố gắng, hay giơ vuốt thế thôi chứ mềm xèo dụi dụi làm nũng ấy xứng đáng được yêu thương, cưng chiều em nhỉ",0.0
"phải dí con 875 cho bằng được :))), , (đừng mất acc nữa bác),",0.0
tất nhiên là phải có bác rồi 😁,0.0
làm sao thiếu bác được 🥰,0.0
"đồng hương với em nè, hy vọng em gặp được bác 😍",0.0
(dạo này bác đâu rồi),0.0
Em cảm ơn bác 💙,0.0
thiếu bác thì toang quá :))),0.0
hehhe Bống cũng quý bác Thắng 🌹,0.0
(moa em cũng quý),0.0
cả bác Bống nhé 🥰,0.0
thuong bac thang,0.0
Tổng kết năm: Những người bạn trên threads mà tôi tin tưởng 😍,0.0
(chúng ta mỏ hỗn như nhau thôi),0.0
mỏ hỗn bảo vệ em Ánh :))),0.0
😔😔😔😔 thôi thì cũng quý bác 🥰🥰🥰🥰,0.0
"Em không bác ạ, em chỉ được nghỉ 15 phút thôi, không xem được Val hôm nay bác ơi 😭",0.0
spam ít thôi các bác,0.0
(moa em quý nhất),0.0
Em khoá luôn acc thì thấy phiền,0.0
dạo này các bác mất tích ghê quá?,0.0
Nhưng mà thôi quý 2 bác,0.0
thở oxy cùng T1 tiếp thôi 😌 (Còn tiếp….),0.0
"đừng buồn vì Tot nữa bác, hãy vui lên 😍",0.0
tất cả là tại HTT đúng không bác :))),0.0
không táp được bác nhưng là người đặc biệt đối với mình vì chúng ta là TCon mà 🥰🥰🥰🥰,0.0
"Tui sốc á, sốc cái mỏ hỗn của Hải Ly, đó giờ tưởng hiền mà sao xem cái show này thấy lạ lắm😃",0.0
Ảnh nhận mỏ anh thiện lành =))) thôi để ảnh tiếp tục cái danh đó đi =))))),0.0
tui đang tạm tha cho ảnh :)),0.0
Tui thích tính Tăng Phúc kakk,0.0
Nhưng nay coi live trên sọp pe tui nhận ra cái mỏ hỗn nhất là Duy Khánh nha =)))) ổng buột miệng hơi nhiều đấy,0.0
êi tui cũng mê tăng phúc hỗn luôn á ổng chửi thẳng mà đã cái nư tui ghê,0.0
kiểu cái gì đúng thì nhận mà sai là phải nói tới cùng =))),0.0
ổng còn vô kcrush động nữa kk :))))),0.0
"Nhưng anh nói đúng, Tăng Phúc 10đ",0.0
trùm cuối st: có cố gắng tiếp thu phong cách truyền thông bẩn nhưng không đáng kể,0.0
"Ý là mọi người không phân biệt được hoặc không thèm phân biệt đâu là báo chí chính thống, đâu là trang thông tin điện tử á.",0.0
Bạn là thành phần ngu dốt kém hiểu biết mà tôi nói đấy :)) phân biệt được các báo đi rồi nói nhé.,0.0
Để tôi ném báo vào mặt cho bạn đọc rồi lại đổ tại.,0.0
"Nói ít thôi, tìm hiểu nhiều vào đi",0.0
Ok ném vào đây nào sao chưa gì đã phải đi công kích cá nhân thế :)) báo lao động báo dân trí báo tuổi trẻ hồi đó có đăng không hay cứ phải bị chửi rồi mới lật đật lên bài ?,0.0
Có lỗi thì nhận xong chấp nhận bị chỉ trích rồi sửa còn hơn là đi cãi cùn bạn ạ :)),0.0
Thêm 2 chữ lá cải dô,0.0
"Ko,tao làm trong Kênh 14 mà🐧",0.0
"Cái mương đó trời ơi, kênh thông tin truyền thông cái gì nữa 😞",0.0
Báo chí người ta học hành đầy đủ ra trường còn chả ăn ai chứ đcm bọn đó làm nhà báo bị chửi,0.0
Cái mỏ giật giật liền,0.0
Không phải tự dưng báo chí bây giờ bị người dân ghét thế đâu.,0.0
Sinh nhật Bác Hồ với kỉ niệm 10 năm ngày mất đại tướng Võ Nguyên Giáp thì chắc được báo quân đội với công an đăng còn đâu im bặt.,0.0
Nhưng đến lúc mấy bọn showbitch có chuyện gì thì bú bài nhanh lắm bảo sao chẳng bị nói,0.0
[CÓ SẴN] Khăn quàng cổ - Khăn choàng cổ lông xù ấm áp LAROSABYH đông 2023 hot trend [K024] | Shopee Việt Nam,0.0
đúng nha :)))))),0.0
Một page đăng bài xàm l -> chửi nhỏ không học lớn lên làm báo Một page bú fame -> bọn nhà báo đi soi mói,0.0
Một trong những cách nhanh nhất để mở phong ấn cái mỏ hỗn của mấy đứa sinh viên Báo chí - Truyền thông 👇🏻,0.0
nếu các bạn tâm huyết như vậy với giấy phép báo chí thì chi bằng mình chất vấn cái trang chính thống mà Kênh14 dẫn bài về ấy,0.0
vì trên danh nghĩa thì bài đăng trên Kênh14 rác hay không cũng do báo chính thống sản xuất,0.0
"kênh mười bốn, bốn cái lào 🫰🏻",0.0
ê dỗi thực sự ấy bảo học báo xong ai cũng nói như kênh 14 hả xong chê nhà báo nói láo các thứ,0.0
trong khi 1 bài báo cho cuối kỳ thôi chúng tôi đã phải bỏ ra bao nhiêu công sức lên kịch bản quay dựng các thứ rồi huhuuuu,0.0
Nhỏ bán bánh tráng đâu mà nói lật là lật vậy.,0.0
Xéo xắt ghê 🤣,0.0
Ẻm nhập vai nhanh quá cơ,0.0
Mỏ bé hổn mà mặt dễ thương,0.0
Danh xứng với thực luôn bé ơi :)))) cái mỏ quá chời à,0.0
Quá trời cái mỏ rồi Khánh ơi.,0.0
Cái mỏ này phải ra “chợ” ngồi mới hợp nè 🤣🤣.,0.0
Nhưng sao hồi ĐNMS hổng chịu mở cái mỏ này nè 🤣🤣🤣.,0.0
Top 3 mỏ hỗn liệu có danh xứng với thực 🥹,0.0
Khum hề xứng.,0.0
Xứng top 1 cơ 🧘,0.0
Quá trời bé Thu rồi,0.0
mỏ hỗn dễ thưn 🥺 ngộ độc bé Thu ời 😚,0.0
cười chết =))))))) sao hỗn mà vẫn đáng yêu vậy trời 🙉,0.0
Rồi biết Đa lây ai rồi 🤪🤪,0.0
"Cái mỏ này mà đi bán xôi là chấp bên trật tự đô thị, c.an phường,… các kiểu luôn á :))))",0.0
Cái mỏ tía lia còn cái mood thì 5s đổi một lần 🫵,0.0
Gáy ác liệt vkl,0.0
content chính của LPL mà=)))),0.0
BFX là đội dã 5th đỏ xuống nhánh thua và ở nhà á Bin 🤣🤣,0.0
50% content của LPL 😂 thích mấy đứa mỏ hỗn như này 😆,0.0
gáy cỡ này.,0.0
Ai làm lại nó.,0.0
Dạ mình cảm ơn cổ nhìu ạa,0.0
Giang sơn dễ đổi miệng của Bin vẫn hỗn như thường,0.0
LPL thiếu Bin hồn bay một nửa,0.0
Dạ cho mình hỏi lịch đấu FS đánh ngày nào mấy giờ vậy ạ?,0.0
16/3 8h tối nha sốp,0.0
kiểu nó rộn ràng mà nó phù hợp không khí vô cùng.,0.0
PHIM TẾT 2026,0.0
dẫn cả nhà di coi phù hợp lắm ne,0.0
Quả đốt vía thâm thuý vãi,0.0
"Dạ cho xin JD ạ, mình cảm ơn",0.0
📣 TUYỂN HR – RC Team đang thiếu một HR “mỏ hỗn nhưng dễ thương” 🤭 Chuyên đi săn ứng viên nò 🤣 🔹 Công việc: • Tuyển dụng • Quản lý giấy tờ,0.0
hỗ trợ team mỗi ngày,0.0
"💰 Lương 8-10-12tr + hh+ thưởng hấp dẫn 📍 Môi trường trẻ, vui, không sợ chán ( Làm việc tại Q2 gần cầu 3 son và Q9 )",0.0
Inbox Zalo 0355789645 liền để gia nhập team!🥰🥰,0.0
"🔹 Yêu cầu: • Vui vẻ hoà đồng • Có trách nhiệm, chịu được drama nhẹ của team 😆",0.0
em xin JD ạ,0.0
láo cún cực :)),0.0
Diễn nét mặt láo thật sự :)))))),0.0
Chửi em nữa 2 ơi🧎‍♀️,0.0
Phùng mang trợn má.,0.0
Em sợ quá chị oiiiii,0.0
Hãy chửi chúng e,0.0
Đanh đá phết :))),0.0
"Thấy streamer MisThy mỏ hỗn trên stream nhiều rồi, mà chắc lần đầu thấy cái dáng vẻ này :))))",0.0
Mà nhìn sợ thật!,0.0
Trông cũng rất gì và này nọ :)))),0.0
trông trơn mắt cũng láo nháo đấyy,0.0
:)))) Tăng Vũ Minh PhúcTrần Bảo BảoNeko LêBùi Công NamThạch Cao Sơn NguyễnVuong Thien Minh,0.0
Các anh đoàn kết quá ha,0.0
Tran Quoc Thien bị bắt nạt😆,0.0
Mí anh này hay quá à 😔,0.0
Mẹ bé Kay là phản ứng mạnh nhất 😆,0.0
Chống lại cái mỏ hỗn Tran Quoc Thien,0.0
"bảo sao lại bị cả team cô lập ""hụi đồng"".",0.0
Thật đáng đờii.,0.0
"ủa nhầm, phải là thật đáng ghét, ủa không phải, làm lại nè, anh ca nhạc sĩ BCN thật là đáng thương 😭 baoveBCN",0.0
"Huhu BiBi chan ơi, sao má lại đào lại vid này dị😿😿😿",0.0
ui cái mỏ bà Phúc ghê thật ý,0.0
Có tui thương emmmm,0.0
Long Biên HN nhé mấy mom,0.0
TẶNG MÈO CÁC MẸ UII😭 tặng luôn 2 hộp pate mới ở Mino Pet cho con,0.0
"gia đình có đang nuôi 1 cháu mèo cam mỏ hỗn, con gái, được hơn 2 tháng.",0.0
"các mom về tắm cho cháu là trắng vàng iu ngay, nó vừa mới chui vào đống rơm nên trông bửn điênnn",0.0
chị ơi rep ib em ạa,0.0
Thỏ ơi Trấn Thành,0.0
"Đang hóng chị Hương mà năm rồi công nhận KD diễn câu đó đỉnh thiệt, kiểu nói như cho bã đang cọc cuộc đời á",0.0
Chưa chiếu mà biết đơn giản má,0.0
Phim mô típ đơn giản như web drama thì nó thế thôi.,0.0
Ông Thành ổng chỉ cách cho chúng ta xử lý những thành phần to6 í =)) đỡ phải sân si :)),0.0
Áo dài đi các mom toàn đồ hãng tết đến đít rồi😄😄,0.0
"Năm ngoái là Kỳ Duyên, năm nay tới Văn Mai Hương, má nào cũng đẹp mà mỏ hỗn ác 🤣🤣",0.0
chị cảnh cáo em nha!,0.0
chị rất hiền 😒,0.0
Anh già nhưng mỏ hỗn thấy em bên người khác chịu không được,0.0
Tại Tê Đỏ có Faker á🤡,0.0
"Cảm giác, chỉ là cảm giác trừ T1 nói đúng hơn trừ Faker ra thì LPL nó coi LCK là cái đinh gì hết",0.0
Lpl mất bin là mất nửa niềm vui 😔,0.0
Một mình Bin cân cả LPL mà,0.0
gánh nửa cái content của lpl =)))))),0.0
Bin ge mà bỏ đi thật là phóng viên LPL buồn nhất,0.0
Thôi thì hẹn Bịp 3 ở MSI nhó(trộm vía)👉👈,0.0
Kho content của LPL ;>>,0.0
Gánh còn ten cho lpl =))),0.0
coi bộ nó nôn tới msi với worlds rồi.,0.0
đã bảo mất Bin là mất 1 nửa conten mà :))))),0.0
Ôi ba chàng lính ngự lâm hai anh top 1 một anh top 4,0.0
"cơ hội được thấy Guma thi đấu ở VN không phải nhiều, nó khác với thấy Guma sang VN tham gia ff đó bạn.",0.0
cứ cái suy nghĩ này nên bọn btc nó mới ngồi lên đầu lên cổ.Lôi fan hle ra đùa cợt mà vẫn tránh nhau mua vé sau này nó lại chửi cho là ngu.,0.0
bị coi thường cơ quan đó mà vẫn mua vé.,0.0
Hải Lan có hỗn đâu em nói gì vậyyyyy 😙,0.0
[Set quà 8/3] Nến thơm và hoa cao cấp Lumi.aura sáp đậu nành lành tính | Shopee Việt Nam,0.0
"Nhẹ hơn Mai nha bạn, kiểu BTBT á",0.0
Chị hongg hỗn chị rất hỗn,0.0
"Ai chưa mua quà Valentine đặt gấp set này ship lẹ Hỏa Tốc nè, vừa đẹp vừa thơm",0.0
"VMH sáng dữ quá, mỏ hỗn nhưng duyên",0.0
Vai ẩn chứa nhiều bí mật nên nói ra lại lộ mất,0.0
Ê vòng eo lyly đẹp vl Pháp kiều siêu duyên,0.0
ước mẹ làm diễn viên đóng nhiều phim hơn Quỳnh anh shyn slayyy hội chị em bạn gì của vmh mê vlll,0.0
Spotlight phim THỎ ƠI!!,0.0
thuộc về: - Văn Mai Hương mỏ hỗn suốt phim nhưng rất duyên - Trấn Thành ác quá ác mà cũng khổ quá khổ - LyLy vòng eo quá xịn - Vĩnh Đam không tệ như mọi người nghĩ ...,0.0
Guma nó còn nguyên 2 lần ff,0.0
"òm bà..góp ý tí thì nó là ""xính lao"" nhé bà ui",0.0
Mọi người muốn đọc kiểu này này không?,0.0
Xính lao chứ mom ơi 🤣 anw 1 lý do tui đu cặp này là vì vậy,0.0
"Thoại câu nào cười ẻ câu đó, 99% cơ thể là máu hài",0.0
Phát ngôn câu nào chấn động câu đó:))),0.0
thề 2ng này mỏ hỗn mà hài duyên vô cùng,0.0
ít khi nói nhưng nói câu nào mắc cừ câu đó=))))),0.0
thoại câu nào chấn động,0.0
Bà Quỳnh Anh thoại chấn động🥰,0.0
ả này hài thật í yêu vãi,0.0
Trao liền cho Quỳnh Anh Shyn giải thưởng Em Xinh mỏ hỗn nhất chương trình đi=),0.0
Quỳnh Anh Shyn Em Xinh Say Hi,0.0
"Anh Trai có Đức Phúc, Em Xinh có Quỳnh Anh Shyn=))",0.0
chuyển cảnh qua QAS là thoại nào chấn động thoại đó,0.0
cần tìm engene ở thái nguyên đi múic bõ hát nhạc thất tình cùng,0.0
"Mưa nghe Lời kết,Lần cuối a suy,Bae Don’t Cry,Mưa Đá 2.0 thì đúng combo dành cho các khứa thất tình",0.0
Mua này nghe Lời Kết thì thất tình toàn tập,0.0
Mấy bài suy ơi suy.,0.0
Bật trong xe nghe nó đã đã,0.0
ôi tấm đầu nhìn ảnh yêu thía🙄❤️❤️,0.0
"Con vợ này có nhiều ảnh đẹp thế, giờ nó là của kao",0.0
Ghen nổ mắt,0.0
Nó hát nhạc tình vui vẻ Mấy nhỏ Sundays thất tình,0.0
HIEUTHUHAI - Người Im Lặng Gặp Người Hay Nói (prod.,0.0
Bởi vậy anh mong anh chỉ dừng lại ở việc đóng ké phim của mấy anh thôi chứ đừng đóng nam chính phim nào hết nha anh,0.0
Sao mà tình quá trời vậy 😭😭😘😘,0.0
Bà cap vững tay ha coi mí đoạn này chỉ muốn khóc thôi 😭,0.0
Thứ tui sợ nhất khi xem là sợ có cảnh hôn thiệt,0.0
Vào stream để cùng nhau thất tình nào hay quá trời,0.0
Thất tình nên muốn tìm bạn đi nhậu tối nay ạ.,0.0
Rep inb mình nhen,0.0
Ở q mấy vậy,0.0
"Ở đâu, phi trâu tới liền nè",0.0
"lên kèo đi, thời gian, địa điểm",0.0
Nhậu ở đâu bắt xe ra,0.0
Nhà bè luôn nè,0.0
Hãy nhắn cho mình nhé.,0.0
Nổ địa chỉ đi,0.0
"dưới gầm cầu luôn, bên Hà Nội",0.0
Vừa trải qua lần thất tình nát nhất đời mình nên lên cầu LB ngồi giải khuây tí mà gặp được cô chú đi chơi 8/3 cute vl.,0.0
Ôi Hà Nội khắc nghiệt vl nhưng mà mấy lúc như này yêu Hà Nội lắm 🥹,0.0
Một điểm ngày trước hay qua đây ngồi hóng hớt,0.0
độc lạ lên cầu Long Biên ăn bánh mì uống sting :-)),0.0
ừa hehe chắc buồn nốt mấy tháng đầu năm =)))),0.0
2 cô chú đáng iuu,0.0
=)))))) ừa sting có cồn,0.0
Hà Nội rất là thơ và người Hà Nội cũng rất nhiệt tình và ấm áp.,0.0
Cứ nhìn thẳng vào nỗi đau nó sẽ nhanh move on hơn đó,0.0
Bạn ổn hơn tí nào chưa Mấy lúc này sao nhìn mặt nước cảm giác nó có sự hun hút khó tả chỉ muốn hoà mình xuống.,0.0
"Mấy tháng trước ngồi khóc trước mặt hồ con rùa, đêm lạnh quá ngồi được tí có bao nhiêu uất nghẹn thế là trút sạch",0.0
ừa mà chắc sẽ hơi dữ dội tí thôi =)))),0.0
Vui lên đi thất tình đừng quá đau khổ buồn nữa .,0.0
Mình phải yêu thương bản thân hơn,0.0
Sắp rồi đó🤓,0.0
Khả năng là tình iu vui tươi nhí nhảnh,0.0
Nó lên quả ctvty peak vcl move on moẹ luôn,0.0
Để hết lô thất tình thì đến lô vui tươi.,0.0
À mà Nét luân vui đó.,0.0
Kiệt tác cũng đâu có buồn :),0.0
"Nghĩ cũng buồn cười, khéo ông nhõi nhà này nên thêm tí gia vị tình iu cho nhạc nhẽo phấn khởi hơn thật 🤣🤣🤣",0.0
2 bạn đừng tranh cãi mà mất lòng là ok.,0.0
"Ê nhưng tui hợp gu nhạc nó,nhạc thất tình nhưng hay,ko bị sến",0.0
Bao giờ lên thêm quả Sẽ tin vào tình iu đêy 🤣,0.0
Trêu vui vẻ hoi sốp ơi 🤣,0.0
bà khi thất tình nè,0.0
nhìn tưởng sữa thật ạ :))),0.0
Ún 4 cốc matcha latte,0.0
Bị thất tình nên chị nốc hẳn 4 hộp sữa!!,0.0
chị thà lên cân chứ chị hong chịu đau khổ mà tụt cân,0.0
Dương Domic Đấu Trường Sấm,0.0
Crush lấy 8 anh chồng nhưng vẫn chưa đến lượt mình🤡,0.0
sự nổi giận của kẻ thất tình 😇,0.0
Sao cái quần của ảnh ngộ thế,0.0
Yêu vào ngồi đánh piano,0.0
Hậu nhây quài đi,0.0
"Cha nọi Manbo kia làm gì vậy trời 🕺😃😃, chiếu đèn giải tà hả ?",0.0
Haha cười chớt 😄😄,0.0
Manbo đúng kiểu của những người bạn thân khi bạn mình thất tình luôn 😂,0.0
Ê ông Hậu chiếu cái gì vậy 🤣,0.0
Thất tình nhưng vẫn phải tỏ sáng kkkk,0.0
thất tình nhưng vẫn nhún theo nhạc,0.0
Thất tình nhưng nhớ ra mình có nhạc,0.0
"Đuma cười khùng, hồi xưa thất tình là tự mở nhạc mình nghe hả",0.0
nổ địa chỉ anh đón,0.0
Cháu xin ít,0.0
Tôi chỉ lợi dụng người khác,0.0
Nổ địa chỉ,0.0
Đón ở đâu đó,0.0
Book xanh đi bà ơi,0.0
Bình xăng xe tôi 17 lít.,0.0
"Phớt thờ rét thôi chứ con tim tôi đã thuộc về BCN từ lâu rồi mà giấu, là Her với Sấm đã ép tôi có cái phớt này đoá🙂‍↔️",0.0
"đánh đàn giỏi, diễn xuất hay như diễn viên nữa",0.0
Từ hôm nay bắt đầu lên đây bế Nam tưng bừng với tụi tui nhe!!!,0.0
"Bổ sung: Badboy cũng được mà tổng tài cũng được, ca nhạc sĩ được diễn viên hài cũng được 🤭",0.0
đa sắc mà tui iuuuu,0.0
Làm thơ nữa bác ơi,0.0
Được rồiiii từ nay hãy cứ ồn lên nha người đẹp🤣😘,0.0
Phớt thờ rét tôi yêuuuu :)))),0.0
nói to nữa lên xốpppp 🔊🔊🔊,0.0
Nói đúng mà nói to thế 😍,0.0
Hãy xem GĐHH đi xốp,0.0
Ultr bà ơi🥰🥰,0.0
Đàn ong tồi vcl😔,0.0
chắc phải yeu đàn bà quá :((,0.0
yêu con gái,0.0
Chúc mừng bạn nhé.,0.0
Mình xin vía pass pv ạ,0.0
Sáng nay mình đi nhận việc sau 3 tháng thất nghiệp và 1 tháng thất tình.,0.0
Mọi người đi ngang chúc mình một câu với ❤️ Mình chỉ cầu mong mình đủ mạnh mẽ để đi qua tất cả khó khăn trong đời.,0.0
"Helu, mình cũng từng có quãng thời gian giống bạn.",0.0
"Nói như thế nào ta, kiểu như mọi thứ đều đang chống lại bản thân mình á, làm gì cũng không thuận lợi.",0.0
Nhưng vào những lúc mình bi quan nhất thì trong 1 buổi chiều nọ,0.0
"chúc mừng chị nha, cố gắng hoàn thành tốt công việc nha chị.",0.0
"Chúc chị năm mới công việc thuận lợi, vận trình hanh thông, lúc nào cũng có quý nhân phù trợ nhaaaaa 🌺🌺🌺",0.0
Cố lên nha bác,0.0
"Chúc bác công việc mới thuận lợi, tiền vào đầy túi, lúc nào cũng chỉ có niềm vui nhen 🥳🎉🌸",0.0
Chúc bạn mắn nghen,0.0
Chúc mừng bạn nha.,0.0
Đầu năm khởi động công việc mới hanh thông nhé Em.,0.0
Mong khởi đầu mới của bạn thuận lợi nhé,0.0
Em cảm ơn nhé,0.0
Hôm nay thấy mấy thầy bảo không phải ngày đẹp nhưng giờ tui thấy chính là ngày đẹp nhất với bà luôn,0.0
vì bà vượt qua tất cả những buồn bã khó khăn để có khởi đầu mới rồi nè Ai cũng phải bắt đầu từ đâu đó,0.0
chúc mọi thứ bắt đầu với bà thật nhẹ nhàng nha Chúc mừng năm mới mã đáo thành công nèeww,0.0
Chúc Bồ may mắn với công việc mới nhen nên nhớ là phải kiếm tiền kiếm nhìu tiền nghe chưa 😘,0.0
chúc gái có những ngày tháng tới thật vui và như ý nha!,0.0
Mình cảm ơn nhiều nèeee,0.0
Mình gần kiến Trúc và đông á,0.0
Đi dạo đi cho đỡ buồn,0.0
"Khổ thân, đúng ngay ngày 8.3.",0.0
"Hịc, cố gắng ha.",0.0
Chưa thành xem như đấy là do ông bà chưa “gật đầu” về mối quan hệ hiện tại á nè.,0.0
Mong là sớm vượt qua ha.,0.0
Có bầu mới sợ.,0.0
Thất tình thì sợ dell gì.,0.0
Lạc quan lên cưng,0.0
Có bánh đa đây,0.0
Cố lên nha babi,0.0
Có bánh trưng đây kk,0.0
"Mình thất tình rồi, Đà Nẵng có chị em bánh bèo nào cũng như mình không?",0.0
Có thể cùng gặp nhau để chữa lành không ạ?,0.0
Tuii thích giao diện nàyy của ảnhh =))),0.0
"Em ơi, nhỏ nó mới ngầu được 2 hôm thôi, em cho nó xỉn sớm thế",0.0
tóc tai như mấy a sỉn sỉn,0.0
:)))) và thất tình Of course,0.0
Trộm vía trẩu đều 😞💗,0.0
êh vươn cô vích đeo kính xinh thế????,0.0
Có được tặng bông đâu,0.0
"Quay vid chân thật dễ sợ, cái tóc còn dựng đứng chưa chải 😂",0.0
Nói có đúng quá hong dạ,0.0
Cắt bừa từ clip ra là thấy meme hài 1 rổ rồi,0.0
Giống xỉn hơn đó =)))),0.0
Trông có giống mấy người thất tình rồi bị bạn lôi về không =))))))))),0.0
Đi trong tùn đi bà cho đỡ đông,0.0
Nào ghé thử,0.0
Ngay gần nhà 🥲,0.0
Recommend cà phê tào phớ nha,0.0
Quán có gu ghê,0.0
Thả mí chiếc ảnh xem nào 😙,0.0
Ế tui mới ghé quán nì xong nè,0.0
lên lịch i thuii,0.0
Ổ ôi í là đáng yêu ngoan ngoãn kinh khủng,0.0
Em cảm ơn!,0.0
chắc chắn đi thì i be,0.0
cầu giấy nghe,0.0
xig gái khen thế tớ ngại,0.0
tuyển dụng nhân viên part time,0.0
Tẻn tìm em bé mới cùng đi làm.,0.0
Ưu tiên năm Nhất năm Hai Đại học.,0.0
Thông tin Tẻn để bên dưới nhá 🌸 Điều thú vị ở Tẻn: các bạn đều gắn bó rất lâu cho đến khi đi thực tập ra trường luôn đó.,0.0
Vì ở Tẻn có nhiều trải nghiệm bổ ích và môi trường thân thiện.,0.0
Tẻn chờ bạn,0.0
Mình có yêu cầu 1 tuần bao nhiêu ca không ạ,0.0
Tẻn ở Tân Định - Saigon.,0.0
Ai mê vibe ở đây thì về với Tẻn nhen,0.0
Tẻn cần bạn!,0.0
cái tên trường ghép cùng cdg thế kia =))) giống kiểu tự chửi mình ý nhỉ,0.0
Má sv Tmu mà ngại dùm?????,0.0
"Vừa nó cũng hiện trên feed của mình, mình bấm Không quan tâm luôn, đọc tên clb thôi đã thấy phản cảm rồi á 👁👁",0.0
bây giờ cứ có hashtag j4f là muốn làm gì thì làm hả 💆🏻‍♀️ các em ơi mình cũng là sinh viên trường kinh tế trường đại học hẳn hoi đó đừng nghĩ muốn j4f cái gì cũng được 💆🏻‍♀️,0.0
ngại thật sự :))))),0.0
Vậy là không được ỉa nữa ư...,0.0
Lúc lên phòng đào tạo lại khóc,0.0
dm ngại vcl tdn lại tmu 😭,0.0
"Chuẩn, chả thấy có cái mịa gì hay.",0.0
chị cho em hỏi là chị sang đức học STK hay học năm 1 đại học ạ?,0.0
"Yep, mình cũng bỏ mặc dù học năm cuối rồi và chả bao giờ hối hận.",0.0
Quá chán với nền học thuật ở đây 🤡,0.0
Khum e ơi!,0.0
"Học thẳng uni e phải có C1 cơ, với lại thế cực lắm, ập phát toàn từ chuyên ngành, STK vẫn là tốt nhất để e làm quen dần",0.0
Chị học 2 năm rồi qua học thẳng từ năm nhất uni phải không ạ?,0.0
"Chị có học xong rồi bảo lưu 1 kì, đỗ bằng cái chị xin trường nghỉ rồi tập trung ôn thi để đi đức luôn",0.0
Y chang tôi ạ =))) học xong 2 năm đại học thì nghỉ quay lại học đại học ở Đức kk,0.0
Hồi học xong 1 năm ở NEU chị có xin họ bảo lưu không ạ hay thôi học luôn ạ?,0.0
"Thực ra khách quan thì tuỳ nơi bạn ở, nếu bạn sống ở thành phố lớn lại còn là trung tâm nữa thì cũng vẫn rất nhộn nhịp.",0.0
Còn thành phố nhỏ hay làng quê thì ngược lại.,0.0
"Riêng cảm nhận của mình thì nhìn chung thoải mái rộng lớn hơn Việt Nam, ai để tâm việc người nấy, tự do tự tại hơn",0.0
Nhiều khi đi du học về còn thấy thua thiệt bạn bè trong nước và thấy những năm tháng yolo là 1 sự lãng phí thời gian is real,0.0
Về sau VN sẽ tuyển sinh viên học trong nước làm cho các công ty thay vì các du học sinh nước ngoài,0.0
tất nhiên nếu e gái có người nhà làm chủ công ty gia đình thì không lo việc này chứ cái bọn mà sang nước ngoài học xong vài năm về thì cứ xác định trước tâm lý.,0.0
"Cái này tuỳ năng lực của bạn bạn ơi, vô vàn lắm",0.0
Ai cũng phải học stk rồi mới lên đại học ở Đức trừ khi em theo diện học hết năm 2 đại học việt nam và có bằng C1 thì mới trực tiếp học đại học ở Đức nhé,0.0
"Vâng ạ, em cám ơn chị nhiều ạa 💖 Vielen Dank",0.0
có gì em lên group fb “Tự làm hồ sơ dự học Đức” của chị Nana Le tìm hiểu nhé,0.0
Trường khác chỉ coá 1 khái niệm thoai:)),0.0
"16 tín 16.5tr tính ra ~1tr 1 tín :"")",0.0
bà hơn nữa hả:))) 1 thành 3 tôi đã quá sốc rồi í,0.0
trường đi ăn cướp,0.0
bực vch=)) mà bực cũng không làm được gì:”)),0.0
Em 1 thể trật tự đi em,0.0
15 tín 4 thể 18 củ🦅,0.0
20.425.000 chia cho 21 tín thì cũng xấp xỉ 980.000 1 tín đắt vcl,0.0
thấp cổ bé họng:)),0.0
còn đẻ ra quả tín chỉ học phí thì cũng ác thật,0.0
nhìn học phí muốn bỏ học,0.0
chúng ta quá khổ:)),0.0
1 tín =600k Nhưng không phải như như các Trường đại học khác lấy số tín nhân lên là ra nha ạ.,0.0
Trong ảnh là học phí của con bé học 16 tín😌.,0.0
chống lầy hả bà:)),0.0
Sắp gòi đó,0.0
"môn đấy ngành tôi 2 tín bà ạ, và nó là 6 tín học phí😭😭",0.0
Cũng tê vaicut,0.0
Sau này hãy giống như trường nhe:)),0.0
1 tín học phần 3 tín học phí 🥳 càng cnganh thì tiền càng nhiều,0.0
năm ngoái giải tích 3 thành 4 năm nay đã thành 5 rồi sao😌😌😌,0.0
2 tín thường 3 tín bài tập,0.0
=)))) học 1 kì cho đỡ phải học lắm,0.0
"Nhìn thì rẻ, tính ra tiền thấy đắt điên",0.0
Tình hình là HỌC PHÍ BÁCH KHOA KHÔNG HỀ RẺ.,0.0
Ai định học bách khoa thì chạy ngay đi😇,0.0
Mấy ổng đầu có điện😭,0.0
Em có thể tham khảo thêm ý kiến của bố mẹ hoặc thầy cô nếu còn phân vân,0.0
tuyển thẳng lớp chất lượng cao khoa Văn là đằng khác 😭,0.0
Dạ em cảm ơn anh ạ,0.0
Dạ em cảm ơn lời khuyên từ chị ạ,0.0
Chị học hnue khuyên em học hcmue nha gần hơn em.,0.0
Dạ em cảm ơn chị ạ,0.0
anh thấy miền nam học hcmue cũng ok lắm nè.,0.0
với lại ở hcm thì nếp sống cũng quen hơn.,0.0
"btw, nếu em thích thử thách bản thân thì hnue rất ok",0.0
NHÌ HSGQG CÓ ĐẬU ĐƯỢC HNUE KHÔNG Ạ?,0.0
"Chào mọi người ạ, em 2008 đạt được giải nhì hsgqg môn văn năm nay thì có được tuyển thẳng trường đại học sư phạm Hà Nội không ạ?",0.0
Em là người miền nam đang phân vân giữa trường đại học sư phạm TP HCM với trường đại học sư phạm HN nên mọi người có thể đưa ra cho em một số lời khuyên được không ạ.,0.0
Hoàn hảo quá dị tui cũng tập thể dục cầu lông năng động.,0.0
"Độc lập tài chính, mở được cái tiệm cơ khí cửa sắt ở tân phú.",0.0
Giỏi dị cô gái,0.0
"Vào trang của bạn tớ không biết bạn là ai, không thấy tấm hình nào luôn😅",0.0
Cám ơn bạn,0.0
Cám ơn bạn nhiều,0.0
Ngồi liệt kê ra thì thấy nhiều chứ chả là gì so với các bạn trẻ bây giờ họ giỏi hơn tớ nhiều.,0.0
Được cái hơn họ là người già sống lâu năm thôi😅,0.0
Background quá đỉnh luôn ạ,0.0
Anh chào cô bé tuổi tuất,0.0
"Wow, cô nàng đa năng thế ^^",0.0
"Nam Ất Sửu 1985, độc thân, quê Tiền Giang.",0.0
"Mong gặp người tử tế để trò chuyện, tìm hiểu nghiêm túc.",0.0
- không tham gia clb - không giành giật học bổng - không năng nổ tìm kiếm đrl - không nckh - không sv 5 tốt và bảng vàng - không có bồ - không đi làm thêm - chỉ đến trường và về nhà.,0.0
"Mình tò mò 0 biết bạn được gì trong học tập 0 á, mình hỏi thật 0 phải ác ý",0.0
Tui cũng từng y chang bạn và tui được 4 học bổng ở TQ (bao gồm cả học bổng toàn phần chính phủ TQ) trong 1 năm.,0.0
Giải nội địa thất bại chứ châu Á thì bất bại 😅,0.0
"Có gần như hết, thêm 2 năm cao học nữa.",0.0
Đời có rực rỡ đâu 😂 mới thất nghiệp nè bé 😂 Đang nằm cạnh con và viết cmt nè.,0.0
Không cần rực rỡ 😆,0.0
Ủa tưởng đó là bình thường =))),0.0
Nhưng hiện tại mình đang trau dồi và cố gắng học tập tiếng anh.,0.0
Thời gian rảnh cả ngày thì lên thư viện học 2 - 3 tiếng gì đó là về trọ.,0.0
"Về trọ nấu ăn, học, chơi và ngủ.",0.0
Mỗi ngày đều thế nhưng mình thấy sức khoẻ mình hiện đang tốt lên.,0.0
"Mình học cách không tính trước tương lai mà từng bước từng bước, từng bước thự hiện nó.",0.0
norm track đó emmmm :)) anh bị hold 1 năm do internal transfer rồi fast track 1 năm nên như bạn bè bên audit àaaaaaa,0.0
dạ anh ơi năm 2 anh intern tại Deloitte thì phần kinh nghiệm anh ghi những gì ạ,0.0
tóm tắt là 6-7 năm lên làm manager PWC,0.0
Em xin review các khoá anh học trên coursera với ạ,0.0
Viral vậy thím =)))),0.0
👽 quả thi transfer đỉnh cấp quá a ơi,0.0
"Dạ anh ơi, e muốn hỏi là vào năm 2 anh apply kỳ internship tại Deloitte hay là anh được giới thiệu vào ạ.",0.0
E hiện đang năm 2 và em cũng muốn intern tại big4 đó ạ.,0.0
Em mong anh có thể chia sẻ kinh nghiệm cho e ạ.,0.0
Em cảm ơn anh nhiều,0.0
"mình cho bạn kinh nghiệm Big4, bạn dạy mình đẻ, ok khum aaaa?",0.0
intern đi làm chill chill chứ khó gì.,0.0
Thấy bảo bên advisory lên manager khó hơn audit nhỉ bạn?,0.0
"Bạn ơi bạn đỉnh quá, ib mình kinh nghiệm với ạ",0.0
"chủ yếu là accounting/audit foundations/principles em à, đợt đó anh năm 2 thôi í",0.0
100 điểm không có nhưng.,0.0
Anh ta mà không đỉnh thì chẳng ai đỉnh nữa 👍🏻💯,0.0
tính intern là từ năm 15 đến 25 là 10 năm đoá sốp eiii 🙃 hết thanh xuân ở đei gòi,0.0
Anh có thi học bổng của các training centers và của Big4 hợp tác với trường đại học 📚,0.0
Bạn đăng này lên Linkedin sẽ rất phù hợp đấy,0.0
Internal transfer và fast track promotions ở Big4 là những thứ rất là tâm linh sốp eiiii 🥲,0.0
Dạ cho em xin infor của các hb đó được không ạ,0.0
ủa elmmmmmm 😇,0.0
du học sinh,0.0
mình chụp bằng ip13 app camera default trong máy ạ,0.0
"Bài gốc nhiều người tim như này mà vẫn ăn cắp, tài thật chứ",0.0
foodstylist thì tôi ước lắm hahahahaha 🤳🏻,0.0
"bác này có mắt nhìn, món này vị thơm ngon mộc mạc lắm, ăn cái như thoảng thấy cả hương rạ cháy ngoài đồng, như được về quê ấy 🫶🏼",0.0
Ngưỡng mộ mấy bạn trình bày đẹp ghê á.,0.0
21 tuổi 2 năm du học và 19 món đã nấu trong năm 2 đại học vedette chắc chắn là bún thang,0.0
còn tự hào nhất là phở gan cháy Bắc Ninh.,0.0
Đề nghị cả nhà xem và khen 🫵!,0.0
bạn chụp bằng máy gì thế bạn,0.0
Bác này mở quán michelin tại gia luôn à🤤🤤🤤,0.0
Giang lê học chống trượt à:),0.0
🗣️ OUT TRÌNH CÁC MÔN Ở ĐẠI HỌC: KHÔNG HỀ KHÓ,0.0
TOP NHỮNG KÊNH KIẾN THỨC GIÚP SINH VIÊN RINH A+,0.0
Cơ mà 3/2 mới thi á shop.,0.0
Cám ơn nhiều nhiều nhe hihi,0.0
KHẢO SÁT PHỤC VỤ ĐỀ TÀI NGHIÊN CỨU KHOA HỌC,0.0
Kinh tế và đô thị hoá,0.0
Eurka đỉnh phết,0.0
• Triết học Mác - Lênin • Pháp luật đại cương • Anh văn • Xác suất thống kê • Toán cao cấp • Kinh tế vi - vĩ mô • Giải tích,0.0
ĐSTT Toán rời rạc (Em lên bài rồi đó các bảnh lưu rồi vào đấy lấy đề học đi),0.0
Hệ vhvl bên này nghĩa là kiểu học parttime á e,0.0
du học đài loan,0.0
"Nếu muốn học nghiêm túc thì đừng nên đi vhvl, nó như lao động trá hình ấy.",0.0
"Bạn đi hệ tự túc vẫn có thời gian đi làm, các dhs khác cũng vậy, chủ yếu là sợ bạn có đủ sức để cân bằng không thôi",0.0
"Mình năm nay 26 tuổi, hiện đang làm văn phòng ở Việt Nam nhưng cảm thấy khá mông lung về hướng đi lâu dài.",0.0
"Có ích hơn, còn nếu muốn kiếm tiền thì nên đi xkld",0.0
Gọi là hệ vhvl là cách gọi của các trung tâm môi giới liên kết với các trường tư.,0.0
Bạn làm sv thì có thể tự xin work permit đi làm bình thường.,0.0
"Mạnh dạn liên hệ các giáo sư, đài đang rất cần sv quốc tế vì thiếu sv trầm trọng.",0.0
Ở lại làm việc quan trọng là kinh nghiệm làm việc và tiếng Trung (+Anh càng tốt) giỏi là lợi thế dễ kiếm việc hơn chỉ có tiếng Anh.,0.0
"Chào mọi người, mình muốn xin kinh nghiệm từ các anh chị đã từng học hoặc đang sống ở Đài Loan.",0.0
E học fulltime thì e xin thêm workpermit để đi làm thêm bình thường.,0.0
Thường thì fulltime mới có học bổng từ trường e ạ.,0.0
Em muốn học nghiêm túc thì chắc chắn là fulltime rồi.,0.0
"Lên web trường tìm mục học bổng svqt, tìm hội sv vn tại trường đó",0.0
Ưu tiên các trường công lập và trường tư uy tín.,0.0
Tuỳ ngành mà học bổng học phí + sinh hoạt phí khác nhau.,0.0
cmt mình sẽ nói tiếp ạ,0.0
"dạ mình nghiêng về phần học nhiều hơn, cũng chưa cần phải lo cho gdinh nhiều nên mình đang tham khảo cả 2 ạ",0.0
Hiện mình đang phân vân giữa: Học đại học chính quy (tập trung học nhiều hơn) Chương trình vừa học vừa làm (đỡ gánh nặng tài chính),0.0
A thì thấy học bổng đủ ăn nên không có đi làm.,0.0
A hoàn toàn dựa vào học bổng thôi á.,0.0
Nói sao để không đụng chạm nhỉ!,0.0
"A thấy nhiều bạn xin khá đơn giản, giáo sư hướng dẫn đồng ý ký đơn là xong à.",0.0
Mày tự học rồi tự chữa lấy =)),0.0
Chữa được bệnh và có y đức hay không thì phải xem cái tâm với nghề cùng quá trình tu nghiệp của họ,0.0
Xin info để đi check var,0.0
Trường học chỉ là bước đệm thôi bạn.,0.0
Mình có tiền thì mình tự khôn lên một chút,0.0
Các bv có thể công khai trường đại học của bs khi khám bệnh được không?,0.0
Chưa chắc bs trường top đã giỏi bằng bs trường tư có bác sĩ trường top nào mới tốt nghiệp được xét tuyển thẳng thủ khoa tiến sĩ chưa,0.0
Đại học tân tạo có rồi nhé chưa biết ai giỏi hơn ai đâu,0.0
"Thật sự thì tôi thấy giảng viên ở trường rất tốt, chỉ có sinh viên.",0.0
Ví dụ như tôi.,0.0
Học rất ối dồi ôi thôi =)),0.0
Tình yêu ơi tui có chia sẻ trong trang cá nhân đó tình yêu tham khảo nhen cốt lõi là học nhiều sách có gì học hết ạ,0.0
😭e cảm ơn ạ,0.0
"sốp ơi sốp chia sẻ cách học cho iem với, sao sốp duy trì được gpa cao vậy ạ 😭",0.0
Em xin vía học giỏii ạ,0.0
đã giỏi lại còn xinh😭,0.0
Không nói tưởng thật sự là người Trung Quốc luôn đó.,0.0
Để ý ai giỏi ngôn ngữ nào đều có nét mặt như quốc gia ấy.,0.0
Nếu nói theo nhân quả thì đây là sự chuyển sinh,0.0
dạ iem cảm ơn chị nhiều ạaa ❤️,0.0
Sắp tròn 6 năm học tiếng Trung rồi khi xách hành trang xuống Hà Nội học tiếng Trung cũng không suy nghĩ mình sẽ làm gì và làm được gì.,0.0
Nhưng đến hôm nay mình có đáp án cho mùa hè năm đấy,0.0
dù quá trình đi du học vô cùng chông gai.Nhưng mình biết ơn vì đã được sống cuộc đời mình từng mơ ước,0.0
Nhả vía cho tình iuu nhen,0.0
Haha chắc do e makeup theo kiểu Douyin nên vậy,0.0
"Cảm ơn mọi người vì lời khen , cũng như ib đăng ký học, mình xin phép sx lại công việc rồi sẽ từ từ trả lời mọi người ạ",0.0
Chị ưi rep ib em với ạ,0.0
tặng cô cái này cô còn đéo thèm nhận,0.0
đôi guốc đàng hoàng thêm 1 bó hoa .,0.0
Lớp nào tặng bánh kẹo thì cũng là tháp đồ ăn chứ trông bill chán chả biết nói gì,0.0
Sinh viên đại học chứ có phải học sinh cấp 3 đâu mà tặng quà kì vậy :)),0.0
chứ không lại đổ thừa nhau nhai bài em mệt lắmmm,0.0
":)) ý là tầm nhìn bọn này thiển cận vl , ham ăn ham chơi vãi",0.0
chắc chọn bcs theo hình thức bốc thăm haha,0.0
"700k đủ mua 1 bó hoa rất đẹp và to :))) người nhận vừa vui vừa cảm động, có cái chụp khoe nữa",0.0
lũ bcs lớp kia vừa ngu vừa pick vcl,0.0
"1 bên thì con nít, vô ý tứ.",0.0
1 bên thì im lặng đùn đẩy lười nhác để bọn kia làm.,0.0
nói chung là tập thể đần và bột.,0.0
ra tiếp xúc với đời đi tụi em,0.0
Mọi người nghĩ sao về vấn đề lựa chọn quà cho cô như thế này với trình độ của bọn sv đại học ?,0.0
và các bạn ban cán sự tự mua đống quà dưới và đặt đồ ăn ăn uống trong giờ Sưu tầm phốt.,0.0
Mình xin thông tin nhượng lại quán nhé,0.0
"Quán đã có đầy đủ đồ dùng pha chế, bàn ghế cũng như menu công thức nước.",0.0
Mọi người có thể làm luôn hoặc phát triển thêm theo lối riêng ạ,0.0
Ib mình nhé,0.0
Bạn check tin nhắn giúp mình nha,0.0
Ôi vcl anh ơi,0.0
Thật không shop,0.0
Mình xin thông tin sang nhượng nhé.,0.0
gia sư Toán,0.0
Giỏi thế chời ơi,0.0
9 7+ và Hóa luôn 9 5+ Đánh giá năng lực HSA khoa học 105 Đánh giá tư duy TSA 74,0.0
35 Giải ba HSG cấp tỉnh môn Toán 9 Giải nhì HSG cấp huyện môn Toán 9 Thi vào 10 công lập với điểm Toán 9 5 Nếu phụ huynh,0.0
các em học sinh quan tâm có thể nhắn số zalo “0866568980” hoặc comment phía dưới con/em sẽ chủ động liên hệ ạ. Con/em/mình xin chân thành cảm ơn.,0.0
Giỏi dị :)),0.0
Ủa đàn em nè!,0.0
Top hay bot đó?,0.0
men biết chơi nhạc cụ với thể thao.,0.0
Bà bot à,0.0
"Ủa, khoá dưới?",0.0
Oách luôn ý chứ 😁,0.0
Tín chỉ học phí là cái thứ… nhất một trường đại học có thể nghĩ ra,0.0
"người ngoài nghe số tiền 1 tín tưởng ít, người phải trải qua thì đớn luôn :)",0.0
"20 tín đóng cho 28,5 tín đây này 😌 nghe phát biết sv trường nào luôn mà chắc cũng chỉ có trường này có",0.0
Đồ án 15 tchp 🦝,0.0
Flop thì gọi tên trường vào là ngon luôn,0.0
Đọc cmt thấy vài trường có,0.0
ôi sv năm nhất ăn quả học phí hơn 24 củ chưa tính tiền ăn ở quân sự💔,0.0
đến khi lên phòng đào tạo ngồi thì không j4f ở đó được đâu 💆🏻‍♀️,0.0
"còn TMU thì đa số đều kiểu ""ngại hết cả TMU"" hoặc ""làm xấu mặt trường"".",0.0
chả khác gì đặt mấy từ trong DS đen,0.0
ib tui nha bà,0.0
E tìm ở khu vực nào ấy,0.0
"Cả nhà ơi, có phòng trọ nào giá sinh viên (tầm 3tr quay đầu), có cửa sổ hoặc có nắng chiếu vào không ạ.",0.0
e tìm phòng Tân Bình giáp q10 càng tốt ạ,0.0
"Trọ mình ở thủ đức gần ga bình thái tìm thêm 1 bạn ở ghép, có ban công, có cửa sổ lớn, có nắng phơi đồ.",0.0
1tr3/ tháng nhé,0.0
nhà trọ sinh viên,0.0
"AI code & tính toán: ChatGPT, GitHub Copilot, Wolfram Alpha 7.",0.0
"AI mô phỏng & thiết kế: Autodesk AI, Ansys AI, MATLAB Copilot 8.",0.0
tui có gpt giá tốt,0.0
Combo AI cho sinh viên KỸ THUẬT,0.0
tân sinh viên,0.0
"AI học tập & tra cứu: ChatGPT, Perplexity AI, SciSpace 2.",0.0
"AI viết & sửa: Grammarly AI, QuillBot AI 3.",0.0
AI ghi chú & quản lý: Notion AI 4.,0.0
"AI thiết kế & thuyết trình: Canva AI, Gamma 5.",0.0
"Lương deal theo knghiem nhưng không ycau kinh nghiệm á em, cứ apply nhâ",0.0
Cảm ơn mọi người đã đọc.,0.0
Làm 2 ca luôn được không ạ,0.0
[Tân Bình] Tuyển nhân viên văn phòng part-time,0.0
Ở đâu vậy ạ,0.0
"Chị cần tuyển sinh viên hoặc các bạn mới ra trường làm admin hành chính ở công ty, quen việc muốn gắn bó có cơ hội lên chính thức.",0.0
Các tasks chính cần hỗ trợ: nhập liệu văn thư lưu trữ làm lệnh thanh toán,0.0
hỗ trợ tuyển dụng...và một số công việc khác liên quan nghiệp vụ hành chính nhân sự.,0.0
Gần Lotte Mart Cộng Hòa em nha,0.0
", Tiêu đề ghi rõ buổi làm việc.",0.0
Em xin thêm thông tin công việc ạ,0.0
"Làm T2-T6 4h/ngày, full sáng hoặc chiều 40~60k/h",0.0
Bên mình cần tuyển thêm TTS Kinh Doanh Yêu cầu: Ít nhất lên công ty tối thiểu nửa buổi - Mắn đơn 😅 Data khách công ty cấp Hoa hồng: Min 15%/Dự án 2.,0.0
Tuyển thêm TTS Thiết kế / Junior Designer - Chuyên về: Thiết kế logo - Bao bì - Bộ nhận diện thương hiệu - Có trợ cấp - Ib cho mình để gửi Porfolio nhé,0.0
"Phục vụ từ 7k-10k-15k thời những năm 2014,2015 2.",0.0
"Chạy uber, grav, ahamove 600-700k/ ngày hồi những năm 2016, chạy khá ổn vì các doanh nghiệp này mới vào Việt Nam 3.",0.0
Gia sư 150k/2h.,0.0
"Lúc đầu dạy 1 bạn, dần dần mở được 4 lớp, mỗi lớp 3-5 bạn, dạy full tuần, chỉ dạy buổi tối.",0.0
Thế mà mỗi tháng được 12-15tr đấy.,0.0
Dạy được từ 2017-2021 mới nghỉ.,0.0
"Giờ mình làm kiến trúc sư fulltime, ngoài ra còn kinh doanh mảng cà phê nữa, làm vì đam mê là chính chứ lỗ lòi lìa 😹",0.0
bưng tráp ở đâu vậy ạ,0.0
Bạn làm tttm nào vậy ạ,0.0
Còn làm gì nữa không cả nhà,0.0
Em: Phục vụ nhà hàng 25k/1g Mascot: 70k/1g Bán nem chua 30k/1g Của hàng cho thuê quần áo : 25k1g PG bia đợt 1 10tr1 tháng ( 5 tiếng buổi tối,0.0
6 ngày 1 tuần lương cao mà còn đi học nên nghỉ) Hiện tại PG bia đợt 2 450k/4 tiếng Cũng tạm thôi mà tại nhàn,0.0
ẻm hay có mấy cái sound nhỏ nhỏ cưng ghia,0.0
thì ra cũng có thể vừa sĩ vừa đáng iu như vị =))))))),0.0
"Vừa sĩ vừa quê , how can.",0.0
Kiểu bị đồng đội phản bội á má,0.0
Ẻm 2k5 áaaa,0.0
"Dạa,cảm ơn bà nhaa",0.0
Cười bất lực 🤣,0.0
Phúc Nguyên Showitall2025 Tân Binh Toàn Năng,0.0
trỏu hết cả tân binh:))),0.0
ahhh nó cưng quá,0.0
Cí mặt rất là tự nguyện luôn,0.0
cái tôi sinh viên ngôn ngữ anh quá lớn =))))))))),0.0
Series Năng tổng bà ơiii,0.0
Nếu là full time thì làm mấy ngày trong tuần vậy ạ,0.0
Em xin jd chi tiết với ạ,0.0
sinh viên mới ra trường;lễ tân,0.0
nhắn zalo mình: 0336583365 nha,0.0
fulltime thì tuần nghỉ 1 ngày nha,0.0
"Mình phải xin mã sv và phương thức liên lạc của cô ấy mới được, tiểu nha đầu ngốc nghếch này sẽ thuộc về mình",0.0
Quá trời quả caption bà ơi =))))))))),0.0
Đây là page trường =)))))),0.0
Nghe sướng hết cả con người,0.0
"Mới nhập học, tôi trở thành vợ của tổng tài quyền lực nhất trường",0.0
nghe lực phết =))),0.0
định vị tìm full chức năng như auth giá siu hssv 2xx Bảo hành 6tháng lỗi đổi mới ngay Sẵn ship cod tại Đống Đa 🎧,0.0
hót thờ rét à,0.0
Nghe nó ngầu ngầu sao á,0.0
Sắp bị xoá bằng đến nơi thầy còn tưởng bốc phét,0.0
Tổng tài quyền lực và cô vợ tân sinh viên của anh ấy,0.0
Em ib qua ig hoặc thread giúp anh nha,0.0
Công tỷ mình ở đâu vậy ạ,0.0
Làm ở đâu vậy ạ,0.0
Địa chỉ công ty ở 58 Phố Vọng em nhé,0.0
Công ty Cổ phần Phát triển Giáo đục và Đào tạo ODIN em nhé,0.0
Em muốn ứng tuyển ạa,0.0
sinh viên năm nhất,0.0
công ty nào vậy ạ,0.0
Em ib ig hoặc thread giúp anh nhé,0.0
Mình nghĩ quy đổi này khá công bằng.,0.0
Trường sẽ quy đổi các phương thức ra thang 100 và dùng điểm này để tính bách phân vị như năm ngoái.,0.0
"ACT 30, điểm thưởng ngoại ngữ max 1.8 thì quy đổi 100 sẽ là: 84.12",0.0
"Ví dụ: SAT 1520, điểm thưởng ngoại ngữ max 80 thì điểm quy đổi 100 sẽ là 84.16",0.0
năm ngoái là được 77.87 thoi nha,0.0
Hướng dẫn của năm ngoái đây.,0.0
Theo hướng dẫn này e phải thi xong có điểm rồi upload report lên cho trường,0.0
e cảm ơn nhiều ạ,0.0
Đây là thông tin được đăng trên nhóm Tân sinh viên K71 HUST về quy đổi điểm diện 1.2.,0.0
Mé xưng em tôi kích thích vl,0.0
"-Ổ cắm điện đa năng: Ổ cắm điện, dây nối dài:",0.0
-Quạt (nếu ở trọ không có),0.0
-Quần áo thể thao,0.0
+ chuột không dây Sidotech:,0.0
"-Giày dép: đi học, thể thao, dép lê -Mũ, khẩu trang -Túi/ba lô đi học: balo Bama basic nhiều ngăn chống nước:",0.0
"+ Móc áo, móc đồ:",0.0
"-Móc áo, móc đồ:",0.0
Đồ dùng phòng ở -Bộ chăn – ga – gối – nệm-màn-mùng:,0.0
"Giặt giũ -Bột giặt/nước giặt -Nước xả vải -Thau/chậu giặt tay (nếu không có máy) -Kẹp đồ, dây phơi: + Giá treo đồ / kệ nhỏ (nếu phòng chật)",0.0
"-Ổ cắm điện, dây nối dài:",0.0
-Đèn bàn học chống cận thị:,0.0
"Quần áo & phụ kiện -Đồng phục (nếu có yêu cầu) -Quần áo thường ngày, áo khoác +quần tây",0.0
"-Dây phơi, kẹp phơi đồ -Áo mưa, dù (ô):",0.0
-Sạc dự phòng nhà baseus:,0.0
-Tai nghe: Tai nghe:tai nghe dây 3.5mm,0.0
Công nghệ & điện tử -Laptop + chuột + túi chống sốc: + một chiếc laptop vừa túi tiền cấu hình ổn định phục vụ tốt cho học tập,0.0
làm bài thuyết trình học online thiết kế đồ họa hay lập trình:,0.0
“DANH SÁCH” ❤️đồ dùng cần thiết cho tân sinh viên khi bắt đầu cuộc sống đại học – đặc biệt là nếu bạn phải sống xa nhà,0.0
ở ký túc xá hoặc thuê trọ.,0.0
Mình sẽ chia thành các nhóm để bạn dễ theo dõi và chuẩn bị hơn.,0.0
", quạt tích điện:",0.0
"Dạ vâng ạ, mình cảm ơn bạn nhiều ạ",0.0
"-Thau, chậu nhỏ -Rổ đựng đồ (quần áo, thực phẩm...) -Giá treo đồ / kệ nhỏ (nếu phòng chật)",0.0
"Mình có up trên bài tiếp theo trên trang của mình rồi đó, bạn vô xem tham khảo nhaa",0.0
đấy ít ra còn mở lời nói vậy có đáng yêu không cơ chứ 🫶 nyc tao vào quán ngồi gọi món,0.0
còn bảo tao là “em cứ gọi thoải mái đi”.,0.0
Đến lúc thanh toán thì quay sang tao bảo “em thanh toán đi” 😍,0.0
Ỏoo thương lắm mới nhờ á,0.0
Tiên sư mẹ sao lướt cái thread đầu tiên trong ngày mà đáng yêu thế tổ sư bố bọn yêu nhau này😭,0.0
bố tổ bọn yêu nhau,0.0
Anh như thế nên mình tôn trọng và yêu thương a lắm.,0.0
ỏoo cảm ơn ảnh lắm luôn 🫶🏻😍.,0.0
đi xe tui bà nọi ơi,0.0
Còn tuyển không ạ,0.0
"Em ở đâu, đi với a",0.0
Ib a với,0.0
Chuyên nghiệp quá.,0.0
Thật đáng tiếc,0.0
Chào tân sv,0.0
Tân sinh viên này xưn quá 🤓,0.0
Tân sinh viên dh vinh🫶🏻,0.0
Cho em xin file với ạ,0.0
ib anh nha,0.0
Em muốn nhận thêm nhiều tài liệu chất lượng miễn phí thì vào nhóm zalo nì nhebn^^,0.0
anh duyệt em với ạ,0.0
Muốn nhận thêm các môn khác thì join zalo nhen các em!,0.0
Đăng nhập tài khoản Zalo,0.0
250 CÂU TRẮC NGHIỆM KINH TẾ CHÍNH TRỊ MÁC - LÊ NIN ( CỨU CÁNH CHO TÂN SINH VIÊN ),0.0
Ờm thì có 1 quán mì chua cay ở trên con đường Trần Đại Nghĩa( hướng từ cổng Trần Đại Nghĩa Bách Khoa đi thẳng lên đường Đại Cồ Việt) ăn rất oke nhá giá thì từ 40k đổ lên rất đáng thử,0.0
nem nuong số 69 ngõ tự do nhé 😋 quán sạch sẽ,0.0
nếu cafe học các bạn ghé Mộc Miên nhaaa🥰🥰🥰,0.0
Né cái quán Aladdin ở Ngõ Tự Do ra các em nhé 🙂,0.0
TOPIC: Review các quán ăn/uống ngon- sạch- rẻ quanh khu Bách- Kinh- Xây ạ☺️,0.0
dạ em cảm ơn chị😍,0.0
cơm sườn tấm của Bếp mẹ Nhím ngõ 183 Trần Đại Nghĩa nhaaa siêu rcm ạ😋,0.0
cơm ngon ăn no phè lắm ạ,0.0
hjhj Mộc Miên cảm ơn bạn nhìuu ạaa,0.0
viral giúp tân sinh viên này với ạ,0.0
e mới lướt trúng bài phốt có vật thể lạ bò lúc nhúc khi ăn nem nướng ở Ngõ Tự Do mà sợ quá☺️☺️,0.0
Nhà em coá bán mì trộn Indomie ở HN gần bách-kinh-xây ạ.,0.0
Khu bách kinh xây ghé tiệm mình nha Nail mi xịnhh Ngay sau Neu,0.0
Cắn rứt lương tâm 😇,0.0
thằng này sư tử T8 nên 4 chữ L gắn trên mặt =))),0.0
thằng em def anh Max lực thật,0.0
Con vợ k7 này debut ác thật,0.0
Anh Linh cứ sống đúng tinh thần var mọi kèo cho em.,0.0
Xem thế mới phê,0.0
ông cháu đua láo thật :)),0.0
🤡em Linh năm nhất mà em var quá,0.0
Cận cảnh tân sinh viên năm nhất 2026 Arvid Lindblad đòi var tất cả lẫn cựu sinh viên:,0.0
Cho mình xin thời gian làm việc với ạ,0.0
Mình cần tuyển nhân viên part time cho tiệm nước ép sinh tố ở Tân Phú.,0.0
220 Thạch Lam nhe,0.0
Khúc nào tân phú ạ,0.0
Thực tập sinh,0.0
📍 Làm việc tại: MCV Complex – Phường Tân Thuận,0.0
"Bạn nào thích job hành chính hem, ngồi bàn lễ tân hay được ăn ngon 🤭🤭",0.0
Việc làm sinh viên hà nội,0.0
"Nhìu bạn hỏi waa, vẫn có job CSKH cho các bạn sinh viên nè, 5.5M cho full time và nếu parttime thì tính theo ngày công đi làm haaaa",0.0
Cho em xin jd với ạ,0.0
Job Intern HR parttime (focus hành chính lễ tân) Bạn sinh viên năm 2 năm 3 đi làm parrtime vừa thêm kinh nghiệm vừa có hỗ trợ apply nhoa 📍Số 1,0.0
Đào Duy Anh Đống Đa HN 📌Làm từ t2-t6,0.0
cho e xin JD với ạ,0.0
Giờ giấc part-time sẽ thế nào vậy ạaa,0.0
Intern vào đây oke lắm í 🤭🤭,0.0
Công ty IT Nhật thành lập 21 năm 🥰🥰,0.0
Làm content mở bài thôi lạy các đấng ❌,0.0
Là 1 người thất nghiệp đi xem bói dạo,0.0
tôi tư vấn cho : Chủ doanh nghiệp Du học sinh năm châu bốn bể Quản lí nhân sự Hr Leader Học sinh trường chuyên Người thất nghiệp như tôi Giáo viên Công an Bác sĩ y tá Luật sư Người bị đá Người ngoại tình Người bằng tuổi mẹ tôi ... Tâm linh diệu kỳ,0.0
"Mình xem giá từ 50 tới 200 tùy vấn đề, thanh toán sau khi xem",0.0
Còn tha là còn khổ,0.0
Ý là My là bé con hả,0.0
À tôi là người vợ bị phản bội nhưng nhắm mắt chấp nhận tất cả để con có bố nè be,0.0
"Xin lỗi vì tôi ngu và lụy quá, chưa dứt bỏ được",0.0
Chồng bà có die đâu mà kêu con không có bố.,0.0
Li hôn rồi bố vẫn là bố chứ sao,0.0
"Không, tôi là vợ hợp pháp, người bị phản bội trong cuộc tình này đó",0.0
Bà là tiểu tam hả bà?,0.0
"Ngoại tình, xin quay về đến khi người vợ đồng ý thì quay sang nhắn như này đây",0.0
Bạn í chứ ai trờiii:)),0.0
"Nghiệp ai nấy gánh thì được :))) chứ để đời sau thì đúng khổ, thương mấy bạn trong post.",0.0
"Người yêu mình ngoại tình thì ai gánh 🥺,",0.0
Lúc ngoại tình nó có nghĩ nhiều đâu mà :)),0.0
Căm thù mấy cha ngoại tình,0.0
Vậy bỏ chưa kk,0.0
Khổ quá màa…,0.0
Chuẩn nha mọi người,0.0
Tin chuẩn đấyy,0.0
Yess đan ông ngoại tình khó thay đổi,0.0
Đàn nào cũng có ngoại tình hết á…,0.0
sự thối nát từ môi trường sống tạo ra con người “ tiêu chuẩn đạo đức thấp kém “,0.0
trốn thuế cũng vậy,0.0
Hai người thích nhau luôn đi cho nhanh về tâm sự cả ngày với nhau 🍺,0.0
tởm hơn nữa là ngoại tình tư tưởng💔,0.0
Hai thế giới,0.0
"""Ngoại tình là bản năng, nhưng chung thủy là bản lĩnh"" Nếu ""Ngoại Tình"" xuất phát từ bản chất!!!",0.0
"Chúng ta không thể dùng tình yêu để thay đổi ""bản chất"" của một người.",0.0
"Bản chất chỉ thay đổi khi chính người đó trải qua một cơn ""địa chấn"" về tư tưởng và thực sự muốn tái cấu trúc lại nhân cách của mình.",0.0
Đừng đổ lỗi cho hoàn cảnh hay ai hết :)),0.0
do bản thân thoi chứ đừng đổ lỗi cho ai,0.0
"1,3 nghìn lượt view chỉ có 2 ngừoi tự coment nhau 🍺",0.0
Ngoại tình là hành vi của người có vấn đề về đạo đức và bản ngã yếu ớt trước cám dỗ.,0.0
"Hiểu thế thôi, đừng biện hộ =))))",0.0
Đã từng ngoại tình dù chưa làm gì.,0.0
Nhưng nội tâm nó hãm l lắm.,0.0
Lại còn thêm combo vừa xấu vừa nghèo lại còn ngoại tình thì thảm hoạ :),0.0
tiêu chuẩn đạo đức thấp thì đừng có tại bị thì là,0.0
Là nhân phẩm xấu!,0.0
Bản năng mạnh nhưng bản lĩnh yếu,0.0
"Thì cũng kệ người ta đi, ơ =)))",0.0
Tốt nhất đừng nên ngoại tình.,0.0
Không bạn ơi.,0.0
Tôi một là ở với chồng đến chết.,0.0
Hai là li hôn hẳn hoi.,0.0
Còn không có ngoại tình kể cả trong tư tưởng hay ngoài tư tưởng.,0.0
Bởi tôi rất sợ bị đánh ghen.,0.0
Và tôi rất sợ bị bóc phốt và tôi rất sợ bị tống tiền và tôi rất sợ bị bệnh.,0.0
Thế lên đừng nghĩ phụ nữ nào cũng giống như nhau nha.,0.0
"Chả biết chồng ở nhà tiêu cái gì, đưa tận 5tr mà tháng nào cũng than thiếu, bỉm sữa có hết bao nhiêu đâu",0.0
Đàn ông ở nhà chỉ việc đẻ làm việc nhà thôi mà =)) GIỎI RA ĐƯỜNG KIẾM tiền đi,0.0
"Tháng lo cho chồng con đôi triệu là quý rồi, đủ ăn đủ tiêu khéo lại mua được cả vàng mang về nhà nội ấy chớ 😌",0.0
"[MỚI] Son COLORKEY Watery Tint Phiên Bản Mới Bền Màu Lâu Trôi, Không Dính Cốc, Siêu Mịn Môi 2.5g | Shopee Việt Nam",0.0
tóc tai bù xù .. ai nhìn chả chán,0.0
Chồng là bãi rác??,0.0
Hay sao mà ngoại tình xong xuôi lại quay về ấy nhỉ,0.0
"Chúng tôi chỉ phạm sai lầm mà phụ nữ nào cũng gặp phải, chúng tôi có bồ nhưng vẫn về nhà với chồng con.",0.0
Có cái gì mà phải làm quá lên vậy?,0.0
chúng tôi cần tiêu tiền nhiều chứ đàn ông ở nhà nội trợ thì cần tiêu gì đến tiền mà giữ tiền,0.0
Đã thế vợ mới đi ra ngoài nhậu với đám bạn 1 tí thôi mà về đã chửi um sùm lên như con sư tử rồi,0.0
phụ nữ người ta kiếm tiền mệt mọc cũng cần có lúc giải trí tí chứ Vợ đi karaoke tay vịn thì có sao,0.0
các bạn của vợ gọi chứ vợ có gọi đâu mà các ông cứ gào lên,0.0
Phụ nữ lấy chồng rồi ai cũng ngoại tình hết mà mọi người,0.0
cứ kệ đi đến lúc nào họ chơi chán họ lại quay về với chồng ấy mà Các ông chồng cứ ở nhà cơm nước chăm lo con cái,0.0
"Mình là nữ, đang có bạn trai nhưng gần đây mình quan tâm hơi quá đến một bạn nữ khác.",0.0
Mình như vậy có phải là ngoại tình tư tưởng rồi không?,0.0
Liệu mình có les không?,0.0
Bisexual chứ không phải les,0.0
Năn nỉ ảnh đừng bỏ mình,0.0
Ny em ngoại tình bỏ em thì phải làm sao ạ?,0.0
Mình khuyên thật lòng bạn nên ĐI BỘ 127km nhé,0.0
Khóc lóc van xin ảnh,0.0
Đi 127km gặp rồi van xin,0.0
Kôg còn sự lựa chọn nào khác hả bà,0.0
Không đâu.Họ đã chọn bản thân bước qua ranh giới 1 lần tức là họ vốn không coi trọng ranh giới đó đâu,0.0
"Ex từng ngoại tình vài lần với 1 bà bằng tuổi, dù bịbphats hiện chỉ là nói dối abc và chối.",0.0
Chị vẫn ổn với 4 con tại nhà mình😁.,0.0
Bà nội mình kể hồi đó ông cũng có quen 1 bà nữa bên ngoài,0.0
Bây giờ chị và con chị vẫn ổn chứ ạ?,0.0
Nhưng vẫn cặp nhiều gái công trình và Bồ cũ.,0.0
Và bản chất lăng nhăng thì sẽ không bao giờ thay đổi.,0.0
Hmmm hy vọng đã thật sự thay đổi đi ạ,0.0
"Nhưng e thắc mắc có nhiều người đàn ông yêu chiều vợ con vô cùng,rất sợ vợ nhưng vẫn đi ngoại tình nhỉ?",0.0
"Chị phần lớn cũng nhờ Cha, Mẹ chị nên chị mới vượt qua được.",0.0
Chứ một mình thì cũng không dễ dàng gì đâu em🥰,0.0
"Đến lúc 50 tuổi lại ngoại tình tiếp, nhưng lần này là con gái ổng phát hiện",0.0
Dạ vì em thấy 4 người con nên gánh nặng cũng sẽ nhiều hơn,0.0
chị thoát ra được người tệ bạc và gây dựng lại cuộc sống thật sự khâm phục chị ạ chúc chị và các con chị nhiều sức khỏe,0.0
an yên 🥰🍀🌻,0.0
"bản chất đó, tham lam, ngu muội, bị cám dỗ bởi dục vọng, nói chung khó nói lắm",0.0
Topic: Mọi người nghĩ một người từng ngoại tình thì sau đó có thể thay đổi và sống tốt được không?,0.0
khó thật nhỉ...,0.0
Bạn nói chuyện nhẹ nhàng và tình cảm quá.,0.0
Chúc bạn cuộc đời an lành và hạnh phúc ạ,0.0
Nguyện cầu Chúa yêu thương chở che cho mẹ con chị nhé 🫂 ly hôn là điều chẳng ai mong muốn hết cả,0.0
Mong chị một đời an yên về sau,0.0
Hồ sơ gồm những gì đó bà?,0.0
mạnh mẽ dứt khoát.,0.0
"chúc 3 mẹ con chị bình an, hạnh phúc ạ",0.0
"thương chị gái, em chúc chị một đời an yên 💓",0.0
Bản gốc giấy đăng ký kết hôn CCCD của cả 2 giấy khai sinh của các con đơn xin ly hôn theo mẫu hiện hành,0.0
Chỉ có điều phải đi lên theo lịch hẹn mấy lần.,0.0
Chúc bạn bình an trong tâm hồn để có những quyết định sáng suốt nha.,0.0
Bà ly hôn tự nguyện hay đơn phương vậy?,0.0
Tui muốn xin hồ sơ 😀,0.0
Cảm ơn em 🫂,0.0
Cố gắng xem nhẹ mọi thứ chỉ vì mình xứng đáng bình an.,0.0
Giữ bình an nha e 🥰,0.0
Thiệt là triết lí sống,0.0
nó làm như mỗi nó có nhu cầu ấy :)) chó đực đến mùa mới động dục chứ loại đó 365 ngày,0.0
nhiều ông còn quan điểm ngoại tình để giải quyết nhu cầu sinh lý,0.0
anh nói văn vở quá nhưng quan điểm về chuẩn mực đạo đức của anh chó tham đi rồi =)),0.0
Lỗi hoàn toàn ở người chồng.,0.0
Nhưng vợ trong câu chuyện này cũng lạ.,0.0
Nhưng vợ lãnh cảm vậy mình cũng thấy tổn thương.,0.0
Ý là có bị gì không😇 xàm vcl,0.0
Này có phải con người nữa đâu 😤,0.0
Thôi anh cút mẹ đi,0.0
Cđg vậy trời?,0.0
Vợ mà cứ như bình chứa tôn 🤡🤡🤡🤡,0.0
nói như nói vl thật =))))),0.0
Sinh lý ai chả có anh ơi :))).,0.0
Thằng nào có mindset như này thì đừng làm quen tao.,0.0
Nói trước cho đỡ mất thời gian.,0.0
Ô hay :))) Bố cái thằng nứng cak này :)))),0.0
sợ lấy chồng sợ bầu :)),0.0
Nghe có lý lắm cơ :))))) con người có phải con súc vật đâu mà không kiểm soát được cảm xúc sinh lý khiếp,0.0
vloz nghe văn mẫu quá,0.0
Bản chất là ngoại tình rồi thì có bầu hay không vẫn đi với người khác còn đừng mang nhu cầu sinh lý ra để nói ạ =)))) muốn thì tìm cách không muốn tìm lý do.,0.0
"""Khó khăn nhất là bỏ 1 người đang yêu mình"" :))) là do mình muốn nhớ cái thoại theo ý mình thôi + 1 chị Lan nhé !",0.0
Không phải tha mà là buông bỏ,0.0
Sau 5 năm,0.0
nhưng liệu rồi mình hận người ta hoài được sao 🥹,0.0
"ủa chứ không phải bài học rút ra là ""Đứa nào ngoại tình đều phải chết"" hả",0.0
Thế thì chỉ có độc thân thoai,0.0
Theo mình tha thứ là chấp nhận buông bỏ tha thứ cho chính bản thân mình buông tha cho nhau chứ không phải tha thứ để tiếp tục,0.0
để quay lại.,0.0
Tha thứ cho hành vi ngoại tình là việc mình không chấp nhận được..,0.0
"Vì người nên hận cũng đã chết rồi, tha thứ cho họ cũng là tha cho bản thân mình bạn à.",0.0
Chứ người cũng chết rồi mình hận cũng được gì đâu chỉ mệt mình thôi.,0.0
"Kiểu không tha thứ cho hành vi ngoại tình, mình chỉ buông tha nhau thôi",0.0
"""Thỏ ơi, Kết phim: ngoại tình... chỉ có chết mới được tha thứ",0.0
Đang cảm động thành cảm lạnh☺️,0.0
"Hận vì si, si quá thành hận.",0.0
"Mình không thích thông điệp này, vì với mình đã ngoại tình thì chết cũng không tha thứ ..""",0.0
cứ quên đi sống cuộc đời của chính mình chẳng phải tốt hay sao thay vì suốt ngày thù hận nhớ đến nó làm mất năng lượng của bản thân,0.0
Chốt lại là “các chị em họ Lào” chứ gì?,0.0
Nói vậy thì hay quá!,0.0
"Thay vì ""tại sao lại như thế"" ""mình cần làm gì để không rơi vào cảnh này"" Thì ""tất cả là tại chim bé"" ""lý do lý trấu",0.0
Tự nhiên nhớ cái vụ bà vợ ngoại tình bị ông chồng chặ.t đứ.t 2 cánh tay xong tụi nó cũng lao vào kêu là đáng đời,0.0
"Nếu đã muốn rời đi, hãy rời đi đàng hoàng.",0.0
"Đừng vừa năm tay người cũ, vừa hứa hẹn tương lai với người mới, rồi gọi đó là không biết mình muốn gì.",0.0
Không biết mình muốn gì không đáng sợ.,0.0
"Đáng sợ là biết mình đang làm tổn thương người khác nhưng vẫn tiếp tục.""",0.0
thay vì ngoại tình thì chọn nói thẳng với vợ là được mà😀?,0.0
Phim “Thỏ Ơi” & vấn nạn ngoại tình (dưới góc nhìn Sexual Psychology),0.0
Đã lựa chọn ngoại tình thi chắc chắn họ hiểu được cái giá phải trả nhưng họ vẫn làm.,0.0
hoặc sợ cô đơn thôi,0.0
⚠️ Có tiết lộ nội dung phim,0.0
Đừng lấy một cái sai để sửa chữa một cái sai.,0.0
"[Thỏ ơi ] ""Người ta thường viện đủ lý do cho một lần phản bội: cô đơn, thiếu thốn, áp lực, không được thấu hiểu.",0.0
"Nhưng thật ra, phản bội không bắt đầu từ hoàn cảnh.",0.0
"Nó bắt đầu từ khoảnh khăc một người chọn thỏa mãn cảm xúc của mình trước, và đặt lòng tin của người khác xuống sau.",0.0
Chưa xem phim nhưng tôi bị điên khi đọc truyện á bác 🥲,0.0
Rồi đọc tiểu thuyết gốc chắc vừa đọc vừa xé 🤣,0.0
"Jane Eyre tính ra dễ chuyển thể hơn chứ Đồi gió hú cực khó chuyển thể, vì từ ngữ sử dụng quá xuất thần",0.0
nhưng để thành kiệt tác vang dội như quả này chắc khó 😔,0.0
Nhiều nha bác,0.0
Tôi yếu lắm à 😇,0.0
Mỗi cha Heathcliff đã nhức cả đầu,0.0
"Chỉ bảo ngoại tình như vết mẻ trên cái chén vậy, mỗi lần ăn cơm đều sẽ thấy.",0.0
chia tay luôn sẽ đỡ phải dằn vặt nhau.,0.0
"Nhà này cái gì cũng dám thoại, dám trả lời.",0.0
Chuyện gì cũng khác nhau nhưng quan điểm này thì đồng thuận 100%.,0.0
"Ôi 2 cái cờ xanh, toàn thân đều là chất diệp lục =))))",0.0
"thực ra đoạn này Q có nói 1 ý là không về lấy đồ, vì để/ở riêng có backup rồi - NHƯNG đấy là trước đây thôi ^^",0.0
cái nơi ở chung đó) _Quỳnh thì khỏi về lấy luôn,0.0
Sao mẹ nói gì cũng chí lí mà đúm hết vậy.,0.0
Mà đúng thật,0.0
_Đáp: Cả hai đều chốt cho đi luôn.,0.0
Rõ ràng là đang tranh luận mà.,0.0
"Tình yêu trong mơ của mình luôn, thách thức nhau, tranh luận lý lẽ với nhau rồi ngồi cười hề hề :>",0.0
nhà có 2 diễn viên ó nên tiểu phẩm ê hề,0.0
2 cổ khoái tranh luận mà =)))) ngày ở nhà 800 cái giả định,0.0
tự đặt vấn đề rồi tự role play luôn =))) Fan tưởng 2 cổ cãi nhau chớ 2 cổ khoái giao tiếp với nhau,0.0
Lết từng ô gạch :)))),0.0
yêu nhau bình yên quá :)))) nên mình tự đặt tiểu phẩm ngang trái để thử luôn hỏ,0.0
Nay cái livestream nó xa bờ luôn ý.,0.0
Nghe vẻ phim hợp với mình ghê,0.0
"""đừng vội nghe bất kỳ một lời khuyên nào của ai cả, cuộc đời của mình thì mình tự trải nghiệm đi để biết nó sẽ như thể nào...",0.0
để up dần,0.0
"""Biển đâu thiếu cá, sao lại thèm con cá trên dĩa của người khác""👑",0.0
"Trong phim ""Thỏ ơi"" của Trấn Thành các câu rất đúng",0.0
"""ngủ dậy 1 đêm có khi cái giò mọc ra lại"" chị Phiến đô con 😂😂😂",0.0
không phải buồn,0.0
"""Không ai bỏ nhau vì chuyện lớn đâu, người ta bỏ nhau vì nhiều chuyện nhỏ """,0.0
Nói nhiều câu đạo lý như vậy mà cách phim xử lý vấn đề cho nhân vật không truyền tải được giá trị gì nhân văn nhỉ?,0.0
ê có mấy câu thấm thật sự,0.0
"""bạn sẽ không bao giờ có thế thay đổi người không thể nhận ra vấn đề trong chính hành động của họ""",0.0
Học hỏi từ Cô Hằng,0.0
"""Không ai bỏ nhau vì chuyện lớn đâu, người ta bỏ nhau vì nhiều chuyện nhỏ""",0.0
Thay vì từ tâm mà tại tâm 😃,0.0
"""ngoại tình có thể đúng khi và chỉ khi đó là do chính miệng bạn tự nói ra""",0.0
Nhiều bài học về ty,0.0
Chúc cụ mạnh khoẻ em bé trv hay ăn chóng nhớn nha 😍 tự dưng mình nhớ bà ngoại mình quá à,0.0
bà còn chưa kịp bế đứa chắt nào 😭,0.0
Mom chụp ảnh xinh thíaaaa,0.0
Sao mà xinh thíii,0.0
mom ơi xin cthuc màu ạa,0.0
Hai bà cháu yêu quá ạ.,0.0
Chúc cụ luôn mạnh khoẻ ạ,0.0
"Trộm vía Pum cũng có nét môi, nét mày giống cụ nè, chúc Pum ăn ngoan chóng lớn và cụ luôn khoẻ mạnh nhe 🥰",0.0
Tuyệt vời quá 🤩,0.0
iu thí gia đình oiii,0.0
Chúc Pum thúi hay ăn chóng lớn còn cụ ngoại thì ở lâu thật lâu với đại gia đình nha 🤍🤍,0.0
"Ôi màu đẹp quáaaa, em hóng công thức 😭",0.0
Mẹ em Pum chụp ảnh 2 cụ cháu đẹp quá,0.0
e bé cute quá trời ngoại cũng đẹp nữa,0.0
"TikTok · CODYNAMVO, Đổi content, 10K lượt thích, 226 bình luận.",0.0
Hãy xem video của CODYNAMVO.,0.0
ANH TA BIẾT TÔI SẮP NGOẠI TÌNH NÊN ANH TA LÊN DẶM BÙA LẠI NÈ 🥹🥹🫂🫂,0.0
em hem dám nữa đâu chồn ơi,0.0
Làm nhớ đến bộ phim nào có Hùynh Hiểu Minh đóng cũng có hẹn người cũ ở khách sạn cũng chối là không có gì cái sau Ly hôn cuối phim cưới người Yêu cũ...trời nhớ hồi xưa coi xong muốn đập cái điện thoại...mà quên tên Phim rồi,0.0
còn chưa chôn được thì đừng kết hôn tội người ta.,0.0
đây còn gặp nhau nói chuyện cười đùa khóc lóc rất là ngứa mắt =)),0.0
Phim này có hẹn đâu,0.0
mình thấy nam9 sai phần lớn.,0.0
còn nữ9 bản Trung mình thấy tội đến đoạn trước khi gặp lại nhau thôi.,0.0
"gặp lại nhau rồi, biết nam9 kết hôn rồi mà vẫn vậy thì bớt tội hẳn luôn ý",0.0
Họ cũng ngẫu nhiên gặp lại thoi.,0.0
nghĩ cảnh đang bầu bì xong bố chồng nhận nhầm mình là nyc chồng chắc tức ói đẻ non luôn,0.0
đến hội đồng quản trị như tao phải thua nó.,0.0
"Rồi thì sao, chuyện đâu giấu mãi được cũng bị lộ ra nguyên 1 lớp ai cũng biết.",0.0
Nhỏ kia thì đăng up story chẳng sợ gì ai cứ tự hào lắm khi quen được thằng này bb3 mà cứ ngông ngông,0.0
thằng Huy này giờ công khai còn sợ gì nữa đâu không ngờ 1 ngày tao có thể nghe kể chuyện này từ chính bạn tao,0.0
Xong bạn tao mới chia tay thế sao nó bị khờ thằng này kêu chia tay vẫn bạn bè nha nó lại đồng ý,0.0
lại còn chịu diễn với thằng này vẫn còn quen trước mặt bạn bè trong lớp =)))),0.0
thằng Huy này học PPT quận 6 nhé mọi người ai biết nhớ né,0.0
Đến tận hôm nay tao mới dám kể câu chuyện của bạn tao bây ạ nó cứ như mấy phim ngắn drama tao hay coi trên mạng.,0.0
Chuyện là con bạn tao nó có quen 1 thằng tên Huy chung lớp lúc học lớp 10,0.0
Thế hà dùng cái nào vậy bạn,0.0
Shop đăng video cho xanh chín :))))) thế là bà Hà nét luôn,0.0
Bạn ơi POD này là mình mới tịch thu của nhân viên nên để đó và họp xong mình sẽ vứt chứ không phải của Hà nhé bạn,0.0
Mình chưa thấy Hà dùng cái này bao giờ ạ .,0.0
Ráng ii mốt chỉ tăng lương,0.0
Ô thế hà dùng hà nói với bạn à?,0.0
"Ủa này Hà môi hã , nhà nước cấm hút Pod phải khôg tarr ?",0.0
Ăn nằm đủ thể loại từ làm tóc tới booking Bar và Ấm zdauu đã vậy còn cắm sừng 😂😂😂,0.0
hả là quen Negav hả??,0.0
Mới quay qua hả bà,0.0
Nay gu negav xún vậy luôn hã,0.0
Chị Hà môi sau khi cắm sừng Phillip để qen Negav thì chị mắc công khai chị gửi nhầm chị xoá clip vộiii,0.0
Mắc công khai lắm rồi🤣🤣.,0.0
thằng đó vừa quen hà môi vừa up tus luỵ nyc hả,0.0
Tin sai sự thật mà up như đròi,0.0
"qua những lần như vậy mình đều cố gắng cho bản thân tốt hơn, cũng thấy bản thân trên 50% rồi mới dám quen lại, ai mà có ngờ…",0.0
Không có nút nghìn like 👍 nhỉ,0.0
Mình từng tự hỏi liệu chân thành có đổi lại được chân tình không.,0.0
"Mình nghĩ là có, chỉ là đôi khi nó chưa đến đúng lúc, hoặc đúng người.",0.0
…rồi giờ tới lí do này 😔 Biết bao nhiêu bài học rồi,0.0
hoá ra lại không… Sao họ ác với tao quá chời… #danang #23112025,0.0
"Nhiều khi hay cãi nhau lắm nhưng đổi lại cậu ấy không để mình 1 mình, luôn để ý đến cảm xúc của mình, và siêu đáng yêu",0.0
Vài hôm trước mình có đọc bài này của cậu.,0.0
Lúc đó cũng muốn nhắn gì đó nhưng bận quá nên quên mất.,0.0
"Hy vọng rằng sau mấy ngày trôi qua, cậu đã đỡ hơn một chút.",0.0
Cũng từng thắc mắc tại sao họ lại đối xử với mình như thế.,0.0
"Nhưng rồi nhìn lại, sau những lần bị làm cho bật khóc, mình càng lớn lên.",0.0
Sau lần này bạn sẽ gặp người cực tốt.,0.0
Nhưng mà khả năng cao bạn sẽ tồi với họ :(((,0.0
""" Anh có mục tiêu riêng của bản thân"" cacwj , có con khác thì nói mẹ di",0.0
"Hy sinh ít thôi, thằng nào cũng tồi cũng có máu ngoại tình trong người ấy kiểu thích chinh phục.",0.0
Góp vui bằng 1 câu chiện có thật đây ạ.,0.0
Đã quá muôn rồi 🤣🤣,0.0
dạ rồi ạ 😔,0.0
EM HỐI HẬN CHƯA?,0.0
Em hối hận rồi Lan đổ cho em 50k đầy bình nhé😭😭😭,0.0
Anh ơi e quay xe sớm nè có được giảm giá khum,0.0
Anh ơi e thuộc bài này thì có được ưu tiên hong,0.0
"50k đòi đầy bình, ra chỗ khác chơi!",0.0
"⚠️ Giá xăng dầu hôm nay 10/3: Dầu thô lao dốc mạnh, thế giới bớt ngạt thở, xăng dầu trong nước giảm áp lực",0.0
"Ngày xưa chê hèn, thấy mắc cỡ lắm giờ em hối hận rồi hoá ra đây là tỉ phú ẩn thân thử lòng tụi em😇",0.0
quảng cáo keypad chắc luôn,0.0
TAO MOVE ON ĐƯỢC KHỎI NGƯỜI CẮM TAO QUẢ SỪNG TỪ NĂM 2023 RỒI,0.0
Thôi elm ạ may là ông trời bảo vệ em khỏi thằng khốn 🥹 tiếc mỗi thời gian dành cho thằng đéo ra gì 🤭,0.0
Cẩn thận kẻo chúc mừng nhầm nha :)),0.0
Cậu cố lên nha cậu,0.0
Dở hơi vcđ =))) hôm nào đi bộ đê 🤣🤣,0.0
Cầu thủ HNFC ăn chuiii mac lớn.,0.0
Mấy cháu bông tuyết này mà làm fan MU chắc nó đéo ngóc đầu lên được để mà giãy,0.0
MÀY THÍCH KHỊA À?,0.0
Vào ib 3 mặt 1 lời nhí em iu vth <3,0.0
Có bằng chứng không mà vu khống người ta,0.0
Giải cứu hả khỏi đám anti,0.0
Có ấm dâu nữa hả.,0.0
tối thì làm tài xế chở troai đi đạo dụ 😜😜😜😜,0.0
Đi mấy quán bar bub ở Thảo Điền hay q1 là gặp nó à ngày nào chã thấy nó tới sáng đi với các anh 🤭🤭,0.0
hút cái này thì còn quá hiền đếch có quả đáng nào để phải bàn luận 🤣🤣🤣,0.0
Flower Knows | Ngọc Trai Tuyết Phấn Đào Khắc Chìm | Lazada.vn,0.0
Xin phép đặt ngôi sao hy vọng ⭐️,0.0
"Yes, ""hy vọng đừng kỳ vọng""",0.0
Lập đàn giải vong đi bạn.,0.0
Gặp toàn âm binh.,0.0
Quá sợ 😅,0.0
Mở lòng lần nào tan nát lần đó hở.,0.0
"Nhưng cũng có câu quá tam ba bận, lần sau biết đâu bất ngờ nè.",0.0
Kinh nghiệm 2 năm dùng chatgpt 🤓,0.0
Tôi bỏ bạn hỏ.,0.0
Nghĩ thoáng là các cụ gánh đó bạn ✌️ vui lênnnn,0.0
Có gì buồn cười ở đây à?,0.0
"Dù gì cũng biết mùi yêu 3 năm, coi như an ủi.",0.0
"😄Thời buổi cỏ lúa như nhau, khó gạn lọc người ưng ý lắm bà ưi",0.0
Bà sử dụng câu lệnh đúng cách thế :))),0.0
Cảm ơn bà nha 🫶🏻,0.0
bỏ người tốt chốt người tồi là có thật,0.0
Mình ăn ở đến nỗi nào.,0.0
Chuyện không của riêng ai bạn ạ 😞,0.0
không hiểu sao mình vẫn mang hi vọng rằng anh ấy sẽ quay lại tìm mình =))))).,0.0
Sống tử tế hay vậy,0.0
Đó chỉ là thử thách,0.0
Mình cũng ước có 1 hậu phương như vậy,0.0
Anh trông em quen lắm ?,0.0
Để chị thử,0.0
Giỏi vậy bạn ơi,0.0
Like ô tô 😎😎😎,0.0
Nhìn là biết yếu cơ hơn e rồi 🤧🤧🤧,0.0
Chắc tại săm ở sống lưng :)),0.0
Giỏi cũng bị cắm sừng thôi bà ưi,0.0
Bụt hiện lên hỏi vì sao con khóc?😁😁😁,0.0
Tôi tin đó chỉ là thử thách,0.0
"Do chưa đủ duyên đó bạn, tuổi tụi mình có số lận đận mà 😂",0.0
Tại con khổ quá ạ 🤣,0.0
"Anh cũng ở Nha Trang nè , cho anh làm quen bạn với Em nha",0.0
Ngủ đi cô gái ngày mai sẽ khác,0.0
Giỏi nhưng chưa đủ,0.0
do e thấy cái style kiểu mình thanh lịch hơn thì mình sẽ hút được những người cùng năng lượng với mình,0.0
Chưa hề luôn á anh ơi,0.0
thương em anh cũng gốc sg cũng lập nghiep nha trang cũng có nhà nha trang 😆😆,0.0
đùa chứ nó mà đã muốn thì như bạch nguyệt quang vẫn bị cắm🧏🏻‍♀️,0.0
17T 18T và 2 tháng nữa tròn 19,0.0
"Tôi yêu cầu mấy chị bị cắm sừng show mặt ra đây, đéo thể nào vấn đề nằm ở nhan sắc được",0.0
Lấy sticker mình gửi nó đi gửi cho nhỏ khác:))),0.0
đã cấm sừng còn ăn cắp chất xám 🫦,0.0
mảng miếng bị đánh cắp,0.0
=)) tò mò joke gì vại,0.0
tự dưng vô đúng quả thế khó dcm,0.0
:))) má hồi xưa tao dẫn nó đi cái quán cà hê xinh xắn nước ổn,0.0
nó trầm trồ khen xong cảm ơn vì đã đưa nó tới đây 🤡 xong giờ nó dẫn bồ cũ nó đi quán này,0.0
chụp hình hạnh phúc vì đã có nhau,0.0
"0 sao đâu bà, nyc tao còn mua cái món quà y hệt tao chọn để đem đi tỏ tình nym nè🫰",0.0
+1 máy bay vào giỏ hàng,0.0
Đúng ời hhhh,0.0
Buồn chị nhỉ,0.0
Già mà giữ vậy kkk,0.0
3x vẫn thua các bé gái 2x thôi à 🤣,0.0
Giao lưu với hồng hà nhi là ngon rồi em,0.0
A hứa a đảm bao,0.0
Đệt gì đôi nó mó có .,0.0
réi ló bặ,0.0
Nó cắm củ khoai,0.0
Nó vẫn có gì đó cuốn lắm bác ạ,0.0
Ngủ ngon bro,0.0
mí 19 kêu già !,0.0
Hihi.thì kẹ nó.thì chơi với thawmg khác nữa,0.0
Chuẩn 😆 nhưng mà áp dụng cả nam và nữ nhé không lại tội mấy ảnh,0.0
kết bài:(chán hết yêu nhưng vẫn nhập vai tử tế) anh xin lỗi vì anh làm em buồn anh nghĩ cứ tiếp tục như vậy em sẽ tổn thương,0.0
bên a sẽ làm em thiệt thòi.,0.0
Tóm tắt tình yêu thời nay :,0.0
"mở bài:( vào vai nạn nhân) anh từng bị cắm sừng,a bị rất nhiều tổn thương.",0.0
vừa trải qua i chang 🫰🏻,0.0
"anh cảm ơn em vì đã xuất hiện,hi vọng em tìm được người xứng đáng yêu thương em.",0.0
thì đó :)) khổ vãi,0.0
đó cũng là lí do tôi không muốn kể với ai :))) kể xong bảo mình đóng vai nạn nhân,0.0
mà nó đâu biết được mình trải qua những gì :)))),0.0
giờ con gái nó kể nó bị này bị kia thì tôi cũng chả tin :))),0.0
xong hai hôm sau ảnh công khai nym 🤦‍♀️,0.0
Thật hài hước,0.0
Phải ngồi ghế giữa mới chịu :)),0.0
Ngay từ đầu phim đã cho ta cái hint Hải Linh bị cắm sừng rồi nè :))),0.0
Hay lắm nha =)),0.0
vòng tay 35k ❌ sale còn => 25ka ✅ một em vòng tay sao biển xinh xinh cho mùa hè,0.0
mọi người ghé ig byer.1987 của sốp để mua hàng nhaa ( sốp xin lỗi vì spam bán hàng ở tus này ước gì chủ tus ghim cmt cho sốp,0.0
sốp sẽ giảm tiền hàng cho chủ tus nếu mua hàng bên sốp nha ),0.0
Như phim sẽ,0.0
các cụ hay bảo tâm sinh tướng,0.0
Có thể ổng tim bừa ấy thấy cmt đ nào cũng tim =)))),0.0
Ôi Bảo ơi… là ai sao lại là bà này💔,0.0
"đùa bảo giấu kĩ rồi, nói ra can lộ lộ rồi",0.0
như bọn dẩm=)),0.0
mấy cái bọn này như nồi cám lợn vậy:))),0.0
bố con điên,0.0
xinh mà ngu bị cắm 1 lần quay lại cho thêm mấy cái nữa,0.0
content cả đấy=)))))) sợ luôn hh,0.0
Bố tổ con rồ,0.0
kể cả content thì cũng bẩn như nồi cháo heo luôn ấy :))),0.0
đoán vội mấy tháng nữa chia tay + lên bóc phốt nhau,0.0
Sau bác nào có ny phải hỏi một câu em đã qua tay hêu chưa hay là hội an thuyên tech chưa má nghe hài dón vl 🫠,0.0
Nói trắng ra là nhỏ kia vừa cu anh hơn🫣,0.0
Không iuu nè :((,0.0
Tình cờ tôi cũng gặp người quen cũ nè mấy vợ ơi😗 đăng lên 1 thể góp vui,0.0
Ãnh thú nhận chỉ chơi đùa mình hoiii =)))) nên mình cũng chịu thôi chứ biết sao giờ.,0.0
"À, bạn này người yêu mình 3 năm rồi.",0.0
Mình mới là chính thất nè mấy bạn ơi🤡,0.0
Mọi người vào bài post thứ 2 để hiểu rõ mọi chuyện hơn nha,0.0
Chúng mình đang xây dựng một project tổng hợp và chia sẻ kiến thức về kinh doanh và khởi nghiệp: phân tích mô hình kinh doanh chiến lược ý tưởng,0.0
"Vì vậy, team đang tìm thêm đồng đội để cùng xây dựng dự án này.",0.0
"Nếu bạn quan tâm đến kinh doanh, content hoặc community, join us!",0.0
🏆Quyền lợi: - Access vào các tài xây kênh của team (khóa học tools tài liệu về xây kênh content,0.0
...) - Cơ hội chia profit khi có doanh thu - Partime làm việc tại nhà cà phê,0.0
💖Yêu cầu: - Có kỹ năng edit video hình ảnh - Kỷ luật đúng deadline và có trách nhiệm - Ưu tiên sinh viên,0.0
có thể dành tối thiểu 5 giờ/tuần cho dự án - Có tư duy về content media,0.0
Mục tiêu là tạo ra một cộng đồng nơi những người quan tâm đến kinh doanh có thể chia sẻ góc nhìn,0.0
kết nối với người cùng chí hướng và mở rộng mạng lưới quan hệ.,0.0
Hiện project đang bắt đầu mở rộng nội dung sang nhiều nền tảng khác và đặt nền móng xây dựng community group.,0.0
💵THỢ KHỞI NGHIỆP - TÌM ĐỒNG ĐỘI MẢNG MEDIA,0.0
👷🏻‍♀️Vị trí: Nhân sự Media & Content,0.0
Nếu muốn bán hàng real thì mở thẻ tín dụng được uỷ quyền của các app lớn.,0.0
Mua sẽ được tích điểm mua càng nhiều càng nhiều ưu đãi cộng thêm cả giảm giá của hãng nữa thì cũng khá khá.,0.0
Muốn kd quá mà chả bít bắt đầu từ đâu cả huhu,0.0
Sao bác không làm ngược lại ạ?,0.0
Bình thường mấy chỗ alba làm chợ đêm họ hay tuyển trên 당근.,0.0
Nhưng tớ thấy đứng quầy thì chủ yếu là người Hàn.,0.0
Số 2 là giày dép quần áo chợ đêm.,0.0
"Số 3 là album kpop , light stick idol các thứ.",0.0
Tôi làm cho 2 bên công ty vận chuyển Hàn Việt rồi nên thấy vậy á,0.0
Ib e ạ,0.0
"À dạ không, mình tính hỏi xin làm ở mấy kho vận chuyển Hàn Việt í ạ",0.0
À một chỗ mình tìm trên fb.,0.0
Fb bạn lên hội nhóm việc làm thêm ở kr.,0.0
Pick đồ chợ đêm abc theo dõi xem Một chỗ mình tìm ở 사람인.,0.0
Bạn ơi làm sao để xin vào làm mấy chỗ kho đó được vậy ạ?,0.0
Mình không biết họ đăng tuyển người ở đâu,0.0
Xin giá nha chủ shop,0.0
Xinh đấy 😌👌✨️ pác phát triển thêm mấy cái charm đi kèm điiiii,0.0
Sốp cho tớ xin giá míi,0.0
Cho mình xin giá nhé,0.0
Mình xin giá với ạ,0.0
em xin giá ạ,0.0
xin giá ạ,0.0
Chuyện là chủ sốp khởi nghiệp bán túi đựng Laptop nhưng lại hơi hướng nội ngại đám đông,0.0
vậy nên xin phép cử đứa con tinh thần tên NAPTOP này lên gửi lời chào tới cư dân cộng đồng sợi chỉ nhé!,0.0
mình xin giá ạ,0.0
Chúc shop sớm viral,0.0
- Màu sắc bên ngoài có thể sẽ tối hơn so với hình ảnh.,0.0
xink thé cho minh xin giá,0.0
Chéo bùm chiu,0.0
Uy tín ạ,0.0
Chéo với a,0.0
đã chéo nha,0.0
Chéo lại uy tín nha,0.0
AI KHỞI NGHIỆP TRÊN THREAD KHÔNG?,0.0
Ai giống như tui đang xây kênh thread không.,0.0
Hứa sẽ trả lại ngay khi có thông báo Còn bài còn chéo ạ,0.0
chéo uy tín ạ,0.0
tui đợi bảnhh🤞🏻,0.0
"mình cũng đạo mì ý, thấy mì bên mình đẫm sốt ưng bụng quá 😆",0.0
hẹn sốp có thể là trưa mai 🫶🏻,0.0
dạ đây mom iu ơiii,0.0
"shop oi, ứng tuyển qua đâu ạ",0.0
Bạn liên hệ trực tiếp mình là được nha,0.0
"Quán mình ở tp hcm nha bạn, không phải ở HN nha",0.0
Bên mình còn tuyển không ạ,0.0
Quán mình ở quận Bình Thạnh cũ nha,0.0
À ở quận Bình Thạnh cũ nha bạn,0.0
Dạ quán nằm ở khu vực nào trong SG ạ.,0.0
Việc làm TPHCM,0.0
Mình xin apply đầu tiên,0.0
Hcm ở đâu ạ,0.0
Hi các anh chị.,0.0
"Em làm chương trình hỗ trợ khởi nghiệp, có thể kết nối dự án startup với nguồn lực Nhật Bản",0.0
94 mình đang quan tâm bds nhưng chưa có kinh nghiệm,0.0
"Mình có vốn nhưng chưa biết kd gì, nếu mà hữu duyên và ý tưởng hay cho mình xin tham gia 🙏🏻",0.0
Mình cũng 94 đang kd Trà sữa-mì cay-ăn vặt.,0.0
Về gà rán bạn làm có sốt hay chỉ truyền thống thôi nếu cần thêm gì có thể ib mình,0.0
Dạ mình chỉ mới phát triển nệm thôi ạ.,0.0
Lõi nệm có thành phần là nệm memory foam (nệm nhớ) giúp nâng đỡ cơ thể các bé.,0.0
Vỏ nệm được làm bằng tencel tự nhiên 100%.,0.0
"Bé mèo nuôi 7 năm rồi, giờ cho đi làm model kiếm pate ăn 🫶🏻🐱",0.0
A làm về kinh doanh thương mại.,0.0
94 giáp tuất.,0.0
"Đang khởi nghiệp, nhiều ý tưởng, kết nối lập nhóm cùng chia sẻ, hỗ trợ nhau đi.",0.0
Chứ cô đơn quá.,0.0
Mình có sp dầu tắm cho mèo không ạ ?,0.0
"94, đang khỏi nghiệp mĩ phẩm khoa học + thiên nhiên Việt Nam.",0.0
🤭 Mình sẽ rất vui khi được các bạn ủng hộ tin thần.,0.0
Và mình là Tấm của brand Tâm Sắc Tấm.🍀,0.0
"Mình đang tạm nghỉ vp, để làm máy photobooth cho sự kiện :)) chill chill đồ",0.0
94 cũng đang phát triển sản phẩm dành cho thú cưng được sản xuất tại Việt Nam nguồn gốc rõ ràng vì xuất phát từ việc nuôi chó mèo,0.0
nên mình tự làm sản phẩm để cho các con sử dụng 🫶🏻🐱🐶,0.0
Tui 94 đang có 1 quán gà rán được 2 năm doanh thu thì không ổn lắm vì khách chưa ổn định đang tìm cách để thay đổi,0.0
có ai có góp ý cho tui với,0.0
"dạ anh làm chuyên mảng gì ạ, em sẽ follow anh",0.0
"Mình là Luật sư, sẵn sàng kết nối, hỗ trợ các đồng niên nhé.",0.0
Bà thử thây đổi cách chụp xem tui vào xem thấy ảnh bị chá sáng với đồ tui nghĩ hơi khó có tiếp cạn khách hàng trên đây í,0.0
chúc shop bà buôn may bán đắt nhenn,0.0
"Bà nhập về trước 5-10cái về vữa quay chụp vừa bán hàng sẵn cũng ok ấy,có sản phẩm để mình quay chụp nèe xây keenh bà thử xem saoo",0.0
Cảm ơn bácc chúc bác buôn may bán đắt nổ đơn 🎇 rốp rẻn,0.0
Toi cũng đau đầu lắm sốp ơi.,0.0
Thấy mình cũng chăm lắm mà kết quả chán ẻ,0.0
Dạ cảm ơn bà iu ạ 💜💜,0.0
quay kiểu vid ngắn trữ rồi bà uo chung thành 1 poóy tui nghĩ thế sẽ thu hút ấy,0.0
Các bác khởi nghiệp đi trước có thể khám sốp em tại sao flop được hong😭 nhìn mấy bác viral thấy ham nhìn lại mình sao có lèo tèo huhuu toàn khách quen chứ khách mới thì ít được tiếp cận hiuhiuu,0.0
Chéo fl liền nè mấy bà,0.0
Tui y chang bà ơii 😭,0.0
Thợ tui làm cho khách xong toàn quên chụp ảnh mà có nhớ chụp thì nó xấu quắc à bà mặc dù sp hoàn thành đẹp lắm luôn.,0.0
Cảm ưn nàng nha.,0.0
Cho em ké fl của các bác vss Mới khởi nghiệp nên flop quá,0.0
Phải có 1 trái tim sắt đá để vượt qua những tháng ngày phờ lóp cùng tui nha bà 🫰🏻,0.0
Cho tớ ké fl với ạ!,0.0
Hứa fl chéo nè ☺️,0.0
"=))Lên hoa 🌹 cho sốp, chủ sốp biết nắm bắt cơ hội cỡ này thì 35k fl sẽ sớm hoi kkk",0.0
"Ok bà, để tui dặn thợ",0.0
Ủnn hộ cho bác 1 động lực nhen✊🏻,0.0
Flop hoài luôn í,0.0
sốp tôi 35 fl vẫn còn tươi lắm 🤡 65k/2h tiramisu phạm văn đồng cầu giấy,0.0
+ 1 cho bà động lực nèe💫✊🏻,0.0
Cho bác +1 động lựcc kekee,0.0
"Mấy bà ưi, tui nên lấy mẫu về trước hay up hình trước để thăm dò thị trường ạ",0.0
Shop cho hỏi đèn cây dù giá sao,0.0
Dạ 329k nhoo bạn ơi 🥰,0.0
trộm vía dạo này mua đồ của mấy shop nhỏ nhỏ mới kinh doanh ưng ghê.,0.0
"Các shop mới khởi nghiệp thử cmt bên dưới để toi và các bạn khác ủng hộ nếu hợp gu nhó, biết đâu lại virallllll",0.0
sốp tớ chuyên đồ đi biển nho,0.0
"Xin chào mọi người 🥰tụi mình tiệm đèn trang trí xinh iuu, mí bạn cần decor nhà cửa hay tặng quà thì ghé tiệm mình nha chỉ từ 279🐟 nè",0.0
Snoopy thì kímm tuii nhaaaa,0.0
"Hello 🤗🤗 NoNê tui đây có bán sandwich tươi các dòng như sandwich mềm, Sourdough, Ciabatta, Panuozzo nè, muốn tìm vị ngon độc lạ thì ghé tui nha.",0.0
Dạ bằng nhựa sinh học á bạn ơi 🥰,0.0
Chất liệu là gi vậy shop oi,0.0
"Mình là nữ, 23 tuổi, mình có ngiu được 3 năm rồi thì nay mình đang có 1 tiệm bán váy be bé, giá cả lanh quanh 4-500k.",0.0
Nàng nào hợp vibe ghé tớ nhá,0.0
Tui xin giá nhé,0.0
Tui cảm ơn ạ.,0.0
Tui sẽ cố gắng hơn,0.0
Cảm ơn bồ ạa,0.0
ê xink quó,0.0
Đẹp quá bác ạ,0.0
cinh qu bà ui,0.0
Tui cảm ơn ạaa,0.0
Cảm ơn đã khen tui ạa,0.0
chị vừa mạnh mẽ vừa khéo tay 🌹🌹,0.0
Tui Khởi nghiệp từ chiếc máy thêu 30triệu và chiếc máy may đi xin.,0.0
"Tuy vất vả, stress khiến tui suýt mất em bé trong bụng.",0.0
Nhưng mọi chuyện dần ổn định rồi.,0.0
"Chúc cả nhà mình khởi nghiệp thành công, vượt qua được chông gai để có thể bước tiếp trên con đường êm ai.",0.0
Sản phẩm tui làm :3,0.0
Cảm ơn bà ạ,0.0
Sốp ơi em quạt sốp 🎉🎉,0.0
Linh ơi lạnh linh ơiii,0.0
Tui cảm ơn ạ,0.0
Dạ e xin vía ạ,0.0
Dạ may theo yêu cầu giá hơi mắc á bà từ 7-800k bé nào phức tạp nhiều hình thêu thì hơn 1 triệu lận,0.0
Xinh vi ci eo người đẹp ơiii🥹🥹,0.0
"chị ơi em muốn check bản vẽ với xin báo giá ạ, chị check ib em với nha",0.0
Siêu đẹp luôn bạn ơi,0.0
"Nhóm nào thế , cũng đang có ý tưởng",0.0
92 nhâm thân.,0.0
Tui ở HN ní ơiiiii,0.0
Hn mà thất nghiệp sao ta,0.0
Chào tất cả đồng niên,0.0
92 chào nhau cái nào,0.0
"Mình 92, khởi nghiệp năm 20t và cũng có chút thành công nho nhỏ so với cuộc đời.",0.0
Chúc các bạn 92 luôn vững niềm tin và chiến thắng nha ♥️,0.0
Kết luôn nào,0.0
Các bạn giỏi giang cứu trợ tui với huhu Tôi thất nghiệp 6 tháng rồi các bro ơiiii,0.0
93 Quý Dậu.,0.0
Mình 93 đang kinh doanh đồ ăn vặt tại giaaa.,0.0
Bác nào ở Hà Nội mong đến ngày được ủng hộ nha,0.0
"tui cũng 93 làm thời trang hơn 10 năm rồi nè,bạn kd ở đâu vây",0.0
Hải Đường gặp Hải Đường trên thành phố sợi chỉ kkk,0.0
Hy vọng được kết nối với mọi người.,0.0
Bạn ở hải dương hả,0.0
93 đang ở nhà ăn ngủ chứ khum dám khởi nghiệp gì 🤭,0.0
"Quý dậu làm thời trang 10 năm, có nhóm gì vui mình tgia với",0.0
93 bán mình cho tư bản,0.0
Bds bạn chuyên về bán hay cho thuê?,0.0
Mình đang mun hợp tác để tìm nguồn cho khách,0.0
mình ở Sài Gòn,0.0
93 vẫn không biết làm gì và sẽ đi về đâu,0.0
"Tụi mình mở một tiệm bánh online ở khu Tân Định, vừa bán B2B vừa bán lẻ.",0.0
Dù không phải là xưởng to nhưng nó là ước mơ mà mình đã ấp ủ hàng chục năm,0.0
trải qua bao nhiêu biến cố thì mình cũng đã làm được.,0.0
Các đồng bánh ghé mắt qua coi giúp mình một chút nhaa,0.0
"22 tuổi mình ra khởi nghiệp một tiệm cây nhỏ giữa lòng SG, cũng rất tâm huyết và chỉnh chu trong từng chậu cây.",0.0
tuy nhiên chưa có nhiều kinh phí để chạy mkt nên cũng chưa được nhiều người biết tới🥺 mọi người đi qua cho sốp xin 1 follow ủng hộ nha,0.0
thấy cây xinh ghé sốp chọn một chậu làm quà tốt nghiệp khai trương tân gia rất ý nghĩa luôn nè🌳🌳 IG: tronggarden,0.0
Làm web cho các bạn đang ôn luyện các chứng chỉ ngôn ngữ lên luyện đề free nè ☺️☺️,0.0
"Dạ xin chào mọi người, tụi mình mới khởi nghiệp thiết kế và may đồ cho thú cưng ạ.",0.0
Các bác iu có nhu cầu thì ủng hộ shop em nhé,0.0
Tiệm Kimono chuẩn Nhật ở Hà Nội ạ Dù là thị trường rất rất ngách nhưng mong thành công với đam mê 🥹🥹🥹,0.0
29t vừa mới nghỉ công việc GVMN đã làm 7 năm hiện tại đang có một tiệm nail nhỏ 1:1 ở Tân Phú,0.0
giảm ngay 10% cho khách yêu đến lần đầu nè💕,0.0
26t mở được 1 spa mini nhỏ nhỏ làm 1:1 bỏ bằng kỹ sư hoá học bỏ chức vụ quản lý phòng khám da liễu,0.0
... để về thử sức với đam mê mấy bà ủng hộ tui dí nhaaaa❤️,0.0
Notes :Phụ nữ support phụ nữ 👩 Nếu bạn là nữ và đang khởi nghiệp,0.0
hãy thả tại đây hình đứa con tinh thần của mình để chúng mình chiêm ngưỡng và gửi lời động viên nhé.,0.0
Vì chúng ta xứng đáng được biết tới nhiều hơn nữa!!!!!,0.0
Chúc thành công nhé ❤️,0.0
"chà, bánh siêu xinh, chúc shop buôn may bán đắt nha, nhìn xếp cái giấy nướng gọn gàng thấy cưng",0.0
dạ tiệm cảm ơn mình nhiều ạaaa 🫶🏻🩷,0.0
T5 mình ghé lấy,0.0
dạ sốp ở Nguyễn Sơn ạ,0.0
Không biết bánh này nó đắt hay tôi mua ở tiệm Flava đắt nữa,0.0
bé bằng nửa tờ 100k chắc tầm cỡ 1 cái chocopie mà giá 180k :( tôi ăn mà nuốt không trôi vì nó cũng chẳng thật sự ngon tới vậy,0.0
dạ tiệm cảm ơn ạaaa 🫶🏻🩷,0.0
Đến bây giờ mình cũng có thể có rất nhiều lựa chọn chỗ việc làm.,0.0
Nhưng cuối cùng mình vẫn chọn có 1 tiệm bánh nho nhỏ cho riêng bản thân.,0.0
Cân đo đong đếm nhiều lúc thiệc sự rất oải.,0.0
Nhưng nó cũng là niềm đam mê của mỗi người,0.0
mỗi tiệm sẽ có quy mô và chi phí vận hành khác nhau nên giá sẽ chênh chút ạ 💛 Hy vọng bạn cho em bánh này thêm một cơ hội nữa nha,0.0
Butterdream chỉ mới bán online nên tối ưu được chi phí nhưng cam kết vẫn sử dụng nguyên liệu chất lượng nè 🫶,0.0
Tui tốt nghiệp IT nhưng chọn start-up với tiệm bánh online nhỏ xinh 💖 Ai cũng hỏi sao không khởi nghiệp mấy cái liên quan tới IT 🥲 Nhưng tui chọn bán bánh tại tui thích cảm giác được làm bánh,0.0
Bánh đẹp quá bà ơi,0.0
Cho mình địa chỉ cụ thể nha.,0.0
Vì cũng gần á.,0.0
Mình ngay khúc gò dầu,0.0
Yêu lắm ❤️,0.0
Ngưỡng mộ quá ạ. Huhuhu,0.0
Cảm ơn bạn mến cùng lời chúc thật iu 🥰,0.0
Đồng ý ạ 👍❤️,0.0
Cái trứng xinh quá á,0.0
"dễ huông, đề nghị người típ tục update tình hình ruộng vườn, con cái, mô hình start up cho bà con hóng nhé :))",0.0
"Đồng ý, sốp sẽ ráng siêng, bạn chịu flw đọc thì sốp chịu khó update nhe 😁",0.0
Miễn vui là được bạn ơi 😁,0.0
"chịu, phải chịu, thấy cái ảnh anh cầu hôn chị dễ huông quá tôi cũng muốn :)",0.0
"Chị ơi chị là người dũng cảm nhất thế giới luôn, chúc gia đình mình luôn hạnh phúc ạ",0.0
Trước khi đi ngủ lướt gặp một bài chia sẻ thật dễ thương,0.0
"Gòy, tới công chuyện với tui.",0.0
Chúc nàng sớm được chàng cầu hôn như ý nguyện hen 😘,0.0
Tại sao lại dễ thương như vậy nè.,0.0
Chúc chị thiệt hạnh phúc nghen.,0.0
Cảm ơn lời chúc dễ thương từ người dễ thương nhen 🥰,0.0
"Cảm ơn bạn đã yêu, chàng nhà tui nghe được khen đồ ổng tự tay làm là vui lắm 🥰",0.0
Chéo nha sóp,0.0
"Có bé 10t đi cùng, thì nên đi nước nào tour nào dị mí bà, trừ sing-thai-hongkong",0.0
Dạ e chào anh,0.0
Sale tour Hà Giang.,0.0
Fl rồi á,0.0
Inb chéo đi cả nhà,0.0
Thi sale tour miền Bắc nha,0.0
AI KHỞI NGHIỆP SALE TOUR TRÊN TRHREADS KHÔNG?,0.0
Ai giống như tui đang xây kênh threads không nè.,0.0
Chéo với tui đi hứa trả nha,0.0
Tui booking Đà Lạt- Nha Trang,0.0
🌞 Đối tượng lý tưởng - Anh em nhà Khí (Thiên Bình Song Tử Bảo Bình) - Khoái Bình Thạnh,0.0
Thủ Đức (làm gần nhà) thì APPLY - Tính cầu toàn cao,0.0
"Khởi nghiệp không thất nghiệp 🥹 Cần bạn đồng hành bán hàng tiếp tui (làm việc nghiêm túc, hứa không quát)",0.0
Liên hệ trực tiếp cho bạn chủ sốp đáng iu 0924697714,0.0
"🎬 Thời gian (8AM-5PM) - 6,5 triệu - 8,5 triệu » Boa các iem nếu chuyển cần",0.0
Mình có móc khoá.,0.0
Mong được hợp tác ạ,0.0
"Mình ở Đà Nẵng, có sản phẩm thêu khuyên tai trên voan.",0.0
Sp đã bán 3 năm tại phố đi bộ Hà Nội và khách tây mua nhiều ạ.,0.0
Tiệm mình có móc khoá va lót ly thiết kế bạn tham khảo thử nhaaa 🌷🦭,0.0
Cho mình giới thiệu hoa sen bằng giấy thủ công nhé,0.0
Dạ mình có gốm thủ công ạ!,0.0
Bạn tham khảo thử nhe 🌸✨,0.0
Dạ mình có sp gì ạ,0.0
Đã chéo nha,0.0
💕 chúc sốp buôn may bán đắt ạ,0.0
"Các mom ơi, sốp mới khởi nghiệp bán bánh chanh mấy bà chéo follow với sốp iii 🍋‍🟩",0.0
Gia đình thôi chưa đủ.,0.0
Đồng đu idol mới vuiii,0.0
Gdtt tại Hà Nội.,0.0
Gdtt ở HN ạ,0.0
"Tha thiết pass vé lounge ạ, gdtt tại HN hoặc SG.",0.0
Giá 12tr/cặp ạ,0.0
Mình pass cặp Cat1A số ghế 5x nha,0.0
Anh Trai Say Hi 2025 Concert,0.0
Mình pass 2 cặp vé Premier lounge ạ.,0.0
"Giá 9tr/cặp, gdtt ở HN và SG.",0.0
Có fix ạ.,0.0
Vé của mình là ở trong phòng í ạ.,0.0
Dạ vâng ạ.,0.0
Mình pass cặp vé CAT2B nhé,0.0
"bà ơi bà mua trên app đi,giờ bà muốn mua trên app tuy hơi xa sân khấu tí nhưng mà uy tín hay là mất luôn tiền=)",0.0
tránh mất tiền nên mua trên app ticketbox nhá,0.0
- Ghế zone ngồi hầu như sẽ trả random - Hạng vé đắt cho nên thà lên tkb tự mua luôn cho an tâm,0.0
vì lỡ gặo s🍊sẽ mất số tiền rất lớn.,0.0
đỉnh quá chị ưi,0.0
QUỐC MẪU HỒI CUNG,0.0
Hành trình đi đu idol.,0.0
19 năm chưa về VN lần nào.,0.0
Cổ đông real :))),0.0
quốc mẫu hồi cung,0.0
Hà Nội chào đón chị 🫶🫶🫶,0.0
QUỐC MẪU HỒI CUNGG,0.0
Quốc mẫu hồi cunggggg ❤️‍🔥❤️‍🔥❤️‍🔥❤️‍🔥,0.0
dạt ra cho chị tui múaaaaa,0.0
Rồi chị đã về,0.0
đu idol cỡ nàyyyyy nè.,0.0
Tôi muốn làm vđv,0.0
Đoán vội ẻm bias KEONHO,0.0
Cổ vẫn ngại 🤣,0.0
dễ thưn qóoooooo coi mà cừi tủm tỉmm,0.0
cổ giỏi cổ xinh,0.0
em Tin đã cao còn trẻo lên ghế nữaaaaa,0.0
Nhất bả nhé 😽 người gọi là đu idol thành công là đây,0.0
mấy thằng kia còn phải bớt giật giật lại để theo chỉ có thể chỉ là tv thứ 6 của cô tít luôn,0.0
Ủa đcm xinh vậy,0.0
Đu idols thành công bằng sự giỏi giang và chăm chỉ =)) thực sự là một nguồn động lực cho thế hệ tiếp theo luôn ấy.,0.0
dáng đẹp voãi,0.0
1m49 thì làm gì vdv gì bà.. tầm cỡ này làm ceo của bighit thì may ra,0.0
Bùi Công Nam,0.0
"Oiiiiiiiiii, sóp đu idol onl qua mấy nàng sóp tui🤣🙆‍♀️ iu cá ❤",0.0
hi tui có cái này 🥰,0.0
đam mê không dẫn đến thành công bằng người có kỷ luật đâu.,0.0
con chị chị cũng đang mong và dạy như thế,0.0
Công nhận cái sự kỷ luật củahắn không phải ai cũng có đợt về quê nghỉ tết có chị kia up clip kêu từ ngày về là sáng nào cũng gặp là thấy đang đi chạy bộ thể dục.,0.0
Không nói thì không ai biết luôn.,0.0
Âm thầm rèn luyện cho bản thân chứ không phải để khoe.,0.0
Không xem mùa 2,0.0
nhưng sau 2 ngày vừa rồi thì tôi đang nghe nhạc mùa 2 cấp tốc để kịp đi concert vì 3 anh này🤡🤡🤡 Tôi cần mọi thông tinn về 3 anh nàyyy😡 đặc biệt là anh Sơn.K,0.0
"chị lần đầu đu idol khi gần 40 rồi, thằng bé Sơn.K xưng đáng là người truyền cảm hứng đối với chị.",0.0
để 1 lần biết đu idol là gì mà có cái nhìn về 1 lớp trẻ tuyệt vời về đức tính: chăm chỉ kỷ luật tài năng ngoan,0.0
chân thành và có giáo dục tốt.,0.0
"Chàng trai điềm tĩnh, thận trọng nói ít làm nhiều.",0.0
Mong em ấy sẽ tỏa sáng hơn nữa,0.0
Vâng chúng mình đều trải qua những giai đoạn trong đời để thấy kỷ luật là thứ khó để có để giữ như thế nào nên thấy thằng bé Sơn nó thật sự enjoy sự kỷ luật của nó mà nể quá trời.,0.0
Bi mà rủ thêm vài đứa đi chung cho vui mà đi có 1 mình à,0.0
"sau chuỗi ngày làm idol hắn đã quyết định đi đu idol để ""nghỉ ngơi""",0.0
Dạ e cám ơn ạ,0.0
"Đồ ăn Hàng Châu khá hợp khẩu vị người Việt, thanh đạm, dễ ăn, hơi ngọt một xíu.",0.0
Tham quan thì có thể đến Tây Hồ và các thắng cảnh xung quanh hồ: tháp Lôi Phong Liễu Lãnh Văn Oanh Tam Đàn Ấn Nguyệt …,0.0
vườn trà Long Tỉnh chùa Linh Ẩn chùa Pháp Hỷ phố Thanh Hà Phường … Có điều kiện thì nên đi xem show Ấn Tượng Tây Hồ,0.0
cực kỳ mãn nhãn,0.0
có tích hợp đầy đủ cả di chuyển bằng tàu điện ngầm lẫn gọi taxi luôn.,0.0
Đặt trước vé ít nhất 3 ngày để tránh hết vé nhé.,0.0
"E đến khu 三里屯 với 王府井 nhé, hai nơi đó tập trung khá nhiều brand thời trang với mỹ phẩm, đồ vintage xinh xinh",0.0
Rv trùng khánh đi bác,0.0
"Bồ ở đâu đó, với có địa điểm muốn đi chưa",0.0
Với Ô Trấn nên thuê trang phục ở tiệm nào hợp lý ạ.,0.0
Cảm ơn bà nhìu,0.0
Trung Quốc 🇨🇳,0.0
Anh chồng họ Tống của tôi pr cho quê ảnh nhiều quá nên muốn đi một lần hihi,0.0
Tui nhé bồ,0.0
Topic: Dhs Trung Quốc từng sinh sống ở Thượng Hải gần 3 năm đam mê đu idol và du lịch Trung Quốc,0.0
đã từng đi gần 30 thành phố của Trung Quốc.,0.0
"Ai muốn rì viu gì về Trung Quốc bơi hết vào đây, tui giải đáp nha💃💃💃",0.0
Nghe theo anh chồng họ Tống của bà đi nha.,0.0
"Cảnh đẹp, chill, đồ ăn ngon",0.0
"Đi bắc kinh thì nên đi shopping ở đâu ạ như mỹ phẩm, truyện, đồ vintage.",0.0
E lần đầu đi Trung Quốc,0.0
ai có nhu cầu khám phá Trung quốc kết nối bứng tui đi vớiiii 🥹🥹🥹,0.0
Thành phố Cửu Giang gần núi Phật Sơn đời sống có phát triển không chị?,0.0
Chị chưa có dịp ghé thành phố đó,0.0
rv Hàng Châu đi ạ 😍,0.0
chấm 1 cái ạ =)),0.0
dạ em đồng ý ạ,0.0
Em xin 1 slot ạ 🫶,0.0
sau tháng 6 được khum mom em còn thi...,0.0
Em +1 ạ,0.0
"Cảm ơn cô, đó là lần cuối tôi cầm máy rồi 🙏",0.0
"chơi đi bác, em cũng muốn đi hóng :))",0.0
Dạ em xin 1 slot vứi ✨,0.0
chuẩn bị tinh thần trông con để chuẩn bị sắp xếp làm workshop ạ,0.0
Huhu hcm cũm mún ạ🥹,0.0
em hóng cùnggggg,0.0
e ơi hónggggg,0.0
Xin lịch hoặc inbox mình mới,0.0
Workshop ở Hà Nội,0.0
hoàn toàn free và có thể sẽ có 1 số bạn bè nhiếp ảnh gia chụp sân khấu của mình tham dự để chia sẻ thêm 🫢😝,0.0
em đồng ý ạaaaa,0.0
HN đi hôn bà,0.0
E xin 1 slot ạ,0.0
Tưởng flop thì quê mà lỡ viral 🫢🥹 Xin phép tag chồng,0.0
Cười vl mom :)))),0.0
Tình hình là chưa thấy giỏi toán giống ẻm💔,0.0
Khôm sao +1 thói quen tốt.,0.0
"dm bias Martin xong cái hễ bực lên là đập bàn la hét, vui cũng đập bàn la hét???",0.0
giống kiểu pose phụng phịu và chúm chím girl signature của cổ dù mình làm thì nhìn hơi tật ☺️,0.0
Ê thật sự là đu idol nào thì mình cũng bắt đầu giống họ à??,0.0
"Bias James, giờ đọc hiểu 4 thứ tiếng, mới thi đỗ tiếng Hàn hội nhập cấp 4 =)))))))))",0.0
Mở mồm ra là:,0.0
có chơi đâu=)) chơi mỗi tí cỏ,0.0
Lương 1 lần/ năm nuôi lương 100tr,0.0
TAO THÌ ĐÉO ĐU VUI NỔ L,0.0
Nổ hồi khai rình á mắ,0.0
đu vui nổ vcl cả nhà ạ 🥹,0.0
NỔ VÃI ĐÁI,0.0
Khảo sát mới của VTV à =))),0.0
Tháng bây voi SG 2 3 lần 🤣,0.0
phải nói là chí mạng.,0.0
phòng thủ tuyệt đối.,0.0
Tui tò mò Bạn đã chi bao nhiêu cho việc đu idol?,0.0
"Tui cũng tò mò, tại tui không có dám tính =)))",0.0
Tạm tính 200tr nhưng nói trước là chưa từng nợ nần ai để đu idol nhé 👌,0.0
"“Theo khảo sát, giới trẻ hiện nay chi khoảng xx% cho việc mua các sản phẩm goods, merch của idol.",0.0
"Nhiều bạn trẻ lương chi xx triệu, nhưng sẵn sàng chi xxx triệu để mua.",0.0
Thưa quý vị và các bạn trên tay tôi đây là một con gấu bông có hình dáng phỏng theo một idol Hàn Quốc,0.0
nhỏ thôi nhưng có giá lên đến xxx”,0.0
Mình bên vtv ạ?,0.0
"Mình yêu VW đến mức sources đã gần 500gb rồi, tất cả quay bằng màn IP, mở lên PC màn 27-inch xem vẫn sắc nét đã luôn.",0.0
... nên đừng to6 bias riêng ai nhé yêu hết :)),0.0
Cảm ơn bạn nhiều :3,0.0
Có sources bên nhóm khác là tại có chị user kia up chuỗi cho bé hát quay lại định gửi tặng chị mà gần dài 33p nặng 4gb,0.0
cái hỏng biết gửi sao luôn…,0.0
Rồi thấy nhiều user trở lại cũng vào lại ủng hộ mấy bé mọi chuyện đang êm đẹp vcl luôn thì lại gặp lũ ngu to6,0.0
má nó tức thật chứ :)),0.0
"Đúng rồi, làm gì làm cuối cùng chỉ có mấy bé và hình tượng mấy bé bị ảnh hưởng thôi... Thương mấy bé ghê á.",0.0
duma ông chú này này đỉnh thặc,0.0
Vẫn còn chắc 10gb nữa sources hôm nay chưa lấy ra khỏi máy nè.,0.0
"Mà quay bằng IP nó nặng điên, video PK dài 1 tiếng mà tận 7gb, éc thiệt chứ.",0.0
"Đúng rồi bác, đợt nghỉ Tết quay nhiều nhất, có hẳn 2 con quạt turbo giải nhiệt liên tục nè.",0.0
"Má chứ quay kiểu đó hại máy vãi, con iP13 5 năm tuổi của mình jet jet luôn rồi đây 🤣🤣🤣",0.0
"Cảm ơn bạn, bởi vậy giữa tâm bão mình chia sẻ mụt chút sự tích cực này",0.0
"Bởi dị... mà mình thấy thật ra tụi nó cũng chẳng kick war giữa các nhà được, hiện tại ai cũng nhận biết được rồi.",0.0
"Chủ yếu là lòi ra bvh xử lý chậm chạm, yếu kém quá nên mới cháy lớn vậy, haizzz",0.0
Dễ thương quá.,0.0
Vitamin chữa lành,0.0
"Cái mình nghĩ chứ (giỡn) quay giữ đó, mốt bé nào lấy chồng thì gửi tặng ổng 🤣🤣🤣",0.0
Quay bằng app nào ra chất lượng video nét nhất vậy bạn,0.0
"Mong sốp mãi yêu các bé, mãi giữ vững phong độ!",0.0
to6 là một phần thôi bạn ơi.,0.0
Phần lớn là rơi vào MC lẫn bvh bị ngu và thiên vị lộ liễu ấy giải quyết vấn đề ngu vl,0.0
"Mình quay màn hình thôi ấy bạn, nên quan trọng nhất là chất lượng màn của điện thoại.",0.0
Máy mình là iP13 nên độ phân giải là như này nha.,0.0
"Cảm ơn bạn nha, hiện tại yêu thương các bé bằng cách quay sources thôi.",0.0
Mình đang cố gắng cày tiền để ủng hộ thêm nữa 🥹,0.0
Mọi người hay trêu anh là ca sĩ “biết nhạc chứ không biết mặt.,0.0
Một hành trình 6 năm dài như thế nhưng vẫn kiên trì với âm nhạc.,0.0
Đằng sau anh Linh như hiện nay thì đã từng có 1 Linh đành bỏ lỡ show của nghệ sĩ anh thích (mặc dù sắp tới giờ diễn) chỉ vì 300k sẽ giúp anh “dễ thở” hơn trong 1 tuần.,0.0
Và anh Linh hiện tại đang trên đường toả sáng,0.0
toả sáng hơn nữa và tui rất tự hào về ảnh vì đã không bỏ cuộc và luôn cố gắng như vậy🫶,0.0
Sơn mà thấy thì hong biếc ăn nói xao...,0.0
Hehe do mom quay source anh Linh xinh quá ấy🫶 cảm ơn mom đã ưu ái anh Linh ạ,0.0
hy vọng một ngày nào đó có duyên thì tui sẽ gặp mom ở đâu đó trong vòng tròn có anh Linh ạ💕,0.0
"Xem nhìu còn mê nựa cơ, mom phải đi concert nhé, sẽ thấy sự khủng của chant tung đồng xu 🫶",0.0
Đố em bắt được anh,0.0
Jaysonlei trai 2k3 tên thật Lê Hồ Phước Thịnh á dễ thương cute tài năng lắm luôn đó,0.0
nếu mom từng nghe 50 50 tung đồng xu thì đó là verse của anh bé đó hay dặn fan là uống đủ nước và không nổi quạo.,0.0
Ui có tâm quá mom ơi🥹 ảnh đỉnh thiệt.,0.0
4️⃣Để có được buitruonglinh như hiện tại là cả một quá trình nổ lực.,0.0
để cả tên luôn cho nó tình cảm🤡,0.0
cho đến khi va phải tấm này 🔥 Đẹp đcđ 🫠🫠🫠🫠🫠,0.0
khách iu chào lại khách iu nhó 🫶💛,0.0
Bùi Công Nam I LOVE YOU,0.0
khách iu chào khách iu ạh 💛,0.0
cộng 1 vô cộng đồng 🧏🏻‍♀️🧏🏻‍♀️👉🏻👈🏻,0.0
Hi chào khách iu 🫶💛,0.0
Hướng nội tập thành đu idol 💛🫶,0.0
hihihuhuhahahoho Khách iu ckao Khách iuu<3,0.0
Cho em đăng ký với ạa,0.0
giây trước cười giây sau khóc là chuyện bình thường 🫠🫠🫠,0.0
thật ra là có đó.,0.0
bảo hiểm có mấy gói mà dành cho đau tim đột quỵ ý. cũng same same mà... 🐧,0.0
"nhất là mấy đứa multi fandom, có thể là 3 ngày 1 trận nhẹ, 5 ngày 1 trận nặng, hoặc 3-5 trận 1 ngày cũng có thể xảy ra...",0.0
Ib xin lửa ạ huhu,0.0
Cả nhà ai biết thì cho em xin tí lửa qua ib nha 🥹,0.0
Để tôi tự đến…,0.0
Lần đầu đu idol quốc nội.,0.0
Bốc trúng bố của secret.,0.0
"Hoá ra tất cả chỉ là phông bạt, dắt mũi những người nhẹ dạ cả tin.",0.0
Chờ đợi suốt 3 tháng vì tin tưởng để rồi bóc được quả secret to đùng.,0.0
"Mong chị tỉnh ngộ, giải quyết cho thoả đáng.",0.0
Còn để việc đi quá giới hạn của em rồi thì em sẽ xử lý theo cách của em.,0.0
Sao bà ơi?,0.0
Khổ thân chúng mình anh nhỉ😔💔,0.0
🫂 thương lắm í,0.0
Bốc trúng cái secret thôi ạ,0.0
Tôi xin lỗi về sự hiểu lầm này trời ơi huhu,0.0
Cảm ơn bác ạ 😭,0.0
Mình sẽ lên bài vào thứ 2 nhé,0.0
Cũ hay bé thì cũng dính tùm lum,0.0
Những chú bò ngu,0.0
Nhi ơi 😭 khót vl,0.0
Tẩu hoả nhập ma luôn😭,0.0
=))))) má tưởng trong nhà có vụ gì,0.0
Ảnh dễ thương 😆,0.0
"Quá yêu rồi ,nhà Muzik chào mừng em nhé",0.0
Quá tinh tế luôn ấy 🥰,0.0
Chào mừng bạn về nhà mà hồng,0.0
với tay tận 2 lần để chỉ xong còn bảo là bình tĩnh bình tĩnh =))),0.0
+1 lọt hố ạ,0.0
Đáng iu quá,0.0
Về đây chung vui neg,0.0
Cái chiện kia kìa,0.0
yêu dui thế cho yêu chung với 🤡,0.0
Hẹ hẹ xie xịe bácccc 💖,0.0
"Tui cũngggg, ngyêu tui là fc TD miền bắc, tui miền nam, mà khộ cái chúng tui vừa bắt đầu thì TD đường ai nấy đi 🥲",0.0
Kiếm thoi bácccc =))),0.0
Miễn anh 2 đừng chạy cái chiện kia là em ok :))),0.0
Hẹ hẹ 🌚🌚,0.0
"Dthhhhhhhhh, xin vía ạ",0.0
Xin vía xin vía ạ,0.0
:)))) anh 2 mát tay quá mà,0.0
ỏooo dễ thưnnn dạ,0.0
Ai nói đu idol là vô nghĩa đâu,0.0
nhờ thế mà tôi có người yêu chung FC cơ mà =))) tôi xin cảm ơn Đồng Ánh Quỳnh vì đã kết nối 🫶🏻,0.0
Ỏooo dễ thương vữ,0.0
Xin vía lunnnn chừi ui,0.0
chiện gì em?,0.0
chắc ĐAQ cũng chưa nghĩ tới rằng mình sẽ là bà mai =)))),0.0
Ỏooo tớ cảm ơn ọ,0.0
cũng tự nói là mẻ này mà dính cny đlb các kiểu là cút ai ngờ cút thiệt:))),0.0
Hết vấn đề cân nặng rồi cái này,0.0
Ồ live này từ hôm nào mà không thấy ai ồn nhỉ,0.0
🥲 Bênh sợ luôn ấy,0.0
bạn tỉnh táo đấy🤣,0.0
"để sốp tư vấn nha, sốp cảm ưn ạ 🤍",0.0
Em xin giá,0.0
Mua kiểu gì ạ,0.0
Mùa hè mùa hè cute,0.0
Thấy dự báo bảo mai lạnh xuống 23°C mà,0.0
lạnh ngay cho tao,0.0
"Dear miền Bắc, TAO BỰC LẮM RỒI ĐẤY NHÉ, MÀY CÓ BIẾT BÂY GIỜ LÀ MÙA XUÂN KHÔNG MÀ NÓNG VCL VẬY???",0.0
Tui còn thấy lạnh vẫn mặc áo phao đây,0.0
Dm trả mùa xuân cho taooooooo.,0.0
Nóng qué 🥹🫠,0.0
"🌿 Thiết kế đục lỗ, lên form cái là như các nàng thơ",0.0
nàng nhắn insta giúp mình nha,0.0
nàng muốn ord em nào cứ nhắn insta giúp mình nha,0.0
"Mình gom đúng 50c là dừng nhé ạ, hiện tại đang là 37 cái rồi ạ.",0.0
"Vì cân em mình về có quy định nên không ôm được quá nhiều ạ 😅, cảm ơn chị em đã iu thương 💋",0.0
—-> fb mình để ckeck var độ uy tín nha,0.0
"Các nàng nhắn giúp mình trước 12/3 nhé, vì em mình qua lấy dần không sợ out ạ.",0.0
"Em mình còn xếp đồ dần nữa ạ, cảm ơn tình ỉu <3",0.0
Chỉ phá giá duy nhất vì tiện em mình về thôi ạ ❤️❤️,0.0
"Các bà nào có mẫu nào xinh cứ gửi vào đây tui ckeck giá cho nha, giá siêu hời.",0.0
"Trên này mình không rệp lại hết cmt được, nàng nào đặt nhắn int giúp mình nha <3",0.0
bạn nhắn insta giúp mình nha,0.0
Áo này form nhỏ hay vừa ạ,0.0
Cardigan hoa nhí U✨ni mê từ cái nhìn đầu tiên 😜,0.0
"Mọi người nhắn qua insta giúp mình nhé, chứ nhắn qua đây cứ ẩn hết ạ 😅",0.0
"Mình xin dừng nhận đơn ạ, đã đủ chỉ tiêu 50 em áo rồi ạ.",0.0
Chứ em muốn nhận nhiều lắm mà em gái em về không đủ ký ạ.,0.0
Vì còn những đồ Nhật của các bác khác đặt nữa ạ.,0.0
"Cảm ơn cả nhà nhiều, đợi em lên đợt sau nhé ạ ^^!",0.0
(riêng mã này e dừng ạ),0.0
Quá hợp mặc thời tiết nửa nóng nửa se lạnh này ạ 💯,0.0
1 cái hoa nhí trắng size L nha,0.0
Nghe sốp tả là thấy RHYDER rồi đấy - cháy cả nghĩa đen lẫn nghĩa bóng 😂,0.0
Set Live Performance của RHYDER chắc luôn 🤗🤗🤗🫶🫶🫶,0.0
"Shop ơi , còn ai ngoài RHYDER nhà em nữa .",0.0
"Hội tụ đủ những gì shop nói , thậm trí còn bonus thêm nữa cơ …",0.0
Bạn này đúng khum sốp hehe,0.0
/IMAGINE PROMPT: Tạo ra một nhân vật nổi bật với phong cách trẻ trung cá tính,0.0
chuẩn bị làm nóng không khí trở lại bằng set Live Performance bùng nổ tại MBillion.,0.0
Nhân vật mang tư duy âm nhạc hiện đại,0.0
gây ấn tượng mạnh với khả năng hát – rap – tự sáng tác và đặc biệt vừa biết bay vừa chơi với lửa.,0.0
Ê ê ê RHYDER,0.0
RHYDER đúng hong ạ,0.0
RHYDER sốp ơiiiiiiii,0.0
RHYDER sốp ơi,0.0
hoa xinh that sự ☺️,0.0
ôi tiệm ở đâu thế ạ hoa đẹp quá huhu,0.0
Lưu shop lại cuối năm dạm ngõ em mua nhé shop ơi,0.0
Hoa chuông bao nhiêu á bà,0.0
Bó đầu là hoa chi mà đẹp vậy,0.0
Bó cuối giá nhiu bà,0.0
Ui hoa gì đây ạ,0.0
Ib cho chị nhé,0.0
Omg đẹp quá shop bạn o đau,0.0
Oke luôn anh ơiiiii,0.0
Mink là Tân bjnh khủn lon mak pạn 🥴,0.0
UPRIZE PN tì loi,0.0
mình nuốt PN được không ?,0.0
Con trai cua minh lon roi ☺️,0.0
em bé mặc kín vào hem là bị cảm lạnh đếy nhó 🥺🫳🏻🦦,0.0
HN lạnh lắm mình choàng khăn cho Nguyên rồi nhé,0.0
Tôi còn muốn hở thê… ủa 🫢,0.0
Ôi thôi chec,0.0
UPRIZE PhucNguyen PN,0.0
Dán mới có chuỵn để nói chứ!!,0.0
Không dán có nhìu chuỵn hơ.. ủa,0.0
Toi dong tinh 🦦,0.0
Người hay đùa thực ra rất nóng tính :)),0.0
"tôi, tôi đấy, tôi còn để bụng nữa",0.0
sao bà bic,0.0
Ông nha ông xã,0.0
“爱开玩笑的人，其实脾气很暴躁。 ài kāiwánxiào de rén，qíshí píqì hěn bàozào”,0.0
người hay đùa thực sự rất hay đùa nữa,0.0
Thế nào lại chuẩn,0.0
Là sao nữa🤡,0.0
Anh Sam Lee đi show có nói về đọc sách và thử ăn chân gà.,0.0
Nay quý cô Mina Sue Choi lên xin đề xuất sách để đọc xong còn lên caption nhắc chân gà =)))) quen thì quen luôn cho nóng ạ,0.0
đại đại đi các bros,0.0
Cười vl cái clip pv cho bên này được anh ta hiện hẳn lên profile nhưng thực tế anh ta không theo dõi acc đó,0.0
chị MNS thì có nha wth =)))) 2 reels pv thì hiện clip này Có thể là hít lấy hít để trước khi bị cắt nguồn ke này 😊,0.0
Cứ delulu đi các mom 😭 em vui lắm,0.0
Cái caption cổ viết là như nào vậy chế,0.0
Có khi chỉ là tình cờ mà thôi.,0.0
"À cái dòng dưới là ""Find my 닭발"" là tìm chân gà của tui đi.",0.0
Nhưng chủ íu muốn high nên mới tranh thủ hít 😇,0.0
kiểu nó kịch bản... Tuy vậy vẫn tôn trọng lời của người trong cuộc họ nói sao cứ tin vậy thôi 🤷‍♀️,0.0
Link oder hoa thả bình và các bó hoa giá tốt ạ ♥️ các bác vào đây chơi với tui nha 🫶🏻,0.0
NÓNG LÒNG CHƯA CÁC BÁC Tui mở bán hoa thả bình cho các bác nha 🤭 Mở bát 320 🐡/10 bông tulip nhó Àaaa,0.0
để tui lập cái group cho các bác zoo oder cho xôm nhóo 🤭,0.0
Ông ơi accept yêu cầu tham gia nhóm với :(,0.0
Dạ tuylip nhé banh,0.0
Bông ở giữa là hoa gì vậy shop,0.0
Mình còn nhé bạn ơi,0.0
Tiệm sẵn 1 mẫu Plume tuylip mới lên mẫu nóng hổi😍 Pass: 250🐠 kèm túi và thiệp Order giá khác nhé cả nhà,0.0
2 cái luôn cho nóng😆,0.0
🤭🤭 Bomi nó đánh dấu chủ quyền anh Hu bằng cái”:)”ấy,0.0
Nghe luôn cho cho nóng nha các chị 🎧 Bomi’s playlist,0.0
Giống hệt luôn á 🧐,0.0
Giống cái selfie posing của ẻm nhỉ,0.0
Nhiều bài hợp gu quá 🎧🎧🎧🕺🏻🕺🏻🕺🏻,0.0
Playlist mà cũng phải “:)” nữa,0.0
Mã lens cổ đại diện và sử dụng luôn nè:,0.0
Nhìn giống Jenni trong BP mà xinh hơn Jenni,0.0
Nóng🔥💃 Lần đầu tiên 1 cô gái Lào thả dáng cực Slay tại Chanel Fashion Week 2026,0.0
Lùn mà hay slay quá :))),0.0
"Rồi sau sẽ có 1 đống các lều báo vào táp cổ, chê cổ ngông cuồng, ăn mặc phản cảm.",0.0
Nhưng cổ ổn vì cổ là cô gái họ Lào,0.0
Mấy bà ơi coi tui tìm được gì nè Hãng này mới ra mã mi giống Jennie nè mấy bà🙀 Mã Birdie á,0.0
Đây mới gọi là slay chứ như mẹ khánh huyền ưỡn ẹo sợ vch,0.0
làng mà sun,0.0
LENS 1 NGÀY tự nhiên LENS XOẮN kính áp tròng cận JENNIE BLACKPINK có viền tự nhiên OLENS REAL RING giá 1 đôi | Shopee Việt Nam,0.0
bà nói thật hả bà thơ,0.0
Dạ bae check tin nhắn giúp mình nha,0.0
Dạ bạn check inbox tiệm nhaa ~,0.0
Bạn check inbox tiệm nha ạa~💗,0.0
Dạ bạn check tin nhắn nha ^^,0.0
Cho mình xin giá ạ,0.0
Dạ bạn check inbox nhaa,0.0
Cho mình xin giá ạ !,0.0
Dạ bae check tin nhắn tiệm mình gửi nha,0.0
1 hộp như hình bao nhiêu vậy shop,0.0
Lê đã có sẵn canele phục vụ mọi người cho ngày hôm nay 7/3 và có nhận đặt trước cho ngày Quốc Tế Phụ Nữ 8/3 vào ngày mai nhó,0.0
lưu lại sang tháng ny mua cho e ăn ạ,0.0
Bạn xem thử khu Hồ Tây nhé nhiều khách sạn và homestay có view hồ rất đẹp,0.0
tiện cho bạn thư giản nhẹ nhàng sau khi quay trở về phòng nghỉ ngơi.,0.0
"Đường di chuyển ra VEC cũng khá thoáng nếu đi về hướng đường Vành Đai 2, bạn đừng đi tuyến đường băng ngang qua trung tâm để tránh kẹt xe.",0.0
Chúc bạn có trải nghiệm đẹp!,0.0
"nếu budget bạn tốt có thể ở Lotte L7, nó cạnh Lotte Mall luôn, đi Hồ Tây hay phố cổ hay VEC đều tiện.",0.0
Rất nhiều người Hàn ở đó,0.0
Đọc giá vé và quyền lợi thì tôi nghĩ HLE chỉ thi đấu HF ngày 10/5 thôi ngoài ra thì không có sự kiện nào khác đâu,0.0
"Hiii, Bạn nên tìm khách sạn ở khu vực Tây Hồ, vị trí này thuận lợi cho việc di chuyển ra sân bay và VEC.",0.0
Còn về vé thì đấu thì không cần lo lắng🤗 Chắc chắn bạn sẽ mua được thôi.,0.0
Tôi không lo lắng về vé.,0.0
"Tôi có lịch trình vào ngày 8 tháng 5 nên sẽ ở Hàn Quốc, tôi chỉ hy vọng HLE sẽ không tham dự các sự kiện khác vào ngày đó.",0.0
Tôi đã trả tiền vé máy bay trong lúc nóng giận.,0.0
Vẫn chưa có vé thi đấu.,0.0
"😅 Bây giờ tôi phải đặt chỗ ở, tôi nên đặt chỗ ở đâu thì tốt?",0.0
Gần VEC thì không có chỗ ở thích hợp.,0.0
Lịch trình dày đặc nên không thể tham quan được nên chỉ cần là khu vực có thể sống thoải mái là được.,0.0
Mãi iu em ạaaa giữ sức khoẻ nha,0.0
"Giữ gìn sức khỏe nhaa, cố gắng lên Lân ơi.",0.0
Hôm qua đẹp xs luôn đoá💪🏻,0.0
ăn uống ngủ nghỉ cho tốt nha mọi người luôn yêu thương và tin tưởng anh ạ 💪🏻 hẹn gặp anh ở thủ đô iu dấu nhé ạ 🥹🥰,0.0
"Đẹp trai xức xắc luôn anh bé ơii, cố lên nhe 🫳🏻🫳🏻",0.0
ỒN LÊN NHA LÂN ƠI.,0.0
Các dì các mẹ các chú các anh các em yêu thương bé lắm nha bé 🫶,0.0
"Em ấy cẩn trọng, lễ phép.",0.0
"Nhưng mong dylan sẽ tự tin hơn, thể hiện nhiều hơn nhé 💛",0.0
em bé cố lên nhée,0.0
"Dylan nhớ giữ gìn sk nha, cố lên nha!",0.0
Cố lên Dylan iuu,0.0
ok boss hẹn ở hanu,0.0
Huhuhuhuhu Duy Lân ĐẸP QUÁAAAA,0.0
Giữ sức khỏe nha bé ơiii 🤗🤗,0.0
"up nhiều dùm nha ba, cảm ơn",0.0
Mom cảm ơn Dylan đã xuất hiện thần thái vương giả đẹp trai ngoan xinh iu cứu mom,0.0
để mom có nhiều ảnh và content trong thời gian em trở về lowkey sắp tới.,0.0
dạ sốp ở đống đa nha ạ,0.0
Cũng gần trường em học,0.0
sốp ở 510 xã đàn nha ạ,0.0
e ở q.oai cơ sốp ơi 😭,0.0
Sốp đâu đống đa ạ,0.0
sốp vẫn còn các ưu đãi cho các chị em mùng 8/3 chưa được gì nha,0.0
Xem ảnh cho chán chê rồi giờ lại trách sao bụng cồn cào... 🤣 Đấy là hậu quả của việc không chốt đơn nhà em sớm đấy.,0.0
"Menu 19k - 40k nóng bỏng tay, nhắn là có đồ ăn ngay!",0.0
Camera so với s25 ultra thì như nào bác ơiii,0.0
năm nay hết chê về thiết kế,0.0
năm nay màu nào cũng đẹp í,0.0
Tôi đang thấy S24 camera đẹp hơn S25.,0.0
Để tôi lên 26 lunn nào.,0.0
Đỡ phải từng bc.,0.0
huhu đẹp quá ta,0.0
"=))) lên đi, dùng đã lắm",0.0
Cái spen thì vẫn thế như s25 à bro,0.0
Tính đổi từ S24 plus lên mà còn phân vân quá nè sốp ơi.,0.0
Con S25U mình dùng kết nối với đồng hồ thông minh mà hầu như từ sáng đến tầm 4h chiều lúc nào cũng phải còn tầm 55-60% pin.,0.0
Đấy là mình dùng cũng nhiều chứ với ai chỉ dùng cơ bản thì quá thoải mái,0.0
Anh ơi nếu dán màn cường lực có ảnh hưởng gì đến chất lượng hình ảnh khi bật privacy display không ạ,0.0
Mới từ S23 Ultra pin chai chuyển nhà sang vivo X300.,0.0
Mọi thứ đều kiểu wowwww.,0.0
Trừ vụ mất đi Galaxy AI và Modes & Routines,0.0
Chắc là không ai như tui đâu he Dùng máy có 120hz nhưng vẫn quen dùng 60hz hơn vì nó tiết kiệm pin và không gây nóng máy 😆,0.0
Hỏnor win à bro 😆,0.0
nóng máy hay không do tác vụ chứ liên quan gì đến 120hz 🤨,0.0
còn khi bật máy sẽ hạn chế cpu lại và đẩy hết qua gpu nên lâu dài sẽ rất hại máy nhe,0.0
Thật sự thì tui dùng qua 144hz và cũng không thấy khác với 120hz gì cả 185hz thì thừa 😆,0.0
"Mình dùng s20 fe, vẫn phải để 60hz cho đỡ nóng máy nè.",0.0
"Chứ để 120, bật 4g, chỉ nhắn tin thôi mà nó hơn 45 độ",0.0
Bạn phải hiểu cái chế độ này nó hoạt động như thế nào Và dựa vào đó để dùng nó sao cho hiệu quả chứ không phải là pin còn đầy thì sao phải bật tkp đâu nha Bạn muốn tối ưu pin thì vẫn còn nhiều yếu tố khác nữa,0.0
IP nên vậy đúng rồi,0.0
Trọ Hà Nội,0.0
"Phòng ở Láng Hạ, cách ftu dav hlu vwa….. chưa tới 2km.",0.0
máy giặt + để xe free Wifi 100k 1 phòng.,0.0
"Anh chị chủ siêu thân thiện, vui tính",0.0
"Dạ cả nhà ib hộ em vứi ạ, 0931962433",0.0
Dạ bác ib em nhó 0931962433 ạ,0.0
E xin giá ạ ib e với,0.0
Xin thông tin ạ,0.0
"Dạ em bị chặn nhắn trước, bác ib em với 0931962433",0.0
"Dạ em bị quá tải, bác ib em với 0931962433",0.0
Có 1 resort ở Ninh Bình ở khu đảo riêng,0.0
di chuyển bằng cano Có nguồn khoáng nóng tự nhiên nằm trong top Chỉ từ 950k/người 2N1Đ bao gồm phòng nghỉ ăn sáng tắm khoáng nóng xông hơi,0.0
cano đưa đón,0.0
"Dạ em đang quá tải, cả nhà ib em gửi nha, 0931962433",0.0
Pin yếu thì đương nhiên là không rồi vì từ s23 ultra đến s25 ultra đã bao giờ yếu đâu,0.0
chỉ là các hãng trung quốc nó trâu hơn hẳn thôi mà samsung vẫn giậm chân tại chỗ,0.0
"Pin 5000 là bé so với pin silicon carbon thôi, chứ vẫn là 1 cục pin to mà.",0.0
vừa chuyển từ Iphone qua s26U sau 8 năm dùng thấy hơi hụt hẫng có vẻ điện thoại (cả andorid ios) đã đạt tới giới hạn từ năm 2018 rồi,0.0
tác vụ cơ bản hằng ngày mì ăn liền thì Iphone ăn chặt,0.0
Privacy display thế hệ đầu nên hơi rén,0.0
"Bạn ơi khi dùng privacy dipsplay, bạn có thấy màn bị rỗ hơn hong",0.0
Tuỳ nhu cầu và cách dùng mà bạn Còn vấn đề bật tkp mà không có thông báo thì nó không liên quan gì nhau nha bạn Có khi bạn bật nhầm chế độ không làm phiền đấy Chứ tkp nó không có làm tắt thông báo sáng màn hay gì cả nhé,0.0
Tuỳ nhu cầu và cách dùng mà bạn 😄 Đây là cách khắc phục các vấn đề mọi người dùng ip luôn gặp đó là nóng máy hao pin Mà cái nào cũng có ưu và nhược điểm nên phải đánh đổi thôi.,0.0
thế mua bản plus cho lành :)),0.0
"Khổ dâm vcl =))))))))) Android cắm 30 40p đầy cục pin, cắm xong lại xài cả ngày, máy mát rượi chả nghĩ ngợi gì.",0.0
"Đây đi mua con iPhone tưởng như nào, về cũng bật battery saver + tắt promotion =)))",0.0
Riêng cái ios và giao diẹn ip 17 nó đã hao pin rồi.,0.0
Mình thử lên ios26 là dùng còn chán hơn là ios 18!,0.0
Hết pin lại cắm :))),0.0
16-17prm pin cũng trâu để dùng 6-8 tiếng rồi nên cũng chả cần phải để pin vàng đâu!,0.0
1 là nó làm giảm hiệu năng app để tiết kiệm pin 2 là hạn chế 1 số thông báo,0.0
3 là giới hạn các chức năng đáng ra nó nên hoạt động vốn sẵn như vậy.,0.0
Pin thủ tụt xuống chắc khóc lên xuống :))),0.0
Mình dùng từ bản plus qua nha bạn Và mình cần camera của pro max thì sao mình không tối ưu để dòng pro max như dòng plus ?,0.0
Bạn xài điện thoại hay điện thoại xài bạn mà lại xài kiểu lạ đời vậy,0.0
Hong biết sao chứ chấp nhận sài mấy con 60hz trên máy mặc định như 14/15/16 được.,0.0
"Nhưng không chấp nhận 60hz trên mấy con Pro/Prm có 120hz như 13Prm/14Prm, thấy nó lag hơn",0.0
Thực sự tôi cảm thấy đồ nhà apple họ đối xử với người dùng không minh bạch và không được tự do như android khi mà chúng tôi có 144hz mà iphone thì lại chơi trò 1-120,0.0
cảm thấy máy cứ cùi cùi mà giá thì chát,0.0
It1 sẽ thuần vài cái.,0.0
Bách khoa Hà Nội,0.0
bù lại thì lương lậu trông ngon nghẻ ổn áp,0.0
Học thì khác chứ đã muốn làm thì chẳng khác nhau mấy lệch trong chương trình đào tạo chắc dưới 30 tín,0.0
KHMT làm mấy cái bên KTMT vẫn được và ngược lại khoai cái sẽ cần học thêm nếu mà lệch kèo quá thôi,0.0
như KTMT muốn làm AI hay KHMT muốn làm về truyền thông.,0.0
"Cũng có 1 vài chương trình cho giã cả 2 mảng trong chương trình học như Tài năng, ICT, Việt-Nhật, Việt-Pháp",0.0
những tiền bối bách khoa trước học it1 2 giờ như nào rồi ạ với cả cho em hỏi it2 có khác it1 về cái gì cũng như sau này ra trường làm gì thế?,0.0
Gần như tương tự nên cứ phang cái điểm cao hơn nhé,0.0
Riết cái lũ bds gì cũng dám nói nữa :) Chúng thèm muốn đất đến phát điên rồi,0.0
Dời ra xa trung tâm là chuẩn e. Để quỹ đất xây chung cư cao cấp,0.0
"tốt nhất làm công viên là đẹp , không ai ý kiến, sở hữu toàn dân kkk",0.0
"14 hecta, ai đi lần đầu vào là lạc luôn, 3 cổng, 4 bãi gửi xe",0.0
Thế thì tiền đâu xây trường?,0.0
Bị cái gì nói toẹt ra úp mở éo gì.,0.0
Trường éo nào cũng phải di dời nhé.,0.0
Mặt tử tế mà ngôn láo vl,0.0
"Bữa nào đi thi mà bãi xe cổng 3 đóng, gửi xe xuông c6 thi rồi leo lầu muốn bỏ thi đi về luôn 🙂‍↔️",0.0
Nó ở làng đại học dưới thủ đức mà,0.0
lượng sv nhập học đủ thì cũng đẩy ra ngoài thôi,0.0
Rộng lớn... dễ bị chú ý... thịt.,0.0
Như sbTSN đó..Mồi ngon mà,0.0
TP HCM chưa chủ trương giao đất Đại học Bách khoa cho doanh nghiệp,0.0
Ở Tp HCM thì chỉ có Đại Học Bách Khoa là diện tích đủ rộng để phát triển mạnh cũng như bề dày lịch sử của Trường,0.0
thương hiệu nổi tiếng... Trường ở xa trung tâm thì cũng khó thu hút nhiều giảng viên và sinh viên giỏi... Nhưng mà hình như vì rộng quá nên mới bị,0.0
Ủa thắc mắc chuyển ra ảnh hưởng gì với việc thu hút học ainh giỏi.,0.0
Tính ra chuyển ra ngoài chi phí còn rẻ hơn.,0.0
"Chứ như trường tư như fpt, rmit cũng ở ngoài, trường công như spkt, đại học quốc gia cũng ở ngoài hết cả thôi.",0.0
Anh có dị đâu 😡,0.0
Nước die 😭😭😭,0.0
Trung bình có người yêu trai Bách khoa ....,0.0
nước đái chong?,0.0
Không hiểu =)),0.0
Nó xà lơ mà nó cũng đúng đúng :))),0.0
..nhạt đến mắc cười luôn á mom😔,0.0
Nghe tv nhiều quá về loạn hết thông tin :))) 🤣🤣,0.0
Tone xanh =)))),0.0
ui bác ơi sổ melody ở đâu thế ạ😭,0.0
Còn hôm qua tmu được quyển bé nhất trong đống đó thôi,0.0
dạ chị mầm😉,0.0
"cầm được cái túi của Thăng Long, trông yêu vl",0.0
Cho em hỏi làm sao để nhận vậy ạ?,0.0
Nghe họ giới thiệu là được ạ?,0.0
Bav có túi này trông hay hay=))),0.0
Ngày hội tuyển sinh của Bách Khoa tôi lấy có được sương sương đây thôi à:)) 2,0.0
5kg tờ rơi 9 cái túi 11 cuốn sổ 7 cái bút + 1 cái thước …..,0.0
để dành túi mới cho toai nhá,0.0
cái sk này ở đâu thế ạ,0.0
Văn mẫu Vozer,0.0
Quốc ca vozer đấy,0.0
Đọc chỉ nghĩ đến ông Hiếc clm=))),0.0
"Chơi Voz là biết, lương dưới 350tr thì được xem là loser bla bla.",0.0
Ngành IT Việt Nam hiện nay ở đầu của sự phát triển.,0.0
Có thể nói IT là vua của các nghề.,0.0
"Vừa có tiền, có quyền.",0.0
Vừa kiếm được nhiều $ lại được xã hội trọng vọng.,0.0
Những người sinh năm 90-96 là thế hệ IT cuối cùng có thể mua nhà mua ô tô bằng lương.,0.0
nghĩ kiểu gì cũng nghĩ tới cha Hiếc=))))),0.0
"Thằng em mình học bách khoa cơ khí, sinh năm 96.",0.0
Tự mày mò học code rồi đi làm remote cho công ty Mỹ 2 năm nay.,0.0
Mỗi tối online 3-4 giờ là xong việc.,0.0
Lương tháng 3k6.,0.0
Nhưng thu nhập chính vẫn là từ nhận các project bên ngoài làm thêm.,0.0
"Tuần làm 2,3 cái nhẹ nhàng 9,10k tiền tươi thóc thật không phải đóng thuế... from voz with love 🐧",0.0
Nguồn gốc đến từ forum voz một hội nhóm công nghệ rất nổi tiếng vào cái thời kỳ IT mới nổi ở vn,0.0
câu chuyện ông anh sinh năm 96 học Bách khoa cơ khí chuyển sang làm IT rồi giàu xụ là từ 1 bài đăng trên forum này từ hồi đó:>,0.0
đọc mà nghĩ tới a già thì là do cái giếng các bạn chưa đủ to,0.0
Mặt này không phải dân Bách Khoa thì thôi,0.0
huhu lấy hộ 2 bài thi tsau,0.0
từ từ đãaaa đợi tôi ra trường đãaaaa,0.0
"ủa 😓 dễ gì mà dời được, tui quậy á",0.0
chú có thể chia sẻ nhiều hơn về lý do được không ạ,0.0
Alo bác ơi,0.0
"Các pa ma đón emm đón emm 🐻🐰🐼 Đồng giá 39 cá mà nay ế ẩm hổng ai rước :< 📍K4 Bách Khoa, Hà Nội.",0.0
vào ngành hot ai cũng nghĩ tương lai chắc chắn rộng mở.,0.0
Kinh nghiệm của tao là nợ đi.,0.0
"Chơi chứng, mua nhà đủ kiểu.",0.0
Khi mày thiếu tiền mày sẽ có động lực.,0.0
"Nhưng sau 2 năm đi làm, mình lại thấy bản thân đang mắc kẹt trong một vòng lặp quen thuộc.",0.0
"Mỗi ngày mình check-in, check-out, làm xong những task quen thuộc: sửa bug, viết vài dòng code, commit xong là hết ngày.",0.0
"Công việc vẫn ổn, nhưng cảm giác mình đang dậm chân tại chỗ.",0.0
"Điều khiến mình trăn trở nhất không phải là công việc quá khó, mà là cảm giác mình đang dần bị hòa tan trong guồng quay đó.",0.0
Nhìn bạn bè lần lượt chuyển sang những dự án mới thành công hơn thử sức ở những môi trường khác,0.0
mình bắt đầu tự hỏi: “Nếu cứ tiếp tục như vậy 5 -10 năm nữa mình sẽ trở thành ai?”,0.0
Đại học bách khoa cư xá Bắc Hải công viên Lê Thị Riêng ..đều là những nơi mạng nặng tính lịch sử .Lịch sử là gì ai sẽ giải quyết .,0.0
Chắc thấy cái chung cư kế bên mới xây xong ngon quá bàn nhau xây thêm cái nữa,0.0
Một hình thức chiêm đất,0.0
Dời xong lên chung cư hả Phát Đạt 😏,0.0
Thấy trường mới xây lại mấy toà mà :)))),0.0
Đẩy ra rìa xã hội mà còn bị dòm ngó 😔,0.0
Sợ mấy bạn mê phân lô quá rồi.,0.0
Tóm lại là Phát Đạt thèm khu đất đó,0.0
Đại Học Bách Khoa HCM ở xa trung tâm nên cũng không gây ảnh hưởng đến trung tâm.,0.0
Là một trường đủ năng lực và diện tích để phát triển thành trường Đại Học có thương hiệu mạnh của thế giới.,0.0
Thì nên duy trì cho tự chủ để phát triển độc lập cho mạnh.,0.0
Chứ đừng vì đất rộng mà phân lô xây chưng cư,0.0
"Học bạ tương đối thoi, bỏ vào cho có í mà.",0.0
Ý là thường thì dgnl sẽ cao hơn hong à.,0.0
Có điểm xét luôn mà ta đâu được chọn,0.0
MONG VIRAL Dạ mấy anh chị cho em hỏi: - Nếu vào bách khoa hồ chí minh,0.0
mặc dù mình có dgnl hcm nhưng mà điểm thấp thì có được chọn xét phương thức THPTQG không ạ?,0.0
Với cả anh chị thấy xét phương thức nào có lợi hơn,0.0
và cần tối thiểu điểm V-ACT và THPTQG như thế nào ạ vì điểm học bạ của em thấp,0.0
Hình như hơn 60nam,0.0
"Thằng Phát đạt có quyền gì mà đòi quy hoạch lại trường ĐHBK,",0.0
Phân lô bán nền muôn đời thịnh Nghiên cứu khoa học vạn kiếp suy,0.0
"Cs1 có mấy tòa xây từ xưa, mấy chục năm tuổi lỡ bị c.u.o.p đất thì buồn",0.0
có đến tận 4 cổng để tan học 🌝,0.0
Miếng đất mà các con buôn đất thèm thuồng...,0.0
Nhưng thật ra nó ít khí kẹt cứng lắm,0.0
Phát Đạt phá nhà thi đấu Phan Đình Phùng xong 10 năm để đó không làm gì dân quận 1 3 và Phú Nhuận không có chỗ luyện tập TDTT,0.0
bây giờ lại hăm he đòi lấy đất của ĐHBK.,0.0
Bắt Phát Đạt phải xây lại trung tâm TDTT đã rồi mới tính tiếp.,0.0
ừm nhưng mà xin phép nói thẳng là giữ nguyên cái khu đó nhé còn không thì làm khu công viên chứ làm ơn đừng làm chung cư nữa cái khu q10 nó chưa đủ đông hay gì,0.0
kkk khúc đó tui đăng chơi chơi nên cũng ghi vội hehe =))))),0.0
dạ này của một bạn fan làm gift phát cho các bạn lên hát lúc mà CONGB chưa tới í ạaa.,0.0
có tận 3 CONGB ở Bách Khoa,0.0
"nay ổng đẹp lắm bà oiiiiiiiii, siu đã huhu",0.0
HỘP QUÀ CỦA TÔI ?,0.0
hihi nhả vía nhả víaaaa,0.0
Nàm sao để có được thứ xinh nady,0.0
năm 4 thì chắc đang đi thực tập thường thì trong ngày sẽ bận rảnh vào buổi tối,0.0
nếu bạn nam để bạn chủ động nhiều thì nên xem xét lại nhé với lại 2 bạn cũng nên trao đổi,0.0
nếu có bận thì nhắn nhau 1 câu hay voice cũng không mất thời gian mấy đâu.,0.0
không 1 lần là quá đủ,0.0
sao mấy bạn ghét trai Bách Khoa thế có bạn kia biết mình học Bách Khoa thì ghost mình luôn,0.0
chưa kịp tung chiêu,0.0
ai tệ thì mình kệ,0.0
"ý là trai hust tệ thì thôi nhé luôn , gặp phải mấy a viện điện nữa thì coi như đời xong…",0.0
đáng lẽ nên trừng phạt ông đấy thôi,0.0
Ô chỉ mới ghost thôi hả😿 tôi chuẩn bị lên phốt cho trường bạn sáng nhất hậu Tết,0.0
chuyên mục tự bóc phốt ny của tlee,0.0
Học viện Tài Chính - AOF,0.0
Khoe sự tìm việc khó khăn của khoá 2004,0.0
Khoe sự nghèo khổ =))),0.0
"t4 ngày 11/3/2026 thi khảo sát , dm làm ơn lấy đi",0.0
Trường Đại Học Bách Khoa - ĐHĐN 🙏,0.0
Đại học Hàng Hải Việt Nam - VMU,0.0
Toi khoe cái bụng mỡ quài tại sao ….,0.0
Đại học Khoa học Xã hội và Nhân văn - ĐHQGHCM cơ sở Thủ Đức =))),0.0
Đại học Kinh tế - Luật ĐHQGHCM,0.0
Đáng buồn nhất là.,0.0
Thằng đó lăng nhăng với con đó.,0.0
Xong con đó tưởng mình đặc biệt với thằng đó lắm.,0.0
Rồi giờ xong thằng đó lại đang đi than vãn chán.,0.0
kì thi THPTQG,0.0
Top 8 cảm ơn,0.0
Đại học Mỹ Thuật Công Nghiệp - MTCN,0.0
Đại học Ngoại ngữ - ĐHQGHN,0.0
hahaha mình nghèo lắm nè,0.0
Mình có khoe ny đâu,0.0
quản lý giản viên và cái event quan trọng trên này kẹt xe kiểu gì.,0.0
📰 Giá Phòng: 3tr 📰 Số Phòng: P502 - Tầng 5 📰 Loại Phòng: Đơn Khép Kín 📰 Cầu Thang: Thang Bộ 📰 Tình Trạng: 15/03 Trống,0.0
Nấu ở t1 .,0.0
Cách có 2-3 nhà là ra điowngf lớn rồi,0.0
📰 Mã Toà Nhà: F198 📰 Địa Chỉ: Ngõ 274 Trương Định 📰 Quận: Hai Bà Trưng,0.0
Em cần tìm trọ khoảng 3tr đổ về vskk có cửa sổ to chút ở Tạ Quang Bửu Mai Động Trần Đại Nghĩa Lê Thanh Nghị Trương Định,0.0
Minh Khai vì e đang học ở cạnh nhà sách bách khoa muốn từ 3 5km đổ về,0.0
Giá sao ạ,0.0
Cho em xin thông tin phòng này vời ạ,0.0
Mình pass phòng ở Định Công có cửa sổ siêu to ạ,0.0
📰 Nội Thất Cơ Bản: Điều hoà nóng lạnh giường tủ kệ bếp máy giặt chung tủ lạnh 📰 Dịch Vụ: Điện 4k/ số nước 120k/ người net 100k/ phòng,0.0
dịch vụ chung 100k/ người 📰 Gửi Xe Máy: Free 📰 Gửi Xe Điện: Không nhận xe điện 📰 Ngõ/Bãi: Ngõ xe ba gác,0.0
"Haui tiền qsu hơn 8 củ đây nè, cộng tiền học nữa 23 củ.",0.0
Chớt lâm sàn,0.0
sao bách khoa vẫn bắt đóng tiền học quân sự vậy ạ😞 em tưởng có thông báo miễn từ đầu 2026 rồi mà ?,0.0
trường mình 23m cả qsu+tiền hk2 đây🫠,0.0
"Miễn cho năm sau thôi chứ, giờ miễn thì thiệt cho mấy bạn học hồi kì 1 chớ",0.0
26 đây gần 20 là 550 1 tín à,0.0
chưa có hiệu lực ắ,0.0
Muốn bắt chuyện ngoài đời cơ cậu TvT,0.0
Bách Khoa cũng có người này người nọ mà bạn tôi quen một ông anh Bách Khoa mông nở lắm bạn có nhu cầu không,0.0
Thế phải đi quanh khu bkx,0.0
"Hay là "" mây tầng nào gặp gió tầng đó""",0.0
hãy làm wibu,0.0
"Quen đi rồi thấy cảnh, nó suốt ngày đi học thôi",0.0
chạy nhanh còn kịp đừng có đâm đầu vào xin đấy =)),0.0
Chạy đi các e ơi,0.0
Đến hỏi các thầy cô về ngành nghề nè,0.0
Uâyyy thích thích,0.0
Mở cửa từ 8h sáng nhóo,0.0
Svbk giả làm học sinh c3 đi trộm quà 🐧,0.0
Sao thế ạaa,0.0
Nó thấy đó,0.0
Tố cáo trừ 36đrl,0.0
có tận 3 đứa thì đứa nào nhột,0.0
"học bách khoa khổ vl, ước gì biến thành chim ỉa quanh bách khoa.",0.0
Bro tôi đang là chim ỉa quanh trường utc,0.0
"Dời ĐHBK đi và để vào đó vài chung cư độ 5,60 tầng giúp kẹt xe hoá trung tâm tp HCM mới là sáng kiến hay !",0.0
Dạ em chào anh ạ.,0.0
Chắc là anh ra trường đã lâu rồi nên không nắm được thông tin trường vừa trùng tu toàn bộ á.,0.0
Với lại cơ sở LTK là nơi dạy các chương trình tiếng Anh với có tiếp sinh viên quốc tế qua nữa.,0.0
Nếu di dời thì rất tội mấy bạn sinh viên quốc tế vì phải di chuyển xa.,0.0
"+1 ủng hộ Ra Dĩ An học cho mát mẻ, tội gì phải chui vào đây",0.0
Cu xem kinh nghiem PD thuc hien nha thi dau PDP la biet nang luc dap pha dat cong gioi the nao roi.,0.0
"Tôi, một cựu sinh viên Bách Khoa TpHCM, ủng hộ đề xuất này của Công ty cổ phần phát triển bất động sản Phát Đạt.",0.0
"Khuôn viên trường Bách Khoa, 268 Lý Thường Kiệt, cần được thay đổi và/hoặc xóa bỏ.",0.0
Bất kỳ ý tưởng nào,0.0
đề xuất nào và chính sách quy hoạch nào hòng thâu tóm khuôn viên trường đều là hành vi đáng khen cần ủng hộ và hoan nghênh.,0.0
Dạ em hiểu ý kiến của anh nhưng mà chắc khó thành tại trường mới trùng tu toàn bộ các toà nhà,0.0
đường đi trong khuôn viên cơ sở 1 (cơ sở Lý Thường Kiệt) í 🥹.,0.0
Nếu ủng hộ di dời thì tội trường qué 🥹,0.0
Chắc là bạn chưa tốt nghiệp mới thù dai dữ vậy,0.0
Đọc bài biết chủ post đang thả mồi câu giận dữ mà =)) có ai ủng hộ mà lại dùng từ thâu tóm đâu,0.0
hồng trà ngô gia,0.0
giống yêu nhau lén lút ghê sợ ba mẹ ẻm biết,0.0
như kiểu tình iu gà bông í 🥹,0.0
Dạ anh/ chị cho em xin Jd công việc ạ,0.0
Liên hệ zalo mình nhé 0343905857,0.0
cho em xin JD vị trí với ạ,0.0
🇺🇸 SeedX tuyển Content Creator viết nội dung social cho thị trường Mỹ Viết tiếng Anh tốt • Hiểu cách kể chuyện tự nhiên • Làm remote 👉 DM ngay để nhận JD hoặc liên hệ zalo : 0343905857,0.0
Ib zalo hoặc ig mình nhez,0.0
dám nghĩ dám làm ý thì có lẽ mẹ bạn sẽ hiểu hơn đó ạ,0.0
"Bà ơi đừng tin lời anti nói làm gì, flop mà cỡ này hả 💔",0.0
Cảm ơn mẹ bạn đã hết mình với yuvies ạ,0.0
Ỏ đọc mà tui thấy mừng quá chừng luôn á.,0.0
Thấy mấy bé bị anti bảo flop hoài nên cứ tưởng mấy nhỏ flop thiệt =)).,0.0
Trộm vía quá,0.0
"Vậy Hai mới hỏi tụi bây date trong bao lâu, con bé trả lời hiểu lý do luôn.",0.0
“Dạ tụi em hẹn hò từ 14h chiều tới 22h tối.”.,0.0
Dạ đi lâu bị sao vậy Hai.,0.0
Hoặc họ giả vờ đi với mình rồi về buông luôn ấy.,0.0
Sáng nay có bé kia nhắn tin cho hai kể chuyện nhỏ với chị kia date lần đầu với nhau,0.0
buổi date rất ok cho đến khi về thì bé đó bị chị kia ghost luôn.,0.0
"Con bé kể nó đã chuẩn bị váy vóc, make up, đầu tóc, quà cáp bla bla rất kĩ rồi như vẫn bị ghost.",0.0
"Bị chán á em, phải để chị ấy về tò mò mới vui.",0.0
Chứ đi lâu quá nhanh chán thiếu thú vị,0.0
chuyện kể là xăng mai tiếp tục tăng giá ☠️,0.0
khó chịu vô cùng luôn á,0.0
"Pov: Bây giờ là 23:34, tự nhiên muốn mọi người kể chuyện tâm linh để dễ ngủ hơn.",0.0
Rồi bro đẻ được mấy lứa :)),0.0
đã thế còn có sản phẩm là 3 đứa con là 2 trai song sinh và 1 gái:v,0.0
"Topic: Kể chuyện thầm kín, nghe và không đánh giá.",0.0
Tao bị hù lúc còn thuê nhà gần Bênh Viện,0.0
quên nói trộm vía kìa mom,0.0
Tò mò vãi.,0.0
Hình như mình biết 1 anh bán DoubleX ở SG,0.0
muốn đi date muốn nghe mí bạn làm nghệ thuật kể chuyện,0.0
mình cực thích ánh mắt lấp lánh của mí bạn kể chuyện về đam mê của họ cực kỳ,0.0
cái năng lượng ấy siêu coollllll muốn đi chụp film cho bớt rảnh rang mà chỗ mình hay mua hết double x rồi :( 🥺,0.0
Lên ĐL toy kể cho nghe 🤧🥹🥹🥹,0.0
Kkk nghe giống tả mình quá dị,0.0
đi kể bạn nghe về ngành IT 🥲,0.0
nhà tôy có IT rồi chưa đủ sao :((((((,0.0
bạn date với mình chừng đó còn chưa đủ hảaaaa :)))))) cho tôi con beat khác điiiiiiiii,0.0
Quên quên để kím mã ngành khác 🥹🥹🥹,0.0
huhu cúi cùng Dĩm cũng được công khai😭 otp mãi keo,0.0
Ổng viết cho dĩm mà=)₫,0.0
ước có 1 trần mhiu trong đời,0.0
"Bây giờ tụi mình 23t, bên nhau hơn 7 năm.",0.0
Mong rằng 3 năm nữa tụi mình sẽ nên duyên vợ chồng 🩵,0.0
"Hồi đó tụi mình 17 tuổi, lớp 11, là bạn cùng lớp với nhau.",0.0
Bạn là tình đầu của mình.,0.0
"Với mình, bạn đẹp lắm.",0.0
"Bạn luôn trong top 3, mình loay hoay giữa lớp.",0.0
"Cao ráo, học giỏi, chơi thể thao, nhiều người mến,.. Mình tỏ tình trước, nên khi bạn đồng ý, mình cứ nghĩ bạn đến bên mình như một giấc mơ.",0.0
"Bạn ấy học giỏi, ga lăng, lịch sự, ngoan ngoãn vô cùng.",0.0
"Lời cảm ơn, tỏ tình em chưa kịp nói sao anh đã vội bỏ em đi rồi",0.0
"Huhu thật hả mom , buon quá 😭😭☺️",0.0
Job này làm linh hoạt thơi gian hay làm full time vậy bạn,0.0
Các bác quan tâm job nào nhắn tui qua zalo để ứng tuyển liền nha,0.0
A check zalo em với ạ,0.0
Check ib e với ạ,0.0
Biết ròi nha,0.0
không hẳn là lowkey nhưng sẽ có 1 acc chính đi follow/ kết bạn giữ liên lạc nhưng không đăng up gì nhìu ( chủ yếu toàn đồ ăn ),0.0
acc clone còn lại dùng để đăng những thứ linh tinh xàm xàm trên đó,0.0
acc clone lúc nào cũng ồn àoo🫣,0.0
làm sao nghĩ cái thắng mà có được gì đâu.,0.0
xoá hết story nổi bật trạng thái hđ cũng tắt,0.0
mở list block ra thấy 700-800 người.,0.0
lớn lên cái nết đấy càng rõ.,0.0
Bị ốm vào viên nằm và sục cạc trong viện và bị y tá phát hiện 🥲🥲,0.0
Nghe biết xạo heo,0.0
"Xưa đi chơi nhà bạn, giờ ngủ trưa bạn ngủ còn mình ngồi móc l trong lo sợ",0.0
Móc 1 cô bé đến chet,0.0
Cắt chưa đúng thôi,0.0
chiếu theo luật âm dương cân bằng thì phải có duyên âm thì mới có duyên dương ...,0.0
"Duyên âm suy cho cùng cũng là một loại duyên, bạn cầu cái ông quận kia che chở bảo vệ rồi phù cho công danh là đẹp 😘",0.0
Mình cắt không thành ấy bạn.,0.0
Xem kênh YouTube Tùng gọi hồn,0.0
Ib mình ạ,0.0
Gọi họ lên nói chuyện.,0.0
Rồi khai ngộ Chứ cứ đi thầy bày lễ cúng thì bao nhiêu lần cũng như nhau,0.0
Kể đi bạn,0.0
Mọi người kể chuyện duyên âm đi ạ.,0.0
"Chứ em đi cắt mãi không được, thấy bảo ông chồng tiền kiếp làm quan to lắm nên ông ý không cho em lấy ai.",0.0
Mà chẳng nhẽ em ở vậy tới già?,0.0
duyên số khó cãi thiệt nha,0.0
Vâng lấy tui nè bà.,0.0
"Sau đó 3ngày chỉ bị đá thiệt, hồng hài nhi quen chỉ tại nhà chị đó giàu.",0.0
"Đá chị đó xong đúng hôm đó mua hoa tặng bạn khác, quen bạn đó luôn.",0.0
"Lần đầu đi xem bói, bạn đó nói là nyc ngoại tình và đúng thật Lần 2 đi xem bói, cưới luôn người xem cho mình làm chồng 🙄",0.0
Tui là người bói.,0.0
Đợt đó bói free hữu duyên thôi.,0.0
Cũng hy hữu lắm tui mới làm vậy.,0.0
Hỏi cả bệnh nền nữa?,0.0
kênh chat: kể chuyện gì vui vui đi ông 🐍: chuyện vui á... 🐍: chịu rồi,0.0
tui nhạt vicieo 🐍: không có chuyện gì thú vị để mà kể hết staff: (đọc chat) thế kể về mối tình đầu đi ông 🐍: tình đầu á?,0.0
"làm gì có mà kể 🐍: đấy thấy chưa, đã bảo là đời tui nhạt lắm mà, tui siêu chán luôn á",0.0
Dù sao đó cũng chưa từng là kí ức mà bạn muốn quên thậm chí nhờ nó mà bạn mới được như bây giờ thì mình thấy đều là trải nghiệm xứng đáng👍🏻,0.0
nhà cũng có pc nên cháu xin bố mẹ chơi game,0.0
stream ngày giáp ngọ tháng tân tỵ (nhuận) năm canh tý (ảnh để chơi),0.0
Cún iu ơi sau này phải thật hạnh phúc nhé 🥹❤️,0.0
Cho e xin thêm thông tin ạ,0.0
Em xin JD với ạ!,0.0
em xin JD với ạ,0.0
E Xin jd ạ,0.0
Mình cho em xin JD nhé ạ🫶✨,0.0
Mai kiểm tra toán với hóa...🥰💔,0.0
22:22 ròi kể chuyện tâm linh đi mọi người=)),0.0
Oi gioi oi đẹp trai bắt dùi trống của trai đẹp,0.0
xin phép á đù một cái thật to,0.0
Mình xin phép vl 1 hơi thật dài,0.0
Ùi ui 2 bé đẹp trai,0.0
ĐẤU TRƯỜNG SẤM,0.0
Chuyện kia giờ mớ kể #Kaytran,0.0
dạ mai chị nhé.,0.0
Hôm nay shop nghỉ ạ,0.0
Mình còn không ạ,0.0
Còn không ạ chị ơiii,0.0
Nay Mê có hoa Chuông và Mao Lương 39🐟/bó ạ 🌸 Mua combo 5 bó giá chỉ còn 29🐟/bó,0.0
giá tốt quá luôn nha 🥰 👉 Khách Mê chốt đơn giúp ạ kẻo Mê hết ạ Hoa shop vừa về,0.0
Ưu tiên các nàng qua lấy trực tiếp Võ Văn Dũng Đống Đa HN,0.0
dạ còn an,0.0
Cành to thì hoa bé mà cành bé thì cái hoa to đùng xong gãy ngang 🥹,0.0
Bên nào muốn hợp tác lâu dài thì ib vài bó trải nghiệm nhé.,0.0
ai cần ib shop nha 1xx-2xx,0.0
Quá rủi ro để bán 1 bó hoa đẹp 😂,0.0
"Ngồi luồn kẽm đến gãy lưng, gói bó hoa mao lương tròn gần 2 tiếng 🥲",0.0
Sốp ship giúp bó 199 ạ,0.0
Shop ở đâu vậy,0.0
chỉ có công an mới bán giá này,0.0
Tiệm mình pass 2 mẫu mao lương pic 1: 169k pic 2: 199k,0.0
Lương 25.000/giờ Gắn bó lâu dài trên một năm sẽ tăng lương và được hưởng % doanh thu.,0.0
Rất mong tìm được những bạn phù hợp về chung nhà 🌸🌸🌸,0.0
"- Bán hàng - Đóng gói đơn hàng - Phụ chốt đơn livestream - Chăm sóc tiệm sạch sẽ, gọn gàng ngăn nắp",0.0
Tuyển nhân viên part-time lương.,0.0
Hỗ trợ xử lý các công việc tại tiệm:,0.0
Dạ ở đâu vậy sốp,0.0
shop ở đâu và tg làm vuệc như nào ạ,0.0
Dạ cho em hỏi thời gian ca làm việc với ạ,0.0
TUYỂN DỤNG NHÂN VIÊN PART-TIME,0.0
confirm 🥐 trứng muối ngon cực kì,0.0
Có app không shop ơiiiii,0.0
Địa chỉ ở 2b Ngô Nhân Tịnh (gần bến xe trung tâm) ạ 🥰,0.0
Địa chỉ ở 03 Xuân Diệu nha mom ơi,0.0
Uii mai cos su kem dâu đó hong,0.0
sốp ơi sốp có app hônggg,0.0
tai sao khong co tren app,0.0
Xin địa chỉ ở đn sốp ơiii,0.0
Cách nhà có 1km thôi quá đãaa,0.0
Mình thấy mọi người biết tiếng trung làm bên maketing dẫ khách thì lương rất cao tầm 40-50tr,0.0
Tiếng Trung khá thì làm trợ lý phiên dịch troẹ lý cá nhân không thì vô mấy cái xưởng kcn làm á,0.0
họ chấp nhận đào tạo từ đầu đoá,0.0
Ô làm bên gì,0.0
"Tiếng Trung giúp nâng mức lương lên thôi, nhưng cơ bản vẫn cần kỹ năng.",0.0
Cơ hội làm việc ác lắm hở đâu cũng tiếng trung chỗ mình m2 có 10ng thì 9ng biết nói... bắc giang nha 🗿,0.0
Có mỗi tiếng Trung không thôi thì không cao đâu bác 😥 với lại ngôn ngữ nó chỉ là công cụ giao tiếp,0.0
quan trọng là kiến thức chuyên ngành mình đến đâu ấy.,0.0
Kể cả bác HSK6 chuyên môn yếu thì cũng không thể lương cao được.,0.0
"Cái này còn tùy vào bà làm việc gì nữa chứ, tui tuy biết tiếng Trung nhưng xung quanh toàn người nói tiếng Anh thôi.",0.0
Nên tui cũng toàn xài tiếng Anh luôn..😅,0.0
Omg job kiếm đâu ngon vậy.,0.0
Tui tìm lòi con mắt chả ma nào tuyển,0.0
Có tiếng mà phải giỏi mới cao nha.,0.0
Bác này nói đúng,0.0
Yên Xá nha ty,0.0
shop ơi ib mình vứi ạ,0.0
Check inbuc zalo sốp ơii,0.0
ORDER 8/3 40 bông mao lương,0.0
báo giá mình nhé,0.0
Sốp ib e,0.0
Eo ơi xinhh,0.0
Shop ơi shop chỗ nào Hà Nội vậy ạa,0.0
Dạ 270🐠 ạaa,0.0
Anh check tin nhắn nha,0.0
shop ở đâu ạ,0.0
Shop ơi ib ạ,0.0
Dạ phí ship do app nha nàng,0.0
Giá m7 thì sao vậy shop,0.0
Dạ sốp phản hồi rui ạa,0.0
Cơ sở Hà Đông là ở đâu Hà Đông vậy shop?,0.0
Bạn ở đâu ạ,0.0
Ship cầu giấy bao nhiêu ạ,0.0
Đúng cái tên tám tận lương tâm.,0.0
Cùng 1 giuộc,0.0
Lỗi của thằng ku k9 là đúng rồi Nó tự 44 chứ ai ép nó 44,0.0
Có rất nhiều vụ nó không nên được phát tán thì cũng nhờ chị này góp phần đưa nó đi xa hơn…,0.0
"Nhắn thẳng vào trang bả đi bạn, tội bạn nam kia đã mất còn bị mang tiếng xấu",0.0
Bênh thì bênh khôn xí đi bé ơi,0.0
Cái bà Tám tận đó là gì mà chuyện gì cũng có mặt bả trong đó nhỉ?,0.0
Chị này cũng làm từ thiện nhưng ghi cap dễ gây hiểu lầm.mình vào cmt chỉ toàn thấy chửi rủa bé này,0.0
Mượn post này viral mình cũng muốn chia sẻ.,0.0
Chị này hồi lúc cũng đưa thông tin sai sự thật về người bạn đã mất của mình.,0.0
Lớp mình rất bức xúc và đồng loạt nhắn tin xin chỉ gỡ video nhưng chỉ không quan tâm.,0.0
"Kể từ đó mình không bao giờ tin bất cứ chuyện gì chị ấy kể nữa, thậm chí là block luôn cho đỡ ngứa mắt!",0.0
Bà này góp 1 phần vào cái chớt của bé mà bị bạn trai hấp diêm và bạn trai ăn 💩 đòi quay lại nè.,0.0
Bé nó mất xong cái bã xóa bài hết chơn xong lên clip mọi người ơi hãy dừng lại.,0.0
chưa bàn đến tính đúng sai chân thực nhưng sao 1 tin thương tâm như vậy mà có thể dùng câu chữ kiểu kỳ lạ thế,0.0
nghe nó cợt nhả vô cùng không có chút tôn trọng người đã mất và người ở lại chút nào hết,0.0
Nhắn cho bả đi:)) đăng lên đây thì chắc bả xem được 😹,0.0
"Cái mà chị ấy coi là cần câu cơm lại vô tình nó làm cho người khác suy sụp, bị công kích khi chưa được xác thực rõ ràng.",0.0
Hy vọng chị hãy giữ cho cái phần “người” của mình thật cao quý,0.0
đừng vì thoã mãn phần “con” mà lan truyền vô tội vạ những thứ tiêu cực như vậy,0.0
Xin jb ạ,0.0
Em xin job với ạ,0.0
Tui xin job với nha,0.0
Hướng dẫn mình với ạ,0.0
Mình xin job ạ,0.0
hướng dẫn với ạ,0.0
Anh cũng vậy 🤡,0.0
Em ổn hong bảo bối 🤡,0.0
Em xin giá ạ,0.0
E xin giá ạ,0.0
"Bó hoa mao lương Nhật bông vip to xinh iu 🌸🌸 ——————————————— 𝖳𝗂𝖾̣̂𝗆 𝗁𝗈𝖺 𝖭𝗀𝗈̣𝖼 𝖢𝗁𝗂𝗅𝗅 📞039 484 9751 🌸 Add: 40C Mai Dịch, Cầu Giấy, Hà Nội",0.0
ib với ạ,0.0
"Shop còn nhận đặt hoa 8/3 nhaaaa 02 Lương Nhữ Hộc, Đà Nẵng 0942168122",0.0
Sốp còn nhận đơn hong ạ,0.0
Mình xin giá ạ,0.0
Bó này giá mấy vậy ạ,0.0
"Em chào shop ạ, shop cho em xin JD bên mình mới ạ.",0.0
Em cảm ơn shop ạ 🥰,0.0
em xin jd với ạ,0.0
E xin job với ạ,0.0
mình xin JD ạ,0.0
Tuyển content part time làm việc tại Đống Đa 🔥🔥 - Lương + thưởng ( từ 3-5M ) - Lên ý tưởng,0.0
chiều từ 13h30-17h) - Ưu tiên sinh viên chuyên nghành Marketing truyền thông TMĐT Quan tâm ib sốp nha👻,0.0
Một nửa sự thật không phải sự thật đâu bạn,0.0
mao lương kiện 29k 📍647 Kim Mã - 0974820180 nhận ship quanh HN 20-40k ạ,0.0
20 bông mao lương thì bao tiền vậy ạ,0.0
Ship về hoàng quốc việt bao nhiêu ạ?,0.0
dạ 40k ạ,0.0
Ship về kim giang bao nhiêu ạ,0.0
dạ còn nha,0.0
Sốp check ib thread nhé,0.0
Mình muốn đặt ship về Vincom Trần Duy Hưng thì bao nhiêu bạn?,0.0
Chị check tin nhắn IG em nha chị,0.0
"dạ còn mình qua xem nha, vừa về nhiều ạ",0.0
"Qua tận nơi được không chị, chị mở đến mấy giờ ạ",0.0
"em sẵn ạ, định công ship 35k ạ",0.0
Sốp còn mao lương khôm ạ,0.0
Kiểu này ở nhà ngủ là đẹp 😋,0.0
Hồi 2024 lương vẫn đủ mua 1 chỉ mà sao giờ chỉ đủ mua 4 phân 😭😭,0.0
1 giờ làm không đủ 1 lít xăng 1 tháng làm không đủ 1 chỉ vàng 1 năm làm không đủ 1 m2 đất để chôn Chào mừng đến 2026,0.0
"Hồi 2022 1 tháng lương mua được 3-5 chỉ, giờ lương tăng gấp đôi tháng để ra 1 chỉ đã phải thở oxy.",0.0
Ý bạn là đang lên án trump,0.0
Giờ khỏi mua,0.0
Haizzz 1 tháng lương không mua đủ 1 chỉ vàng 1 giờ làm không đủ đổ 1 lít xăng,0.0
Được gần bằng nữa chỉ vàng là may rồi Mình đây lương tháng có chưa được nổi 7 củ,0.0
Hãy tìm cách đi nước ngoài và ở lại đó.,0.0
Nếu không được thì nín đẻ đi vì tương lai Việt Nam sẽ không tốt đẹp hơn đâu.,0.0
lần đầu thấy xăng có giá đó hả?,0.0
em xin ứng tuyển nha chị ơi,0.0
cho mình xin tuyển,0.0
Em xin ứng tuyển ạ.,0.0
Check ib em nhé chị,0.0
Mình xin ứng tuyển ạ,0.0
Cho mình xin thông tin ứng tuyển nha,0.0
Mình xin thông tin với ạ,0.0
Mình ứng tuyển a.,0.0
🎨 [SAIGON ART] – CƠ HỘI VIỆC LÀM CHO SINH VIÊN YÊU NGHỆ THUẬT,0.0
em xin ứng tuyển ạ,0.0
Em xin ứng tuyển ạ,0.0
"Đối tượng: Sinh viên năng động, đam mê giảng dạy mỹ thuật cho bé (4–12 tuổi).",0.0
⏰ Lịch trình (Cố định): • Tối Thứ 2 & 6.,0.0
"• Sáng & Chiều (Thứ 7, Chủ Nhật).",0.0
💸 Mức lương: 60k – 250k/ca 90p + Thưởng.,0.0
"Tiêu chí: Kiên trì, thái độ hòa nhã, có tâm hồn đồng điệu với trẻ nhỏ.",0.0
📩 Nhắn tin mình ngay để nhận lịch hẹn phỏng vấn!,0.0
hàng sẵn mới về em mời cả nhà 🫶 - mao lương kiện: 29k/bó - chuông: 40k/ bó 99k/3 bó - phi yến: 48k/ bó 90k/ 2 bó,0.0
125k/ 3 bó 📍647 Kim Mã - 0974820180 nhận ship quanh Hà Nội ạ,0.0
5 bó chuông 140k mời cả nhàaa,0.0
Viết đơn lên sở LĐTBXH ngay.,0.0
Chạy ngay điii,0.0
Có lương t13 ạ,0.0
đến cuối năm mới được trả lại những ngày nghỉ đó bằng tiền nhưng theo lương đóng bảo hiểm thôi (5tr5/ tháng).,0.0
Khôn chưa 🫶🏻🫶🏻🫶🏻,0.0
"Bạn ơi, mình cũng đang ứng tuyển webtoon nè.",0.0
Bạn cho mình xin job nha,0.0
Cho mình xin Jd với,0.0
tuyển dụng freelancer,0.0
"Uno đang cần tuyển hoạ sĩ webtoon nhiều khâu, làm remote 100%, lương ngon nghẻ nọi người ơiiii",0.0
Có tuyển line không Uno ơi,0.0
mình xin jd ạ,0.0
Mình xin jd với Uno ơi,0.0
Tuyển thời vụ lễ thì tới lúc tuyển bạn đồng hành lâu dài với tiệm.,0.0
NGHIÊM TÚC VÀ CÓ TRÁCH NHIỆM,0.0
🌸 1 bạn Sales fulltime - lương cơ bản từ 8tr + phụ cấp (thử việc 1 tháng),0.0
"🌸 3 bạn Sơ chế hoa + gói đơn partime - lương từ 27k/h (thử việc 25k), xoay ca 8-12h và 12-17h30.",0.0
shop rep e với ạ,0.0
Hong có kinh nghiệm được đào tạo từ đầu hong ạ,0.0
"Mình có nhắn ạ, shop check giúp mình nha",0.0
shop oi em có nhắn rui ạ,0.0
cảm thấy mình ngu s1tg🥰,0.0
Còn vẫn tiếp tục thì bạn đặt tên đúng ròi đó 🤡,0.0
Ý là bà chị kia bị vô duyến ấy:)) d tinh tế tí nào.,0.0
Thôi thì rút kinh nghiệm cho lượt kế tiếp 🫶🏻,0.0
Dừng chưa ạ 😇,0.0
mình nghĩ bạn nên đổi cách khác :))) như đổi người để tặng chẳng hạn 😤,0.0
Mang tặng mình đi 😌,0.0
🥰🥰🥰 bảo sao đến giờ vẫn không có ny .,0.0
Thích cảm giác mạnh :D,0.0
=)) rồi sẽ có anh cờ xanh trong những anh cờ đỏ đúng không 🤡,0.0
khó lắm nhưng vui mà=)) thôi thì mưa đến đâu mát mặt đến đấy,0.0
Chứ đã xấu mà tệ thì nghỉ khoẻ đi cho cái đầu nó thư thái.,0.0
cứ cuốn cuốn kiểu gì í,0.0
hơn cả tàu lượn,0.0
Ib cái nhỉ.,0.0
Baby ô đâu vay cho xin zalo nhe,0.0
Tuyển bơ vơ thế,0.0
tuyển mập mờ dài hạn=)))),0.0
Mình mở bát đầu năm nhé,0.0
Ib mình đi mình ở cần thơ,0.0
Lêu lêu Cau giay nè,0.0
Ib a ở hà nội,0.0
Có thật hôngg nè,0.0
Chốt kèo nào 🙂,0.0
Bạn gái lên khoe thân khều donate mà cũng yêu được cũng tài.,0.0
Gái đẻ nó à sao biết rõ thế ?,0.0
Quen cho vui ai quen mấy năm :)))),0.0
Là phụ nữ với nhau bạn thốt ra được những lời như vậy cũng được ạ ?,0.0
Tay đeo chuỗi cơ mà =))) nên cũng hiểu tấm lòng bao dung của ảnh,0.0
"Giờ all in cái cuối đi, hẹn ra đi đâu đó chơi rồi hỏi trực tiếp là biết",0.0
Thì tìm người khác mập mờ lại,0.0
ui vc đẹp vcl =))) dáng tam giác ngược nhìn mà ước ấy,0.0
"Trông phòng quen lắm, giống phòng nào đó ở Hoàng Hoa Thám vl=))))",0.0
Chị ong nâu,0.0
😌 giỏi hùa thế này chắc chưa có ny,0.0
Mình là nam 24 tuổi chia tay nyc cũng 5 năm rồi thì đi từ HN về Hà Nam có xe ghép 7,0.0
Vậy hả anh mm cũ của em cũng hà nam,0.0
"Có, thấy khoẻ lắm em 🤡",0.0
"mình 19 tuổi , mình thích bạn thân của mình",0.0
Đi bộ đi dọc đường gặp ai biết đâu có bồ,0.0
dmmm lại còn lil lân 😭😭,0.0
đới cứ cute như này đi cho yên cửa yên nhà :))),0.0
lil lân ơi ngủ đi,0.0
lil lân đi đâu mà lên với chả xuống?,0.0
Long Vân Lân Nguyệt,0.0
nay nổ 4 pốt ae thấy đã chưa,0.0
yêu xa❌ mập mờ xa✅,0.0
Alo anh ở Hải Dương 0823107799,0.0
Ai mập mờ với tớ khum :)) Ib tìm hiểu đi (Gu lớn tuổi 😉),0.0
anh chao em,0.0
Muốn làm tinh,0.0
Mập mờ là gì thế,0.0
Binh dương hay đâu bé,0.0
Mập rõ thì sao taa,0.0
“Này nhá mập mờ là phải 2 chiều,0.0
thiết nghĩ nên đi cub đỏ thêm lần nữa để mập rõ👉👈💥,0.0
trọn đời hoặc tổng quan bài trà 12 tháng để chuẩn bị cho 2026 thật rực rỡ nhaaaa,0.0
Bạn có thể ib shop để đặt trải bài riêng nha,0.0
Tử tế đến đau lòng là có thật,0.0
Đủ wow 🥰,0.0
Dễ thương haha,0.0
ơn trời ảnh còn sống,0.0
tình duyên - công vc - học tập - gia đạo - sức khỏe - âm phần - bé đỏ,0.0
Hậu phương vững chắc,0.0
"Nhân tiện, Sốp tui nhận xem",0.0
ôi ditme đéo dám dỗi,0.0
hài thì thôi luôn á,0.0
Quá đã luôn ảnh vẫn nhớ đến bạn,0.0
Xem bằng tử vi - tarot - bài trà - bài Tây - kinh dịch - lenormand - tam cúc - chỉ tay - bản đồ sao,0.0
“cho hỏi ai đây ạ?” “có phải người nợ em một buổi xem phim hong?”,0.0
"""Nhớ anh muốn chếch luôn nhưng nghĩ lại còn gia đình nên thôi""",0.0
"thì mình không rep khoảng 7,8 tiếng gì đó.",0.0
"Sau đó, ảnh sẽ nhắn thêm cho mình lúc đó hẳn trả lời :” Nhớ anh nói không nên lời “",0.0
“Em chỉ nhớ anh một lần và chưa từng quên .”,0.0
ĐANG MẬP MỜ MÀ ẢNH CỨ HỎI LÀ NHỚ ANH KHÔNG THÌ REP SAO CHO THÚ VỊ Ạ,0.0
"“Em bình thường, anh cũng bình thường thôi” =))",0.0
“ anh nhớ em từng nào thì em nhớ anh từng đó “,0.0
Hmm phân biệt rõ mập mờ và tìm hiểu ngay từ đầu đã,0.0
ờm…khi nào cả 2 đều chủ động và bật đèn xanh,0.0
Tui gần 4 tháng rồi nè ní,0.0
topic: cho mình hỏi mấy bạn mập mờ với nhau thì bao lâu là tỏ tình hay cứ để vậy luôn ạ 🥲,0.0
xin 1 slot làm lốp,0.0
ƯỚC GÌ !,0.0
phải làm em khóc😛,0.0
dcu ước vl ước,0.0
Thế thì chị lại phải khóc rồi😞,0.0
Xin slot làm loops,0.0
khổ thân tag cp rồi vẫn hơn cái sân bay =)))),0.0
ba ơi chị giật đầm của con,0.0
trời khiếp thật =)))))))),0.0
nhìn mbg hiểu nấu cỡ nào 😊,0.0
[zone cp] ai đang mập mờ hoặc in relationship chắc sẽ hiểu🤓🤓🤓,0.0
sân bay 🕺,0.0
"Noái dì nữaaa, ciuu",0.0
còn khum bạn đăng nhiều lên,0.0
tặng nama royce nè siêu hot dịp vlt🤭 🍫Nama chocolate Royce chỉ từ 26x🐟 Có mix vị nha cả nhà 🌸Vị sốp đang có: • Matcha • Cacao • Aulait • Ghana • Xoài • Tiramisu 🧏🏻‍♀️Hàng chuẩn nhật,0.0
✨ Socola tươi mềm mịn – tan chậm trong miệng 💫 Đủ vị từ truyền thống đến vị đặc biệt: ngọt dịu – ít ngọt – đắng nhẹ,0.0
dễ ăn và hợp nhiều khẩu vị.,0.0
mập mờ thì nữ có nên tặng nam quà vào dịp 14/3 không ạ?,0.0
Và nếu tặng thì nên tặng gì ạ.,0.0
Cộng đồng threads cíuuu e chuyến này với ạ😭,0.0
"Tặng sơ mi đi bà, anh ny tui cũng mới mua một cái.",0.0
Thấy bảo dạo này mẫu này đang hot á.,0.0
Bạn tham khảo thử Message Candle bên mình nha,0.0
"Được rất nhiều reviewer yêu thích, ai đi Japan cũng thường mua về làm quà.",0.0
Dịp Valentine’s Day nhiều khi phải xếp hàng khá lâu mới mua được 😚.,0.0
📍 Bình Tân – HCM | Hàng có sẵn 🍫,0.0
Tặng bạn nam 1 bộ quần ngủ quần đùi nhé.,0.0
Vừa mát vừa chất vừa bền hợp lý cho mùa hè này luôn😋,0.0
🎀 Có gói quà + thiệp xinh 🚚 Ship liền HCM – nhận order trước 14/3 💰 Từ 2xx / hộp,0.0
🍫 Nama Chocolate Royce Nhật – món socola tươi nổi tiếng từ Royce’,0.0
mập mờ 2 tuần,0.0
Ny còn éo có đây😇,0.0
mọi người hay nói mũi cao quyết định 90% nhan sắc nhưng theo tui khuôn miệng hay nụ cười mới là thứ quyết định í mấy bà 😭 ví dụ là hà giang,0.0
Họ không suy nghĩ thấu đáo á.,0.0
mập mờ hoặc yêu đương kín thì người ta mới không nói và bạn bè cô ấy cũng không hỏi.,0.0
Họ tâm sự với nhau sau máy quay,0.0
Trên X á ngon bây ơi,0.0
+1 lướt douyin thấy hashtag #1 với #top1 #gay là thích vô cùng,0.0
luôn tự hào về nhan sắc con vợ này của tôi,0.0
chắc xui chứ mình có quen mấy bạn gay người TQ hot xiaohongshu luôn mà thân thiện vl qua đây chơi rồi rủ mình qua TQ chơi suốt.,0.0
Thân thiện hơn hẳn tụi HQ,0.0
Đàn ông gay bên trung quốc nhan sắc peak vl,0.0
lúc ấy mấy ảnh rain nghe sướng vl luôn ấy:)))))),0.0
"Đúng, 2 ông gay vương huyền thoại nhà tui nhan sắc đỉnh vãi lúa hổ mang chúa 🫰",0.0
"Nếu ở vùng miền Bắc TQ thì là vùng lạnh, da trắng mắt 1 mí là bình thường",0.0
"Cái lửa gì cũng cháy đến anh trừ lửa này, nó mắc cười vl",0.0
Hwh: sao mấy khúc này nó chừa mình ra vậy 🥲,0.0
Sao cứ thấy hình bóng quý bà Smell đâu đây,0.0
Buồn cười là tôi và bạn tôi đã nghĩ với cái nhan sắc này chắc rumor Đậu cha phải múa lửa đường tình dữ lắm :))) ai dè lửa bắt quanh thành phố trừ nhà anh,0.0
Người ta chỉ cưới chạy bầu thôi không có hẹn hò gì đâu🤡,0.0
Mai thấy rumor có con đang đi nhà trẻ nè trùi,0.0
Drama gì cũng nhắc đến tên anh trừ drama tình ái :))),0.0
Tất cả chỉ vì nhan sắc và vật chất😔,0.0
Có thì có nhưng là kiểu “hợp gu hay không hợp gu” chứ không phải kiểu “đẹp hay không đẹp”,0.0
khong yeu nua,0.0
"giống cái vòi voi ghê ha, đúng là Voi Cha",0.0
Muốn thò cái kéo cắt đi thậc sự :)),0.0
Ê thiệt tui cứ nhìn chằm chằm vào cọng tóc đó :))),0.0
Rất mất tập trung :))),0.0
"Sao làm được hay vậy ta, muốn bắt chước 😁😁",0.0
Mèn ơi bot tập gym chi á☺️,0.0
Tập gym đi 😓,0.0
Nên tiết chế lại thôi.,0.0
có khi người ta tìm được người khác á,0.0
Nhiều lúc do bạn không phải gu của họ thôi.,0.0
"22t thì bạn yêu bản thân mình thật nhiều trước đã nhé, phát triển cả ngoại hình, tâm hồn lẫn trí tuệ rồi sẽ có người yêu bạn thôi",0.0
"Bạn hỏi do bạn nhạt hay do bạn xấu, nhưng hình của bạn đâu?",0.0
Nhan sắc thì chăm sóc bản thân nhiều hơn cách nói chuyện thì tiếp xúc với xã hội nhiều hơn,0.0
Đôi khi hỏng phải là do mình,0.0
Tui ít chụp tại hơi tự ti á,0.0
Khó nói cơ mà giờ nó vậy.,0.0
Đúng á tui kiểu đã nhắn tin tìm hiểu thì quan tâm dữ lắm á🥰🥲,0.0
Dạ em cảm ơn tình iu nhiều nha,0.0
Anime nhật bổn,0.0
Nhan sắc gì đây??,0.0
sói hoang hư hỏng,0.0
Tóc che mắt🥹,0.0
khối A Anime,0.0
Giật nữa điii bác ơiiii🥹🥹 Luỵ điêng nhan sắc này quá rồi😭😭😭,0.0
Đẹp kinh thiên động địa Tiết mục yêu thích mỗi mùa live là capcut giật giật cho chiếc nhan sắc nì 🐻‍❄️🤟🏻🤟🏻,0.0
"Bố toi hợp nền đỏ thật chứ, edit live 1 năm trước mặc áo dài cũng nền đỏ, siêu thích vid đó 🥹🤟🏻",0.0
Đợi 3/4 giật thêm phát nữa,0.0
Đợi 2 live tiếp để giật nè bác ơi 💃💃,0.0
20/3 tới nơi kìa bà =)))),0.0
Lúc nào gặp em trao bằng nhé 🌹,0.0
Ối đổi wtm mới đẹp thía,0.0
THỦ KHOA NHAN SẮC ✨,0.0
Nhìn thần thái thì bé áo sọc ngang kia sau này mới là đứa làm nên chuyện á,0.0
Này là không chịu ăn diện thôi.,0.0
Chứ lên đồ khéo xinh hơn maya bạn ấy,0.0
"Thật ra đúng ấy ,mình đi làm 10 năm nay ,nhan sắc thật sự rất có lợi .",0.0
không chơi cùng đâu thì chả né ra,0.0
“Không có nhan sắc là một thiệt thòi.”,0.0
đẹp theo cách riêng là được,0.0
Bạn ấy xinh ấy chứ.,0.0
Ý là do bả không chưng diện để mình luộm thuộm chứ có xấu đâu.,0.0
Đừng để sự tự ti và lười biếng làm đẹp của mình rồi đổ cho người ta,0.0
thiệt thòi hay không tự mình tìm chứ sao đổ cho hoàn cảnh 🙄,0.0
Nhưng tôi thấy bạn đứng trên trông tự nhiên hơn,0.0
Làm gì có người con gái nào xấu chỉ là họ chưa biết cách ăn mặc cũng như trang điểm thôi,0.0
võ cổ truyền đai đỏ luôn,0.0
Cũng 8/10 điểm,0.0
Tim và đánh giá nhan sắc này,0.0
Nó còn nhỏ đó ông ơi 😂,0.0
thêm quả trứng với con chim vào là đẹp,0.0
Nhan sắc này thì hết nước chấm🤭,0.0
Bảnh ác quá là xinh yêu điiiiiii,0.0
Sấm mang Dương Domic vào HCM đi mà 😙😙😙,0.0
Tuyệt zờiiiiiiiiiiii quá điiii.,0.0
Đẹp trai zợ,0.0
bà Sấm bế Dương Domic ra HCM đi mò 🥹,0.0
"Visual quá xsac, nhảy quá đẹp, hát quá đỉnh, concept quá hay 😘😘😘😘",0.0
Sấm mang Dương Domic ra HCM đi mà,0.0
Cận cảnh nhan sắc Dương Domic khi xuống kết nối cùng Fan tại Đấu Trường Sấm #DauTruongSam #mayogu #ThunderArena #DuongDomic,0.0
Dkm đẹp trai vl Dương ơiiii😭😭,0.0
"Suộc nét căng vậy luôn, má ơi ảnh đẹp trai",0.0
Trời sáng bừng sân khấu luôn Dương ơi,0.0
Dương Domic sơ mi trắng là thần,0.0
Dương Domic quá là đẹp traii đii,0.0
Mình cũng biết điều đó nên mình cũng chủ động rút lui luôn😭 hơi buồn,0.0
Mình cũng từ bỏ luôn á chứ không có lưỡng lự lắm,0.0
Hic cảm ơn baby nhiều nha💙,0.0
Bị ghost á hzzz 😮‍💨,0.0
Mọi người sẽ dễ cho lời khuyên hơn,0.0
Trời ơi tui cảm ơn baby nhiều nha 🥰 mà đó giờ tui nhắn tin với top đếm chắc đầu ngón tay luôn á được cỡ 3 người à :)) nên nhắn tin nhiều lúc sượng không biết nhắn thêm gì luôn☺️,0.0
"Biết là sẽ buồn á, nhưng mà dừng lại đúng lúc, tìm người hợp hơn nà",0.0
Um thôi thì từ bỏ đi e,0.0
Bạn có thể phát triển bản thân như mình nè mình hiện tại vẫn bồi dưỡng cho tâm hồn và trí tuệ dù vẫn muốn được yêu,0.0
nhưng mà nếu yêu một người không bằng mình không đủ trình độ như mình thì tự khắc sẽ buông chấp niệm thôi,0.0
PHÁT NGÔN GÂY TRANH CÃI CỦA TRƯƠNG LĂNG HÁCH,0.0
📢 UPDATE: TRƯƠNG LĂNG HÁCH GỬI LỜI XIN LỖI TRONG BÀI ĐĂNG MỚI NHẤT TRÊN INSTAGRAM.,0.0
"Khi nhìn thấy bức tranh do Điền Hi Vi vẽ mình, biểu cảm của nam diễn viên lập tức lộ rõ vẻ không hài lòng.",0.0
Không chỉ ngầm chê bức vẽ “dìm” nhan sắc của mình,0.0
"Trương Lăng Hách còn buông thêm một câu khiến khán giả phải sững lại: “Em cảm giác như mình sinh ra ở Đông Nam Á ấy""",0.0
Nó tưởng nó đẹp lắm,0.0
Lỡ miệng đùa thôi… hay lộ luôn suy nghĩ thật?,0.0
Tôi vô cùng biết ơn tất cả những điều đó,0.0
và điều cuối cùng tôi muốn là không để bất kỳ ai ủng hộ tôi cảm thấy buồn vì sự hiểu lầm này.,0.0
"Trong buổi quảng bá phim Trục Ngọc, Trương Lăng Hách gây bàn tán khi đưa ra một bình luận khiến nhiều người không khỏi khó hiểu.",0.0
"Đây là lời xin lỗi được đặt trong phần bình luận, chứ không phải một bài đăng riêng nhé mọi người.",0.0
Chịu khó vào IG ảnh lướt cmt sẽ thấy nha,0.0
Bạch nguyệt quang của chị huhu,0.0
khó chọn quá dị kkkk,0.0
tụi nhỏ ở ngoài đẹp vô thực nhất là Keonho ấy bồ,0.0
Xin cip với ạ,0.0
Bên ngoài ai hút mắt nhất vậy mom,0.0
đbiet cả 5 đứa hát live giỏi lắm bồ 👍🏻,0.0
ui xin vía xin vía được gặp Kẹo ^^.,0.0
Ảnh đẹp quá bạn ơi ^^,0.0
5 nhỏ ở ngoài đời như thế nào bà .,0.0
Review thêm về Kẹo ih bồ ^^,0.0
Nhan sắc có nhiêu đây thôi,0.0
Nhá nhẹ con ảnh lưu hôm nay thôi đã nhé =))) UPRIZE Cường Bạch - BEX Không cần phải nói nhiều ❤️‍🔥🐺,0.0
còn ai vào đây nữaaa,0.0
Nhan sắc 10 điểm của mèo nhà vườn 🌹,0.0
Ghệ tôn hồng a Bẽ aka Cường Bạch,0.0
Luỵ Sấm quá rồi,0.0
UPRIZE Cường Bạch BEX,0.0
Đẹp như này khum mê thì phí lắm 😘,0.0
Cường Bạch BEX đi cho máu,0.0
UPRIZE - tân binh sở hữu nhan sắc cỡ nào mà fan ngày càng đông?,0.0
Bias của bạn là ai?,0.0
Bó này 200k ạ,0.0
giờ có không ạ,0.0
sốp ib e với ạ,0.0
chị ở hcm nè bé,0.0
📌 Bảng giá tham khảo: • Chụp 1 buổi: 600k (4 tiếng) • Chụp nguyên ngày (8 tiếng): chỉ 800k • Chụp theo nhóm: chỉ 200k/người (4 người trở lên),0.0
📍 Liên hệ đặt lịch chụp: • Zalo: 0369 226 507 • Instagram: nguyenng_tvan,0.0
chị ở đâu ạ,0.0
hỗ trợ nhiệt tình hết mức luôn nha!,0.0
Ôi đàn bà!!!,0.0
Đẹp vi ci eoo mẫn nhi ơi,0.0
Đẹp đuyên lênnnnnn,0.0
Tốt nghiệp 2026,0.0
Makeup kỷ yếu/ tốt nghiệp chỉ 150k Các tình iu đang cần tìm makeup giá hssv tham khảo ngay mình nhé 💕 Makeup có skincare kỹ,0.0
sử dụng mỹ phẩm chính hãng có bill mua hàng đầy đủ mỹ phẩm mình dùng có các hãng như 3ce carslan romand lilybyred cheeryep judydoll embryolisse fixx,0.0
Tui ở vinhome q9 á bà,0.0
"Rẻ dữ lung, bữa nào em qua test đi diễn 😍😍",0.0
Dạ địa chỉ: s10.06 Origami Vinhome Grand Park Long Bình Thủ Đức HCM,0.0
makeup kỷ yếu,0.0
😍😍😍 ib chị đặt lịch nhé,0.0
Ké luôn ạ🥹 mình dạy hoá từ lớp 11 đổ xuống nhé bạn nào có nhu cầu học thì ib mình ạ,0.0
giá cũng tầm 150-170k/90’ tuỳ onl hay off thôi ạ.,0.0
Mình sv y2yhn có kinh nghiệm dạy 2 bạn rồi ạ.,0.0
gsu :))) thế thì nghiệp vụ cũng có toàn năng quái đâu.,0.0
Em có muốn tìm gia sư mới khong ạ,0.0
Do chưa có kinh nghiệm nên mình sẽ dạy thử trước 3 buổi và các buổi sau 150k/2h ( có thể thương lượng).,0.0
"Lịch học linh hoạt và mình đến nhà dạy luôn nha, các em nào có nhu cầu học thì inbox anh nhé SDT(zalo): 0387492938",0.0
Đến chịu dân cư thread,0.0
Mình toán 10₫ có giải Nhất Nhì Ba HSG tỉnh toán.,0.0
đọc xong 9.75 bị chê thấy tự ái ghê mới 9 mà nhận luôn lớp 12 kiểu 😅😅😅,0.0
bé nhắn chị nhen,0.0
Nhóm có 3 đứa phải làm sao sốp ơi:((....,0.0
"chìu hôm ấy 📸 Nhận chụp ảnh kỷ yếu, tốt nghiệp, concept, couple,... Giá siêu dễ thương, hỗ trợ nhiệt tình hết mức luôn nha!",0.0
ưng mà mình ở SG 😭,0.0
"được chứ bbi oi, shop gửi nàng đchi nàng check ib shop nhaa",0.0
Mình là nữ mình 23 tuổi mình tốt nghiệp bằng xuất sắc mình được người yêu chiều nhưng cho mình hỏi mấy em váy này giá thuê chỉ từ 1xx-2xx,0.0
vừa xinh vừa có gu lại đa dạng màu sắc thì các nàng có ưng không ạa✨,0.0
"Bạn @/thanng.grapher mà chủ tus follow chụp cũng đẹp lắm á, canh góc ổn vibe kiểu thanh xuân vườn trường đồ",0.0
có anh chị nào ở sg khum ạ,0.0
thấy bảo mấy anh này chụp đẹp nhưng flop đúng không anh ạ,0.0
Toàn mấy anh đỉnh chóp,0.0
5lit vào việc,0.0
Thôi em hay ăn phốt lắm 😗,0.0
"RCM THỢ KỶ YẾU , TỐT NGHIỆP PART 2",0.0
"List tổng hợp gồm những thợ kỷ yếu , tốt nghiệp ""mình quen"".",0.0
Hi vọng sẽ có thêm nhiều gợi ý cho các bé 2k8 để lựa chọn cho mùa kỷ yếu sắp tới #kyyeu #totnghiep,0.0
Vấn thấy thiếu cái trigger nhỉ,0.0
Sau seri rcm lần trước thì trộm vía các em 2k8 book anh nào cũng full lịch thì nay lên cho các bạn danh sách các thợ chụp đẹp,0.0
nhiệt tình nhưng vẫn còn trống nhiều lịch nhé,0.0
Thắng thì siu mê từ màu đến góc rồi,0.0
Không flop mà lười công khai thôi em:))),0.0
Oke khách nha,0.0
Câu cuối kết thúc hết tất cả 😂,0.0
đồng ánh quỳnh kim tuyến,0.0
Cả nhà mình thôi hi vọng đi ha🙂‍↔️,0.0
Cái quang trọng là kênh YouTube nào để port thì chỉ hổng nói 😂😂😂thôi ráng chờ,0.0
=))))) cười muốn chet mà nhớ ra còn gia đình,0.0
Mốt ghi dòng cuối hoy nhe =))))),0.0
Pass thì mẹ “pass” khỏi trí nhớ luôn oy,0.0
Như chưa có thông tin luôn =)),0.0
lần sau bà ghi dòng cuối lên đầu cho tui nhe=))))))))),0.0
Mẹ em thông tin sắp tới cho cả nhà như sau:,0.0
- Sắp tới có daily vlog của cha với mẹ.,0.0
Cái này mẹ kêu do châ khởi xướng.,0.0
- Phim tốt nghiệp của mẹ hẹn thêm tuần nữa sẽ post.,0.0
Cả hai cái trên sẽ post ở youtube của mẹ.,0.0
Mà pass youtube mẹ em hỏng nhớ =))))))),0.0
ib tớ ạ,0.0
tham khảo shop nhoa tyeu,0.0
Bạn tham khảo mình nhá.,0.0
TOPIC: CHỤP ẢNH TỐT NGHIỆP FTU sắp tốt nghiệp nên em muốn tìm và test thợ chụp ảnh mong muốn màu ảnh như mẫu dưới ạ các thợ comment sản phẩm đã chụp dưới cmt giúp em nhaaa,0.0
Ib mình nha ạ,0.0
"Inb em nha, bên em có cả make và staff ạ",0.0
xốp tư vấn kĩ hơn 🎞️,0.0
với tốt nghiệp thử tham khảo ạ💗🥯🧁 direct IG:,0.0
có bạn ơi.,0.0
ib mình nè,0.0
Ở đà nẵng ib tui nha,0.0
Ib a bên a đang tuyển nvkd,0.0
Ib tui nha,0.0
Làm gì vậy ạ?,0.0
Mình đang tuyển nè.,0.0
Check inbox mình nha,0.0
👉🏻Bên Shop là dịch vụ mua hàng quốc tế 👉🏻Ca tối : 1h -21h30 ( có nghỉ 40p) 👉🏻Có fulltime và hỗ trợ xoay ca.,0.0
Lê Ali Authentic cần tuyển 2 nữ làm ca full chiều tối.,0.0
Yêu cầu biết sử dụng máy vi tính.,0.0
"Trực fanpage, tư vấn bán hàng.",0.0
Qua chị làm không bé,0.0
Làm việc tại 59/2 Phan Tứ - Mỹ An - Đà Nẵng Liên hệ trực tiếp hoặc Zalo : 0935777148,0.0
Khởi nghiệp với mô hình dinh dưỡng không bạn?,0.0
Làm Môi giới BĐS thì ib nhé e. Rất nhiều bạn Ngân hàng đang cùng làm BĐS và làm rất tốt.,0.0
Lương cơ bản 9tr.,0.0
Hoa hồng top thị trường,0.0
A đang tuyển team BDS cao cấp ở ĐN nhen,0.0
Dạy ở cái level nào thôi,0.0
mẫu chụp tốt nghiệp,0.0
ATSH mãi đỉnh mãi đỉnh,0.0
"Cần 1 bạn nữ: • Ngoại hình ưa nhìn • Cười tự nhiên, biết pose cơ bản",0.0
Concept: Tốt nghiệp FTU / NEU Chụp nhẹ nhàng trong tuần.,0.0
📸 Tìm mẫu nữ chụp ảnh tốt nghiệp,0.0
Dạ anh còn tuyển khum ạ,0.0
Dạ em ạ,0.0
🎁 Có ảnh đẹp mang về.,0.0
📩 Quan tâm ib mình gửi nha,0.0
Cần book makeup ib chị nà 😍,0.0
sử dụng mỹ phẩm chính hãng có bill mua hàng đầy đủ mỹ phẩm mình dùng có các hãng như clio 3ce carslan romand lilybyred cheeryep judydoll embryolisse fixx,0.0
Ib chị đezzz,0.0
bà ở đâu,0.0
Nhả vía cho Bảnhhh ♥️,0.0
Này là 8-0 rồi!,0.0
Đời không làm lại bạn đâu 😊,0.0
Bạn cũng vậy nha!,0.0
Quá đã chị ơi,0.0
Bác ơi em xin vía ạ,0.0
Nhả vía cho bác nhaa,0.0
Nhả víaaa 🫶🏻,0.0
Cảm ơn em nhìuu ♥️ chúc em năm mới cũng vậy nhó,0.0
Chúc mừng chế nha🥰🥰,0.0
Thắng đời 1-0: -Tốt nghiệp thạc sỹ GPA 3.9/4.,0.0
-Đám cưới ngoài trời full hoa tươi như ý.,0.0
-Nhẫn cưới Cartier.,0.0
-Váy cưới Linh Nga.,0.0
-Hoa cưới tulip + linh lan.,0.0
-Đẻ Việt Pháp nằm Lotus Vip.,0.0
-Tìm được cô bảo mẫu tốt.,0.0
"-Chồng yêu chiều, gia đình chồng cũng vậy 🫶🏻",0.0
"Hihi mình cảm ơn ạ, vẫn còn nhiều mục tiêu để cố gắng lắm!",0.0
Nhả vía cực mạnhh ♥️,0.0
xin zía cực mạnh ạ,0.0
Xin vía nha Bảnh ơi,0.0
Các mẫu hoa tốt nghiệp của sốp ạ Giá chỉ từ 1xx/bó,0.0
Shop ơi tư vấn em với,0.0
Thế em đi quân sự về thì chụp luôn nhé 🤙🤙🤙,0.0
Em nhắn lại cho anh điii,0.0
anh ơi em cũng muốn chụp bằng fujiiii,0.0
Rep ib e với a oi,0.0
a này hay the,0.0
Top những lí do không nên yêu thợ chụp ảnh Top 1 : Đau đầu chọn ảnh đẹp để đăng #totnghiepdaihoc,0.0
em đồng ý liền,0.0
Nhưng mà có yêu không,0.0
Đề xuất em chụp demo trước luôn từ bây giờ,0.0
3 năm nữa a chừa slot cho em nhíe 🤪,0.0
Cố lên nha người đẹp🥹,0.0
bạn làm công việc liên quan đến idol live hong hay bạn chuyên ngành nào hong,0.0
Hoá ra còn rất nhiều người giống mình 🙂‍↕️,0.0
:)) thị trường lao động giờ rất thiếu nhân lực.,0.0
"2k3, tốt nghiệp từ tháng 9 năm ngoái đến nay vẫn chưa tìm được việc (freelancer)😭 riết mình sắp bị khủng hoảng hiện sinh rồi",0.0
Ib trao đổi nha,0.0
Mạnh dạn cho nổ hội trường như cái cách Doran cho nổ tung cái thành phố này đi cô:)))),0.0
"các mom hạt dẻ ơi, Doran có pose signature nào không ạ, mình muốn chụp tốt nghiệp ý",0.0
mạnh dạn phủi vai đi bà =))))) oai vl,0.0
"Phủi vai, đấm ngực, cầm mic xoè tay 🎤🖐️",0.0
"Nhảy kong dance,phủi vai nha bà",0.0
thế thì hội trường nổ quá mom ôi🤣,0.0
xích lây chờ thì cứ như ảnh 2 mà quất nha môm🫰🏻,0.0
mạnh dạn phủi vai i,0.0
Nhìn lại vấn đề Khi giá nguyên liệu tăng - Chi phí trực tiếp đè nặng lên tài xế which is nhóm đối tác cốt lõi của sản phẩm - Khách hàng cực kỳ nhạy cảm với mọi thay đổi giá cả - Ứng dụng của bạn nằm giữa,0.0
thu hoa hồng từ mỗi chuyến nhưng lại phụ thuộc hoàn toàn vào 2 bên,0.0
"Tóm lại, doanh thu sẽ sụt giảm vì tổng giá trị giao dịch thấp hơn dự kiến.",0.0
Có lợi ích dài hạn nhưng cũng đứng trước nhiều rủi ro tiềm ẩn.,0.0
Tuy nhiên nếu làm tốt thì Brand sẽ phất,0.0
Tận dụng làm hiệu ứng truyền thông hay quá anh ui ￼🙆🏻‍♀️,0.0
"Vì vậy, bạn nắm được 2 data quan trọng cần kiểm tra cho kiểm định này - Tỉ lệ nghỉ việc/out app của tài xế.",0.0
Hoặc số lượng tài xế online/ ngày so với trung bình... - Thời gian chờ hiện tại của user so với norm ... Idea vẫn là từ giả định -> Data -> Verify giả định -> Đưa ra quyết định,0.0
Phương án tiếp cận Vì bạn không có thời gian để đánh giá chi tiết,0.0
3.1 Rủi ro Tài xế chắc chắn sẽ chịu áp lực chi phí trực tiếp và có xu hướng giảm hoạt động mạnh - Tỉ lệ tắt app/ nghỉ việc tăng - Nguồn cung xe giảm - Thời gian chờ mỗi chuyến tăng - Nếu công ty bù lỗ thì cần kiểm tra kỹ.,0.0
"Budget là bao nhiêu, công ty có thể bù lỗ trong thời gian dài hay không, lợi ích là gì...",0.0
"Ôi thiết thực quá ạaaa, cảm ơn anh nhiều",0.0
Cách tiếp cận của bạn không nên bị bias từ bất kỳ nguồn thông tin nào Trust the process - Thu thập data: TX nghỉ việc,0.0
Tg chờ của user... - Đánh giá tác động cho từng nhóm trước khi ra quyết định,0.0
Cảm ơn em nha,0.0
Thời gian theo dõi trong 3 ngày đối với các chỉ số đã define ở 1.1 Ngoài ra,0.0
bạn cần define tiêu chí accept cho từng loại để có thể triển khai overall Tuy nhiên,0.0
kể cả đã xác định được A/B cái nào tốt hơn thì bạn vẫn cần đánh giá thêm,0.0
"POV: Bạn là PO của 1 ứng dụng đặt xe, thời điểm giá xăng tăng cao nhất trong nhiều tháng gần đây.",0.0
Bạn sẽ có quyết định thế nào với sản phẩm của mình?,0.0
- Điều chỉnh giá cước xe?,0.0
- Giữ nguyên giá để bảo vệ khách hàng?,0.0
"Phương án 2 - Điều chỉnh giá cước Tư duy theo hướng, khách hàng sẽ OK với idea Giá xăng tăng -> Cước xe tăng",0.0
"Vì vậy, ngoài việc truyền thông đúng idea.",0.0
Bạn cần chấp nhận những điều sau - Chấp nhận mất 1 lượng khách hàng ngắn hạn - Mức tăng cần được tính toán để bù đắp cho chi phí nguyên liệu tài xế - Thời gian chờ giảm ...,0.0
1.1 Giả định - Giá xăng dầu tăng - Chi phí mỗi km của tài xế tăng.,0.0
"~3-5000đ/lít, cỡ 20-40% chi phí vận hành - Lợi nhuận cho TX giảm -> Tài xế có xu hướng tắt app hoặc rời nền tảng",0.0
BẠN LÀM GÌ KHI GIÁ XĂNG DẦU TĂNG?,0.0
"Là PO chuyên nghiệp, đương nhiên bạn sẽ không quyết định sớm vậy rồi.",0.0
Những thời điểm như này là lúc bạn cần đưa ra góc nhìn toàn cảnh và đánh giá của mình và bạn được trả tiền để làm điều này 1 cách chuyên nghiệp,0.0
felizs 15k chưa có dấu hiệu tăng 🤭🤭,0.0
Bình thường 120-130 -)),0.0
‼️CẬP NHẬT GIÁ XĂNG 21H DỄ HIỂU NHẤT CHO ANH CHỊ EM: - Sirius: 100k - Wave: 100k - Exciter đầy: 120k - Winner : 120k - Vision: 130k - Lead: 150k - SH: 150k Chưa có dấu hiệu dừng lại 🙄,0.0
Vision 50k đi được nhiêu ngày trời,0.0
"bà đổ kiểu gì có 150k vậy, qua đổ 180k mới đầy",0.0
vision bữa đổ 50 lên hơn nửa bình là đã sốc rồi 😭😭,0.0
Viva chắc 70k,0.0
Winner đi đến ngưỡng dắt bộ hay gì mà tận 120k.,0.0
"Xe mình 150cc, xăng cơ, đầy bình bây giờ chắc cỡ 320k :)",0.0
Tuỳ độ cạn của bình sân á Như cùng vạch đỏ nhưng trong đó cũng khác mag,0.0
Sh 170-180 mới đầy được nhé các shop,0.0
đợi anh đi thuê con rồng,0.0
cách di chuyển khi giá xăng tăng liên tục:,0.0
Đcm tới giờ gặp bài này đ biết nên khóc hay cười hùa luôn á,0.0
đ gì di chuyển thật vậy😭,0.0
bạn ơi… 😭😭😭,0.0
"Trở về thời vua chúa,cưỡi voi ngựa",0.0
đổi tên nhận không ra luôn mà=)))))))))),0.0
"Ôi trời đẹp trai quá, đẹp mã à 💖",0.0
hát dở mà hay ra bài mới ghê,0.0
Mình gất linh hoạt quyền biến đúng là Song Tử ò🤗,0.0
Ông cố ơiiiii đỡ vợ dậy 🤣🤣🤣,0.0
Gấu ơi là gấu 🤣🤣🤣,0.0
😅 nghệ sĩ ơi!,0.0
Ròi tên bài là “D….” Hả cha??,0.0
ý là mình là nghệ sĩ á ấy ơii🫣,0.0
Cho em đi ké vài hôm với,0.0
"Anh ơi , ngại không anh 😳",0.0
Chúc mừng Gấu 🐻 dự án mới nha iu Gấu 🐻 nhiều,0.0
Khi tôi nghe tin xăng tăng giá 😶,0.0
Ôi cuộc đời đi xe điện hâh,0.0
Cây chỗ Tây Sơn đây à =)),0.0
12h đêm qua=))))) chắc ai cũng tư duy ngược nên mấy giờ hoàng đạo cỏ lúa bằng nhau hết,0.0
Vì cả nước cũng nghĩ giống mình =))),0.0
3h15 sáng đây ạ,0.0
xách cả can đi mua mà =))),0.0
Mipec Giải Phóng nha,0.0
1h sáng trốn cả nước đi đổ xăng Ra cây xăng cái gặp cả nước =)),0.0
Vẫn vậy hả =)),0.0
Cả nước hết xăng cùng 1 ngày =)),0.0
Cây nào đây,0.0
1h sáng xăng rẻ hơn hả,0.0
Coi chứ cái E10-Ron95 25k đó bà,0.0
mom ơi cho em xin d/chi với🥲,0.0
i lớp gò vấp 🥰🫰🏻,0.0
"Đến nơi vẫn ""cho e đầy bình"",vẫn E95 mỗi tội giá tăng thôi.",0.0
Cây xăng ở đối diện chibest pk mom,0.0
"Xăng 92 mới có giá đấy , giá xăng là giá chung cả nước chứ không chỗ nào được thay đổi gì cả e nhé",0.0
Chắc chắn là xăng 92 :) Chứ có cốn lài mà có 95 mà giá 25k,0.0
nếu giá xăng không giảm:,0.0
xe đạp vào cuộc,0.0
chiec xe dap ngay nao e van dap loi l,0.0
chiéc xe đạp ngày nào em vẫn đạp lòi lôl 💔💔,0.0
má mắc cười ác,0.0
thanh xuân vz,0.0
Tui đi guốc trong bụng ông.,0.0
Nghe thương vc,0.0
Nhưng chắc tiền xăng là số lẻ với tổng tài thoi cuối cùng ảnh vẫn đe fan bớt đi gặp ảnh lại,0.0
đi làm đi Swan: ông chắc chưa Quan 👀,0.0
Nghe khổ vô cùng luôn 😭,0.0
Hồ Đông Quan Swan lighT,0.0
Sáng anh hai đổ 500 ngàn có 2 cục xăng 🥹 Nghe Tin nói thấy thương mí nhỏ vất vả thiệt sự ngày đi làm không biết lương nhiêu,0.0
đi xa phải tự lái xe mà xăng còn lên giá 😭😂,0.0
Nay lãnh lương đó,0.0
Q hinh nhu đi Vinfast,0.0
Gai trong lửa??,0.0
"Haiz, quên mất nó nghèo thật🥲",0.0
Mưa lửa đúng nghĩa,0.0
Khôn lắm mới nghĩ ra đó🤡🤡,0.0
Xong là có liều hỏa ca đúng nghĩa à 🤡,0.0
"Gai xăng thì thịt nướng lá chanh, heo nướng mỡ hành…",0.0
“Hãy gọi tôi là lửa”,0.0
Đủ wow cho đêm encore rồi mài ơiii😰😰😰,0.0
Conmegai mà giàu thế thì đã có booth gòi,0.0
Tui đem 1 bà đem 1 nhé…,0.0
"Mưa lưả, hoả ca, hoả lực pằng pằng chéo😶",0.0
Heo nướng 🥹,0.0
Hết khôn dồn đến sảng hả bà 🫠,0.0
Xong mà bén lên 1 mồi lửa thì...,0.0
Heo gì kệ ngừi taa,0.0
Có thật là chín tới không…,0.0
"Mọi câu nói đều là joke, vui lòng không thực hiện theo hoặc tag chính quyền!",0.0
Có lẽ nào…,0.0
"Hôm đó toi đem sốt chấm từ Miền Nam ra, bác đem chẩm chéo cho tôi nhé …",0.0
"Khi tình hình đi quanh HN không đổ được xăng, thì đây có coi là một sáng kiến??",0.0
Chính quyền ơi em chúng con joke thoi 😀😀😀,0.0
Tưới xong các anh không được hát Hoả ca kết show đâu nhá.,0.0
Nhỡ cháy quá là dở đó🔥🔥🔥🔥,0.0
Đem muối chanh và sốt chấm …,0.0
Thế có mà bả phải làm 7749 phim chuông xe tăng bắt các anh tài đóng quá=))(,0.0
Bén lửa cái là thành mưa lửa & heo nướng luôn 💀,0.0
Ối ai chạ có ước mơ,0.0
Xong heo quay luôn à?,0.0
Chứ mấy ổng chắc không cring hả 😑,0.0
Xăng tăng rồi thì đi app này rẻ nè,0.0
Hôm 8/3 e đi hên book được nè mà lúc đó các app giá 100k á bên này còn 36k (đều đã áp mã),0.0
chờ xíu thôi tại xế hơi xa Rẻ nên e đợi được 😂 👉🏻👈🏻,0.0
rẻ nhìn thấy tội luôn 😶‍🌫️,0.0
"Cước này tài xế hít không khí sống à, còn chưa tính chiết khấu với điện xăng",0.0
bào các app mới:),0.0
"Sao rẻ vậy nhỉ, xe điện hả ta",0.0
Chắc gì đã có tài nó nhận,0.0
Hôm 8/3 tui bắt được ở q1 nè 🤧🤧,0.0
Hình ảnh mấy bãi giữ xe ở VN sắp tới,0.0
xe điện đâu,0.0
hình ảnh Phùng Khánh Linh trong MV Nhả Vía sắp tới,0.0
Không có cơ hội skip legday 🤓,0.0
mình đi bộ thì cởi giày ra đỗ à,0.0
Tus ơi e xin ảnh nhé,0.0
xăng tăng giá,0.0
Chạy bộ cho khoẻ,0.0
tốt nhất là đừng chơi chứng ở VN em ạ.,0.0
"Thường fomo dễ tạch, mà cũng không dễ ăn đâu",0.0
Giờ thì tăng vù vù😀,0.0
Đây là tôi nhắn cho chồng tôi vào ngày 28/1.,0.0
Thế mà tôi lại chả mua mã nào.,0.0
Cứ để bạn ấy trãi nghiệm các cung bậc cảm xúc của thị trường các chứng sĩ 😅 phải ôm một mã nào đó như họ nhà chứng (mới mua trần ngay trong phiên) rồi khi hàng về là âm ~20% lúc đó cảm giác nó rất yomost,0.0
Hữu duyên để lại GAS 91.,0.0
"Này sàn trắng bên mua đó e, vào mua đi tiếc gì",0.0
ủa xuống thì mua chứ sao nhit,0.0
"Giờ ngồi tiếc vì khum mua chứng xăng dầu, gas 🤓 các bác nào có típ chơi chứng khoán nào cho em xin ạ",0.0
Thật ra thì thị trường cần những người như bạn để tạo thanh khoản 😬,0.0
Cập nhập tình hình bằng tiếng Trung nha 😬,0.0
Xăng: 汽油 (Qìyóu) 2.,0.0
Giá xăng: 油价 (Yóujià) 3.,0.0
Đổ xăng: 加油 (Jiāyóu) 4.,0.0
Cây xăng : 加油站 (jiāyóu zhàn) 5.,0.0
Chiến tranh: 战争 (Zhànzhēng) 6.,0.0
Tăng giá: 涨价 (Zhǎngjià) 7.,0.0
Người nghèo: 穷人 (Qióngrén),0.0
cẩn thận nó chở qua Mỹ,0.0
Ôi one-piece ra rồi á😭😭😭,0.0
Mình nhờ Lan với Ngọc chở nha,0.0
thì đợi a Khoai Lang Thang cho tiền đi mua xe điện,0.0
gặp lòng tương chai 😍,0.0
ô giờ mới thấy,0.0
Chắc xe đạp có gắn tên lửa quá 🥲,0.0
thì lên tàu,0.0
thì đi hẹn hò mui trần với thằng này,0.0
Ôi tuyệt vời,0.0
cưỡi ngựa đi ạk mình có mụt con,0.0
lỡ cả đời này không đổ xăng được thì sao,0.0
full ss2 rồi ạ 🫰🏻,0.0
dm cả tích xanh thế này,0.0
"⏰ 11 giờ đêm, nhiều người dân Hà Nội vẫn xếp hàng dài chờ đổ xăng.",0.0
Nơi hẹn hò đắt đỏ,0.0
Đối với mình thì thời gian quý giá hơn,0.0
Thiệt là tự hào,0.0
Nhiều ông chưa hết xăng thì việc éo gì phải khổ thế nhỉ,0.0
Mình không hiểu sao lại đông người như vậy ?,0.0
Hồ chí minh cây xăng ít người đổ rảnh không hà,0.0
Mình thì chưa bao giờ dự trữ xăng.,0.0
Quá nguy hiểm.,0.0
"Sao có nhiều người, xăng chưa hết mà vẫn xếp hàng mua nhỉ.Hazzz",0.0
Ngạo nghễ up sọt nhân dân,0.0
Nay trời còn u ám nữa chứ.,0.0
Shop ở đâu ạ,0.0
Ừ còn này là bãi đậu ô tô,0.0
Thưởng Tết cuối năm,0.0
Trung bình cư dân đông lào 1-2 năm nữa 🐧,0.0
"Khoẻ người, tốt cho môi trường!👍",0.0
"Đạp xe đi làm tiện tập thể dục luôn , 1 mũi tên trúng 2 đích 🥹",0.0
cuối năm khéo ai xuất sắc tặng mỗi người một cái lốp xe,0.0
Tiền đâu đổ xăng nữa :)),0.0
"hình như ở chỗ này có 2 cây, hôm qua mình đi thì thấy xếp hàng cả 2 cây",0.0
Hoàng mai thì sao sốp ơi,0.0
Chắc a hên kk,0.0
xăng dầu hà nội,0.0
công đức vô lượng,0.0
lộ het oy,0.0
"Em đổ ở cây Xuân Thuỷ không ai dành, với điều kiện phải có mặt lúc 6h sáng=)))))",0.0
Nói chứ giờ ra ngoại thành đổ vừa rẻ vừa chill :))),0.0
chỗ nào Xuân Thủy vậy bro,0.0
Sang quốc lộ 5 ê hề cây xăng,0.0
Đi hơi xa nhưng lượn phố cũng thích kkk =))),0.0
vừa nhẹ vừa chill mà :))),0.0
Tính ra ở những lúc thế này ở Long Biên cũng hay thấy mọi người chen chúc nhau đi mua xăng mà mình thấy mệt thay luôn,0.0
sáng nay trời mưa mà đứng chờ như thế,0.0
Ngay sài đồng long biên đã 3 cái petrolimex cách nhau tầm 50 chục met,0.0
Quần áo chị mặc đồ nym của chị dùng đều là em sắm đó,0.0
ngay cả cái nhà đang che nắng mưa cho 2 người cũng là do em sửa đó.,0.0
"Có liêm sỉ thì bớt lại, hoặc nhắn nym sắm lại từ đầu cho.",0.0
Tạm biệt Hội An 🫤,0.0
Hội an có con đường ni hả?,0.0
xin địa chỉ với bạn.,0.0
Mình chụp ở Mộc Châu bạn ơi,0.0
Event OLV lần này cũng hơi drama rồi đó =)))),0.0
Nói thiệt nếu hai bên cùng ở event OLV mà vô tình đứng gần nhau chắc camera quay lại là viral liền,0.0
Mà OLV tổ chức event đông KOL vậy kiểu gì cũng có người soi thôi kk,0.0
Ê má trời ơi giờ mới để ý,0.0
cái event mời Xoài Non gần đây có nym của Xemesis tham dự nữa kìa :))))))))) sao brand mời cú chân động vậy trời,0.0
chưa thấy clip gặp nhau hay tương tác nhưng nếu có chắc sượng lắm =))))),0.0
Cộng đồng mạng kiểu gì cũng đi soi từng frame trong clip OLV cho coi,0.0
"Ủa thiệt hả, event OLV bữa đó có cả Xoài Non với nym của Xemesis luôn á?",0.0
Nhưng cũng phải nói là OLV tổ chức event lần này quy tụ KOL dữ thiệt.,0.0
Brand mời khách nhìn list thôi đã thấy drama rồi =))))),0.0
Thiệt sự thì tui thấy kiểu ai cũng có những lúc sai và chưa hoàn thiện á bà,0.0
cả hai nhận ra những cái chưa ổn của mình và trở thành một phiên bản tốt hơn là được.,0.0
Cuộc sống công bằng lắm yên tâmm,0.0
Sau khi nyc tui cắm sừng tui và có nym thì 2ng đó đã rất hạnh phúc mặc dù lúc đó tôi vật lộn để quên anh ta .,0.0
cũng hơi chạnh lòng khi thấy người làm mình tổn thương đã được hạnh phúc trước rồi nhưng việc tập trung vào yêu và phát triển bản thân hơn bà sẽ nhanh quên thuii.,0.0
Chúc chúng mình 2025 sẽ có tình yêu đẹp nhaaa,0.0
Kiểu tui hay nói tui chấp nhận tui là bài học của nyc cũng được,0.0
miễn về sau họ có thể đối tốt với người sau là tui cũng vui ròi.,0.0
Nhưng mà mình đau,0.0
có thể mình xuất hiện chỉ là để cho người ta nhận ra được nhiều điều í,0.0
chứ không sau cưới trúng thì cỡ nào 🥲,0.0
Kkaka… tui nghĩ nym ổng chưa biết số tiền ổng nợ đâu,0.0
Đúng ròi nè bà tui phát triển hơn nên thu hút nhiều người siêng học siêng làm hơn nyc,0.0
"Bà vất vả gòi, khổ thân",0.0
Đụ mẹ tôi thấy Tăng Mỹ Hàn xinh gái vãi lol mà sao ai cũng chê xấu hơn nyc tôi cảm thấy thật khó hiểu,0.0
hèn gì thấy quen quen,0.0
"tại bả giỏi bả tẻn tẻn, bả là ngươid duy nhất đến thời điểm hiện tại Hiếu công khai.",0.0
Bả méo còn quan tâm nữa đâu nên khỏi réo.,0.0
mà nếu đúng như những gì bà nói thì mẻ pmg thiec=)),0.0
Vợ ảnh (mình) cũng khổ,0.0
"Chưa bạn ơi, giờ chắc ảnh đang ôm con mèo chòn này đi ngủ rồi á",0.0
đây mom ơi,0.0
mình xin ig nyc ảnh được không ai,0.0
"Còn cái này bả lưu vào thời điểm ổng đang nổi á, mà đã có NYM nữa :))",0.0
"Lúc tui coi là 5h trước á, chắc 12h đêm tạo mục :)))",0.0
ê thiệt mới suy nghĩ hồi trưa luôn,0.0
huhu tui thích Vi nhiều lắm,0.0
dù gì thì vẫn mong Vi sẽ luôn mạnh mẽ hic,0.0
"tui kiểm tra lại thấy nyc khoá fb rồi, còn nym xóa bài mới up 🤦🏻, rồi luôn tui cũng bắt đầu cấn cấn rồi đoáaaa 🤷🏻‍♀️",0.0
"Tình cảm 7 năm mà thấy thì thương, mà hết duyên rồi.",0.0
Ròi ngày nào đó bả cũng xóa thôi á,0.0
Nyc hay nym là người làm dây đeo cho đàn vậy ạ?,0.0
:))) thế là con trai mà rơi vào cả 2 trường hợp thì nó là con gì,0.0
đặc biệt cung khí =)))))),0.0
"Giỏi thế, biết luôn.",0.0
Lúc này thì có mà con gái luỵ điên,0.0
Không phải nam hay nữ đâu mà nằm ở nhận thức của mỗi người á,0.0
Có tui vẫn buồn hoài giờ đỡ rồi,0.0
Kiểu yêu mỗi người 1 khác à,0.0
Soi âm soi dương luôn.,0.0
Phí tuỳ tâm nhé.,0.0
Đặc biệt là có soi được bệnh và sức khoẻ cho các tình yêu nè.,0.0
trung bình mấy còn ten xồn làm trên mấy page công cộng 😭 dhs nhiều người cứ thích a dua theo mấy cái quotes nhổn làm ở đâu ra ý xong nghĩ rằng phụ nữ ai cũng xấu tính như mình,0.0
[Tây Hồ - Hà Nội] Nàng nào làm mẫu nối mi được ới tui ngay nha Nối mi thiết kế Hoàn toàn miễn phí.,0.0
"Đẹp không phải để so sánh, càng không phải để “hơn” ai.",0.0
"Đẹp thật sự là khi mình thấy vui, thấy tự tin và sống đúng với bản thân.",0.0
"Chúng ta nên học cách ngưỡng mộ nhau, thay vì cạnh tranh nhau từng chút một.",0.0
"Là một người phụ nữ đẹp theo cách riêng, không cần thắng ai cũng đã đủ tuyệt vời rồi!",0.0
Các bạn bớt dạy phụ nữ ghét nhau được không?,0.0
"Mình mệt nhất là content kiểu “phải đẹp để ra đường đẹp hơn nhỏ mình ghét, đẹp hơn nym của nyc, đẹp hơn nyc của ny”",0.0
"Đúng, và điều kinh khủng hơn là gì.",0.0
"Chính phụ nữ đang dạy phụ nữ ghét nhau, tự tạo ra những cái định kiến ngáo ngơ rồi tự áp đặt cái định kiến đấy",0.0
Được cả 2 đứa nó stalk😌,0.0
Bình thường hóa việc đó đi bác ơi😌,0.0
Bị đin ràu,0.0
"bạn bè anh em họ hàng đủ cả, của cả mmc luôn:)))",0.0
khổ lắm huhu,0.0
Rất là mệt mỏi.,0.0
Dù mình không quan tâm đến nym của nyc mà bạn ấy lại quan tâm mình 🥲,0.0
bạn ghét tôi đâu có nghĩa tôi phải ghét lại bạn cứ nhìn cuộc sống của tôi là hiểu quá nhiều màu sắc để có thể phải buồn vì bạn =)))),0.0
Bị nyc stalk ❌ Bị nym của nyc stalk ✅,0.0
Một cách cũ rích nhưng vẫn luôn hiệu quả đó là làm cho mình thật bận rộn với công việc và dành thời gian chơi thể thao rèn luyện sức khỏe.,0.0
Bận rộn giúp bạn tập trung hơn và thể thao giúp cải thiện sức khỏe tinh thần.,0.0
Mình chúc bạn thành công.,0.0
bạn có mục đích sống khác rồi hẹ hẹ.,0.0
Thời gian sẽ chữa lành vết thương cho em.,0.0
"Khi nhìn thấy, nghe thấy bất cứ thứ gì khiến em nhớ lại.",0.0
Hãy dùng ý chí gạt ngay nó đi,0.0
Phải thế chứ.,0.0
Cứ để dành rồi làm thêm vài lần nữa.,0.0
Từ từ rồi mọi chuyện sẽ êm đềm lại thôi.,0.0
Nhưng cũng lâu đó.,0.0
Học thêm nhiều điều mới nha.,0.0
Như sách vở .,0.0
ca hát nhảy múa.,0.0
Vẽ vời .,0.0
Vvvv... Đủ thứ trên đời.,0.0
Kk rất là hân hạnh nha 🫶,0.0
"E đi chùa, nghe thuyết pháp đi.",0.0
Đời còn dài và giai còn nhiều Em!,0.0
Tình yêu mà.,0.0
Mấy ai đã yêu mà không yếu mềm đâu.,0.0
Khóc là trạng thái giải tỏa áp lực đó.,0.0
Có người còn gào lên nữa cơ.,0.0
Gào vài lần là đỡ thôi.,0.0
em cũng đã làm hết tất cả những gì có thể rồi nè!,0.0
Cô hiểu tâm trangj của con .Thời gian sẽ nguôi ngoai .,0.0
Cố gắng vượt qua tham gia hoạt động giao lưu bạn bè tập yoga thiền chăm sóc bản thân con phải nghĩ đến ba mẹ người sinh ra,0.0
Tội nghiệp cho em quá.,0.0
Em hãy nghĩ tịch cực và cố gắng tiếp tục phía trước bạn của em không thật lòng với em thi coi như bạn ấy là người không tốt,0.0
tuong lai em đừng cho đi tính cảm 50/50 thôi nếu không có đáp ứng thì dừng lại thôi.,0.0
Mình gần để ny hạnh phúc !,0.0
"Mẹ , bố , anh , em ruột mình yêu mình chưa đủ à !",0.0
Dạ con cảm ơn cô đã cho con lời khuyên ạ ❤️,0.0
Em cảm ơn anh ạ❤️,0.0
Acc này là bạn thân bà Ngọc,0.0
combo giá hời,0.0
nó nũng nịu mà nó hường phấn,0.0
"Đ thấy quen gì, chỉ thấy mỹ ngọc đẹp vl",0.0
combo giá hời s.shopee.vn/5VQJA…,0.0
Gu tôi Mỹ Ngọc 💗,0.0
chỗ này ở đâu dị,0.0
E đầu hàng rồi,0.0
nó bị điên.,0.0
Chấp nhận sự thật rồi à,0.0
"Đhs move on nhanh vãi cả l, bởi có yêu mình đ đâu=)))), uầy cái cảm giác ấm ức vãi l",0.0
v.v...cảm giác sụp đổ và không thể tin được Mà không phải 1 lần 1 lần khác là 1 người đang tìm hiểu nhau,0.0
ấy vậy mà chỉ cần có 4 5 ngày công khai đi chơi riêng cùng người khác 1 cách vui vẻ @@ Éo tin tưởng được chút nào,0.0
Ảo vl :)),0.0
:))) bài học cuộc sốngggg,0.0
may là còn bỏ kịp=))),0.0
Trộm vía :)))),0.0
:)))))) khốn thật,0.0
Mấy bà này á kkkkk bớt i,0.0
Thì vẫn không đẹp hơn =))),0.0
Ê chắc tuỳ á !,0.0
Chứ mấy nhỏ ngiu cũ của ngiu cũ tui vẫn stalk tui đến tận bây giờ,0.0
giờ tui có ngiu mới cmnl mà nó vẫn stalk :)) ( hồi đó nhỏ đó còn gây war với tui ),0.0
"Tâm lý chung,🤣🤣🤣🤣🤣",0.0
"Bởi vậy nên chẳng muốn stalk làm gì mệt, tốn thời gian",0.0
Tại sao cứ phải stalk rồi lại thấy vui sướng khi nym của nyc kém xinh/đẹp hơn bạn vậy.,0.0
"Nhỡ đâu người ta giàu hơn, giỏi hơn và hiểu chuyện hơn bạn thì sao?",0.0
Stalk là đam mê của các nàng 🤣,0.0
2.Tại sao lại vẫn ở trong công ty sau khi out nhóm?,0.0
"Nhóm đang lên đà phát triển,thời điểm đỉnh cao,sao lại out?",0.0
4.Tại sao lại out nhóm?,0.0
ôi em nghiêm túc đấy à 😓,0.0
có chất liệu cho em mình delulu tối nay rồi,0.0
dm đẹp trai quá,0.0
"🌰: Em sẽ ngay lập tức nói “em nghiêm túc đấy à?”, em nghĩ chắc chắn em sẽ nổi giận.",0.0
Và em sẽ hỏi rõ xem hành động vứt chiếc nhẫn ấy chỉ là nhất thời hay cô ấy thực sự muốn làm vậy.,0.0
nguồn plot để delulu mỗi đêm,0.0
"🐈‍⬛: Ồ em sẽ buồn lắm, nhưng mà em sẽ lại chiếc nhẫn lên và trả lại cho cổ 🥹",0.0
Hy vọng việc phát triển tuyến đường sắt ngày càng được quan tâm và sát sao để đẩy nhanh tiến độ hơn nữa,0.0
cho người dân dần quen thuộc và sử dụng nhiều hơn.,0.0
"Vừa nhanh, vừa tiện, vừa giảm phương tiện cá nhân, lại giảm khí thải, giảm ùn tắc,...",0.0
Ngủ sớm nhen bà ơiiii,0.0
Đã cập Nhật,0.0
Có bản tin hôm nay chưa ạ ?,0.0
Em bị sót 1 2 tin gì đó trong lúc ăn cùng gia đình ạ,0.0
Ngày nào cũng hóng sốp đấy,0.0
Bản tóm tắt có gì sai sót mong mọi người nhắc nhở,0.0
TBT phát động Tết trồng cây=)),0.0
cẩn thận luật sư tới tìm 🫵,0.0
:))) đcmm nhớ hồi đó con vợ nào đồn làm cười nổ chim,0.0
"Bóc hay quá, tôi đã cười",0.0
theo dòng thời sự bóc ny của tuyển thủ choi u chê,0.0
BAN GIÁM KHẢO LỘ DIỆN | PHÓNG VIÊN ẢNH NGUYỄN KHÁNH - HƠN MỘT THẬP KỶ THEO ĐUỔI NHIẾP ẢNH BÁO CHÍ TẠI NHỮNG “ĐIỂM NÓNG” THỜI SỰ,0.0
Những nỗ lực bền bỉ nơi hiện trường đã mang về cho anh nhiều giải thưởng báo chí danh giá: - 6 Giải Báo chí Quốc gia,0.0
đặc biệt là giải nhất (giải A) với phóng sự ảnh về hành trình hồi sinh của Làng Nủ (Lào Cai) sau thảm họa lũ quét vào năm 2025.,0.0
- Nhiều giải thưởng và ghi nhận tại các cuộc thi nhiếp ảnh báo chí trong nước và quốc tế.,0.0
"Nguyễn Khánh hiện là phóng viên ảnh của Báo Tuổi Trẻ, một trong những tờ báo lớn và có ảnh hưởng tại Việt Nam.",0.0
Anh bắt đầu làm việc tại tòa soạn từ năm 2011 và đã có hơn một thập kỷ theo đuổi nhiếp ảnh báo chí chuyên nghiệp.,0.0
bật mí là sắp có 1 project dành cho các yuvies đó✨,0.0
UPRIZE LamAnh LAVM,0.0
"Ngày quay trở lại phải thật hoành tráng nhé, hóng lém ạ ❤️",0.0
"có lẽ nên tranh thủ đi vô chùa quét lá đa trong lúc chờ, biết đâu…",0.0
Tôi ngày 22 vẫn đang check mail ltuc đây :))),0.0
"004 hôm 25, có thể là tuần sau =)))",0.0
chưa trả xong ngày 21 nữa 😔,0.0
chắc trùng sinh làm lại thì may ra bác oi =)),0.0
tôi thấy mấy bác 22 đang rục rịch từ 002 đến 006 rồi =)))),0.0
ui đơn của mình sau bạn đúng 1 số,0.0
llab trả lúc 4h sáng …,0.0
Chưa thấy tăm hơi đâu bác ơi 🥹🥹 này là mail xác nhận từ hôm gửi film ấy,0.0
139 ngày 23/2 chờ mòn mỏi,0.0
hễ nghe tiếng báo mail mới là vồ ngay lấy điện thoại để check bác ơi =))))))) xong lại mừng hụt vì mail rác 🫠,0.0
Theo dòng thời sự 🫠🫠🫠 Không cần có bồ để trải nghiệm việc ngóng chờ tin nhắn vì đã có lab cho em trải nghiệm sự chờ đợi x2 😭😭😭 Chưa bao giờ thấy con số 4 chướng mắt đến vậy…,0.0
"dạ, em cũng hơi sợ all in ạ",0.0
D07 nên chị thấy sẽ có ít sự lựa chọn hơn nếu em học A00,0.0
em thử tìm hiểu về 1 số ngành mà em chọn coi họ để khối nào,0.0
"thi dgnl đi em, 1 cái bảo hiểm, em ôn trong năm 12 được",0.0
em cũng có tham khảo tiếng trung thử và phân vân tiếng trung và tiếng anh nên mới xin ý kiến ạ,0.0
mà band điểm cao thì xét mới oke hơ,0.0
Có vài ngành bỏ thôi chứ làm gì bỏ hết ?,0.0
Thông tin không đi xác thực rõ ràng mà cứ lên mạng hỏi hỏi tự hù bản thân à,0.0
SẮC - tuyển dụng - Google Drive,0.0
Mình đã apply thông qua email trên hình.,0.0
Nhờ team check nhé!,0.0
Mình cảm ơn ạ ^^,0.0
[SẮC TUYỂN DỤNG ✨] SẮC đang tìm các vợ iu đồng hành cùng team ✨ Nếu bạn yêu sự chỉn chu,0.0
thích làm việc với số liệu trong môi trường thời trang trẻ trung – năng động ghé tụi mình nha 🤍,0.0
JD SẮC để ở đây nha:,0.0
cho mình xin JD cụ thể job Marketing Executive với ạ,0.0
📍 Địa điểm: TP. Hồ Chí Minh ⏰ Thời gian: 09h - 18h (thứ 2 đến thứ 6),0.0
Ngày nào cũng hóng = )))),0.0
Cảm ơn bác nhiều,0.0
"Tớ đã đọc, cảm ơn nhó💗",0.0
cậu ui nay hem có tóm tắt hả🥹,0.0
Fan này hỏng hẳn 🥲🥲🥲,0.0
Cái ngày cũng 1 cây.,0.0
láo vô cùng,0.0
coi bả dốc kìa,0.0
"Mai mình detox bạn ạ, thải độc thải độc...",0.0
"Hạ thần sai rồi, hạ thần có tội 🥲🥲🥲🥲",0.0
Láo nháo quá rồi.,0.0
Fan phủng thế này...,0.0
"Khéo mua cả bịch để tủ , đi làm về muộn úp mì , rồi chiên lên ăn 🤣🤣",0.0
Hầm liều thôi anh.,0.0
Em nhớ anh ở mọi vũ trụ :))))),0.0
chị ơi 😭🫣,0.0
"Xem thời sự, nhớ idol.",0.0
Hóa ra yêu một người là thấy hình bóng người ấy ở muôn nơi...,0.0
E ơi xóa trí nhớ xóa trí nhớ 🫠🫠🫠,0.0
Sợ ảnh nhà mình đi ra đầu hẻm ăn ba cái một lúc...,0.0
Bình tĩnh ạ.,0.0
Tất cả chỉ là hỉu lầmmm,0.0
"Thi thoảng a mới ăn thôi mà, chắc khum sao :))",0.0
Hóa điên với fan quạt mất thôiii,0.0
Sách - Xứ Sở Miên Man | Shopee Việt Nam,0.0
Chỉ là hẩm liều thôi chị hẩm liều 🥲🥲🥲,0.0
Ảnh mê luôn mà chị 😂😂,0.0
Nó cũng cuốn nữa 😆😆😆,0.0
Tưởng đâu cầm đầu đường dây 😳,0.0
Mai làm cái nứa 😋,0.0
Sao bà nhìn quen vậy?,0.0
Anh tạo động lực cho em ăn thêm một cái lạp xưởng nướng đá full bột ớt...,0.0
=))))) đòi hẳn 2 cái chúc chích thịt người,0.0
Nhị vị cũng là Ảm mi à,0.0
Fan a Sơn.K giống khi nói chuyện với người lớn hoặc là cái phần tư tưởng của bản thân,0.0
a Mason Nguyễn thì giống cách nói chuyện với bạn bè hoặc là phần tính cách thể hiện ra bên ngoài a CongB thì giống phần tính cách.,0.0
cứ bị nhắm mắt ấy=)),0.0
lúc cười cứ phải nhếch cái mép một bên rồi nhe răng mới chịu í,0.0
Nói nửa câu lại “dặ” 1 cái tất cả là tại ông 😞,0.0
nại phại chuận,0.0
"Thưa quý nhà đài, tôi rất buồn đấy nhé!",0.0
"Giờ cái gì shopee nó cũm có, nhà đài Quốc gia mở cả trên shopee luôn mà 😂",0.0
Tham vọng đưa TVC chúc mừng sinh nhật Tin thúi lên quảng cáo của Đài Truyền hình Quốc gia VTV1,0.0
ngay khung giờ thời sự để các mẹ các chị vừa xem tin tức vừa tiện thể chúc mừng sinh nhật ẻm luôn.,0.0
Nhưng tiếc là nhà đài chỉ nhận gói quảng cáo dành cho doanh nghiệp SME 🥲,0.0
🫂🫂🫂 thương bà có lòng 🥲,0.0
Với cả cái này nó tính gói theo ngày theo giờ nữa bác ạ nên chắc sẽ khác với gói lâu dài cho doanh nghiệp lớn như của bác 😙,0.0
=)))))))) đúng là nước đi bất ngờ ạ,0.0
=)))))))))) quái đản thật đấy chị ơi,0.0
Nhưng hơi khó đó shop,0.0
vì khung shop đưa lên sẽ có các quy định mà sở vhtt yêu cầu cho quảng cáo => thường các sp hay các brand sẽ cung cấp dễ hơn.,0.0
Còn giá và kênh onl thì dành cho các sme hay promote idol sẽ khó có nhiều giấy tờ quy định => có room lấy slot và kênh phù hợp hơn là tuyến khung giờ chính,0.0
Nghe mà phải ấ đù luông,0.0
“giả vờ thanh cao”,0.0
Chơi với Sơn.K quá 180 ngày,0.0
Xem cuốn mà,0.0
Bị lây rồi 🤣🤣🤣🤣,0.0
Live nào vậy ạ,0.0
Bách nay lớn rồi Hết xem audio mà thay bằng xem thời sự ăn cơm rồi,0.0
Tưởng xem doremon😔,0.0
Dặm cái này bảo đảm dính luôn nè🐧,0.0
"Sơn.K (2001) Phú Thọ, tên thật là Lê Hồng Sơn.",0.0
Tuổi thật 25 tuổi tâm hồn 42 =)) Bạn muốn trở thành idol để lan tỏa thông điệp tích cực cùng những hoạt động thiện nguyện đến các bạn trẻ.,0.0
"Thích xem thời sự, ngắm trăng, chạy bộ, tập thể dục.",0.0
"Thật thà, lễ phép dễ thương lắm.",0.0
cha chả nắm trong lòng bàn tay,0.0
Chị ơi e xin clip hả i chị mắc cừi qué ạ,0.0
À à =))))) tui cảm ơn nhaaaa.,0.0
Ý là có dịp hãy đòi anh ta nói 😌 tui muốn nghe thử 🫠,0.0
Để khều kkkk,0.0
"Dạ ""Jagiya"" trong phim hàn có nghĩa là bé con á bà =))) còn 🐿️ là do ổng hay dùng cái icon con sóc nên fan hay gọi là sóc iu á =)))",0.0
Choioi chào mừng bae gia nhập hội kẹp đàn 🫰🫂🫶🏻,0.0
Em ơi sao em mắc cười thế :))) nhớ khều ẻm nói để hợp thức hoá không nhét chữ em nha 🤓,0.0
Penguin nhét chữ 🐧🌚,0.0
Hai khều phụ em đi hai 👉👈 =)))),0.0
Phát lại quăng bom rồi bị má Bảo cảnh cáo 🤣🤣🤣🤣,0.0
Liên Bỉnh Phát: Tạo map ẩn :)))))),0.0
Haha nó chuẩn vãi bà ơi =))),0.0
"Ỏoooo 🥰 tui lấy giấy bút ra rồi, chép phao thôi",0.0
Đúng đến mức đọc phải bật cười 😂,0.0
Chuẩn tới từng micromet =))))(,0.0
Ớt ti cũng thỉnh thoảng vô hỏi thăm tình hình các bạn dạo này sao rồi mà 😆,0.0
Hiện tại bên mình chưa hỗ trợ tuyển pn có thai.,0.0
Tuyển Dụng Việc Làm,0.0
Ở đâu thế ạ,0.0
Chính xác là 8 kí lô 🥹,0.0
"Bây giờ nhìn em, vẫn là nụ cười đó, vẫn là sự vui tươi quen thuộc.",0.0
Nhưng đâu đó đã có thêm sự trưởng thành mà trước đây mình chưa từng thấy.,0.0
Thời gian trôi nhanh thật 😊,0.0
Chỉ là 1 chiếc beanie trắng thôi mà tự nhiên kéo mình quay lại Mùa 1.,0.0
"Nhớ bé An ngày đó – vô tư, đáng yêu, lúc nào cũng mang theo nguồn năng lượng rất riêng.",0.0
Bé An của 2024 và Negav của 2026.,0.0
"Nhưng dù là Negav của năm nào, thì với mình em vẫn luôn đặc biệt như vậy 🫂",0.0
mà tui hong thích kiểu đó lắm :))),0.0
sốp đin vl đỉnh vl,0.0
tham vọng của mảtinstan quá lớn 🥰🤟🏻,0.0
Đm khó nói =))),0.0
Martinstan quá mạnh rồi!!,0.0
bác có thể tham khảo thử mấy gói quảng cáo trước giờ chiếu phim ở mấy cụm rạp như CGV á,0.0
CHỊ ODER BOM NỔ NGÀY 20/3 LUÔN HẢ CHỊ😭,0.0
Nhưng mà hong có đượccc 🤧 nhà đài hỏng cho :(((,0.0
Làm thiệt mà nhà đài hỏng cho 😖,0.0
Giờ đăng ký doanh nghiệp kiểu gì các bác 🐧,0.0
Tui có tham vọng nhưng nhà đài say No các bác ơiii.,0.0
Bình tĩnh 🥴,0.0
Bà không mù.,0.0
Bạn ơi kể cả đi học hay đi làm thì xung quanh bạn ấy vẫn có những người đàn ông và phụ nữ thảo luận về 8/3 mà,0.0
và chắc chắn sẽ phải nghe tới ngày 8/3 rồi nhưng bạn ấy chọn làm bạn tủi thân.,0.0
Chạy ngay đi,0.0
đời mà ai chả có công việc riêng đừng nghe người ngoài dạy mình cách sử dụng mình,0.0
Comments của các vợ em đều đã đọc hết rồi ạ.,0.0
Em cảm ơn chị em đã khuyên răn con đàn bà mù quáng này😭,0.0
Mà bản thân bạn cũng sẽ khó chịu vì bạn tỏ ra mình ổn nhưng thực tế đâu phải vậy.,0.0
Nên hãy cứ đòi hỏi những gì mình xứng đáng và trân trọng bản thân mình nhiều hơn nhé!,0.0
Hiểu được cho nhau thì tiếp tục còn nếu không thì cũng không sao,0.0
đơn giản là không phù hợp với nhau thôi chứ cũng chả căng thẳng với nhau làm gì.,0.0
"Cứ nói chuyện nếu đi được đến tiếng nói chung thì tốt, không thì cũng ổn mà :D chúng ta vẫn cứ phải sống tiếp mà.",0.0
chị ơi sắp tới tháng 4 em thi ielts.,0.0
"Làm ơn phù hộ giúp em đạt aim, em kính cẩn lạy chị",0.0
💝 Quà độc quyền chỉ “thiên thần” mới có: 200 móc khóa phiên bản đặc biệt 8.3 có chữ viết tay của Đại sứ.,0.0
Nôn được biết thiên thần giành thành công 🪽💗🪽quá tar ơiii,0.0
💋 8.3 này GrabFood rủ các thiên thần giành về trái tim của Sơn.K Jaysonlei buitruonglinh Phúc Du bằng cách ăn uống đủ bữa,0.0
lên đồ slay và báo lại theo 2 bước bên dưới nha!,0.0
GrabFood 8/3 thiên thần tập hợp,0.0
"Đu idol mà giành được 🪽💗🪽của idol luôn thì phải gọi là THIÊN THẦN đúng hong Capo, Archer, Tí và DULIGAN?",0.0
Dạ e tới đâyyyy,0.0
ỏ ngại thí,0.0
"Dạ nịnh dãy em thích lắm, đề nghị đại ka ngủ sớm ạ🫶💕",0.0
ngại thí cẻm ơn ông nhaa,0.0
Ngại quó ò🥰,0.0
뚝 Quit (應援大合唱） 32.,0.0
시작도 없던 것처럼 Letting you go 36.,0.0
Cho mình xin giá,0.0
Hoa đến hơi trễ nhưng vẫn đủ để làm ai đó vui cả ngày.,0.0
Mình xin giá cậu ơ,0.0
Tin buồn: 8/3 đã qua Tin vui: Tulip Hà Lan vừa về,0.0
Mình xin địa chỉ shop để lần sau ủng hộ,0.0
mình xin giá ạ shop ơi,0.0
Có thể xỉu vì tulip,0.0
8/3 hí hí,0.0
Iu dữ vị ta😍😍,0.0
"Vợ thằng nào thằng đó thương chớ, thằng khác có thương cũng chỉ thương ké haha",0.0
Ỏoo dễ thương quá ạ!!,0.0
Em có áo dài hãng các chị fl ủng hộ em nhé ạ…cảm ơn các chị ạ🥰🥰😚😚,0.0
Mê cái cách ảnh chuẩn bị thêm bó hoa bé 🥰,0.0
Kkk sao lại xình ta,0.0
Thấy cưng quó dọ 😍,0.0
8/3 òi mò cho xukem i,0.0
Kem ế rồi hôm nay có hoa thôi😂😂🤣,0.0
"Ờ ha, nhìn nhầm cái ảnh của bạn khác",0.0
"Sao nhiều người vote chia tay quá, trong cái bài khoe nhận cả trăm triệu thì xin vía",0.0
là sao má?,0.0
Có người nhắc lại vụ chuyển nhượng làm bài học ấy mà :))),0.0
Shop rep e với nha,0.0
thế mới lói con vợ thằng chồng nào đặt hoa sớm đúng sướng,0.0
có đứa lấy hoa hộ về gói cho không mất công gì :)) tổ sư giá hoa có thể là điên mẹ luôn,0.0
sai lầm tuổi trẻ là bán bó này 300-330k vào cái 8/3/2026 :)) nhục hơn chữ nhục,0.0
Thế còn hoa để bán khum nào,0.0
Sốp ra giá nayd thì sốp nào đỡ dk,0.0
"Đã ha bà ther, có thể là lỗ luôn",0.0
may quá thấy post này lúc cha này vừa tỉnh sau cơn đột quỵ,0.0
Người khôn ăn nói nửa chừng,0.0
nhanh tui còn đi làm thớt ơi,0.0
"Đánh dấu dùm tui với, ai thấy có phần mới tim cmt giùm tui",0.0
Tui có phần sau nè trên fb á,0.0
ai tim cmt này tí vô đọc với,0.0
CÓ THỂ LÀ CHẾT VÌ NHỤC,0.0
Hoang dã quá,0.0
Là bà phải không phải không bà Thơ=)),0.0
khph thật mà 😭,0.0
dm duyên phận à,0.0
BỐ ƠI NÓ QUÊ,0.0
Đừng có chối=)),0.0
"Không sao, bạn cứ nói lại 1 lần nữa 🗣️: Điếc à, 1 nước ép dái Lần 1 có thể nhầm nhưng lần 2 nó gọi là phong cách",0.0
dm nghe mà xấu hổ vcđ luôn đúng cái ban vận hành rách,0.0
🙂 Đời ảnh chưa đủ khổ phải không ?,0.0
Phạm Đình Thái Ngân,0.0
"Nói cho đã miệng , có nghĩ tới cảnh anh Ngân lướt thấy không vậy lũ điên , nết sồn sồn dẩm vl",0.0
"Tìm cô chủ sỉ nhục , hành hạ xem mình như chó mỗi ngày ạ",0.0
Muốn làm con chó con của cô chủ à 🥵,0.0
Ở đâu ạ,0.0
"Ứng Tên: Hà Vy Sở thích: roi, trói, bạo, SM Xưng hô: mama Yêu cầu ngoan ngoãn biết chiều",0.0
"Ib nha, muốn làm gì cũng được",0.0
ăn cứt ib,0.0
+1 tôi cũng đã từng,0.0
"vừa chịu đau, vừa giữ sĩ diện cho ny trước mặt hdqt.",0.0
ừ dm nhục vl ấy tao từng y vậy.,0.0
cảm giác như thể nhận mình bị ngu vậy và cái tôi tao quá cao để thậm chí đi xin lời khuyên tình cảm.,0.0
tao bị ngu,0.0
Cái vấn đề ở đây là mày vẫn gọi là người yêu.,0.0
quá nhục luôn con vợ ạ,0.0
ôi khổ thân,0.0
Thứ phông bạt khó bỏ nhất ở con gái là cố tỏ ra mình hạnh phúc trong mối quan hệ mà thiệt thòi đủ thứ.,0.0
=)))) khổ nhục kế 🫃🏼🫃🏼,0.0
em hòn linh của tôi ơi,0.0
Xin nhãn dán với sốp,0.0
ÔI NGẠI QUÁ,0.0
vcl dang yeu d 2 đứa bây,0.0
Ô hay nhỉ =)),0.0
Thích thầm con bạn chung lớp,0.0
Làm seo nhục bằng việc toai nhảy lên nhầm xe hơi của người khác xong còn bị nhiều người thấy nũa =))) huhu 🥹🥲😭,0.0
chào bố mẹ chồng à,0.0
Hoảng hốt ngỡ ngàng bật ngửa...,0.0
"Cho thành ""bố của con em"" luôn đi bà",0.0
Không ai để ý là nhà bà ấy có thang máy riêng à 🥀 Cái nghèo đã giới hạn trí tưởng tượng của tôi,0.0
Hồi bé còn nhận nhầm mẹ nè còn bảo “sao mẹ không ôm con” :)),0.0
Hãy là người tiêu dùng thông thái 😂😂,0.0
"Nhưng bản thân mình độc lập nào giờ chưa có khái niệm phải phụ thuộc vào ai , đối với mình được không được thì thôi .",0.0
đẻ con ra là con của chung con mình cũng là con nó thì nó cũng phải có trách nghiệm ý chị không để vậy được đâu,0.0
Đàn ông Vn được mẹ và vợ chiều đến hỏng luôn,0.0
Em sợ bước vào thị trường hôn nhân 🥲,0.0
Nhưng lâu dài hãy cân nhắc được mất để đưa ra quyết định tốt nhất nha.,0.0
hay là mình sang trang mới đi chị,0.0
Đời con gấp vạn lần mẹ rồi…..” l,0.0
Nhục đ tả nổi ý :),0.0
Thôi đừng đọc Xã hội cần phát triển nhà nước vẫn đang khuyến khích sinh 2 con có con vui lắm,0.0
Ủa làm việc ấy ngay trước mặt con á??,0.0
"thằng nào cần cô chủ sỉ nhục thì ib tao luôn nhé, tao điên lắm rồi",0.0
Chắt chào cụ ạ,0.0
Chào cụ ạ,0.0
Dạ cháu thưa bà ạ,0.0
"cháu chào cô ạ, cô với bác min yoongi thì ai lớn hơn ai ạ",0.0
Ranh con láo toét,0.0
"Láo, phạt 100 tờ lì xì, đưa đây",0.0
Khi anti Jisoo chửi cô là khọm u40 tôi cảm thấy bị sỉ nhục vì tôi xét về tuổi tác cả BP phải gọi tôi bằng chị,0.0
Cô gọi Min Yoongi là anh,0.0
Bằng tuổi em cún đó,0.0
"Cụ có khiếu hài hước quá, chắc do sống lâu ăn nhiều muối :)))",0.0
Đọc cmt của bà con cười khùng😔,0.0
"Gọi là bạn, mình mới 16 tuổi lần 2 thôi",0.0
Dạ cháu chào bà ạ,0.0
Bà con mình chung chồng đó con,0.0
chị chủ nhân này bạo lắm,0.0
ib đang bị mẹ chửi,0.0
Dog tìm chủ sỉ nhục và hạnh gạ ạ gâu gâu gâu,0.0
Nhận nam không,0.0
inb cô sỉ nhục là xuất đầy nhà,0.0
Chó đực nào ib mình đi 😈🖤🥀,0.0
Cậu chủ được không bạn?,0.0
Vừa bị thằng cốt block đang điên đây,0.0
cô chủ cần tìm chó đực để sỉ nhục ạ,0.0
Có bao giờ đọc lại coi mình viết cđj chưa??,0.0
Sao lại có tiếng Hàn kia!,0.0
Mình ỉa vô mồm bạn nhe,0.0
nhắn tui nhé =)))))))))),0.0
Chó đực mong muốn được cô chủ sỉ nhục ạ,0.0
Bóc chưa bà ơi:)Xin lỗi vì món quà ảnh tặng bà quá😭,0.0
cứ vậy đấy,0.0
Tui muốn xin nhãn dán 🥹🥹🥹,0.0
dễ thương thì vl,0.0
dạ anh chị,0.0
sư tử t8 mà triển con vợ ạ,0.0
cả tg phải biết đã tặng quà cho vợ,0.0
"bà ráng lướt cmt có bà thả ảnh rui ó, sticker của em nhà nên tui cũng hong có ảnh 🥹🥹",0.0
ẻm tặng tui đồ ăn vứi đồ chơi mới á bà =)))))),0.0
cute thí hạnh phúc nhó🥰,0.0
cho Wooje cho fans của em.,0.0
Họ chỉ dùng những trang báo ấy mà bôi nhọ em và họ cũng chỉ dùng một lời xin lỗi giả tạo để phủi sạch tất cả.,0.0
"ZOFGK nó vốn đã đặc biệt hơn chữ lineup rồi, nó là gia đình mà",0.0
Ủa lại vụ gì zâyh,0.0
THẠCH TRANG ƠI MÀY ĐÉO THẤY NHỤC À?,0.0
ê nhưng mà thạch trang là ai vậy bây?,0.0
Đa phần tiền đến từ các brand chứ tiền từ youtube chả đáng nhiu,0.0
Yobae đọc thạch trang như reading ielts luôn mà=)))) mấy hôm sau làm vid chữa lành ngay🤡,0.0
Lời xin lỗi không aesthetic nên mình xin phép không lên video,0.0
+1 tẩy chay con này :))) Giả trân không chịu được,0.0
Ông còn dám tập ở đó là ông gan rồi,0.0
Tôi còn tập ở đó 1/ngày 2/cử,0.0
"Bên Vạn Hạnh cũng có nữa a ,chắc bữa nào em tán dô đầu nó quá",0.0
Thanh cao quá bà,0.0
:)) tôi hay tập cali hùng vương parkson giấc 8pm tới khuya.,0.0
"Y như rằng hôm nào vô xông hơi hay tắm cũng bị xin tắm chung, sờ ti, ôm eo, đkm lũ chúng nó.",0.0
True :))) cũng khoe thân gợi đòn có nhiêu show hết mà tưởng mình trong sạch Bông tuyết dữ lắm,0.0
Cho người ta tắm chung có sao đâu kkkkk.,0.0
Đừng tự tạo nghiệp.,0.0
Khi không làm khó cho người.,0.0
"Ơ hay, ổng tận hưởng thân thể ổng chứ có xin tận hưởng đâu",0.0
Bộ nó giành phần bà hay gì Bà cũng 9-10 với người ta lên tiếng tưởng mình sạch,0.0
Khen vậy tốn dì quá cháu ơi =)),0.0
"""chị ơi cho em 1 vỉ panasonic ạ"" ""hả vỉ gì cơ em"" ""vỉ panasonic giảm đau đầu ấy chị"" ""panasonic em phải ra điện máy xanh chứ em""",0.0
"nhân viên: ""mình lấy size lớn hay size nhỏ ạ?""",0.0
"tui: ""size vừa ạ"" ....",0.0
*Order xong* Nhân viên: Mình thanh toán bằng tiền mặt hay chuyển khoản ạ?,0.0
"đi mua lạp xưởng nướng đá, muốn ăn nhiều bột ớt chút ""Cô ơi cho con 1 lạp xưởng nhiều đá""",0.0
"""bạn có lấy túi không ạ?""",0.0
"""dạ tớ không, cảm ơn bạn"" ""túi của bạn đây"" ""tớ không lấy túi í..."" ""bạn vừa mua túi xách bên mình mà bạn..."" nhục đéo để đâu cho hết",0.0
Mất trí nhớ tạm thời =)),0.0
Những khoảng lặng kì quặc của chúng ta 🥲,0.0
Nhân viên: Anh ăn ở đây hay mang về?,0.0
Còn nhiều chuyện dở khóc dở cười nhất là bộ môn tiếng Việt không thông của cháu tui nó chèm thêm tiếng Anh vô,0.0
nó hề mà nó buồn cười “ khủng lồ to lớn “ ❌ “Khủng long”✅ “Dì phải lấy chồng “❌ “Dì bị bà bán đi “✅,0.0
"""anh ơi cho em xin 4g để chuyển khoản"" ""dạ?""",0.0
"""cho em xin 4g của quán để chuyển khoản"" ""ý mình là wifi hay 4g ạ?""",0.0
"""ủa chết em lộn, em xin wifi"" 🙂",0.0
Mặt mẹ chồng đã nhăn như khỉ gió rồi,0.0
Làm dâu khó lắm phải đâu chuyện đùa,0.0
"Ui nghe khen mà mát hết cả ruột ạ, cám ơn công chúa nhìu nhìu 🫶🏻🫶🏻",0.0
Mẹ chồng này công khai tìm con dâu có chung idol là SOOBIN để cùng đu show với mẹ.,0.0
hãng thời trang Soobin hân hạnh tài trợ mà,0.0
"Fibi này em mê mãi, day 3 em lần đầu được nhận.",0.0
hay là mỗi lần cc mình đều bày ra rồi nhận donate một chút làm quỹ như vầy cả hai bên đều vui ý.,0.0
khen mấy ẻm nở hết cả mũi rồi á sốp,0.0
Bạn là người hiểu chuyện!,0.0
"Ra đường còn phải tử tế với người dưng , về nhà tử tế hay nín nhịn với mẹ chồng xíu mà kể lể!",0.0
Đằng này lại còn khác thế hệ.,0.0
kiểu txuc vừa phải thì ít va chạm những lúc ở cạnh thì chỉ cố gắng dành điều tốt cho nhau thôi 🤓,0.0
Ý là có ai mà ông bà nội cứ xưng bố mẹ với cháu không ạ?,0.0
Tất cả đều do 2 bên overthinking.,0.0
"Nhìn và suy nghĩ đơn giản, tích cực sẽ thấy thoải mái rất nhiều.",0.0
"Bà hiện đại sạch sẽ, thương con cháu.",0.0
Tại sao đa phần mẹ chồng luôn là nỗi ám ảnh của các nàng dâu vậy nhỉ.,0.0
Nhưng cảm giác chẳng bao giờ có thể hoà hợp và cảm thông nhau.,0.0
mẹ ruột đẻ ra nuôi bao nhiêu năm còn chưa chắc hợp được nữa là mẹ chồng 😤 ít mong người khác hợp với mình được là đỡ khổ tâm đó 😃,0.0
Khác nhau về môi trường sinh sống và lớn lên có lẽ vậy.,0.0
mà nhịn rồi mà vẫn gặp từ năm này qua năm khác nên tích tụ.,0.0
"Chỉ hạnh phúc, chỉ tự hào, chỉ khoe rể quý của chỉ 🥰🥰",0.0
Trời nó dễ thương gì đâu,0.0
Huhu chưa tặng mẹ gì đây nè 🥹,0.0
sự đáng iu này cần được lan toả ạaaa,0.0
Ôm cái bình cũng ỏn ẻn cưng dữ luôn,0.0
học tập Dưn xinh iu ngay đii,0.0
thiệc á huhuuuu,0.0
Tự nhiên có đứa con rể mát lòng mát dạ he😋,0.0
em bé cưng đóooo,0.0
Còn bảo D đứng ra ôm hoa cho mẹ chụp nữa chứ 😆,0.0
Tiến sĩ ngành lấy chồng học: Mẹ chồng Dương gọi Dương là ngoan xinh yêu và khoe hoa Dương cắm trong nhóm lớp của mẹ 🥹🥹🥹,0.0
đáng iu đin lên luôn ấyyyyy,0.0
cả nhà này iu kinh khủnggg,0.0
sợ mình vẫn đặt kì vọng vào con… nên viết ra như vậy để dặn mình 😅,0.0
con bế cháu bồng gì cả.,0.0
nói thật tâm tư trong lòng.,0.0
Chứ đi làm rồi thì ba mẹ khỏi thấy mặt trong 5 -10 năm tới nhé.,0.0
"Tất nhiên trách nhiệm ""bảo hiểm tuổi già"" thì vẫn phải thực hiện thôi, nhưng dù sao cũng không phải ngay bây giờ.",0.0
Gửi con dâu tương lai của mẹ sau này mẹ sẽ dạy dỗ thật tốt con trai mẹ mẹ sẽ dạy cho con trai mẹ làm việc nhà,0.0
còn bố con sẽ dạy chồng con nấu ăn hàn sắt thép sửa máy lạnh máy giặc máy lọc nước máy nước nóng.... dạy chồng con thiết kế dạy IT,0.0
... dạy tất tần tật 🤌🏻 và 2 mẹ con mình cứ việc chill cho chồng chăm thôi,0.0
Xong còn chạy ra khoá cửa giữ lại để đánh nữa.,0.0
Xong con dâu canh 4h sáng lén trèo rào chạy chân không về cầu cứu nhà mẹ ruột cho bay nghe,0.0
Gửi em rể tương lai của chị.,0.0
Việc duy nhất mà vợ em có thể làm là nấu cơm nhưng em nhất định phải khen NGON dù cơm như hạch.,0.0
Em chỉ cần chê dở 1 câu thôi là sẽ không có lần sau đâu.,0.0
cậu em của những cô gái khác hy vọng và mong muốn như thế.,0.0
"Vậy nên nó chiều chị cỡ nào, sau này phải chiều vợ gấp 10 lần như thế.",0.0
Gửi con dâu tương lai có thể sau này mẹ già sẽ khó tính khó nết nên mẹ sẽ nuôi chồng con tới khi học xong,0.0
rồi sẽ cố dành dụm tiền sau đi trại dưỡng lão ở.,0.0
mấy đứa bay nói gì tau đấy?,0.0
Công nhận tiền nào của đấy.,0.0
"Em nhắn: mâm cơm tuyệt vời quá, chắc mẹ và Canva đã làm việc rất vất vả từ 5h sáng Con ngưỡng mộ mẹ!",0.0
“Chưa tày đâu”,0.0
Cứ thế phát huy nhé ạ,0.0
con thật ngưỡng mộ mẹ.,0.0
Mong mẹ chỉ dạy con ạ,0.0
chatgpt làm ảnh kém lắm Cháu nói chuyện với chatgpt lên ý tưởng,0.0
sau đó bảo gpt làm cho cháu một cái prompt (lệnh) miêu tả cái ảnh của cháu Sau đoa cháu sang canva ai cháu copy cái lệnh đấy vào,0.0
“bà bạn khét phết nhỉ”,0.0
cháu quen xài chát gpt hơn ặ,0.0
Mẹ chồng nói với mình: tự mình mẹ làm cả mâm cơm này đấy.,0.0
"Là người EQ cao, nên trả lời mẹ chồng như thế nào các cao nhân?",0.0
"""giỏi quá ta""",0.0
Nhất mẹ luôn rồi,0.0
này ây ai chứ can va chi,0.0
"""Thế con trai với chồng mẹ không biết phụ mẹ à?""",0.0
Ui mừng quá.,0.0
Đỡ lo khoản kiếm dâu nè.,0.0
Nhớ giữ liên lạc với tui nha,0.0
Cho ké một bé con dâu với ạ.,0.0
"Trai nhà tui 2k9, cao 1m73, nặng 65kg.",0.0
Trình độ học tập: 11/12 bao đậu đại học.,0.0
Khó đấy bà,0.0
Ủa sao bà mẹ chồng này kiếm sớm thế?,0.0
"bạn giỏi thế, bánh trông ngon quá",0.0
mềm dzồi hí hí…,0.0
Nhìn núng na núng nính mà yêu ghê,0.0
Học làm bánh không phải để bán… mà để ghi điểm với mẹ chồng tương lai,0.0
tôi học làm bánh vì tôi cần giải toả tâm trí,0.0
Vì mẹ cũng ngon cũng núng nính i vậy 🤤,0.0
Mềm rồi mềm rồi,0.0
🤣 thiệt hả e,0.0
Hay dữ ta.,0.0
15 còn may đây em 2 mống nè,0.0
Tui chắc được 4 người bạn thân quá 😂 chứ họ hàng tui nó xa cách lắm mà nhiều khi mẹ tui mời chưa chắc tui đã muốn mời á,0.0
Mời shipper nữa mom =)))))),0.0
🤣 tình hình chung,0.0
Đám cưới khách ba mẹ 6-700 người Khách của chồng tui 150 người Khách của bố mẹ chồng 200 người Khách của tui 15 người 🙂,0.0
15 là số nhiều rồi á bà tui cưới chắc 2người 🥲,0.0
🤣 2 mà chất lượng cũng được rồi bà.,0.0
"Do tui kèm thêm đồng nghiệp á chứ nếu bạn thân thì cỡ 7,8 người =))",0.0
Anh này tự lập có tiền,0.0
có nhà riêng hoặc là xác định ở riêng luôn thì còn đỡ mà tâm trí ông này nếu kể là sẽ kiểu bố mẹ đầu tiên gia đình các kiểu,0.0
Chưa chốt cưới thì chạy lẹ vẫn còn kịp chứ biết rồi còn đâm đầu vào thì … phải chịu,0.0
bé xuân mai lonto đâu,0.0
cái gì khó để Trump lo,0.0
Quấy rối Putin,0.0
Đổ thừa cho Donald Trump,0.0
Búng chim mẹ chồng,0.0
mẹ chồng có chim à??,0.0
Quả nút lưỡi Donald Trump đâu rồi nhì=))))))))),0.0
đổ cho Chovy,0.0
Trộm vía cái nào cũng khủng bố,0.0
P3 khủng bố nữa🥰,0.0
TOPIC : Nếu mà mẹ chồng đánh rắm thì?,0.0
Cưỡng hiếp mẹ chồng,0.0
"Khổ mấy ông không lấy được vợ thôi,phụ nữ không lấy chồng hơi đau đầu 1 tí nhưng nhàn thân",0.0
Không có cái là tốt tuyệt đối hay xấu hoàn toàn cả.chỉ có cái phù hợp nhất trong không thời ấy thôi.,0.0
Chỉ là ta có đủ toàn tâm toàn ý với điều mà ta đã lựa chọn hay không.,0.0
Mọi sự lựa chọn đều mang lại hối tiếc cả.,0.0
Không lúc này thì lúc khác.,0.0
"Bát Giới bảo rồi: ""SƯ PHỤ À, QUAN TÀI NHÀ NGƯỜI TA SAO CỨ PHẢI BÊ VỀ NHÀ MÌNH MÀ KHÓC VẬY?",0.0
Sao cứ thích liên tưởng mấy cảnh khổ sở khi không lấy chồng thế nhỉ?,0.0
Toàn làm chuyện rãnh rỗi thật sự,0.0
Cái đấy nó gọi là projection.,0.0
"""mình thấy các bạn nữ"", ""sau này bố, mẹ mất thì bạn sẽ làm sao khi về già"":)?",0.0
Quá chuẩn 😇,0.0
🤨 bạn liệt kê được cái tốt của hôn nhân xem.,0.0
dạo này nhiều người rảnh rỗi lo nghĩ hộ tuổi già của phụ nữ thế nhỉ =)))))))) đéo ai hỏi và cũng đéo ai cần í.,0.0
Mình thấy các bạn nữ đang có xu hướng không muốn lấy chồng.sao mấy bạn không nghĩ xa một chút được nhỉ hiện tại thì sướng thật đấy,0.0
nhưng bạn bao giờ nghĩ sau bố mẹ mất thì bạn sẽ làm sao khi về già,0.0
Gửi bạn nha🙂 tới lúc mất rồi thì không còn là chuyện của mình nữa,0.0
"Bà đọc ngay bộ Hồ sơ tâm lý tội phạm của Kim Đồng cho tôi, tuyệt phẩm!",0.0
Hay đọc Pháp y tần minh chưa bà?,0.0
é hée cảm ơn nànggg,0.0
Bà ơi bà kéo xuống cmt đọc đi có thêm vụ nữa đóoooo,0.0
Hmmm đề tài này thì muôn vàn nhưng mình có 1 niềm tin trẻ em trước 6 tuổi có tính cách của kiếp trước và thường có thể thấy được người âm ( hay gọi là ma ),0.0
Đọc qua thấy cũng hợp lý chưa đòi hỏi gì quá đáng luôn mà.,0.0
Chúc may mắn.,0.0
"Không giàu, chỉ cần đủ nuôi vợ con thì không có cái số 1 đâu nhé :))))",0.0
"và vô tình đọc được các gạch đầu dòng này của ""cô con dâu tương lai"" mà bạn vẫn okela",0.0
ủng hộ 100% thì những điều kiện đấy mới ok 👌,0.0
"Bạn thật là 1 người có lòng, lòng khôn",0.0
Vấn đề là người có đủ các thứ như bạn đòi hỏi có muốn lấy bạn không?,0.0
"Nên lý thuyết thế thôi, thực tế thì phải nhìn vào thực trạng: Có mấy anh đến.",0.0
chắc đủ để xây nhà ra ở riêng á :’)),0.0
Tui thấy không đơn giản.,0.0
"Cái khoản có nhà ở riêng đã khó, dành tiền du lịch nước ngoài càng khó.",0.0
Tui tò mò về profile của bà.,0.0
"Bạn tặng sữa nhé, loại tăng chiều cao á 🐧🐧🐧",0.0
LIST QUÀ 8/3 nam giới tham khảo tặng nữ giới nghenn:,0.0
"🤱Tặng mẹ, tặng vợ🤱 1.",0.0
Mẹ/vợ hay đau nhức người tặng,0.0
Mẹ/vợ không ngủ được tặng,0.0
TOPIC: 8/3 nên tặng quà gì cho mẹ chồng?,0.0
"mẹ chồng em sinh năm 2026, mẹ không thích lãng phí vào ăn diện, sống tiết kiệm, không yêu cầu gì quá to lớn.",0.0
em với chồng có hỏi mẹ thì mẹ bảo mẹ chẳng thích gì.,0.0
"huhu giờ em nên mua gì tặng mẹ ạ, mẹ giúp đỡ vợ chồng em nhiều lắm.",0.0
"mọi người giúp em với, em cảm ơn ạ.",0.0
Mẹ chồng này mua cho bịch bỉm =)))),0.0
Mua vàng bạc gì đó để mẹ cất tủ,0.0
Muốn mẹ/vợ cười tít mắt thì món này,0.0
Bộ Trang Sức Ngọc Trai Cao Cấp Dây Chuyền Và Bông Tai Vàng Tây 14k BTCC83 Huy Thanh Jewelry | Shopee Việt Nam,0.0
Túi Xách Nữ Cầm Tay Tag Vuông La Muse HAPAS - TXT221226 | Shopee Việt Nam,0.0
Tặng tiền có tâm mua,0.0
Quan tâm sức khoẻ thì món này,0.0
Việc tặng nên là để con trai mẹ tặng.,0.0
Mình cũng là Phụ nữ mắc gì phải tặng.,0.0
Gia đình làm bữa vui vẻ cùng nhau còn việc tặng quà là của đàn ông trong nhà.,0.0
vợ của cái “mác”,0.0
gắn vô câu view chứ mẹ gì,0.0
Lúc yêu khác mà cưới xong cả chồng lẫn nhà chồng mới lộ bản chất.,0.0
Mình làm văn phòng tư nhân lại đang đi học thêm bố mẹ mình làm nông,0.0
Đã từng gặp 1gđ như vậy,0.0
Nó phải xin ra quân để lấy tiền trả nợ rồi bạn,0.0
Bỏ của nợ này đi thôi,0.0
"Đúng rồi, nghề nào cũng vậy, môi trường nào cũng vậy có người tốt kẻ xấu thôi",0.0
"Li hôn xong cái là tự do, sung sướng cái thân",0.0
Làm cái đơn lên đơn vị đi bạn.,0.0
SQ kiểu này tước quân tịch luôn,0.0
Ly hôn đi.,0.0
Sống 2 mình để hạnh phúc.,0.0
Chứ 2 mình khổ hơn 1 mình làm chi.,0.0
Em cũng là sĩ quan chị ạ,0.0
em không muốn nói ý là chỗ nào cũng có người này người kia nhưng mà em thấy cái bản tính con người nó khó thay đổi lắm dù là ở trong môi trường nào chị ạ.,0.0
Cái thằng mất dạy thì có học hành thế nào vẫn vậy.,0.0
Sĩ quan chỗ em cũng có mấy thằng mất dạy bỏ mẹ ra chị ạ.,0.0
Nên hoàn cảnh này của chị em hiểu được,0.0
"Hết chưa, trước-sau thấy khác không😂😂😂",0.0
Mình quyết bỏ từ lúc bầu 4 tháng cơ.,0.0
Nhưng nhà nó dọa dẫm đủ kiểu,0.0
thôi chia buồn với chị ạ,0.0
"thế lấy chồng gì, một mình còn khoẻ hơn ấy chứ",0.0
Mổ đẻ xong về là nhờ y tá dạy thay bỉm cho con ăn .,0.0
Trộm vía bạn hầy.,0.0
"Cả đời không bao giờ quên lúc mới đẻ được hơn ngày, vẫn nằm trên giường chưa ngồi dậy được.",0.0
Chồng mình đã cáu và quát (nói đéo gì đó) mình khiến mình khóc ngay lập tức,0.0
chỉ sợ bục vết mổ vì đau quá nhưng lại không thể nín khóc.,0.0
Giây phút đó mình đã hiểu mình lấy sai người.,0.0
Nên là +1 quyết tâm chọn đúng người mới lấy e à.,0.0
Đời trai tốt còn nhiều lắm,0.0
sợ xanh cả mắt.,0.0
Cuối cùng bị hộ sinh chửi cho to đầu :)),0.0
Vc hay thảo luận to tiếng thôi chứ dám mắng =)))))))) mà tên teencode quá đấy nàng nhed =))))),0.0
Cười ngất 😂😂😂😂,0.0
Vậy là ảnh đang bị trầm cảm sau sinh ròi đó chị👁️🫦👁️,0.0
Bị mắng nhiều quá mà =)),0.0
Con bò mà biết có khi nó đòi làm tiểu tam luôn đấy :))),0.0
Bướng nhề :))),0.0
Đừng để nó biết =))),0.0
Ovtk thay cho vợ sau sinh 🤣🤣,0.0
Sáng rót sữa uống làm rơi mấy giọt.,0.0
Ông chồng quay ra mắng “sữa của em thì em xót mà sữa bò thì em ẩu thế này à?,0.0
Bò cũng là mẹ sau sinh đấy nhé”,0.0
bầu bì chưa nhạy cảm cỡ đó nựa ák,0.0
+1 vé nằm sofa đêm nayy,0.0
"Bảo ""Mẹ đưa câu lệnh em chỉnh lại cho đĩa gà hơi lỗi"" ☺️",0.0
"Mẹ thì nhất rồi, mẹ chồng thế mà giỏi",0.0
Nhà tui kiểu Giận nhau thì anh-em Đang tình cảm thân thiết thì vợ-chồng Đang thảo luận về con hoặc việc gia đình nội ngoại thì bố-mẹ,0.0
Dạ đây ạ,0.0
cho yêu chung với ạ,0.0
📍96 phố Huế,0.0
"Anh em, vợ chồng ❌ Bố mẹ✅",0.0
Tui xin cái meme em bé với,0.0
tui với chồng tui =))))))))),0.0
dĩa huông théee,0.0
tôi là trò đùa của các bạn àaaa,0.0
"Xưng vậy tiện nè, nhiều khi quên cả tên thật 🤣🤣🤣",0.0
nhà tôi kiểu: ta và ngươi,0.0
mỗi nhà 1 kiểu,0.0
đã nghĩ xg tên con =))),0.0
bảo chồng nhắc cho bà ơi.,0.0
nhiều lúc lười quá chả lẽ méo làm nữa đi làm công nhân cho có bạn bè,0.0
Thoải mái vui vẻ không đụng chạm.,0.0
"Còn việc mở nhạc ở nhà nó lại quá bình thường, nó là cái nhà không phải công ty",0.0
hơi phiền thật chỉ có ở riêng hoặc đi ra ngoài làm thì cả 2 bên mới thoải mái,0.0
va chạm nhỏ nhỏ vậy chứ lâu dễ tích tụ thành bức xúc lớn,0.0
"Nhạc nào mình thích nghe còn đỡ á, chứ nhạc mà mình ghét nghe khó chịu cực",0.0
"Sống chung với bố mẹ chồng, làm freelancer tại nhà và cứ 10am hàng ngày bố chồng tự động bật Bolero loa to đùng đùng lên.",0.0
Nhắc thì ông cũng tắt thôi nhưng mình cũng ngại.,0.0
mua tai nghe thật xịn để bác thích nghe tai hơn nghe loa 😄,0.0
Mua bịt tai trước đã xong rồi nhờ chồng nói chuyện với bố mẹ,0.0
"Để chồng trao đổi với bố nhé, sẽ okk hơn á",0.0
vang hát từ bếp t1 mà tui ngồi trên t3 còn nghe thấy!,0.0
Mai lại như cũ!,0.0
Kiểu nửa đùa nửa thật nó vậy á =)),0.0
Chắc người Bắc 😂,0.0
Mình mà lớn tiếng với vợ như vậy là cô ấy đè đầu mình xuống bàn liếm hết đóng sữa rơi vãi đó,0.0
Sữa mẹ nào cũng trân quý kể cả mẹ bò =))))))),0.0
Chị đẻ nhưng chồng chị mới là người ovtk sau sinh à :))) cười vl,0.0
"Nhiều khi họ đùa là chính, nhưng nghe móc mỉa vl 😅",0.0
“ anh húp đi cho đỡ phí”,0.0
Con bò cũng là con ngừi mà =))))),0.0
Bắc Ninh luôn mà =))))),0.0
👉 Không yêu cầu kinh nghiệm (Ngoại trừ Editor) môi trường làm việc sáng tạo trẻ trung,0.0
lương thưởng phúc lợi rõ ràng 🫶 Liên hệ ngay 037.289.4811 để nhận ngay JD cả nhà oiiiii 💚,0.0
Won Media tuyển thành viên với các vị trí: - Quản trị kênh - Biên kịch - Editor - Diễn hoạt - Hậu kỳ đạo cụ,0.0
Sốp ở khu vực Hà Nội nha cả nhà ơiii 💚,0.0
Jobs về jobs về 🤩,0.0
Bạn liên hệ 0941.321.070 sốp gửi JD chi tiết nhenn,0.0
Bên mình có vị trí Part Time nào không ạ,0.0
Có tuyển remote không ạ?,0.0
Cho mình xin jd Diễn Hoạt nha,0.0
Cho mình xin jd biên kịch với ạ,0.0
Sốp hong ạ,0.0
Hồi nhỏ là bố mẹ thuê gia sư về dạy cho mình á,0.0
- Mời người về nhà dạy.,0.0
"- Người quen sẽ dạy cho họ, trong vòng tròn mối quan hệ quen biết với ba mẹ họ.",0.0
"- Tới chỗ học, tới trung tâm... nhưng sẽ học khung giờ riêng 1 kèm 1 hoặc học chung nhóm chơi thân với nhau.",0.0
Mình học quy tắc bàn ăn kiểu Tây vì mình học làm phục vụ nhà hàng gastronomique 🥲🥲,0.0
"Cho e hỏi ở Hnoi chỗ nào dạy lễ nghi, các quy tắc ngoại giao các bác",0.0
Tui học cưỡi ngựa từ nhỏ.,0.0
Thuê coach riêng á mom,0.0
Giàu họ thuê về nhà dạy cho riêng tư.,0.0
Trà đạo Nhật thì có câu lạc bộ còn trà đạo Việt Nam thì mấy trà quán hay mở workshop,0.0
còn bình thường bạn đến book trải nghiệm là họ cũng giải thích tường tận mà.,0.0
"thực ra thì nói cụ thể hơn thì bạn định theo các môn nghệ thuật này ở mức độ nào thôi nếu dừng ở mức độ "" biết """,0.0
"Mình không giàu nhưng mà mình học ngành du lịch ở Đài Loan được học môn lễ nghi quốc tế, tiếng trung gọi là 國際禮儀.",0.0
"Bạn biết tiếng trung có thể lên youtube tìm, có thể học được một ít đó.",0.0
Mấy môn xa xỉ như trà đạo thường phải join vô cộng đồng á.,0.0
"Uống nhiều, tiếp xúc nhiều mới biết bạn ạ.",0.0
Kiến thức sẽ đến cùng với trải nghiệm.,0.0
Kiến thức chỉ giúp cho bạn có trải nghiệm tốt hơn thôi.,0.0
"Hội hoạ, điêu khắc, trà, rượu, đâu có gì là quý tộc.",0.0
"Nó bình thường thôi, và là một phần văn hoá của người ta.",0.0
Cứ tiếp xúc nhiều tự nhiên sẽ biết.,0.0
Đi uống nhiều lên.,0.0
Học vẽ có thể học chỗ anh nhé Học kèm 1/1 nhanh tiến bộ lắm,0.0
"Mình có nhu cầu bán nhà của bà ngoại, nhà ngoại nằm giáp Ung Văn Khiêm ngay Xô Viết Nghệ Tĩnh, Bình Thạnh.",0.0
"Với bề ngang 7m dài 16m , tổng diện tích 108m2.",0.0
"Nhà bà ở giữ gìn kĩ, tiện xây mới với 2 mặt hẻm oto trước sau.",0.0
Liên hệ em 0908941998 để nhận thông tin chi tiết,0.0
Giá sao bạn ơi,0.0
inb mình nhé,0.0
còn nhà bà cố nội ở đâu bán nốt,0.0
Bạn ơi check zl giúp mình nhé,0.0
Mình muốn mua cho bà Nội.,0.0
Mình xin giá nhà này với ạ,0.0
cho minh ib giá và sổ nhé,0.0
Làm như bán hàng đa cấp dấu giá,0.0
Cho xin giá,0.0
"Nhà 108m2, nhà phố mà giá 9 tỷ.",0.0
Làm gì rẻ vậy.,0.0
"Đẹp ha, hoài cổ",0.0
Bạn check tin nhắn threads nhé,0.0
"Mình note lại nhé, chi tiết mình sẽ nhắn thêm cho bạn",0.0
em muốn tham gia ạ,0.0
"Mình note lại nhé, chi tiết mình sẽ nhắn thêm cho em nha",0.0
Mình note lại nhé.,0.0
Chi tiết mình sẽ nhắn thêm,0.0
"Okk mình note tên nhé, sẽ nhắn trao đổi kĩ hơn",0.0
Dạ Chị ơi em xin phép đăng kí 1 slot ạ,0.0
Dạ em xin ạ,0.0
Mình 2 slot nha bạn,0.0
Mình 2 slot ạ,0.0
Xin mời cả nhà tham gia cùng Khoai!,0.0
"Thông tin chi tiết để đăng kí, mọi người đọc kĩ và thao tác theo các bước để hoàn thành: add zalo, thanh toán phí nhé.",0.0
Em 1 slot ạ,0.0
"Okie chị ơi, em note nhé",0.0
Em muốn tham gia ạ,0.0
Mình 1 slot nga,0.0
Buổi workshop thứ 3 - vẽ ngoại cảnh Thời gian dự kiến: 2h30 chiều thứ 7 ngày 21/3 Địa điểm: Công viên giọt nước số 1 Lý Thái Tổ,0.0
quận 10 Phí tham gia hỗ trợ dụng cụ + chè/ nước: 50k/ người.,0.0
"Dạ vâng ạ, em liên hệ Chị qua đâu được ạ",0.0
Buổi ngày 28 nếu còn slot thì cho 2 mẹ con mình đăng ký nhé ^^,0.0
Theo mọi người mình nên làm gì?,0.0
Mình không muốn cứ mỗi dịp Tết lại cãi nhau 🥲,0.0
"Bạn hỏi ở đây toàn người trẻ, chưa hiểu ý nghĩa của việc cúng giỗ ngày Tết.",0.0
"Ny bạn cũng còn trẻ, cũng chưa thấy việc ấy quan trọng.",0.0
Mình thấy ý bạn ok.,0.0
Việc chu toàn tâm linh không chỉ là trách nhiệm mà còn là quyền lợi.,0.0
"Mình là nam 27t, đã quen ny 3 năm, sắp cưới, mình ở SG, cách nhà ny 600km.",0.0
"Nhà mình có 4 anh em, mình là anh cả, có giỗ ông nội vào mùng 3 Tết (cả nhà có mặt đông đủ).",0.0
"Ny mình nhà có 2 chị em, ny mình là út.",0.0
"Tết nội, Tết ngoại",0.0
Ngu gì đồng ý.,0.0
"Thà chia tay cho rảnh nợ chứ cái ngữ này chưa cưới đã muốn đàn áp ny, chỉ tay 5 ngón rồi",0.0
Đm khó yêu xa mùa tết :))))) tết nghỉ có tầm 9-10 ngày thôi thằng ôn con ơi.,0.0
Ý của mình: - Về nhà ny 26 Tết - tối 29 lên xe về nội - Ở nhà mình tới hết mùng 3 - Sáng mùng 4 về ngoại tới Mùng 10 Ý của ny: - Tết nhà ai về nhà nấy (nhưng mình khó yêu xa) - Mỗi năm 1 bên,0.0
Ahjhjhj a ngồi chơi xơi lước hôy đừng kêu a rửa bát nha 🗣🥸,0.0
Quen iem cho gừn nèk bây bi 🌹,0.0
M3 vẫn đông đủ cơ mà,0.0
"😂khó yêu xa chọn mẹ đứa gần mà yêu đi ấy,chọn đứa xa giờ lên mạng than với kể",0.0
"Ủa chưa cưới, thì nhà ai nấy về đúng rồi, khó yêu xa là kiểu đéo gì, về tết có mấy hôm thì không thể yêu tiếp do xa ?",0.0
"Chị gì đó ơi chạy ngay đi còn kịp ạ, cưới làm gì sau này mang khổ",0.0
Nghèo còn gia trưởng,0.0
Trẻ em Việt Nam sản xuất theo lô: Thương nhà ngoại hơn nhà nội Bên nội drama nổ phổi bên ngoại như khu nghỉ dưỡng 🥰,0.0
"Như nhau thôi bà, chẳng qua về ngoại thì là về với mẹ, chuyện nhà mẹ nên bố thoáng hơn.",0.0
Bên ngoại của mình là bên nội của một ai đó.,0.0
Pov sẽ ngược lại.,0.0
ủa con phương hả e,0.0
Ê nói nhà nội drama vậy nhà nội đó là nhà ngoại của bên khác thì sao?,0.0
Suy đi nghĩ lại nó cũng như nhau,0.0
xa bên nội nên không cực mấy khoản tiếp đón.,0.0
Cuối tiệc xuống phụ rửa sơ sơ mấy cái chén là xong 🙂.,0.0
ở một góc nào đó trẻ em việt nam đang thu mình và nghĩ mọi lí do để không phải tiếp xúc với bất kì bên nhà nào họ hàng nào cả nah,0.0
Trẻ con thích nơi nào mẹ nó cảm thấy an toàn.,0.0
Chứ drama nhà nào chả có.,0.0
bên nào cũng là sân chơi của bố🥳,0.0
rấc iuuu mặc dù quát chúng nó rất mệc,0.0
"Ối, ảnh cũng thích nuôi cá giống mình🐠",0.0
🤭🤭🥰🥰🥰 nhìn ngon quá a ơi,0.0
Ngon quá đi,0.0
Em sn90 mà không biết cứ cmt kêu anh Duy miết :)),0.0
Lố 4kg gòi!,0.0
ủa 2 mình bằng tuổi :)) đó giờ cứ nghĩ lớn hơn :)),0.0
Kkkkk dạ dễ thưn 🥰,0.0
Toàn tự bày việc ra làm khg hà :)))).,0.0
Bác về lẹ lẹ tui dạy cho kín lịch khỏi ở khg bày linh tinh ra nữa :)),0.0
"Mình note lại nhé, chi tiết mình sẽ nhắn thêm cho bạn nhén",0.0
Đợt này bác khoai bận bịu luôn nha 🤗,0.0
Hiện đang có khoảng hơn 40 người đăng kí tham gia.,0.0
Nên có thể mình sẽ chia thành 2 buổi.,0.0
Buổi đầu ngày 21 và buổi sau ngày 28 cho buổi ws hiệu quả hơn nhé mọi người.,0.0
Lâu lâu đổi gió cho thú vị bác ưi 🤗,0.0
Trừ nghĩa trang riêng 1 dòng họ không nói Đi tảo mộ cuối năm được rồi,0.0
Ai tao đéo biết chứ riêng gia đình nội ngoại tao cứ sáng sớm m1 là kéo nhau ra nghĩa trang tảo mộ ông bà trước,0.0
đọc kinh xong rồi sau đó dồn hết lên nhà bà ngoại.,0.0
"Phong tục có từ lúc ông bà nội còn sống, đéo biết mấy thằng loser chúng mày còn định đeo cái thủ lợn ấy trên cổ mãi làm gì thế?",0.0
"Ngoài đó toàn ông bà mình, tổ tiên mình, rồi ông bà người ta tổ tiên người ta chứ ma quỷ gì?",0.0
"Nghĩa trang có thần có thánh, suy nghĩ như vậy hỏi sao cả đời chỉ gặp được ma 🤨",0.0
"""Năm nay về ăn tết nội nhé, năm nào cũng về ăn nhà ngoại rồi em..."" ""Anh lại học ba cái phong trào trên mạng xã hội rồi đấy.",0.0
"Nghĩ kiểu gì thế?""",0.0
Thấy như này mà dễ hiểu thì tự khắc có câu trả lời,0.0
"suy nghĩ rác thải của bọn trong cmt, threads cái ứng dụng ranh con dùng nhiều nhất, suy nghĩ tồi tuy nhiêu khi tư tưởng phản cách mạng",0.0
Đến lượt bạn thắc mắc à,0.0
Đéo hiểu toàn bọn gia trưởng nửa mùa xong vẽ chuyện 🤓,0.0
sau đó m2 m3 là múc 1 bát canh măng + cắt 1 khoanh giò á.,0.0
Mâm cao cỗ đầy bị sợ :)) thắp hương các cụ còn nhà thì cứ thịt rang rau luộc.,0.0
"Khách đến thì mời đồ khô, mà họ cũng ngại ăn í",0.0
Mạng xã hội bây giờ rộ lên tin mùng 1 tết đòi về ăn tết nhà ngoại.,0.0
Thực sự không biết giới trẻ nghĩ gì mà hù theo như phong trào vậy.,0.0
Thật khó hiểu...?,0.0
Các cháu ra đây ông cố nội phát lì xì nhe,0.0
"vớ va vớ vẩn, vote xoá bài",0.0
Tâm nào cơ ?,0.0
Tôn lầm nha,0.0
Có bao giờ đọc lại xem mình viết cái gì không?,0.0
đăng từ hè năm ngoái mà năm nay mới được duyệt hả má ☺️,0.0
bạn mới xuyên từ hè năm ngoái đến à,0.0
Tôi đã rất bình thường cho đến khi thấy cái comment này cười rồ,0.0
Có thực sự hiểu mình đang nói gì không???,0.0
Ôi cái gia phả gì đây😭,0.0
Mình ở quận 7 nè,0.0
Ở đâu vậy bạn,0.0
Vì phải chuyển nhà nên mình cần pass em giường này Thiệt sự là không nỡ vì deco phòng tone healing là siêu hợp luôn ý hic,0.0
Thanh lý nội thất,0.0
Mình ở quận 7 => chuyển về quận 2 ( nếu bạn nào lấy trước t4 thì quận 7 còn sau t4 thì quận 2 nhé),0.0
"Giường gỗ 1m6x1m8, gỗ thiên nhiên 100%, hàng ngoại nhập => giá mua 10tr, thân giường gỗ ghép , giá thanh lý 1tr5",0.0
Bạn ở đâu vậy ạ,0.0
Mình ở quận 7 nha bạn,0.0
Mìn ở quận 7 nè,0.0
Mình pass thêm ghế này 120k/ cái ạaa,0.0
Ib nói chuyện a hén,0.0
1m83 hello mọi người dân miền tây đây 😄,0.0
Chào đồng hương,0.0
71c2 chào đồng hương 🤣,0.0
Chào đồng hương !,0.0
Bằng tuổi nhau nè,0.0
Lót dép hóng chứ biết nào tới lượt 😅,0.0
Kk chào nhá,0.0
"Chú oi em sát bên nè, Vĩnh Long nè chúuuu",0.0
Mỏ Cày 2k2 hè luuuu anhhhhhhh,0.0
Chào đồng hương nè,0.0
Bên tre chung,0.0
Chào bạn nè,0.0
"Mình làm wedding decor ở Mỹ Tho + Bến Tre, mình làm quen nhé.",0.0
Inbox bạn ha.,0.0
A cũng vậy nè,0.0
[TÌM MỘT NỬA YÊU THƯƠNG],0.0
2 đứa đấy là mini boss thôi.,0.0
Trùm cuối nhà chị phải là 2 khứa này nè 😂,0.0
Tiểu thư trâm anh là đây,0.0
Tui đi học mà nó lạ lắm,0.0
Đi học về thấy bố đóng đinh cũng bắt chước lấy búa đập vào tường mà 😱,0.0
Về sau bù đắp cho con vậy,0.0
E sẽ trả học phí bằng cách mua vui cho chị và đòi lại địa vị trong nhà cho chị từ tay 2 em lông lông kia :'),0.0
Hiu đúng chuẩn tiểu thư con nhà gia giáo luôn 🥹,0.0
"Ôi, có vẻ thử thách này tăng lên một bậc rồi ạ :'))",0.0
Rent.bymuse mong mỗi nàng đều được diện những chiếc váy đẹp chỉn chu,0.0
và mới nên với mỗi em váy không còn giữ được trên 90% ngoại hình sau những lần được thuê,0.0
chúng mình sẽ xả hàng và nhập những mẫu mới hơn không biết ai thấy phí không chứ mình thì không!!!!!!,0.0
Hết mình vì các vợ 🫰🏻🫰🏻,0.0
"sốp oie, sốp có mẫu váy màu hồng nào xinh iu khem, gửi e mẫu vớiii",0.0
"Dạ sốp pass theo đợt và up story IG, nàng follow IG Muse upd nhaaa 💕",0.0
Ý nghĩa quá shop,0.0
mình pass ở đâu á sốp,0.0
mình pass ở đâu vậy ạ?,0.0
E qua canh ạ,0.0
E làm khách guột nha sốp ơiii 🙌🏻🙌🏻,0.0
"Mỗi chiếc váy nhà chúng mình đều gắn liền với số 15, vì sau 15 lần em nó sẽ được pass giá rẻ.",0.0
Nhớ thằng bé giết em họ rồi vùi ngoài vườn ở Thanh Hoá năm ngoái .,0.0
Nó không còn được ở đây để kể... Quá đáng sợ.,0.0
Tại hồi đó hay chơi với thằn lằn nẻn ý tưởng đột nhiên lóe lên ấy:),0.0
Một số cmt ở đây không phải là tuổi trẻ bồng bột nổi loạn nữa mà là tam quan có vấn đề luôn rồi,0.0
từ giáo dục gia đình hay từ bản tính thì không chắc nhưng đọc xong sợ vi ci eo,0.0
Thứ ác nhất mọi người từng làm:,0.0
Hồi đó mình bị cậu chửi oan năm 5 tuổi.,0.0
Lúc đó khá quậy và láo nên đã nảy ra ý định trả thù.,0.0
Mình đi bắt thằng lằn,0.0
tranh thủ lúc cậu đang nấu canh xong rồi đi mua đồ thì mình bỏ mấy con vào nồi canh mời cả nhà ngoại ăn chung,0.0
GIFT BOX - HỘP KÝ ỨC (mã 04) 🎁💝 60K/hộp - hộp kẹo nhựa cứng,0.0
Sốp xin phép thả cách thức order ở đây ạaaa.,0.0
Cả nhà tham khảo nháaaa,0.0
Shop ơi chờ em tháng sau,0.0
Có custom theo yêu cầu ❣️ Nội thành đặt trước 1 ngày,0.0
ngoại thành đặt trước 3 ngày giúp mình nhé Mùa lễ hội tới rồi lưu lại box quà tặng cho crush iu nhoá 🫦,0.0
- 2 frame ảnh photostrip - 1 card cứng in theo yêu cầu (chất nhựa cứng) - 2 ảnh polaroid - 2 ảnh in theo yêu cầu - 1 thiệp cứng (postcard,0.0
in hoặc để viết tay đều okay) - 1 cover hộp in theo yêu cầu,0.0
shop ở mô thế ạ,0.0
Tiệm in 10:02 ⋆୨୧˚ on TikTok,0.0
sốp đợi iemmmm có ghệ iem ord lìn :3,0.0
Cả nhà nhắn Tiệm tư vấn ảnh nhé ☺️,0.0
Cho tiệm seeding tiktok với ạ 🥹:,0.0
Sốp ở Tiền Giang ạ,0.0
Hài thiệt :)))),0.0
O đâu chị,0.0
chị đẹp mà hài quá ha,0.0
"💞Ngoại hình ưa nhìn là được, học dốt cũng được",0.0
chị tuyển được chưa ạ,0.0
Địa điểm ở đâu ạ,0.0
Tuyển lễ tân sale nha khoa Tuyển dụng từ thời tóc ngắn tới thời tóc dài rồi lại tóc ngắn !,0.0
Tuyển lễ tân tư vấn Ưu tiên : nhà nghèo chỉ cần chịu khó - Lương cao 👨🏻‍💻,0.0
Nha khoa mình ở đâu vậy ạ,0.0
Dạ chị cho em xin địa chỉ và thời gian làm việc với ạ,0.0
Mình là nữ sinh năm 95 năm nay 31t lương mỗi tháng sau trừ thuế tầm 45tr.,0.0
Tài sản hiện tại 2 nhà ngoại thành Sài gòn 1 đất Đồng Nai - quỹ tự thân.,0.0
"Ngoại hình được đánh giá là xinh xắn Muốn tìm chồng cao > 1m7, lương tháng = mình được Mong hữu duyên kết nối",0.0
"Cuộc sống xoay quanh 6 con mèo, nhà hàng và đi làm đẹp.",0.0
"Muốn lấy vợ xinh, trẻ, nghe lời thi xuống mẫu giáo mà kiếm.",0.0
Mấy ông giãy trong này là đang chứng minh cho thiên hạ thấy mình vừa nghèo vừa sĩ vừa lè nhè à?,0.0
"Lương tao hơn 100tr, nhà đất Thủ Thiêm mấy lô.",0.0
95 lương 12tr :))) lặng lẽ đọc và đi ra.,0.0
Happy new year cả nhà,0.0
"Em sinh năm 99 năm nay 27 tuổi, thu nhập mỗi tháng ~40tr.",0.0
Tài sản hiện tại chỉ có mảnh đất dưới quê.,0.0
Ngoại hình m78.,0.0
Mình đang học thêm về BĐS Mình gặp gỡ rất nhiều anh đã có gia đình và học nhiều điều hay tư việc lập gia đình.,0.0
Cưới nhau là việc cả đời nên mọi người suy nghĩ.,0.0
Chúc mọi người tìm được ý trung nhân đời mình.,0.0
Trời ơi lương 45 mà em mua được nhà siêu vậy?,0.0
"Em có đầu tư hay kế hoạch tài chính nào, có thể chia sẻ được không?",0.0
Cho anh xin số điện thoại kết bạn nhé.,0.0
"85 triệu lần thứ nhất, có ai trả giá cao hơn không?",0.0
Nhưng tao lại đ thích con này.,0.0
Nó già rồi với lại là đồ second hand.,0.0
Rước về làm gì.,0.0
"Em lọc được 1 mớ đàn ông dưới tiêu chuẩn qua post này rồi á, cứ kiên trì giữ tinh thần này để tìm đúng người em nha.",0.0
Bộ trong cái ao nào chui ra hay gì.,0.0
Chưa nghe câu nồi nào phải úp vung nấy hay gì?,0.0
"Anh sinh năm 91, lương tháng 145tr sau thuế.",0.0
Đất có hơn 100m2 khu thủ thiêm.,0.0
Nhà có vài căn ở lakeview.,0.0
Anh đi Honda Future 125i.,0.0
Omg đẹp rụng rời,0.0
dạ tụi mình dạng photobooth ó chớ hem phại stu,0.0
Nhà Ngoại đã chính thức cập bến Q1 HCM trong Tháng 11 này.,0.0
Self Booth ở Hồ Chí Minh gì mà nhìn điện ảnh thế ⁉️,0.0
Hơi na ná bên,0.0
Mẹ nó ôm thằng con đến mắc cười,0.0
"Ui, hôm qua đang đứng chờ bạn mua đồ uống.",0.0
Ngẩng đầu lên chạm mặt luôn phụ huynh em Long.,0.0
Giật mình thảng thốt nhưng tỏ ra bình thường =))),0.0
haha ôm Long vệ sĩ đyêu thí,0.0
Ông dấm dớ vãi.,0.0
Không phân biệt nhưng người ta muốn về nhà mẹ người ta ở cữ thì ông thắc mắc không muốn cho về?,0.0
mấy thằng ít tiền trong này nói nhiều thế?,0.0
Bổ sung thêm 1 tý để các bạn nam khỏi phân vân: nam nhân sạch sẽ tóc tai ngắn gọn quần áo chỉnh tề chăm tập thể thao,0.0
cắt móng tay móng chân có tư duy kính trọng nhân quả ba má hiền lành,0.0
gia đình anh chị em thương nhau Còn các anh chị em bạn muốn hỏi về tư vấn tài chính thì cứ inb mình sẵn sàng share kinh nghiệm nhé 🙏,0.0
Không thích thì có như nào cũng vậy hà 😕,0.0
Con người thì phải chi phối rất nhiều thứ chứ đâu phải một mình tình yêu Nên quan tâm quá mức cũng rất phiền não vì người ta còn đủ thứ phải lo,0.0
"yêu đương đừng có xen vào cuộc sống cá nhân quá, phiền lắm.",0.0
"xg cô tao bảo là "" chồng mà hỏi đưa con đi đâu thì bảo sang xem chim bác hoàng"" 💔",0.0
ngồi mà cứ sợ cười ra tiếng😭,0.0
Phản cảm và như đấm vào lỗ tai ý🤧,0.0
":""Anh sáu đâu chị?""",0.0
"lỡ cười một cái đi ""trẻ con biết cái gì mà cười, hóng hớt """,0.0
Nhanh trí joke mạnh hơn hoặc giả bại não,0.0
Wá đã 🤩,0.0
vãi thích thế,0.0
Áo dãn quá gòii,0.0
Hình ảnh chân thật 👍,0.0
Có hả fen:)),0.0
Cảm ơn bạn đã chia sẻ nha 😘😘,0.0
Cảm ơn em up cho xem ké,0.0
"uiii ảnh mặp lên đúng hăm, cặp má kìa iu quá đi mấtttt",0.0
bà quét lá đa ở đâu chỉ tui với nhé😭,0.0
ủa bạn thân🥰,0.0
Ôi bạn thân ơiiii,0.0
Có bác nào họ Trần Hiển không :Đ ?,0.0
Cảm ơn threads tui đã tìm được họ hàng trên đây =)))) cô,0.0
"Sao các ông giữ được phả hệ từ đời nào vậy nhỉ, họ tôi bị Mẽo đốt phả rồi, giờ chỉ đến đời cụ kị tôi thôi",0.0
Bạn cần id của ai,0.0
"Phả hệ mà sao giống ma trận thế, nhìn rối dã man luôn",0.0
"Giỗ chỉ làm tới đời ông cố thôi, bên ngoại thì dì em tổ chức, bên nội thì ông nội em tổ chức",0.0
"Cũng tùy từng họ tộc giữ lại được ấy, chắc cũng không nhiều lắm",0.0
Thế lúc thờ cúng cả họ thì làm sao ?,0.0
Ý là lúc làm lễ giỗ lớn trưởng chi trưởng họ sẽ làm ở đâu?,0.0
Phải có danh sách gia phả dòng tộc để biết nhau chứ nhie,0.0
Ở nhà thờ tổ của dòng họ á.,0.0
Nhà nào không có nhà thờ tổ thì thường sẽ là trong nhà người lớn nhất (cụ/ông bà),0.0
"Nhưng chốt lại là thông gia thôi, yêu nhau được",0.0
edit do lộn vai vế: bà trẻ của Hùng cưới ông trẻ của Nam,0.0
Đại loại là bà bác của ông Hùng cưới ông chú của ông Nam đún hôn?,0.0
Nghe ông Nam nói mà lú =))).,0.0
bà trẻ của Hùng cưới ông trẻ của Nam,0.0
"Xét theo cái hàng thứ 2 á.. nếu ông nội Công Nam lớn hơn ông nội Hai thì nam là anh, còn khum thì Nam là em",0.0
Nhưng mà Hai to hơn Tư chứ nhỉ 😂 Ở trong Đắk Lắk Hai là thứ nhất hay thứ hai ta?,0.0
cô của Hùng cưới chú của Nam nha,0.0
"à lộn, lộn, đang nhìn vế của phụ huynh hai ổng 🥲",0.0
"Ủa sao cô, bà mà?",0.0
"Haha, gì cũng làm được",0.0
"Haha, cười chếch",0.0
Túm lại là cô của mẹ Nguyễn Hùng lấy chú của ba BCN phải hơm,0.0
Thế cuối cùng là đúng vai vế anh em hong chị > <,0.0
"Thế này không phải là có họ, chỉ là thông gia thôi",0.0
"dạ được nhưng bác giúp tui khum cắt ảnh nhé, tại watermark tui để hơi sát dưới xíu",0.0
Bùi Công Nam Nguyễn Hùng,0.0
Vẽ gì dị trời 🥹,0.0
Thông gia là 2 bên người lớn gọi nhau chứ mối quan hệ tùy vùng miền họ hàng xa chỉ là cách gọi thắm thiết của người với người,0.0
chỗ tui miễn là lấy người trong họ thì con cháu sau này là họ hàng không quan trọng xa gần hay lý thuyết họ hàng đâu.,0.0
Mối quan hệ tại Việt Nam là một trong những thứ phức tạp và khó hiểu nhất tại Việt Nam.,0.0
Cuối cùng là thông gia nha 🤣,0.0
"theo cái sơ đồ này thì yêu nhau được :)))) chạ niên quan huyết thống, 2 bên thông gia hoy",0.0
Mối quan hệ thông gia 2 họ,0.0
Sao lại họ hàng xa được?,0.0
Nếu anh em họ cả 2 bên thì ít ra cũng phải là được đẻ ra từ cùng 1 ông / bà / cụ.,0.0
Chứ thế này là thông gia thôi.,0.0
"cái dấu > < là chỉ vai vế trong nhà đó cả nhà, mà hai dấu ngược nhau này thì =))))))",0.0
"Chỗ tui gọi là họ hàng xa á, con cháu của ông nội 2 là anh em họ của cả 2 bên á",0.0
=)) Trộm vía 2 con joke ngu như nhau 👁️👄👁️,0.0
"Môn đăng hộ đối, tôi tán thành mối hôn sự này🫩",0.0
Nỗi buồn sẽ có thể theo bạn cả cuộc đời nên là,0.0
hãy để nó ở lại cạnh bạn dịu dàng và dành cho ba miền ký ức ngọt ngào nhất nhé Hi vọng bạn và gia đình an lành,0.0
"Ôm bạn, mong bạn và gia đình được bình an.",0.0
Mình xin chia buồn cùng bạn và gia đình nhé.,0.0
Gởi bạn cái ôm thật chặt và cố gắng lên bạn nhé,0.0
mình tin Ba bạn vẫn dõi theo và che chở bạn từ thiên đàng như cách mình vẫn luôn nghĩ về Ba mình như thế 🙏🏻,0.0
Gửi bạn cái ôm.,0.0
"Ba vẫn ở bên cạnh bạn, chỉ là ở một hình thái khác.",0.0
Luôn mạnh mẽ và sống an lành nha.,0.0
Ba luôn dõi theo bạn á.,0.0
em cảm ơn chị nhiều 🥹 em chúc chị và gia đình nhiều sức khoẻ ạ,0.0
"Xin chia buồn cùng gia đình bạn, gửi bạn cái ôm nha 🫂.",0.0
mình cảm ơn bạn nhiều lắm ❤️,0.0
Mong rằng bạn biết được mình vẫn luôn được yêu thương.,0.0
Bạn mất Ba nhưng tình yêu Ba dành cho bạn mãi mãi còn đó.,0.0
"Chia buồn cùng bạn và gia đình, bạn sớm vượt qua nhé",0.0
"mình cảm ơn bạn nhiều ạ, chúc bạn và gia đình nhiều sức khoẻ ❤️",0.0
có lẽ ra đi là sự giải thoát cho cha…ôm bạn cái nha - những người con mất cha!,0.0
"Gửi bạn cái ôm, chúc bạn 1 ngày tốt lành.",0.0
Cố lên nhé,0.0
mặc dù ba không hiện diện nhưng tình yêu của ba vẫn ở đó,0.0
"mình vẫn luôn tin là ba đang dõi theo hành trình trưởng thành và phù hộ mình, mình cảm ơn bạn nhiều lắmmm ❤️",0.0
"8 năm trước, vào mùng 1 Tết ba mình cũng nhập viện cấp cứu vì khối u ở não.",0.0
"Mùng 2 Tết ba trải qua cuộc đại phẫu lấy u. Sau 1 ngày, ba mình tỉnh lại.",0.0
Vẫn tưởng mọi thứ đã ổn.,0.0
"Nhưng sau đó 3 tuần, ba đã ra đi mãi mãi.",0.0
"Hôm nay, cũng là giỗ lần 8 của ba mình.",0.0
"Tình cờ đọc được post của bạn, chỉ muốn gửi đến bạn cái ôm thật chặt.",0.0
mình cảm ơn nhiều ạ,0.0
đọc những dòng chia sẻ của anh mà em xúc động quá ạ em cảm ơn anh vì đã an ủi em nhiều lắm,0.0
em sẽ luôn nhớ về ba với hình ảnh đẹp nhất và em mong cả anh và em đều vượt qua được nỗi đau này,0.0
"Bị lừa cọc tiền đi Úc giá rẻ tới mấy lần rồi, còn chỗ đàng hoàng có trụ sở thì chắc giá 300 triệu đi New Zealand.",0.0
Úc bây giờ đi khó thật.,0.0
Bạn e fail mấy lần.,0.0
"Mà em thấy trên tiktok ghi qua Úc hái dâu (làm nông nghiệp) tháng bao nhiêu đó đô, e nhớ cũng cao lắm.",0.0
Em cảm ơn bác đã trả lời.,0.0
"Chính xác là nó đi 2017, nó bảo đi 2 năm sau đó về luôn.",0.0
Còn nó về VN rồi.,0.0
Bị tía mẹ ép đi làm việc ở Úc😔😔😔,0.0
À thế là bạn ấy đi visa 462- working holiday visa.,0.0
"Hồi đó xin giấy của Bộ Lđtbxh, bây giờ là quay xổ số.",0.0
Dạ em biết thêm kiến thức rồi.,0.0
Em cảm ơn bác rất nhiều ạ!,0.0
Càng gia đình họ càng dễ lừa =))) quá tâm đắc câu này,0.0
Úc không có xklđ 2.,0.0
Úc xin đi học không dễ 3.,0.0
Link sốp pi tui để đây nhé Váy trắng,0.0
Cho em xin inf set đen với chị đẹp ơiiii,0.0
Bộ cuối phù hợp đi tiệc cưới.,0.0
Bộ giữ phù hợp ra mắt giỗ chạp hơn,0.0
Bro gặp đúng cảnh của tôi luôn.,0.0
Tôi 35 cô ấy 30.,0.0
Tôi vẫn đang còn ngơ ngơ chưa hiểu vấn đề gì đây.,0.0
Mà bố mẹ 2 bên đã tính xem tháng nào có thể cưới rồi,0.0
"Váy đẹp thế bạn, xinh link mua với",0.0
nếu là content bán váy thì thôi.,0.0
chứ gặp mình là chịu chết,0.0
Đồng quan điểm,0.0
Đừng đưa ra một quyết định vội vàng mà có thể ảnh hưởng tới 60 năm còn lại của cuộc đời bạn.,0.0
2 váy đầu bà ơi,0.0
Đọc qua tus biết ngay bọn bán hàng :)),0.0
lựa ngày đẹp giờ đẹp vẫn bỏ nhau như thường,0.0
Mày thì biết cái đầu buồi gì mà phát biểu,0.0
có thể tìm hiểu tầm 6th trở lên mà cuối năm nay dạm ngõ thì còn được.,0.0
Fact là hôn nhân có sự sắp xếp của bố mẹ có tỉ lệ li hôn cực thấp,0.0
"Gắn link bà ôi, nhìn ảnh thấy nghi nghi rồi, click vào thì đúng là gắn link =)))) Khỏi mất công khuyên, content thôi =)))",0.0
còn ten thôi.,0.0
rảnh quá nên đẩy thuyền xong lại căn ngăn à. rồi từ đâu xuất hiện 1 con xin đăng nhờ link để về xem lại sau.,0.0
thế nó không biết coppy ra note à trời.,0.0
"Tên nick thì oder... nói chung là các cháu giờ não ngắn thật, tạo còn ten hài ẻ :))",0.0
"Content thì đúng, còn câu chuyện can ngăn là người ta nói đến nyc chứ không phải vụ mai mối hiện tại.",0.0
bà gu tui.,0.0
"Mẫu đầm dài xanh mới nhất hè 2026 - Thiết kế chiết eo thanh lịch, phong cách Pháp sang trọng, phù hợp nàng thấp | Shopee Việt Nam",0.0
"Thứ hai, mình khá nghèo.",0.0
Lương tháng còn chưa nuôi nổi mình.,0.0
"Mình đã kể khéo chuyện về lương của mình và cách mình chi tiêu ở VN ra sao khi mình có ít tiền vậy, họ cũng gật đầu đồng cảm.",0.0
Nếu không có họ về VN thì mình sẽ không phải tiêu tiền gì trong 1 ngày cả (3),0.0
Cảm ơn bạn đã chia sẻ thêm góc nhìn nha 🥹 mình cũng muốn suy nghĩ như vậy tại mình thấy khá hiển nhiên ấy... Là do họ rủ mình đi mà.,0.0
Có điều cũng đang chơi vui mà cứ nghĩ họ phải trả full cho mình hoài thì sợ sau này họ hong vui nữa,0.0
"Nhưng thứ nhất, họ là người bày tỏ mong muốn được mình guide giới thiệu về VN.",0.0
Nhờ có mình mà họ không phải mò mẫm lạc lối ở đất nước xa lạ,0.0
không phải bỏ tiền thuê tourist guide mà còn được đi đến nơi phổ biến ở địa phương.,0.0
Vấn đề này dễ giải quyết mà ta.,0.0
Bạn ngại thì có thể nói thẳng với họ không thích đi chơi nhiều thì khỏi đi,0.0
gửi họ chỗ cho họ tự đi :))) thế là bạn khỏi áy náy mà họ cũng khỏi cần bao bạn.,0.0
Mà thật ra mình nghĩ họ không có vấn đề gì đâu.,0.0
Họ chưa từng tỏ ra khó chịu khi chi trả mọi thứ cho mình á bạn.,0.0
"Khó nói nhỉ , tui nghĩ là bạn cứ tự dưng đi 😁.",0.0
1tr7 nha e,0.0
Gia đình cần pass 8Cat1B - 1 FZB Anh chị em gần xa cần vé để thưởng thức 1 buổi hoà nhạc quành tráng,0.0
1 kỉ niệm khó quên thì nhắn e nha Tặng vé qua tkb 🫶🏻 Họ hàng đi ngang check legit hộ e với ạ,0.0
❌ hết fzB,0.0
Sao mình giống phe vé vậy ta :)))),0.0
Chị này scam :)))),0.0
Cả nhà iu ơi cho mình hỏi nếu không phải người quen bà con họ hàng,0.0
bạn bè mà chỉ đơn giản là fan nhưng TỰ Ý đến chúc tết ở nhà nghệ sĩ thì có phải là ssf hum ạ 🥰,0.0
"Cái thứ như fataxo mới chơi với kim phượng chứ, vật họp theo loài, mèo mả gà đồng mà",0.0
kiểu đùng cái đột kích nhà nghệ sĩ dô kêu em là fan tới chúc Tết luôn hả?,0.0
Anh họ mình bị lừa 2ty đi làm ở Úc năm 2024 nè.,0.0
Cẩn thận nha.,0.0
Nên cẩn trọng.,0.0
"Nên hỏi kĩ đi diện nào, loại visa gì rồi lên mạng tìm thêm thông tin.",0.0
1 là đào lửa buôn người 2 là làm việc bhp ở mấy chỗ trại sà cân 🤡 trốn chui trốn lủi,0.0
nguy cơ bị chủ quỵt lương cũng chẳng kêu ai được khả năng cả năm ở trong farm làm khỏi lú mặt ra đường,0.0
ra đường phải nhìn trước nhìn sau sợ bị trục xuất,0.0
Sao vậy em .,0.0
Vừa làm vừa tan hưong nek em,0.0
Mị đang ở Úc kiếm tới 180 triệu nhé,0.0
"Mần đi, làm ở úc có xiền đã",0.0
"bạn đi diện gì, chứ mà visa 462, 482 cũng okie lắm mà, lao động phổ thông hoặc có tay nghề nha",0.0
"Đi visa du lịch xong trốn à , sau nó cấm cho khỏi đi sang lần 2 nhé",0.0
Có làm thì mới có ăn.,0.0
ôi mệt mỏi vô cùng,0.0
"Mình 35 tuổi mới cưới, Tết mình toàn giải vây cho mấy đứa em bằng cách ngồi khuyên bọn nó ""chờ tầm tuổi anh hãy cưới em ạ""",0.0
"Thật ra họ hàng chả thật sự quan tâm tới: điểm số, người yêu, công việc, lương của bạn đến thế.",0.0
"Mình toàn trêu trẻ con, dtrai tnay chắc có cô nào ở lớp dồiii 🤓🤓🤓",0.0
Đơn giản chả biết nói gì xong hỏi xàm thôi :)))),0.0
- Đẻ đứa nữa đi chứ.,0.0
- Dạ mai cháu đẻ ạ.,0.0
Giới thiệu bản thân đôi chút: Họ tên: Nguyễn Ánh Quỳnh Sinh năm: 1998 Làm việc: Ngân Hàng BIDV Hà Nội Chiều cao+ cân nặng: 1m6,0.0
52kg Vợ làm ngân hàng thì lấy chồng làm công việc gì thì hợp hả mọi người😜 Tình Trạng Hôn Nhân ĐỘC THÂN🌺 TLG: bequynh98z,0.0
Người Hàn Quốc thế nào?,0.0
á nó bán giá rẻ cho một vài khách lấy tín xong nó ôm tiền block khách sỉ,0.0
May quá tui toàn mua tại các shop,0.0
Thông tin còn trắng phớ chứ,0.0
một là scam hai là gom tiền lấy vốn làm việc khác rồi lâu trả ý,0.0
chậm thì 1 tuần hay 10 ngày chứ 1 hay 2 tháng sao mà đượccc,0.0
Thiệt sự là hoang mang luôn ý 😶‍🌫️,0.0
"eo ơi, sao lại ác thế ạ :(((",0.0
Xin lửa với bác,0.0
Đù kiểu thể loại này là chuyện ngược ngược gì hả=))),0.0
"Khúc sau đâu bà, kể nhanh còn trao vương miện",0.0
"Rồi sao bà, thắng được số phận nghiệt ngã không",0.0
Thành viên gạo cội của đội tuyển quốc gia môn rửa chén có khác,0.0
Thắng đậm cmnl :)),0.0
Mom này xịn.,0.0
Riêng mom này không cần mừng tuổi mà tuổi phải mừng mom,0.0
Hãy lãnh đạo chúng tôi,0.0
anh trai này dễ thương vậy,0.0
"Vội quá hả em🤭... thôi nào TongTai hợp tác với hãng chị mua nữa, để dành xài tiếp em 🤭",0.0
"Em xài srm Cerave từ 2016 ấy ạ, dịu nhẹ êm da lắm chị ạ",0.0
Vậy chắc chị xài ok em ha,0.0
"Ok bà, nay mai giao hàng rồi.",0.0
Mang cho sài kê với 😋,0.0
Cái này mình gọi là gì em nhờ🤭,0.0
"Này là ai thúc giục kiểu khó chịu lắm, và mình không ưa họ nữa thì mới thế á!!!",0.0
Lạm dụng từ hỗn thật sự ấy =))),0.0
Phải làm thế.,0.0
Họ hàng cái 💩.,0.0
Mình chửi cũng sướng lắm á:)),0.0
"""Con lấy chồng nữa cô đi nhiêu?""",0.0
"mày có phải con tao đâu"" ""Thì đó nào cô đi 5tr thì con lấy chuyện nhà cô à?""",0.0
"Năm nào cũng câu này🙂 ""Học chắc dở lắm hả""",0.0
Đọc sướng chít đi được,0.0
"Mẹ ngoài said ‘mất dạy, ai dạy mày’, bên trong said ‘mà mày chửi hay thế’",0.0
Tụi bây ơi Cứ họ hàng là mình phải nhẫn nhịn ạ?,0.0
"""con này học hết cấp3 là đi lấy chồng là đẹp"" Xong cứ sai bảo xong cứ nói mình phải như này như kia mới có chồng Mình khó chịu quá nói bả ""bộ không chồng là chết à""",0.0
Chắc bố mẹ bạn cũng thích vậy,0.0
"Sướng quá chị ơi, e đọc mà em ra",0.0
cô/bác vội thì cô/bác đi mà lấy mắc gì bắt cháu lấy?,0.0
"Mình hay bị phản ứng chậm với các tình huống bị bắt nạt bằng lời nói trong các mối quan hệ họ hàng, bạn bè, đồng nghiệp.",0.0
E tránh xa bọn bắt nạt vẫn hơn.,0.0
Có câu ca dao rằng: khù khờ trời thương mà,0.0
Có thể do tính cách hoặc suy nghĩ nào đó trong bạn cản trở sự linh hoạt của bạn.,0.0
Mình có biết một bài test về vùng suy nghĩ của bản thân nè.,0.0
Bạn có muốn test thử nhắn mình nhé,0.0
Tự vệ bản thân,0.0
Hôm qua thấy có chị phản ứng lại kiểu này rất hay,0.0
—> chị nhìn chồng em đi.,0.0
Ảnh dễ thương vậy em còn mê chứ huống gì con em.,0.0
Mình rất thích kiểu phản ứng này.,0.0
"Mình đang muốn nói chậm, sâu để khiến nó phải cứng họng lại á bạn",0.0
Mình thấy đáp trả lại bạn càng khổ tâm hơn chứ chẳng hả hê gì đâu.,0.0
Cảm ơn bạn nha,0.0
Làm cách nào để ghê gớm và phản ứng nhanh hơn vậy mọi người?,0.0
"Mình cứ cắn rứt, phải nhảy lên mới chịu được bạn à",0.0
đi tắm luyện chửi nhau một mình nhiều vào.,0.0
Luyện mọi tình huống mà bọn nó định var mình,0.0
dần dần mình chỉ chờ nó var là mình vả toét l bằng một tràng mình đã chuẩn bị từ trước thôi,0.0
"Khổ chị nhỉ, em cũng từng nghe một trường hợp gia đình nhà chồng như vậy nên tan vỡ hôn nhân, mà toàn những chuyện nhỏ nhặt.",0.0
Hãy yêu thương mình như yêu thương chính con cái mình vậy.,0.0
ăn cái chi mà dạo nì xinh thế!!!!!!!!!!,0.0
hỏi thật đấy @/this_is_joey05,0.0
CON CẢM ƠN BỐ TI ĐÃ CHOA CON SUỘC ÂU ĐI CỰC XINH!!,0.0
UPRIZE Đức Duy OD,0.0
"Em cứ chăm học, nghe lời bố mẹ, phụ bố mẹ việc nhà là tốt nhất rồi.",0.0
"Còn khó quá thì ráng cân nhắc làm thêm, mà cũng phải xem việc làm.",0.0
"Chứ nhẹ thì lừa đảo, nặng thì một vé cam luôn",0.0
Cuối cùng cũng đến lượt bạn làm ngừoi lớn nhưng..,0.0
Cha mỹ với israel thích đụng ai là đánh đấy.,0.0
"Mà có sao đâu, ăn ít, hưởng thụ ít lại, sống tiết kiệm hơn.",0.0
"Sắp rồi, chiến tranh rất tốn kém, tuy nhiên hệ luỵ sau chiến tranh không phục hồi ngay được.",0.0
Nhưng ít ra hết chiến tranh thì tinh thần mọi người cũng đỡ căng thẳng hơn.,0.0
Hỏi Trump ý bạn ơi,0.0
nhìn giá xăng giá đồ ăn tăng mà xót cho bố mẹ lắm ạ.. nhà đông ae thì càng lo lắng,0.0
chẳng biết snay càng ngày càng lạm phát mà bố mẹ càng lớn tuổi lương chẳng tăng thì chật vật đến nhường nào:(,0.0
cưới xong rồi nhưng giờ mới nhận được ảnh film ăn hỏi 🥹 mòn mỏi chờ lab 10 ngày nhưng nhờ người chụp hơi báo,0.0
ảnh đều từ một cuộn nhưng màu thì hên xui 😭,0.0
"Em ví dụ anh xem nào, anh đnag định viết 1 bài về những yếu tố ảnh hưởng đến màu sắc của 1 cuộn film :)",0.0
"Ánh sáng khác, màu sắc môi trường khác thì màu ảnh nó khác là bình thường mà em :)",0.0
ai báo tự biết 😇,0.0
Quán chay 1.,0.0
"Ỏ biết ưn sốp, để tui note lại, tuần này đang hết chỗ đi ăn",0.0
hôm nào thử thêmmm tira bên tuii nữa nha 2 bác,0.0
các món được mang ra sau khi đã được nấu + hấp lại vừa miệng nhiều món lạ nhưng có món ngon món không giá vừa phải vắng,0.0
Ái chà ái chà xịn xịn,0.0
"Thôi chết rồi, tự nhiên tưởng tượng tui là bồ cái thở không nỗi luôn á 🥲",0.0
Ê ý là nếu tui là bà thì tui có thể ngất :))),0.0
chấm hộ mình nhéee,0.0
Dạ dưới 1m: miễn phí 1m đến 1m3: giá 289k/ng Trên 1m3 tính như người lớn ạ,0.0
hoặc tin nhắn thread nhé ạ,0.0
Mình nhắn tin qua ig:,0.0
Hỏi chị sếp bà nhé :)),0.0
buồn mà gặp chuyện của hai bạn healing vl 😭,0.0
Nhả vía nhả vía 🍃,0.0
Động lực đi làm là đây chứ đâu,0.0
"Ơi tui không biết bồ đang trải qua những gì, nhưng tui mong mọi việc rồi sẽ tốt lên vồi bồ nha.",0.0
Cố lên nè.,0.0
tui đọc mấy bài của bà mà còn thích hơn đọc bhtt nữa 😭,0.0
yêu thế huhu,0.0
"Mà chị bé ơi, sao chị biết là em thích loại này mà đem cho em vậy ạ?",0.0
Tôi có cảm giác như đọc bhtt :)),0.0
Người ta yêu nhau tôi rung động☺️,0.0
“Bảo hành tận tâm” hả bồ :))),0.0
N-nhưng hôm nay tui có gà đâu?,0.0
Mình đã saved khoảng ~900 điểm ăn uống và ~450 quán cà phê có tiếng (hoặc không :D ) ở tất cả các quận Hà Nội để đi kiểm thử,0.0
"""Ăn xong quanh đó có quán nào ngồi ún không nhỉ?""",0.0
"Miến Trộn Hiền Béo · Hanoi, Đống Đa, Hanoi",0.0
Phở HN · Hiếu Nguyễn Minh,0.0
:(( bác có địa chỉ mới chỗ Khâm Thiên khum ạ,0.0
Đầu năm lướt thread gặp người tốt,0.0
ôi đồng nghiệp à 🤓🤓,0.0
Café · Nhật Vũ,0.0
Sg chào hn nhé :))),0.0
Công đức ngài vô lượng 🤲👑,0.0
Share link để cạ nhà mình cùng thẩm thử:,0.0
bro thực sự đã ăn sập hà nội,0.0
Mình gửi ạ,0.0
Bạn làm thế nào để có thể pin được địa điểm lên gg map vậy ạ,0.0
tui đăng lại luôn rồi chỉ sợ mất acc,0.0
Ăn đồ Hàn,0.0
Quán ăn HN · Hiếu Nguyễn Minh,0.0
Nay chưa kịp thẩm hết thì đã Nam tiến.,0.0
=(( Rấc cần các list ăn uống ợ HCM ạ,0.0
Gà rán & Đồ Hàn HN · Hiếu Nguyễn Minh,0.0
Save lại sẵn luôn năm sau về tìm khó,0.0
Ăn vặt maps.app.goo.gl/EFijT…,0.0
"Cho mình xin link coffee nha, mìn cảm ơn nhiều",0.0
Coffee & Tea HN đêm · Hiếu Nguyễn Minh,0.0
Mình sắp có khách nước ngoài tới chơi mà thích đi uống mà mình không biết quán nào ạ 🥹 mình cám ơn bạn nhiềuuu,0.0
Tôi xin list quán đồ Hàn với ăn vặt được không bác ơii,0.0
Mình tạo list xong lưu bác ạ,0.0
giờ 2 người cũng thân hơn 2 ông chồng nữa 🙂,0.0
Xin info set áo dài và khăn đi bà,0.0
Hẹ hẹ tks pà iu,0.0
Xinh quá ạ.,0.0
Áo dài xinh quá chị ơi,0.0
Xinh quá huhu.,0.0
Em cảm ơn ạaa,0.0
Huhu xinh quá í,0.0
Tks ngừi đẹppp,0.0
Lễ ăn hỏi của tôi.,0.0
Lên ý tưởng suốt 5 tháng,0.0
"Ui ảnh đẹp quá ạ, cô dâu visual xịn",0.0
đẹp chỉnh chu quá shop ơi,0.0
Cảm ơn bạn áo dài xanh nhé 🫶🏻🥰🤣,0.0
uồi uôi xinh nha pà,0.0
Trời ơi đám hỏi đẹp quá sốp ơi nhìn sao mà nhạc xập xình nhạc vui quá vui tiệc cưới mừng uyên ương sánh đôiiii,0.0
Chiếc ăn hỏi ngắm đi ngắm lại tỉ lần vẫn mê 🤭,0.0
tư duy như cái q =)))) ai mà muốn hiểu,0.0
Mình ở xa,0.0
nó còn chỉ cổng ra sai của idol bắt fan Inter đứng đón cp khác đ có cp của mình,0.0
:))) ôi brand kêu là fan inter tham gia được xong cái bảng 50ng dell có tên inter nào luôn toàn tiếng thái may dell lao đầu vào nhiều,0.0
Cái vụ QueQ cho only fan thái thì interfan thấy làm ầm gì nhưng vụ điền form của interfan thì fan thái đỏng đỏng lên =))),0.0
kêu người Việt là người Trung Quốc chưa chửi cho là may còn qrt kiếm chiện nữa,0.0
Top50 VietNam trên Spotify No1 lúc nào cũng là Seven của JungKook hết vậy mọi người mình nhớ là top1 mấy năm rồi á,0.0
có bao giờ bị bài nào vượt qua chưa vậy cả nhà,0.0
ngày nào cũng nghe 10 cử,0.0
tui block nhạc nước ngoài vì chỉ muốn nghe nhạc Việt trên BXH nhạc Việt =))),0.0
đẳng cấp vậy troi,0.0
"Thật ra có nhiều rồi á, nhưng mà lên được vài ngày xong xuống.",0.0
Hồi đấy No.1 và các bài dàn hàng trên bxh nhiều tới nỗi năm đó Spotify Vn phải lập nguyên 1 bxh wrap-up (only Vnese singer) vì nếu tổng hợp chung thì top 50 Vn cũng không được quá 25 bài của nsi Việt.,0.0
"nhưng mà nói gì nói, Seven nó hay thật 😭🤟",0.0
Có con mã này từng lấy top1 được mấy ngày 🤣.,0.0
Ngoài ra cũng còn nhiều bài nữa,0.0
tại tuần 7 ngày mà ngày nào mình cũng làm 3 cử á,0.0
PAK mọi nền tảng luôn mà =))) quả này hay thiệt.,0.0
lần nào bật cũng phải nghe bài này,0.0
Mất Kết Nối của Dương Domic từng top 1 nhà bạn,0.0
tây tây mà tình tình,0.0
"nhất là ""please dont change"" hay điên dại luôn á. mấy năm rồi mà tuần nào em cũng nghe =)))) nhạc top1 chất lượng cứ phải gọi là 🤌🏻",0.0
Cho mình hỏi có ai biết cô dâu chú rể may áo dài cưới ở đâu không ạ?,0.0
phóng sự cưới,0.0
Cảnh báo lễ ăn hỏi này siêu nhiều moment đáng iuuu 🎬 by,0.0
Bắt khoảnh khắc dễ thưn quá,0.0
Cái này mình khum rõ 🥹,0.0
Bài này tên gì vậy ạ,0.0
Giao hưởng tân thời Ngày Xuân Vui Cưới ạ,0.0
1 tuần 7 ngày mà bạn=))))),0.0
Có Mất Kết Nối của Dương Domic Từng Quen của Wren Evans Không Đau Nữa Rồi EXSH,0.0
Dù Cho Tận Thế của Erik với Đừng Làm Trái Tim Anh Đau của Sơn Tùng từng vượt seven để đạt No1 á.,0.0
từ đó đến giờ có vài bài vượt được thôi đấy,0.0
Ơ thía là lại thành seeding 0đ cho Fujimart à 🫨,0.0
giờ quân mình phải giả bộ không quen để các e được ồn nhiều hả =))))))))))))),0.0
uày đang nghe beautiful girl luôn nè,0.0
ủa alo tự dưng yêu Fujimart,0.0
Đúng gu thì bạn nhớ nghe thật nhiều vào nhée.,0.0
Hữu duyên quá trờii,0.0
Beautiful Girl mãi đỉnh,0.0
Sau Fuji Aeon sẽ là nơi đội quân chuẩn bị đổ bộ.,0.0
Ghen tỵ chưa hehe,0.0
mai bật full list ở quán e,0.0
đổi đi :))),0.0
Để tui đi gọi quyền trợ giúp cho mom nhée.,0.0
Cả nhà cho toi hỏi chút.,0.0
tìm hoài trong giấc mơ là em,0.0
"""Method"" là gì vậy ạ",0.0
chuyên ngành thực phẩm chức năng mỹ phẩm và có thêm tí kinh nghiệm E-Commerce.,0.0
Chị mình đang nuôi con nên thật sự cần việc lắm luôn í 🥹🫶,0.0
"Mình tuyển sale online cho Helia Fine Jewelry ở Quận 3, ngành trang sức.",0.0
Mình có ạ,0.0
hơn cả tác động vật lí,0.0
ôi tác động vật lí luôn….,0.0
chúc mừng chị hoa héo Ngọc Diệp rơi vào bồn chứa tinh cầu thủ Xuân Bắc 😂 !,0.0
Công an fake hay real đây ?,0.0
hay là chin hoa héo này bị thiếu fame nên ráng post về hình ảnh với cầu thủ bỏ con này ?,0.0
mé cái meme gốc đó là con mèo ngồi trên ghế mà nhỏ đổi thành con chụt luôn,0.0
Các nhóm nam NW cũng quậy quá trời quậy.,0.0
Các nhóm nữ thường ít quậy hơn.,0.0
Mà hnao quậy là bành ki ó.,0.0
Với lại bên Nw chủ yếu chơi NVNK á nên hay lên quà lúc nvnk.,0.0
Còn pk ít hơn thoải mái chút dễ kéo view với tạo thoải mái giữ chân viewer á,0.0
trên live quậy là lúc hoạt hình nhất🤣 nay coi cười muốn bịnh,0.0
"trưa nhảy jet jet quậy banh cái live mà tối bày đặt nhạc buồn, 7 tình =)))",0.0
Nay mấy cổ quậy bành ki hài điên lên được,0.0
"có bé user bằng tuổi ẻm đó, nhỏ chụt ít bạn toàn mấy anh chị thuo🤣",0.0
còn cái avt của nhỏ nữa,0.0
"Tui hơn ẻm có mấy tháng thôi, nhưng nhất quyết kêu bằng “ẻm” chứ không bạn bè gì hết nha 🤣",0.0
Đây đâu phải lần đầu 🙄🧐,0.0
proof bằng dưa thì đúng chỉ có cám lợn =))),0.0
Thôi chúc cám chanh ngày ngày liếm chân nhãn hàng giúp bố bỉm nhé.,0.0
Chắc ai đó sẽ care.,0.0
Nhãn hàng nhìn mặt bố tôi toàn mụn cục thế kia sao dám book hở bà .,0.0
Lũ cám ngu cứ cho rằng nhờ cha già mà Du mới có ngày hôm nay vì không chấp nhận được sự thật thàng cha nó vừa già vừa phế,0.0
hơn nữa năm méo làm được gì ra hồn chỉ biết bào tiền đám ngu tụi nó để mua Hermes cho vợ cho chuchu đi học trường quốc tế🤭,0.0
Đừng ngu hiếu.,0.0
Mình ngộ ra rồi.,0.0
Lén đi kiếm việc khác trước đừng nói bố mẹ nha chị,0.0
giờ mình ở thế khó xử thì pk làm sao bạn,0.0
:)) ở tù à Đủ 18t là có quyền tự sinh tự huỷ rồi Sao phải khổ vậy,0.0
:)) chạy ngay điii,0.0
Nhưng sao thắc mắc mà 28t lương 4tr vậy.,0.0
Thay vì kêu thì cố kiếm tiền nhiều rồi 2 mẹ con ra ở trọ riêng cho thoái mái,0.0
Còn hơn ở ngục á,0.0
"Dạ, ngon và rẻ.",0.0
Hôm 8/3 em và mẹ có ghé qua mua thấy bà cũng hơi mệt,0.0
bà có kêu là bà mới đi bệnh viện về vì tăng huyết áp nên bà mệt lắm nhưng phải về bán tại bà thuê mặt bằng 200k 1 ngày.,0.0
Em cũng thấy có mấy anh chị cũng dễ thương lắm cũng chịu đợi bà làm 🥹,0.0
Confirm là ngon nhắm ạaa.,0.0
Đợi tầm 15ph nhé,0.0
"Bạn ơi, mình chúc bạn nhiều sức khoẻ để có thể hỗ trợ thêm nhiều ông bà khó khăn nữa nha 😇🙏 Cảm ơn bạn nhiều 😊",0.0
tại mình nhìn bà thấy quen lắm,0.0
bà mới nhập viện cấp cứu về do bị suy giãn tĩnh mạch với cao huyết áp nữa 🥲,0.0
Mình cảm ơn ạ 😇🙏,0.0
thấy mấy bài của các ông bà cụ lớn tuổi bệnh tật vẫn phải mưu sinh vầy để nuôi con mình buồn dữ lắm :((( nếu có đi ngang mình sẽ vô mua tại mình rất thích ăn takoyaki,0.0
Chào anh chị ạ em là shipper tự do ai có cần em mua hộ và ship thì có thể nhắn em ạ,0.0
em sẽ lấy rẻ hơn trên các app giao hàng cho ac ạ,0.0
Dụ con bú nữa trời ơi tui vẫn còn giữ cái note thời gian con ti lượng sữa con ti,0.0
Hahaa chúc mừng mom sắp thoát khỏi cảnh ám ảnh đó hahaa,0.0
Thế là bạn chưa hiểu easy thì có :)))),0.0
Dạ em cũng qua giai đoạn đó rồi giờ nhìn lại mới dám chia sẻ nè mom ơi.,0.0
Em cũng từng vậy mom ơi sau em kệ luôn chơi chung với nó 1 thời gian nó tự ngủ lại như thường à,0.0
đặc biệt mua chó mèo ở thái bình nhe bên đó ổ chó mèo bị parvo,0.0
"Này cũng rủi ro bà ơi, mèo nhà tui trước của người quen bán rẻ á, kiểu mèo nhà đẻ cho rồi bán lại nhưng vẫn bị gbc á bà.",0.0
Mà trộm vía bé hợp thuốc nên đã khỏi bệnh,0.0
Giảm bạch cầu 2 ưi,0.0
Thương bé mèo 🥲,0.0
Phốt trại đó lên cho mọi người tránh em ơi,0.0
GBC là giấy báo có hở,0.0
"ôi trời ưi thương thế hicc, bà có làm to không",0.0
Shop nào thế bạn,0.0
Vcl chưa xong nữa hả e,0.0
Các Bạn đã bao giờ đi mua MÈO 1 ngày về test bệnh viện ra gbc rồi bị chủ shop chửi “Chúc nuôi con mèo nào thì ch.e.t con đấy” chưa🥰,0.0
gbc là giấy báo có hả mom,0.0
Bố láo thật…,0.0
GBc cỡ này là ủ từ trước rồi,0.0
"Em còn bị cấm mang ra thú y 3 ngày đầu khi mới mua về, ra bệnh tự em chịu trách nhiệm đây 🥹",0.0
"Thất đức quá rồi bà ơi, khổ thân bà, giờ bé sao rồi bà?",0.0
Tui hg mua mèo mà mua chó mới về nhà sung lắm xong 2-3 ngày sau phát bệnh rồi chết,0.0
đi nói bên bán thì họ nói “thành thật chia buồn nếu chị mua lần 2 e giảm cho 30%”,0.0
giảm bạch cầu á mom,0.0
Lổ đầu luôn fen ơi =]]],0.0
Con dẩm nhà mình không lười kiểu vậy á,0.0
Được cái tướng nằm cũng ít có duyên dáng,0.0
thích vl kiểu ngủ trưa dậy thấy 1 con nằm trên đầu,0.0
"Chính xác, tối đi làm về mệt thì ôm nhau ngủ là hết nấc 💯",0.0
Mấy đứa lười tốt nhất là nên nuôi mèo.,0.0
"Tao nằm ườn cả ngày, con mèo cũng nằm phè râu nguyên ngày.",0.0
"Thân ai nấy lo, đéo ai phiền ai.",0.0
Đỉnh cao hoà bình thế giới.,0.0
Nhớ những ngày người vào mèo nằm ôm nhau ngủ tới chiều kệ mẹ thời gian hihi,0.0
"có ai đã bao giờ lên stream uống bia rồi khóc vì tình đầu chưa, có lên cả quỹ/kế hoạch nuôi con gái chưa?",0.0
hữu duyên lắm mới đu,0.0
ok cùng gây luôn,0.0
thiết nghĩ mọi người nên học cách kệ mẹ fan cp mà sống.,0.0
phiền mà nghĩ mình chiến binh công lý 🆑🆑🆑,0.0
may mắn vì đu cp này 😍,0.0
"""ơ thế ship thế rồi sau này chúng nó có cưới nhau không?""",0.0
"- ĐƯƠNG NHIÊN LÀ KHÔNG, TRAI THẲNG THÌ CƯỚI 🆑 GÌ",0.0
ship vội kẻo tiếc 😚,0.0
Có tôi có tôi,0.0
"có ai đã bao giờ thẳng thắn về việc không thích bị ship couple chưa, 25 tuổi yêu đương êm ấm bạn gái xinh xắn chưa?",0.0
"có nhiều á, và Chovy là 1 trong số đó",0.0
có ai ship 2 trường hợp trên chưa?,0.0
Mình xin cảm ơn rất nhiều!,0.0
"Mình đang có một bé cún mới 3 ngày tuổi, không may vừa mất mẹ nên hiện rất cần được bú sữa chó mẹ.",0.0
"Nếu anh/chị/bạn nào ở Sài Gòn có chó mẹ đang nuôi con và có thể cho bé cún bú ké, mình rất mong nhận được sự giúp đỡ.",0.0
Mình sẽ mang bé qua và biếu thêm đồ ăn cho chó mẹ để cảm ơn.,0.0
Mình có chó mẹ mới sinh hơn 1 tuần,0.0
ôi sao nó yêu thế này,0.0
"và nhạc hay lắm, jeong ian thì xinh khỏi nói á bà ơi!",0.0
tầm này chắc an tâm nghỉ hưu sớm chứ chạ phải lo chi nứa,0.0
xinh quá 😭,0.0
ôi gái iêuu 😭🤏🏻,0.0
dễ thương điên,0.0
Côn gái iuuu,0.0
nhờ tus mà tui khỏi phải cap ảnh xong cắt nữa hjhj,0.0
như búp bê á má oi,0.0
Nhóm nì có 3 em quả visual đỉnh thật.,0.0
nhỏ này trông iu théeee,0.0
con gái nhà mềnh xinh quá nè,0.0
"Mỉnh ở HCM, có thể ship toàn quốc",0.0
Máy hâm sữa dđ Topgia mới 100% (2 vc mua để dành đi tiêm mang theo nhưng cuối cùng chỗ tiêm cách nhà 10 phút nên cũng chưa dùng luôn),0.0
"Vì mình đã dừng hành trình nuôi con bằng sữa mẹ nên muốn thanh lý 1 số máy móc, các mom có nhu cầu thì tham khảo nha.",0.0
Vì chỉ mới dùng tầm 2 tháng nên đồ vẫn còn tốt và mới,0.0
check mess mình nha,0.0
Máy hút sữa Momcozy V2 Pro mới 80% (Mình hút L5 nên dùng máy rất kỹ) dòng V2 pro này thì độ kiệt phải nói tuyệt vời,0.0
cúp to âm thanh êm pass 2tr 2.,0.0
Máy hút sữa Fatz Baby Resonance 3 Plus mới 90% (Em này mình mua ở concung dây hút mạnh nhưng do không có người trông bé nên đổi sang Momcozy),0.0
Mẹ và bé,0.0
mọi thứ đều có giá của nó giá của 0 đồng hôm nay là cả cuộc đời mai sau,0.0
Là khó với nhiều gia đình nha,0.0
Cái này ba mẹ phải trã à?,0.0
Trước mình toàn tự lo.,0.0
Nuôi con học đại học như này đủ không anh chị.,0.0
"Học viện An ninh Nhân dân (4–5 năm): ~0 đồng (Nhà nước bao cấp, chỉ tốn tiêu vặt vài chục triệu).",0.0
Học sư phạm nữa cũng tiết kiệm lắm đó,0.0
học bằng TV+TA (khoảng 30-35% các môn bằng TA) điểm chung là đều là bằng chính quy hết,0.0
Hệ clc là hệ gì vậy bác nhỉ,0.0
Y thì phải tính thêm chuyên khoa/bsnt và tiền chạy việc nữa chị nhé.,0.0
Chứ học 6 năm ra về đuổi ruồi thôi,0.0
"- ừ tao vẫn ship, kệ mẹ tao đi",0.0
E có vài idea mún hợp tác với anh <3,0.0
"Mình 35 tuổi mình khởi nghiệp bằng việc làm lân mini, rẻ thôi chỉ 400k/bé.",0.0
Tất cả là mình tự vẽ tay giống 90% mẫu lân lớn.,0.0
Vì là hàng chế tác thủ công nên thời gian sẽ hơi lâu nhưng sản phẩm thì mình rất tự tin.,0.0
Các bạn ủng hộ mình để có thu nhập nuôi con nhỏ ạ 🙇🏻‍♂️🙇🏻‍♂️🙇🏻‍♂️,0.0
Cảm ơn chịiiii,0.0
Mình chưa biết chất lượng ra sao nhưng về giá thì thật sự khá đắt.,0.0
Dạ em đợi thành phẩm của anh ủng hộ ạ,0.0
Xin giá mẫu này ạ,0.0
Đặt mua cách nào vậy bạn ơi,0.0
"Dạ để em tìm hiểu về esty, em cảm ơn anh đã gợi ý ạ 🙇🏻‍♂️",0.0
Anh design móc khóa kiểu lucky charm với ạ.,0.0
Em bên duy tâm nếu được em nghĩ ukie lắm luôn á,0.0
Mình góp í xíu :3 Mình cũng thấy ân tượng và thấy bạn làm rất đẹp,0.0
tuy nhiên mình chưa hình dung được mua về xong mình sẽ làm gì với sản phẩm này .,0.0
Bạn thử nghiên cứu cách dùng và dùng thì mang lại lợi ích gì cho người mua nha :3 Khi đó có thể những người dùng bình thường như mình cũng có thể sử dụng sản phẩm của bạn :3 Chúc bạn thành côngg,0.0
Xinh quá anh!,0.0
E cũng đang làm lại từ đầu đây.,0.0
Mong chúng ta đều tốt hơn mỗi ngày 🫶🫶,0.0
Dạ để mình nghiêm cứu nhennnn 🙇🏻‍♂️🙇🏻‍♂️🙇🏻‍♂️,0.0
Ở tuổi của em chắc chắn em đã suy nghĩ chín chắn và có tệp khách hàng riêng nhất định rồi và cũng bản thân em hiểu sản phẩm của mình hơn tất cả.,0.0
Anh thấy sản phẩm em có thể mở rộng thị trường ra nước ngoài.,0.0
Bán ở các sàn như etsy chẳng hạn á em.,0.0
Wow đẹp nha,0.0
"Dạ, củng cố niềm tin-cùng nhau tiến tới 🙇🏻‍♂️🙇🏻‍♂️🙇🏻‍♂️",0.0
em xin giá fansign ạa,0.0
Sorry có bạn chốt rồi nha e. Mèo cụa chị hot quá !,0.0
Hic e tính chụp 1:1 xong chạy về quận 7 đi Supershow10 🥲,0.0
Tính múc cái 1:1 nè mà lo quá huhu,0.0
còn tote bag hum chị,0.0
Check ib nhoa,0.0
Còn 1 cái em,0.0
Mình thấy trên shopee khoảng 600k/hộp á mom,0.0
Các mom nuôi con nhỏ đang dùng sữa công thức loại nào cho bé vậy ạ?,0.0
Pass Hikid Premium mới dùng 5 thìa - 400k ạ,0.0
mình từ meiji chuyển qua similac total pro thấy khá ổn nhược điểm là pha khó tan,0.0
bé nhà mình ăn meiji bị đi ngoài phân nhầy có bọt nên mình đổi qua similac thấy khá oke,0.0
em nè cũng là bạn đi du học gửi tớ nuôi nèee ✨✨ hỏng phại ẻm bị bỏ rơi nhenn,0.0
Mắt to đáng iu thí,0.0
dì 2 chả làm lại dượng 2 và lì😑,0.0
con nuôi thêm một em nữa ❌ nó bị bỏ rơi ngoài đầu ngõ con thương nên nhặt về ✅,0.0
sờ thấy cả xương sườn 😭,0.0
"""bố ơi con này bị người ta ngược đãi phải sống hoang ngoài đường tội nghiệp lắm",0.0
"mình tạm thời cho nó ăn uống ở tạm nhé rồi con tìm người nuôi nó cho 🥹🥹🥹"" và 10 năm sau tui vẫn đang tìm người nuôi nhỏ này:",0.0
❌”cho con nuôi thêm 1 em nữa nha” ✅ “mèo bị bỏ rơi”,0.0
=))) kịch bản rõ ràng thế,0.0
"M7 chị làm, chị có lì xì free làm tóc theo yêu cầu khi đặt makeup nè",0.0
":)))) vãi cả bịp, bà book tui chưa.",0.0
Tui đâu có bắt cọc.,0.0
oi oi có lì xì nữa thíc quó,0.0
Tui mồng 7 làm lại á bà,0.0
Tui ở vinhome q9 á,0.0
Ib em để makeup xinh lại còn rẻ nhé 💕,0.0
Mẹ bỉm make up tại nhà nên lấy giá rẻ Make up theo hình giống 80-90% Make up có skincare đầy đủ Mỹ phẩm chính hãng có bill mua hàng nên khách yên tâm nhé,0.0
ở đâu a,0.0
Rep ib em với ạaa🥹,0.0
Sốp ở đâu vậy,0.0
Mùng mấy chị làm,0.0
l này bịp á cả nhà.,0.0
nhìn pro file đ có tấm nào là tự chụp =)),0.0
4 lý do nên học tiếng Anh giao tiếp mình dạy 👇,0.0
E quan tâm ạ,0.0
Minh quan tam ạ,0.0
Học phí rẻ.,0.0
"Tính trung bình tháng khoảng 670k vì 1 tuần 2 buổi, mỗi buổi 90 phút.",0.0
"Mình muốn nhiều bạn có cơ hội học tiếng Anh có người hướng dẫn nên học phí dành cho các bạn sinh viên, mẹ bỉm cũng có thể học.",0.0
Mình đã nhắn bạn qua ins rồi nha.,0.0
Bạn check tin nhắn chờ nhé 😍,0.0
Mình có các buổi dạy livestream hoàn toàn miễn phí hàng tuần …,0.0
Cô dạy off ở đâu vậy ạ,0.0
"Chị chưa nhắn được cho e trên Ins, e vui lòng nhắn chị qua Zalo nhé: 0348.993.966 😍",0.0
Tiếng anh giao tiếp,0.0
Em xin thông tin ạ,0.0
Mình đã từng làm việc tại rất nhiều trung tâm và chưa hài lòng về cách các trung tâm đang nhồi 15-20 bạn 1 lớp.,0.0
Không hiệu quả.,0.0
Mình mở lớp onl 4-8 bạn học.,0.0
Tớ có 6 cái tất cả.,0.0
Mà hiện giờ shop ít mẫu quá,0.0
Minh xin giá túi giống bạn,0.0
Chào các mẹ bỉm tụi mình là WT Leather – thương hiệu đồ da thủ công Việt Nam với sp chính là túi xách ví,0.0
thắt lưng cho nam & nữ.,0.0
Sp làm từ chất liệu 100% da thật nên độ bền có thể lên tới hơn 5-6 năm cùng chế độ bảo hành & bảo dưỡng trọn đời.,0.0
"Các mẹ đang tìm túi để đựng bỉm sữa mà vẫn đảm bảo thời trang, bền theo năm tháng thì ghé WT tham khảo nha",0.0
Ui ngày xưa mjnhf nhớ từng mua tặng nyc 1 lần trong vincom,0.0
Chuyển chuyên mục túi bỉm sữa sang túi xách điệu cho các em gái nhà mình thì có em nhaa các bác uiii.,0.0
"Ra 354 còn rẻ hơn , Bạch Mai còn rẻ hơn cả rẻ ạ",0.0
Hồi đấy em chọn phòng xịn nhất nưaz =))),0.0
Tổng hợp chi phí đi đẻ cho các mom tham khảo: Phụ sản Hà Nội: sinh thường 25-30tr sinh mổ 30-40tr Phụ sản TW: Sinh thườn 12tr,0.0
sinh mổ 20tr TMW Quân đội 108: 22-31tr sinh thường sinh mổ 38-54tr Thu Cúc: sinh thường 21-42 triệu sinh mổ 39 8-80tr Tâm Anh: sinh thường 22 6-41 triệu,0.0
sinh mổ 32-56 triệu Vinmec: sinh thường 37-62 triệu sinh mổ 51-82 triệu,0.0
Làm hss nhập viện đẻ ạ.,0.0
Đẻ lần đầu nên sinh thường hay mổ ạ,0.0
"Phụ sản TW mình đẻ rẻ rề à, nếu không dùng gói dịch vụ.",0.0
Có thể đẻ bình thường xong dùng các dịch vụ sau sinh khác của viện.,0.0
"Đợt mình đẻ hết gần khoảng 300k, do dùng BHYT và đẻ trong ngày nên chỉ chịu 20%.",0.0
"Và dùng các gói dịch vụ sau sinh và tiêm mũi giảm đau, tổng khoảng hơn 7tr 1 xíu",0.0
Bạn có biết giá bên Hồng Ngọc và Phương Đông không ạ.,0.0
sao PSHN lại đắt hơn PSTW nhỉ,0.0
Căng thế mom!,0.0
làm hss sctg rồi huhu cuối cùng bục phát đi khám mở moẹ 2p=))),0.0
Chưa đến 20tr ạ,0.0
Thanh nhàn 6tr đẻ thường full combo quá thích ạ,0.0
Giữa phụ sản hà nội và phụ sản tw thì nên đẻ ở đâu và đẻ bs nào vậy các chị ơi,0.0
Sao shop lại 21-42tr vậy 🥲,0.0
"Quá sạch sẽ và ổn áp luôn, vắng vẻ, rộng rãi.",0.0
Có bác nào biết chi phí đẻ ở Việt Pháp với Hồng Ngọc không ạ?,0.0
có dịch vụ chăm bé hộ người nhà như ở viện tư luôn,0.0
d hả xin lỗi,0.0
tui thích cả 5 thì sao mí mom=))))).,0.0
nguyên nồi thập cẩm,0.0
ẻm kiểu truyền động lực lắm,0.0
kqt gỡ avt đi con bệnh 👎,0.0
+1 máy stan em Kẹo😭,0.0
sì tan kẹo bếu nhưng lowtech 💔,0.0
Đúng rồi á bạn giờ mình phải đăng ký học thêm nè bạn,0.0
Người đi xkld với du học về nhiều lắm bạn ơi giờ toàn đòi trình độ toppik 5 nghe viết nói thành thạo bằng cấp,0.0
Thị trường việc làm ở Vĩnh Phúc thật khác so với Hà nội.,0.0
"Mình stress quá, không biết bao giờ mới tìm được một công việc phù hợp với bản thân nữa😢",0.0
việc làm tiếng Hàn,0.0
Ở VP thì bạn qua Phú Thọ tìm việc nè.,0.0
Mẹ bỉm bận rộn không có thời gian thu dọn đồ mà nhìn sương sương có quá nhìu đồ mua về chưa dùng hoặc dùng siêu ít muốn pass.,0.0
Hiện giờ mọi người pass đồ ở đâu cho hiệu quả vậy ạ?,0.0
"Phấn phủ Chanel, mua về dùng thử 1-2 nhát.",0.0
Mình có nha,0.0
Mấy bé Fwee Phấn má 300k Son bóng 150k/c Son hũ 200k/c,0.0
"Thỏi Chanel vỏ thuỷ tinh này đắt nhất trong các dòng son Chanel, mua tầm 4tr2-4tr5 gì ấy.",0.0
Phần lõi có thể rút ra để thay lõi màu khác vào cái vỏ son này nha.,0.0
"Dùng ít lắm, pass 2tr5 em này ạ",0.0
Những gì các bạn cmt mình đều cố gắng đọc hết và hầu như không có gì sai kể cả là chửi mình đi nữa.,0.0
Cảm ơn các bạn.,0.0
"Bỉm rascal friend, tã rascal and friend cao cấp NewZealand, bỉm tã rascal and friends chính hãng | Shopee Việt Nam",0.0
Đúng rồi nè.,0.0
Natural blossoms chị ạ.,0.0
"Mềm, mỏng, giá đi đôi với chất lượng",0.0
[ MẪU MỚI ] BỈM NATURAL BLOSSOM NỘI ĐỊA HÀN DÁN/ QUẦN NB30/S30/M26/L24 L24/XL22/XXL20/XXXL18 | Shopee Việt Nam,0.0
"Mom oi mom mua bỉm này ở đâu vậy ạ, chỗ em mua hết hàng roi 🥲",0.0
"Ngày Elpraire, bỉm đêm lomoms nha ạ",0.0
Chị Ly thử Nature blossom nhé.,0.0
Bỉm siêu mềm êm nên em đã đổi từ Moony qua loại này.,0.0
tuy nhiên là cũng có nhiều chứng nhận bề mặt sp an toàn cho trẻ em cho đủ các thị trường Can Anh … nên em cũng tin tưởng,0.0
"Mặc dù cầm nặng tay, nhưng được cái nguồn gốc rõ, cực kì khô ráo mặt khiến da bé không bị hâm",0.0
"Hoppiiiiii bà ơi, phải thử Hoppiiiii",0.0
"Mom mua bỉm này ở đâu vậy ạ, chỗ mình mua hong có hàng nữaa",0.0
"3 tháng đầu e dùng moony, còn hơn 3 tháng e dùng naturelovemere xen kẽ với momo rabbit ạ.",0.0
Siu thích ấy,0.0
"Tấm lót chống thấm cho bé, bề mặt Organic MONONA siêu mềm mịn, tự nhiên, kháng khuẩn | Shopee Việt Nam",0.0
Gòi lên tiếp phần 2 nha các mom!!,0.0
Với vốn kiến thức 1 tháng chăm con của hồi đó thì đây là những gì thực tế tui đã trải nghiệm và chấm điểm.,0.0
Các mẹ bầu bé ngựa,0.0
mẹ bỉm mới sinh có thể sẽ cần ạ🫰🏻 Nào rảnh tui review thêm đồ em bé tui dùng đến hiện tại nữa cho mấy bà tham khảo nhaa!,0.0
Ủa bà xem đâu đắt thế.,0.0
Tầm 80k thoi nè,0.0
"Đội nào vô địch càng nhiều càng đông fan thôi, ai mà chả thích chiến thắng má.",0.0
Bên T1 VAL có vô địch thế giới lắm đâu đòi đông fan như LOL.,0.0
Chơi rồi thì xem làm gì ba.,0.0
Ra net có máy thì ngồi chơi mắc gì xem thằng máy bên cạnh làm gì,0.0
Bởi vì lol có faker còn valorant thì không,0.0
thứ nhất là bên Val nhiều đội cạnh tranh từ nhiều khu vực chứ không bị 1 màu như bên LoL,0.0
Thấy game val edg lắm fan gơ nhất thì phại,0.0
Nó do tính chất game ó má,0.0
Góc thắc mắc: Vì sao các mẹ bỉm xem T1 LOL nhiều mà T1 Valorant lại không thấy ai nhỉ.,0.0
Coi làm gì cho nó mắc ói ra?,0.0
"=)))) chơi nhiều đâu có nghĩa là xem đâu ô, tôi chỉ xem t1LoL thôi, còn val lâu lâu xem tí chứ cũng không fan phủng gì",0.0
"Mẹ bỉm tập xây kênh, tui fl đầy đủ mà toàn bị huỷ thoai.",0.0
Dạ ruid ạ,0.0
Chị ui chị hay post ảnh ở nền tảng nào thía ạaaa,0.0
Nhiếp Ảnh 360 - Mùa 2 - Những mẹo chụp ảnh đáng giá,0.0
Là một photo chụp ảnh sân khấu hiện đang nghỉ làm mẹ bỉm giữa hiệp.,0.0
Vẫn là các cách set thông số cơ bản mình nêu trên.,0.0
Phần còn lại nằm ở sự linh hoạt về thông số và khả năng hậu kỳ của bạn.,0.0
Tks chị ạ sẽ về nghiên cứu đân 🫶🏻,0.0
"Ánh sáng sân khấu thay đổi liên tục, mạnh – yếu bất thường, dễ cháy sáng mặt người.",0.0
Thường chị hậu kỳ bằng app nào ạ,0.0
Biết cơ bản về ánh sáng.,0.0
Làm chủ nguồn sáng Lên ngay YTB 50mm Vietnam để học sơ về bố cục & ánh sáng nha.,0.0
Cách xử lý: Luôn đo sáng vào mặt nghệ sĩ (Spot metering hoặc Center-weighted).,0.0
Khi gặp đèn LED màu quá gắt → giảm EV -0.3 đến -1 để tránh cháy.,0.0
"Nếu dùng điện thoại, bật HDR và khóa điểm lấy nét + phơi sáng (AE/AF Lock).",0.0
Combo bất bại Photoshop + Lightroom bạn nha,0.0
Nay cũng hơi hơi nhớ nghề nên lên chia sẻ đôi chút.,0.0
Bạn bè anh em đồng nghiệp đi qua có gì bổ sung thêm cho đỡ ngại =))),0.0
Sau đây sẽ là kinh nghiệm của mình dành cho các bạn newbie bắt đầu chụp idol nha (lưu lại để có khi sd nha các bà):,0.0
cám ơn bạn đã chia sẻ chi tiết cho newbie như mình ạ,0.0
Mom đợi tui comeback nha =))) 🌹🫶🏻,0.0
Trước hay xem ảnh của sốp chụp anh Tuấn trong We Love lắmmm,0.0
Dạo này mình chụp hay gặp stage ánh sáng bị tối(?),0.0
Cài đặt máy ảnh “chuẩn tân binh” Máy ảnh (mirrorless/DSLR): Shutter: 1/250 – 1/500s (để bắt chuyển động).,0.0
"ISO: 1600 – 3200 (sân khấu luôn tối, đừng sợ noise).",0.0
AF-C/Servo: bám nét chuyển động.,0.0
White balance: Auto hoặc Kelvin ~3200–4200 tuỳ màu đèn.,0.0
(Nên để thiên xanh nhưng không quá lạnh về còn dễ làm màu),0.0
"Công đức vô lượng, đội ơn chị đẹp 🌷",0.0
"Còn chụp là còn lên tay, lên kinh nghiệm.",0.0
chị ơi hồi nhỏ em xem ảnh chú Tuấn của chị mà lớn 😭,0.0
Cảm ơn chia sẻ của chị ạ.,0.0
Ngại woo 🌹 cảm ơn bạn rấc nhìu ạ 🫶🏻,0.0
Cũng muốn đi chụp các idol 😃,0.0
cá nhân mình đi chụp show âm nhạc thì hay set ISO auto nữa nhưng sẽ giới hạn trần ISO (mình hay để 12800,0.0
chấp nhận noise miễn ảnh không out nét).,0.0
đi show nhiều khi ánh sáng thay đổi liên tục để cố định không kịp chỉnh (thật ra do mình lười nữa,0.0
nếu ai lười như mình có thể tham khảo 😂),0.0
Oaaaaa xincamon chia sẻ của mom ạ,0.0
Màu sắc & hậu kỳ (siêu quan trọng) Giảm Highlights -30 đến -60 để cứu cháy sáng.,0.0
Tăng Shadows +10 đến +30 để hiện chi tiết.,0.0
Giảm bớt orange/red nếu da bị ám màu sân khấu.,0.0
Thêm Clarity +10…15 để tăng texture sân khấu.,0.0
"Muốn ảnh sân khấu “deep” hơn → tăng Blacks -10, thêm grain nhẹ.",0.0
"Đứng chéo 45° so với sân khấu → mặt không bị phẳng, ánh sáng ôm đẹp.",0.0
Muốn bắt khoảnh khắc mạnh mẽ → đứng chính diện.,0.0
(Ai đu rào nên đu rào phải tức bên tay trái nghệ sỹ chú ý tay cầm mic để chụp không khuất mặt) Nếu là show có khói,0.0
ánh sáng backlight → đứng hơi thấp canh tia sáng đi qua tạo hiệu ứng rất nghệ.,0.0
Chọn vị trí đứng Vị trí quyết định bố cục + ánh sáng đẹp.,0.0
"Máy ảnh Máy nào cũng oke, ít tiền nhiều tiền đều chụp được tuỳ tài chính.",0.0
Tuy nhiên nếu mấy bà xác định đu xịn thì cứ auto mua full frame và lens tele.,0.0
Trước khi chụp nhìn cách đánh đèn để biết họ sẽ đánh sao.,0.0
Chú ý đèn Laser,0.0
Bạn có thể qua IG mình coi.,0.0
Mình thì up tuỳ hứng do cũng lười 😁,0.0
Còn về tính nghệ thuật thì tuỳ con mắt mỗi người,0.0
Trời ơi đọc cmt sảng liền vừa happy vừa sảng vì thấy thời gian trôi nhanh quá kkk.,0.0
Cảm ơn nhỏ nha 😋🌹,0.0
"Tã/Bỉm Đêm NABIZAM Signature Summer Đai Chun Cao Cấp, Mỏng Mềm, Siêu Thấm Hút Size Cho Bé 8-22kg | Shopee Việt Nam",0.0
Tã Bỉm Nature Love Mere Hàn Quốc cao cấp đủ size cho bé từ sơ sinh - Paddybaby | Shopee Việt Nam,0.0
"[Combo 3] Tã/Bỉm Quần Cao Cấp Aiwibi Light Feather Cho Bé Siêu Thấm Hút, Chống Tràn - Gói Lớn M/L/XL/XXL/XXXL/XXXXL | Shopee Việt Nam",0.0
Tã/bỉm dán/quần MOMO RABBIT Hàn Quốc đủ size Momorabbit - Paddybaby | Shopee Việt Nam,0.0
"Tã/Bỉm Quần ELPRAIRIE Air Wing Nội Địa Hàn Cao Cấp Siêu Mỏng, Siêu Thấm Hút Chống Tràn M/L/XL/XXL Cho Bé Từ 6-25Kg | Shopee Việt Nam",0.0
"Đây nha mom ơi, chân ái luôn",0.0
SẢN PHẨM CHO MẸ VÀ BÉ,0.0
"kéo vạch chống tràn, chọn đúng size bỉm mom ơi.",0.0
Chị còn coach khum ạ,0.0
Bộ nail 165k ở Đà Nẵng vậy là rẻ hay mắc hả các bà ui.,0.0
Dạ có nâu hổ phách ạ,0.0
Đẹp lắm mấy bà ơi book lịch làm lẹee,0.0
Móng thật sơn gel 6 móng + mắt mèo 4 móng thì hết bao nhiêu ạ,0.0
Móng em ngắn quá đợi tuần nữa rồi em tìm tiệm nha chị,0.0
E gửi nha,0.0
Dạ 90k ạ,0.0
Cho e xin bảng giá dịch vụ với ạ,0.0
Dạ mình nhớ book lịch nail e chừa nhé ạaaa,0.0
Chào cả nhà.,0.0
Mình đang học nails nên cần mẫu sơn trơn + làm da + up móng + design nhẹ đơn giản.,0.0
Bạn nào có nhu cầu ở Đn muốn làm mẫu free cho mình lhe minh nhé 0905.,0.0
"Làm siêu kĩ có tâm ạ, có cô giáo kèm quan sát nên đừng lo nhé",0.0
Cảm ơn khách iuuuu.,0.0
Đặt lịch qua đâu ạ,0.0
ok Nhung nha cậu check tin nhắn nha,0.0
Cảm ơn cậu ne,0.0
Tiệm tranh tay nhỏ của mẹ nuôi em lớn mỗi ngày 🫶🏼🍃 Mẹ bỉm khởi nghiệp,0.0
"Mình mê mấy tranh màu này quá, cảm giác thư thái nhẹ nhàng xốc lại tinh thần",0.0
Mẹ bỉm khởi nghiệp,0.0
Dạ màu xanh lá mang cảm giác binh yên và hoà dịu lại cảm xúc á bạn ne,0.0
Cảm ơn Pie,0.0
Đẹp quá đi,0.0
Màu xanh mang cảm giác bình yên trung hoà lại cảm xúc đó ạ,0.0
Em cũng mê,0.0
🫶🏼 Cam ơn bạn ạ,0.0
"tranh bạn đẹp quá, phải follow ngay thôi",0.0
Bà ơi có vẽ tranh theo yêu cầu khum?,0.0
Mình cảm ơn cậu nhiều,0.0
hi bạn Liên có nhận vẽ theo yêu cầu đó nè,0.0
"Xinh quá, đúng tone mình thích, mua về treo phòng khách thì xanh tươi mát cả nhà 😍",0.0
Bà ib tui nha,0.0
1m67 mà 67kg là niềm mơ ước của tui đó.,0.0
Bà bỏ chỗ đó là đúng đắn.,0.0
1m67 mà 67kg thì cũng có tới nỗi phì đâu mom :))))))) rất là bình thường,0.0
quan trọng là mẹ khoẻ em bé khoẻ còn chuyện cân nặng cứ từ từ,0.0
Dạ chuỗi phòng tập cho nữ ở ĐN màu vàng ạ,0.0
Cmn ai nói bậy vậy.,0.0
Em ở kv nào.,0.0
Qua chỗ chị tập chung đi.,0.0
Cô giáo chị còn trẻ mà nói chuyện tâm lý lắm.,0.0
Dạy ok nữa.,0.0
Ở kv CMT8.,0.0
"Dạ e cảm ơn ạ, nhưng mà em ở ĐN ạ 😋",0.0
Vô duyên thế nhỉ.,0.0
Bỏ đi em.,0.0
"M67, 67kg mầm phì nỗi gì?",0.0
Không nhạy cảm đâu mom.,0.0
Mom cho xin cái tên để tui né,0.0
Là cái con đó nó có thật sự hiểu bản chất của whey hong bây??,0.0
Mom tham khảo😁,0.0
Tui sài túi vinamilk thích thuêtj,0.0
"Kkk tui mua luôn , mua trên mấy tạp hoá 45k á 🤣🤣🤣",0.0
Trên shopee bán đầy à,0.0
"E toàn tự đeo nên sợ nặng 😂, nhìn nó full da nên cũng rén, sinh xong vai với lưng nó yếu gì đâu 🥲🥲",0.0
Tui cũng thấy mấy túi tote vải là chân ái dù nó không được thời trang lắm.,0.0
Tui có cái tui lazada phải may lại quai không biết bao lần nhưng đi đâu cũng quăng tất cả đồ vào về lại quăng quật khỏi phải nghĩ.,0.0
Mom có cái màu vàng hả mom :))) tui săn mà hết 🥲🥲,0.0
"Cảm ơn mom nhe để e tìm review, túi đó nhẹ mà bị cái quai đeo đau vai ghê",0.0
Góc Tuyển Dụng HCM,0.0
Bán hàng nha em.,0.0
Em ib zl trao đổi,0.0
Về lĩnh vực gì ạ,0.0
dạ bên mình làm về quần áo trẻ em ạ,0.0
Xin job nhé bạn,0.0
Cho e xin jd ạ,0.0
Em xin Jd ạ,0.0
em ib zl chị gửi jd nhé,0.0
bạn ib zl giúp mình nhé,0.0
bạn ib zl giúp mình nhé ạ,0.0
em ib zl chị gửi JD nhé,0.0
Cskh lĩnh vực gì vậy ạ,0.0
mình mệnh mộc nè,0.0
mình có thể liên hệ qua đâu ạ,0.0
Liên hệ trực tiếp: 0937 651 999￼ số này zalo giúp mình nha,0.0
"Ở đây có tuyển đồng đội; ưu tiên mệnh Mộc, mệnh Thổ, mệnh Thủy✨ Yêu cầu: • Trung thực, có trách nhiệm.",0.0
• Biết giỡn.,0.0
• Có Kinh nghiệm là 1 lợi thế.,0.0
Ca làm việc: Ca 1: 8h00 - 12h00 Ca 2: 12h00 - 17h00 Ca 3: 17h00 - 22h00 Fulltime: 8:00 - 15:00 và 15:00 - 22:00 Quyền lợi: • Thu nhập 20 - 25k/h + Thưởng.,0.0
"• Lễ, tết x2; x3 (Theo BLLD).",0.0
tuyển dụng Hóc Môn,0.0
Bà chủ này vô em không có tiền trả,0.0
Cho giữ xe nha,0.0
E mệnh mộc xin ứng tuyển 🙋🏻‍♀️,0.0
Làm phờ ruy,0.0
Bà noại 😹,0.0
Mình đã inbox rồi ạ,0.0
Tiếng Anh cơ bản để trao đổi với khách nước ngoài là được bạn nha,0.0
Dạ mình có inb trên thread xin JD công việc nha bạn oi.,0.0
Mong bạn phản hồi ạ.,0.0
Cho mình xin thêm thông tin nhé,0.0
Cho e xin JD với ạ,0.0
Cho mình xin JD với nha,0.0
Bạn check tin nhắn chờ giúp mình nha,0.0
Mình đã gửi qua inbox ạ,0.0
Check tin nhắn chờ giúp mình nha,0.0
Dạ choa em xin jd với ạ,0.0
Bên mình yêu cầu kinh nghiệm Thợ chính từ 2-3 năm ạ,0.0
Mình trả lời rồi nhennn,0.0
em ib zl 0854224175 chị gửi nha,0.0
Dạ chị cho em xin JD job nha,0.0
ib qua 08 54 224175 chị gửi nha,0.0
"Hi chị, cho em xin jd với ạ",0.0
ib qua 0854224175 chị gửi nha,0.0
em nhắn qua zalo 0854224175 chị gửi nha,0.0
Cho em xin JD với ạ,0.0
ib 0854224175 chị gửi nha,0.0
bạn ib qua 0854 224 175 mình gửi nha,0.0
Làm ptime giờ làm cố định ạ,0.0
Dạ lich đăng ký nửa tháng 1 lần nhé ạ.,0.0
Các ca làm đăng ký trong form là ca mẫu ạ.,0.0
Có thể thay đổi được ạ,0.0
Dạ vang em cảm ơn ạ,0.0
"KOI THÉ TUYỂN DỤNG QUẢN LÝ VÀ NHÂN VIÊN FULLTIME, PARTTIME",0.0
Giờ làm linh hoạt theo lịch các bạn đăng ký ạ,0.0
Em thấy có đăng kí ca làm cho từng ngày cái đấy theo 1 tuần ạ.,0.0
Còn tuần sau thì dk tiếp ạ,0.0
Có tuyển nữ và yêu cầu gì không ạ,0.0
"Dạ ún cafe thì ới em nha Shop ơiii, cafe nguyên chất đăk lăk nhà trồng ạ 🥰",0.0
Có cần kính nghiệm không ạ,0.0
"SHENBEN | Máy Hút Chân Không Thực Phẩm Yamamoto (S-FKJ312) - Tự Động, Lực Hút Mạnh, Tặng Kèm 65+ Túi & Phụ Kiện | Lazada.vn",0.0
Nam có được không bạn,0.0
"Có cần kinh nghiệm không ạ , em hiện đang học bên thiết kế nội thất muốn thử sức qua bên ngành cưới ạ",0.0
"Lương decor cưới vậy ổn ghê, nhiều team wedding trên Tmall cũng tuyển kiểu này á",0.0
Ở khu vực nào vậy ạ,0.0
TUYỂN DỤNG DECOR NGHÀNH CƯỚI NHA TRANG : LƯƠNG 12tr/tháng - Thưởng theo show 500k-1tr/ show/ team tuỳ mức độ hạng mục Chế độ : - Ăn theo show 35k/ buổi - Off 2 ngày có lương - 6 tháng ký hđ bảo hiểm xã hội theo chính sách nhà nước - thưởng lễ tết đầy đủ,0.0
làm trên 1 năm có lương 13,0.0
Full time từ mấy giờ đến mấy giờ ạ,0.0
Từ 8h - 17h nha,0.0
Bạn ib zl trao đổi nha,0.0
Ưu tiên full-time nha em,0.0
Full time cố định giờ hay xoay ca ạ,0.0
Chấm hơi nhiều,0.0
Apply qua đâu ạ?,0.0
"• Công việc: Nhận và xử lý dữ liệu sản phẩm trên Excel; đăng tải và duy trì những thông tin trên các sàn TMĐT,..",0.0
Dạ bên em nhận các bạn từ 20-30t ạ,0.0
"• Thu nhập: 5tr7/tháng, thưởng lễ tết, sinh nhật, lương tháng 13",0.0
[TOÀN QUỐC] Cennext tuyển Data Entry (nhập liệu) - Fulltime (2 slots cho bác nào nhanh),0.0
"• Chế độ: BHXH đầy đủ, cung cấp thiết bị làm việc, hỗ trợ dấu thực tập",0.0
xin JD ạ,0.0
Ừa em nha,0.0
• Thời gian: 7h-16h (nghỉ giữa ca 1h),0.0
• Địa điểm: On.line tại nhà,0.0
Vi Trần's post,0.0
mình xin JD nhé bạn ơi,0.0
Xin Jd ạ,0.0
Vị trí trực page á nè.,0.0
"Phúc lợi bhxh, company trip, thưởng quý, thưởng tết đầy đủ nha.",0.0
Ôi thấy post trễ quá bên bạn đóng form rồi 🥲,0.0
Tui nha nghiêm túc nhé,0.0
Mình muốn apply ạ,0.0
Tui đăng tin chi tiêt bên fb nha,0.0
Liên hệ mình để nhận JD công việc nhé,0.0
Em mới gửi Mail shop check giúp e với nhe,0.0
Bên mình tuyển khu vực nào ạ,0.0
Tuyển CSKH tiếng trung nha,0.0
e xin thông tin jobs ạ,0.0
việc làm tiếng trung,0.0
Check ib mình fl lại mình gửi file job nha,0.0
Pet's Home Tuyển Dụng,0.0
Mong shop sớm mở thêm chi nhánh thủ đức🤣,0.0
🐶🐱 PET’S HOME TUYỂN DỤNG – ĐỒNG ĐỘI YÊU THÚ CƯNG 📍 Khu vực: Gò Vấp – Phú Nhuận – Quận 10 💰 THU NHẬP HẤP DẪN ⏰ THỜI GIAN LINH HOẠT: (Được đăng ký lịch theo tuần,0.0
cực phù hợp cho sinh viên) Part-time: 08:30 - 13:30 hoặc 17:00 - 22:00 Full-time: 08:30 - 17:30 hoặc 13:00 - 22:00 (Xoay ca) 📩 ỨNG TUYỂN NGAY TẠI: 📋 Điền form:,0.0
[FLYER - Cau Giay] Tuyển dụng Intern - CTV 🎓 Halo cả nhà,0.0
sau thời gian ở ẩn thì sốp xin phép lên cho cả nhà 2 con job cực hot cho các bạn SV mời cả nhà apply nhó:,0.0
"1, Academic Officer (Part-time) - Yêu cầu có IELTS 7.0 trở lên và từng đi dạy TA ạ.",0.0
FLYER mang đển cho bạn những gì?,0.0
"- Mức lương: 5,000,000 (Gross) - Thưởng tết, lễ,... - Tận hưởng happy hour hàng tuần - Cơ hội offer lên vị trí chính thức",0.0
"2, Business Development Intern - Yêu cầu có chút Tiếng anh và có đam mê công nghệ ạ.",0.0
em gửi cả nhà JD & form ứng tuyển nha:,0.0
bên mình đang tuyển ở Hoàng Mai bạn nha,0.0
bạn ib z.l mình nhoaaa,0.0
bạn ib z.l mình gửi JD nheee,0.0
💝 CHUYÊN VIÊN TUYỂN DỤNG (FULL-TIME),0.0
💚 NHÂN VIÊN CSKH (PART-TIME/FULL-TIME) 💚 TTS TUYỂN DỤNG (PART-TIME) 💚 TTS SOCIAL CONTENT MARKETING (FULL-TIME),0.0
📌 Ngoài ra chúng mình hiện đang tuyển thêm !,0.0
‼️ BẢN TIN TUYỂN DỤNG THÁNG 3 - UPDATING 📢,0.0
👉🏻 Mình vẫn tiếp tục tuyển dụng các vị trí,0.0
còn tuyển cskh không ạ,0.0
📩 Liên hệ z.l: 0795.986.402 để nhận JD nhé ~,0.0
bên chị còn nhaa em ib z.l chị nhé,0.0
Dạ ở Hà Nội hay HCM vậy ạ?,0.0
✅ ĐẾN VỚI CHÚNG MÌNH NGAY ĐỂ ĐƯỢC: - Hỗ trợ dấu thực tập - Đóng BHXH Team-buiding Thưởng Lễ Tết đầy đủ - Được đào tạo đầy đủ,0.0
bài bản có lộ trình thăng tiến rõ ràng,0.0
Mình xin job an,0.0
mình ở 897 Giải Phóng bạn uii,0.0
em liên hệ z.l chị nha,0.0
mình ở HN bạn nhaa,0.0
Mô tả công việc: + Thu ngân (tư vấn khách hàng).,0.0
+ Pha chế (làm theo món mà khách đã order).,0.0
+ Bếp (chuẩn bị các nguyên liệu và topping chuẩn bị trước).,0.0
- Dọn dẹp và vệ sinh cửa hàng.,0.0
"- Giữ gìn tài sản, vệ sinh chung cho quầy, cửa hàng.",0.0
"Địa chỉ: Nếp Cafe - Tân Xuân 6, Tân Xuân, Hóc Môn.",0.0
Liên hệ trực tiếp: 0937 651 999,0.0
Quán có 2 cột luôn,0.0
Dạ e xin jd nha ạ,0.0
Bình Thạnh nha bé,0.0
Em nhắn zl 0966.955.094 giúp chị nhé,0.0
Bạn nhắn zl 0966.955.094 giúp mình nha,0.0
Có tuyển part time khong ạ,0.0
Ứng tuyển ạ,0.0
Dạ mình tuyển fulltime thôi á,0.0
"Sốp còn tuyển e ơi, e inbox đăng ký nha ❤️",0.0
"Sốp ở đặng văn ngữ, hà nội em nha ❤️",0.0
shop ở đâu vậy ạ,0.0
"Đặng văn ngữ, đống đa, hà nội em nhaa ❤️",0.0
🔖 CHẾ ĐỘ LƯƠNG & PHÚC LỢI: - Lương cứng theo kinh nghiệm /Lương trách nhiệm theo thời gian gắn bó - Thưởng lễ tết,0.0
thưởng doanh thu theo năng lực và tình hình kinh doanh - Phúc lợi sinh nhật teambuilding,0.0
Rep ib e với ạ,0.0
"𝗠𝗮𝗹𝗲̀𝗻𝗮 𝘁𝗶̀𝗺 𝗸𝗶𝗲̂́𝗺 𝗯𝗮̣𝗻 đ𝗼̂̀𝗻𝗴 𝗵𝗮̀𝗻𝗵 ❤️‍🔥 /Nhân viên cửa hàng/ 📍YÊU CẦU: - Nữ nhi trên 18 tuổi - Năng động, chăm chỉ.",0.0
- Làm việc được ca sáng/ chiều hoặc linh hoạt ca (linh hoạt theo lịch học và giữa các bạn trong team) • Ca sáng 09h30 - 12h30/ 13h • Ca chiều 12h30 - 17/ 18h • Ca tối 17h30/18h - 21:30,0.0
Shop oii rep ib mình vớiii,0.0
Em xin địa chỉ ạ,0.0
"Sốp ơi, check ib em với ạ😍",0.0
check ib thread e với ạ,0.0
cảm ơn bà nhiều,0.0
thì nó có phải của ngân hàng hay gì đâu mà bạn,0.0
tâm sự chút đi ạ ?,0.0
Mấy chỗ em thử rồi toàn “chờ duyệt” xong mất hút luôn 😭 Ai kẹt mà muốn thử chỗ duyệt nhanh,0.0
không gọi người thân thì em để ở bình luận đầu tiên nhé 👇,0.0
không gọi người thân thì em để ở bình luận đầu tiên nhé 👇👇👇,0.0
Lùa gà thôi,0.0
"Tuyệt vời quá, mình xin vía trả hết nợ trong năm nay ạ 🥰",0.0
"Tuyệt vời, giỏi quá e ơi",0.0
Bạn giỏi quá !,0.0
Gửi đến bạn 1 cái ôm bạn nha !,0.0
"giỏi dữ,cố gắng phát huy thêm 1 năm là có 1 tỏi mua đất ngay",0.0
Xin vía trả nợ done trong năm 🥹🥹🥹🥹🥹🥹,0.0
Giỏi thiệt 🫶🏻,0.0
Em làm gì 2 tháng 192 triệu chỉ cho tỷ lhus đường học hỏi,0.0
70tr nợ gốc bank 70tr nợ bố mẹ 18tr các khoản chi cá nhân 8tr4 tiền nhà cho em trai Chi tiêu cuộc sống của mình và mèo + tết đưa tiền cho mẹ + tiền làm giỗ bà: 15tr5 Đóng tiền bhnt 10tr1,0.0
"A hiểu cảm giác nợ nần mệt mỏi như nào vì từng trải qua, e giỏi lắm, chỉ 2 tháng mà xong xuôi hết.",0.0
"Cố lên nha, rồi sẽ ổn hết thôi.",0.0
"Flex mà đáng iu như này đáng được khen ngợi, cổ vũ.",0.0
Giỏi lắm bạn ơi cố lên nhé,0.0
bạn giỏi quá vậy là quá siêu rồiii,0.0
Bạn giỏi quá,0.0
Hơn 2 tháng vất vả.,0.0
Tổng kết lại mình đã trả nợ được,0.0
Vlin vào đọc bài viết toàn same tuổi mà các bạn toàn lương 30m-120m .,0.0
Mình đang gap và làm việc với bạn sắp tới mình đang tìm target job mình không hài lòng nên 1-2 năm là nhảy vị trí hoặc nhảy công ty,0.0
chắc mà chưa nỗ lực đủ,0.0
Tips nhé cùng vị trí trình độ thử ứng tuyển ngoài Vn hoặc NGOs (quanh khu vực SEA chưa nói đến APEC hay EMEA),0.0
sẽ ngạc nhiên khi tỷ giá so với mức lương được doanh nghiệp Vn trả đó,0.0
Nói thật ở Việt Nam khó có mức lương cao hơn 50M nếu chỉ đi làm thuê nên bạn đừng có áp lực bản thân mình quá.,0.0
"Có nhiều con đường để thành công, nhưng với Long, để vượt ngưỡng 50M, đây là ""bộ quy tắc"" mà Long đã áp dụng.",0.0
"Có thể phù hợp hoặc không, nhưng bạn hãy thử soi chiếu nhé:",0.0
Overall mình nghĩ để mở ra 1 sự phát triển trong thu nhập thì nên thử tìm hiểu các role về lead team,0.0
vì từ lead cũng sẽ mở ra nhiều cơ hội.,0.0
"Còn song song có thể tập kinh doanh, startup , base trên thế mạnh bản thân và ngành ngề chuyên môn của mình.",0.0
"Đầu tư vào chuyên môn, đạo đức hành nghề.",0.0
"Càng được giao việc, càng cố gắng làm nhanh nhưng chất.",0.0
"Không kêu ca, không chỉ trích công ty.",0.0
Nếu không hài lòng thì khéo léo góp ý tới cấp phù hợp.,0.0
Mình bị mắc kẹt ở mức thu nhập 25-35M khoảng 3 năm nay.,0.0
"Áp lực gia tăng thu nhập, nợ nần, peer pressure và kỳ vọng của bản thân làm mình muốn khùng luôn.",0.0
Các trang khác làm ăn nên không dám Trang nay toàn các em khỏe hàng Nên la lên đây chơi vui nà Nhưng cũng biết đau lai tim được nguôi phù hợp,0.0
Bé o với chú đi,0.0
Cuộc sống vậy là mơ ước của nhiều người ròi mà bạn :-),0.0
Mindset của a như vậy gu của a như vậy thì a cứ khoe nhà khoe xe khoe tài sản,0.0
Xin vía nhiều tiền về già trồng rau nuôi gà giống như chủ tuú :)),0.0
Về quê tui trồng rau nuôi gà,0.0
Cạnh nhà mình có bé cũng nghệ an xinh và dễ thương lắm nè,0.0
Em mà có nhiều tiền như anh thì người yêu em chẳng cần luôn !,0.0
Em sẽ vênh mặt lên mà sống í !,0.0
Haizzz cũng tùy thôi điểm tuổi tác,0.0
"Mình 1986, Không chồng không con không nhà không xe không đất đai, có mỗi cái nghề vất vả: Hộ sinh.",0.0
Sướng nhất rồi.,0.0
Mình cũng từng mong có 1 bờ vai đôi tay cùng nắm đồng hành nhưng thật khó,0.0
Thôi Ngại nà,0.0
Ai thoát ế cho ô anh của tớ với 😂,0.0
199x hay 198x đó Mình,0.0
"Tự dưng rủ ở chung 😂, chú kì ghê",0.0
Sợ mình đang thất nghiệp Họ không chịu,0.0
E nỏ có tiền nhiều như a nhưng cũng chỉ ước về già có khu vườn như thế :))),0.0
Bé quá thì thoi,0.0
e sợ càng nghe bố mẹ càng áp lực nhà lại càng lục đục thêm,0.0
"xin học bổng nha, hoặc lên những hội nhóm trên Facebook em xin học bổng thử xem sao.",0.0
còn sau này đủ tuổi thì vừa học vừa đi làm thêm kím tìn.,0.0
"nhưng mà cẩn thận lừa đảo, nhất là công việc on",0.0
Nợ 2 tỷ mới trả hết,0.0
Bạn giỏi quá.,0.0
Trả xong hết bao lâu ạ.,0.0
Mình 96 không mắc nợ nhưng cũng chả dư.,0.0
"Nhưng còn sức khoẻ tốt là được rồi, mấy năm gần đây bệnh lặt vặt nhiều quá.",0.0
Thôi bỏ đi bạn ơi.,0.0
Mấy kiếm tiền trên mạng không an toàn đâu.,0.0
Toàn đào lửa thôi.,0.0
Bạn vay mua nhà à,0.0
"Cố lên ạ, em không biết ngày mai em phải gồng như nào, nhưng chỉ biết là phải cố,",0.0
96 chơi coin bay 5 tỉ.,0.0
97 các bạn giàu lâu chưa ?,0.0
Mãi vẫn chưa có ô tô đi,0.0
"Nợ nửa tỉ, trả sắp hết 😩",0.0
nợ làm ăn nên vẫn vô tư,0.0
Không giới thiệu bản thân ai biết bạn sinh năm mấy bạn ơi.,0.0
Các bạn sinh năm 1996 - 1997 đang mắc nợ bao nhiêu ?,0.0
"Tôi thì đang nợ 150tr , hiện tại vẫn đang trong tầm kiểm soát .",0.0
Đủ khả năng chi trả .,0.0
Hàng tháng đóng các CTTC 10tr .,0.0
Làm 2 job nên lương tháng gần 20tr .,0.0
Còn các bạn 96 - 97 thì sao ?,0.0
"96 hơn 300, đang trả dần",0.0
Tết sắp đến nữa rồi 😩,0.0
Cố gắng lên nè .,0.0
Con người được ban tặng một hành tinh đầy cây cối trái cây nước ánh sáng... rồi sau đó họ lại phát minh ra quyền lực,0.0
nợ nần và chiến tranh,0.0
Đăng link shopee thì im!,0.0
Vì những thế lực ngầm điều khiển thế giới này muốn vậy =)),0.0
"Chậc, vừa xem xong",0.0
"Giới tinh hoa phát minh ra quyền lực, nợ nần và chiến tranh để kiếm tiền về đầy túi.",0.0
"Đó là thử thách, cho nhân loại trưởng thành.",0.0
TẤT CẢ MỌI THỨ VỀ ĐẠI DỊCH CHUYỂN (THE SHIFT).,0.0
Xin các nhà lãnh đạo hãy thi rap với nhau một cách văn minh 😭,0.0
"tôi vẫn chưa hiểu, chúng nó có thể tự in mà nhỉ",0.0
"Sau này dù tiền kiếm ít hơn, nhưng đổi lại là có thể cân bằng được những điều mình xem là nền tảng.",0.0
Thật ra mình thấy thu nhập có 100 hay 200 hay thậm chí là 500 thì những định mức nó cũng tương đương ấy,0.0
như mình(ko có ý khoe chỉ là chia sẽ) có khi thu nhập 500-700 mà các khoản cần chi cũng tương đương thôi bạn à,0.0
nên đừng stress gì hết ông bà mình bảo thuyền to sóng lớn cũng đâu vào đấy thôi 🥹,0.0
"Asso thì cỡ 50-60 thôi, 100 là tech lead, 200 là cto",0.0
"Hãy tự hỏi bản thân, đâu là điều gì quan trọng nhất với bạn lúc này?",0.0
Câu trả lời chỉ mang tính chất tạm thời nhưng bạn sẽ biết cái gì cần ưu tiên hơn ở mỗi giai đoạn.,0.0
50m đã rất tốt rồi bạn,0.0
"100m ở VN cũng có mà, Axon, mckinsey, worldquant vẫn 5k-8k",0.0
Vì thời gian là hữu hạn và bài toán cân bằng chưa bao giờ là đơn giản.,0.0
"100m thì 1 là freelance cho Mỹ, không thì phải level manager ở các khu vực khác nhỉ",0.0
:)) bạn không thể đổi sức để lấy tiền được-vì sức lực là có hạn,0.0
"Mình bị mắc kẹt ở mức thu nhập 50M khoảng 3 năm nay, cảm giác giậm chân tại chỗ và áp lực nợ nần khiến mình quá ngột ngạt",0.0
"Mong là hôm nay có cục tiền... à nhầm, cục vui bất ngờ rơi trúng đầu bạn.",0.0
"Cần có đòn bẩy (năng lực, vị trí, insights, network) để tạo ra sức ảnh hưởng.",0.0
Sức ảnh hưởng chứ không phải khối lượng công việc sẽ quyết định,0.0
Mình cũng đang mắc kẹt ở mức chi phí sống cao!,0.0
Giờ muốn cắt giảm bớt nhưng thật là khó😂,0.0
Mình từng có thu nhập loanh quoanh 200tr đều đặn hàng tháng trong 1 năm cách đây 3-4 năm trước.,0.0
nếu nhanh thì quản lý được 2-3 job không thể quản lý tới 5 job 10 job,0.0
Mình kinh doanh và có đầu tư lung tung nữa!,0.0
Quản lý cái tay vào.,0.0
Có 3 cách ra: 1.,0.0
"Ra thẻ theo casa max 500tr, phí sau 4-12% tuỳ case 3.",0.0
"Có thẻ bank khác hạn mức 20tr, dùng hơn 6 tháng thì ra cho thêm 1 thẻ 20-30tr",0.0
"Ae cho tui hỏi, đợt tui có mua đơn ngày 27/11 thì ngày nào mới được thanh toán á",0.0
Ủa nó có lãi nhiều lắm đâu mà nợ trừ khi mua đồ giá tiền cao quá nên lãi tháng/cao,0.0
Ham voucher giờ lao vào cảnh nợ nần.,0.0
Ai chưa đăng ký thì bỏ ngay ý định nha,0.0
"Mình thấy xài cái này tiện mà,nói chung là có vay có trả thôi",0.0
Ib giá trâm mình xin ạ,0.0
"Bác ơi, em đang có khách nước ngoài họ là nhà điêu khắc, nếu đi thăm quan làng thì có được không ạ?",0.0
Bác check ib e với,0.0
mới hiến tóc nên coi như cây trâm này là động lực để nuôi tóc dài.,0.0
shop đợi tóc tui dài tui mua tiếpp,0.0
Chú ấy đã tìm được điện thoại lại chưa ạ xin cho cháu gửi lời hỏi thăm đến chú,0.0
mong chú đời sẽ đẹp với chú như cách chú vẽ lọng bướm như cách chú làm trâm ạ.,0.0
"Dạ e có btrang tây ninh, 1 bịch 60k/500gram, gồm 4 vị:me, mè, muối, tắc.",0.0
"Hóa ra ông bán trâm là bên làng Sinh Dược, theo dõi page ở trên Face từ rất lâu rồi mà giờ mới tìm được shop trên này.",0.0
Chúc ông bán trâm được nhiều khách yêu thương ☺️.,0.0
"Tớ tìm được ông bán trâm trên sàn cam nữa nè, mới các bạn ghé qua thăm ông nhé 🥰:",0.0
"Ui, fan cứng của bác bên Fb giờ mới gặp bên này.",0.0
Thiết Tha Thiết Thực khoẻ chứ bác 😁,0.0
Ông cho xin giá chiếc trâm,0.0
Ụa từ đầu coi nhà Hoài đâu có nghèo 🥲,0.0
Cảm Ơn Người Đã Thức Cùng Tôi,0.0
Tui nhận ra điều này khi xem phim nên tui không trách bả,0.0
tui còn thấy vì cơ bản là nền tảng vững nên cố có xu hướng muốn thao túng cả người yêu thương mình theo ý mình :)),0.0
Mà bà Hoài cũng giỏi chứ bảo theo nghệ thuật mà đùng cái bả nhảy đi làm dịch thuật chốt deal tằng tằng xong còn mở rộng qua Nhật hộ bố=)))))))))))),0.0
"Không, bố Hoài không chạy xe ôm, chỉ chạy xe máy đưa con đi thôi",0.0
"Cho con học USSH CSQ1, nhà nguyên xưởng đèn lồng 🗣️",0.0
🌎Hỗ trợ v.a.y tiêu dùng Shinhan🌎 👉🏻21-58 tuổi 👉🏻Giải ngân nhanh,0.0
"Cũng tuỳ mục tiêu của bà như nào á, nếu bà muốn tận hưởng cuộc sống thì tiết kiệm nấy cũng được, sau tính tiếp.",0.0
"Còn nếu bà muốn đỡ đần ba mẹ, tích thêm tài sản này kia thì ráng kiếm thêm hoặc chắc bóp chi tiêu á bà",0.0
Giỏi rồi bạn!,0.0
"Thực ra, nhìn lên thì chẳng bằng ai, nhìn xuống lại thấy chẳng ai bằng mình.",0.0
Cứ phải cố gắng thôi bạn,0.0
Có lol ăn cho hết.,0.0
"Lương trăm triệu, vàng, bđs...ở đó mà mơ tưởng.",0.0
Được voi đòi tiên...toàn.,0.0
Tiền nhàn rỗi thì mua vàng mới ổn nha e 🤣,0.0
Để em suy nghĩ lại 😑,0.0
Bạn cũng cố gắng lên nhé,0.0
Đọc về lương thưởng tiết kiệm thì đừng đọc trên đây bạn ơi.,0.0
Ít ạ 🥹,0.0
Không nợ đã là hạnh phúc rồi bạn,0.0
trước mình cũng nghĩ kinh doanh phải nợ nó mới có đòn bẩy nhưng thật sự phải có tinh thần thép mới chịu được áp lực của nợ,0.0
Đi ăn cướp cho nhiều thêm à?,0.0
Hay tăng phần tiết kiệm và giảm phần chi tiêu hàng ngày?,0.0
"Phải cố thôi, chứ còn nhiều kế hoạch của đời lắm, haha, ngoài kia còn biết bao nhiêu thứ ""cần"" mình khám phá",0.0
Xin chào mọi người Có ai đã từng tự mình đánh mất cuộc sống của mình mà bao người ngoài kia đáng mơ ước,0.0
để đánh đổi cuộc sống nợ nần áp lực bằng cờ bạc không ?,0.0
Mình biết chỉ có tự bản thân mình mới cứu được mình .,0.0
"Nhưng các bạn đã làm gì để trải qua nó , chúng ta có thể chia sẽ không?",0.0
Mình đây .,0.0
Cuộc sóng mình đang sung túc tự nhiên mình tìm tới nổ hủ giờ mình bể 90tr trong 1 ngày.,0.0
Càng thua tâm lí càng muốn gỡ .,0.0
Nên bỏ đi nếu cầm tiền nhớ đến tx thì mua đồ cho bản thân hoặc người thân,0.0
Dễ thương quá,0.0
"dĩa huông quá , chúc hai chị hạnh phúc nhen",0.0
Em cũng dễ thương và ưu tú đó bé af !,0.0
"Một tháng qua, câu tớ được nghe nhiều nhất là :”Vợ nghỉ ngơi thêm vài tháng nữa đi, chị lo được mà”",0.0
tớ khóc rất nhiều vì vừa sợ bắt đầu lại vừa tiếc nuối … 25 ngày gap … 02.01.2026 tớ bắt đầu lại ở công ty khác với vai trò: nhân sự.,0.0
"Chị dậy lúc 5g đưa tớ đi làm, và 16g chị xuất hiện cùng màu hoa tớ thích.",0.0
Vậy thì càng xứng đáng được x2 yêu thương,0.0
Vừa kiệt sức vừa lo sợ vừa nghi ngờ chính bản thân mình bạn nhỉ ?,0.0
"Nhưng không sao, còn thở là còn gỡ.",0.0
Sợ gì 🥳,0.0
"Tớ may mắn lắm, muộn một chút nhưng chị cuối cùng cũng đến rồi",0.0
“xào thịt mấy con rắn độc nếu công ty của vợ có” 🤩,0.0
Dễ thương ghê.,0.0
Chúc 2 bạn luôn thật vui nhé,0.0
Dễ thương quá trờiiii 💕💕 mong mãi hạnh phúc nhennnn,0.0
Cũng sóng gió dữ lắm nhưng biết điểm dừng là happy ne,0.0
Cỵ phá sản mà chúc mừng quằn qè,0.0
chúc mừng cỵ nhoé 👉🏻👈🏻,0.0
"Cục dàng nào cũng xứng đáng được hạnh phúc hết, có cả ông nữa đó nha",0.0
Người đẹp cũng phải thật hạnh phúc nha ❤️❤️,0.0
Cổ hổng biết vợ cổ mới là con rắn chúa,0.0
Oiiii sweet thế ạ 🥹 manifest luôn có thể ngọt ngào trong tình iu như 2 chị 🫶🏻,0.0
Em cũng hạnh phúc nghen bây bi,0.0
Đọc tus này xong tui muốn bẻ cong mình quá ❤️❤️❤️ Đọc đi đọc lại mấy lần và miệng cứ tủm tỉm cười là thế nào trời ơi !,0.0
Yêu thế ôi trờiiii ạaa,0.0
Ib nếu muốn vay thêm,0.0
Ai cần vay ib mình nhé.,0.0
Sg ib 0344577243 hỗ trợ bao đậu,0.0
"Em cũng thế chị ơi, e còn dính phải bị lừa vay icloud.",0.0
Em nhắn tin cho chị ròii á chị check tin nhắn chờ nha,0.0
Ui áp lực thế ạ.,0.0
"Có e nhé, về nhà mình luôn",0.0
Chúc bạn năm nay mọi chuyện đều thuận lợi.Cố lên nha 🍀,0.0
2023 bắt đầu nợ nần vì cả tin và thiếu kiến thức tài chính Vay vts momo kredivo shopee vay nhanh cake fe mb bank thẻ tín dụng,0.0
.. Vòng xoáy nợ nần khiến mình vay đến 7-8 chỗ hơn nữa còn nhờ bạn bè vay hộ thêm bên ngoài 2 chỗ nữa,0.0
con số phải lên đến 10 chỗ.,0.0
"2026, còn lại cake và fe.",0.0
Cố lên tôi ơi Mình là nữ nhé,0.0
Rep ib mình với,0.0
Cố gắng nhé bà ơi,0.0
Đọc mà thấy thương bạn ghê luôn á 🥺 Cho mình nói thẳng nè: bạn đã làm được một việc rất khó rồi đó,0.0
dù nghe có vẻ bạn đang coi nhẹ nó.,0.0
Từ 7–10 chỗ nợ → giờ còn đúng 2 chỗ (Cake & FE) Cái này không phải “cố cho vui”,0.0
mà là ý chí + kỷ luật + chịu đựng rất nhiều áp lực đó.,0.0
"mới đến đoạn vay, còn đoạn dùng tiền làm gì chưa thấy nói đến :)))",0.0
Chấp nhận bị nợ xấu và trả dần e à :((,0.0
Chị ơi chị rep tin nhắn em với nhé,0.0
Mình cũng là sale BDS.,0.0
Cũng rất thích làm vườn.,0.0
Bạn cũng cố lên nhé.,0.0
Nam mô Đại nguyện Địa Tạng Vương Bồ tát ma ha tát 🙏🏻,0.0
Nam Mô Đại Nguyện Địa Tạng Vương Bồ Tát Ma Ha Tát 🙏🙏🙏,0.0
Nam Mô Địa Tạng Vương Bồ Tát,0.0
Nam Mô Đại Nguyên Địa Tạng Vương Bồ Tát 🙏🏻🙏🏻🙏🏻,0.0
Nam mô a di đà Phật,0.0
Nam Mô Đại Nguyên Địa Tạng Vương Bồ Tát Ma Ha Tát Nam Mô Đại Nguyện Địa Tạng Vương Bồ Tát Ma Ha Tát Nam Mô Đại Nguyện Địa Tạng Vương Bồ Tát Ma Ha Tát 🙏🏻🙏🏻🙏🏻,0.0
Nam mô đại nguyện địa tạng vương Bồ tát Nam mô đại nguyện địa tạng vương Bồ tát Nam mô đại nguyện địa tạng vương Bồ tát ha ma tát 🙏🙏🙏,0.0
Nam Mô Đại Nguyện Địa Tạng Vương Bồ Tát,0.0
NAM MÔ ĐỊA TẠNG VƯƠNG BỒ TÁT MA HA TÁT 🙏🏼🙇🏻‍♀️,0.0
Nam Mô Địa Tạng Vương Bồ Tát .,0.0
Lạy ngài địa Tạng Vương bồ tát phù hộ cho gia đình con sống hoà thuận và bình an,0.0
Nam Mô Đại nguyện Địa Tạng Vương Bồ Tát Ma Ha Tat,0.0
Nam Mô Địa Tạng Vương Bồ Tát Ma Ha Tát,0.0
NAM MÔ ĐỊA TẠNG VƯƠNG BỒ TÁT,0.0
Không phải ngẫu nhiên bạn thấy DÒNG CHỮ này.,0.0
Nay ngày Cát Tường Đức Địa Tạng Vương Bồ Tát 🙏 Bạn có DUYÊN với Ngài 🙏 Lạy Đức Địa Tạng che chở GIA ĐÌNH BẠN khổ não nợ nần,0.0
nghiệp chướng mãi lùi xa 🙏,0.0
Lạy Đức Địa Tạng,0.0
Mấy chỗ ae thử rồi toàn “chờ duyệt” xong mất hút luôn 😭 Ai kẹt mà muốn thử chỗ duyệt nhanh,0.0
vay thế nào có cọc pko a,0.0
Mới xoay được 5 củ đóng xiền nhà chỗ này .,0.0
Em cần vay pk,0.0
Bước 1 Cho lamtuanfp mang đầu ra chặn tên lửa chiến tranh,0.0
Đoạn lương tăng đâu,0.0
lương không tăng : ),0.0
Đi làm mà áp lực chạy xe ngoài đường mà sót hết túi tiền,0.0
Há há lo mà bú fame đi,0.0
Bước 3 Doanh nghiệp tốn chi phí hơn.,0.0
Bước 4 Lạm phát bắt đầu tăng.,0.0
=> Chứng khoán biến động mạnh => Tỷ giá USD tăng,0.0
Chỉ có lương là vẫn vậy :)),0.0
Bước 5 Thị trường tài chính phản ứng.,0.0
Và cuối cùng…,0.0
"Vì sao thứ cả thế giới đang gánh, lại có 1 số nghĩ ""nó phải chừa mình ra""?",0.0
=> Giá hàng hóa tăng => Đi chợ bắt đầu đắt hơn,0.0
Bơm lốp xe hơi đa năng mini,0.0
=> Lãi suất ngân hàng khó giảm => Người vay tiền áp lực hơn,0.0
thì chả đúng?,0.0
"vấn đề là vận hành để nước phát triển thôi, cái gì cũng có cái giá của nó",0.0
Bước 4: là oẳng kkkkkkk,0.0
chi phí xăng dầu là bước đầu trong chuỗi lạm phát,0.0
=> Chi phí sống tăng => Tiền kiếm vẫn vậy nhưng tiêu thì nhiều hơn.,0.0
"Tăng vẫn còn đỡ bác ạ, tôi chỉ sợ chiến sự tiếp diễn thì còn không có xăng dầu mà đi ấy bác ạ 😭",0.0
cuộc sống lại càng chật vật hơn khi lương không tăng,0.0
Bước 1 Giá xăng tăng.,0.0
Bước 2 Chi phí vận chuyển tăng.,0.0
"Giờ chỉ mong tụi nó đừng đánh nhau nữa, để leo thang quá thành thế chiến thứ 3 còn khổ nữa…",0.0
gì cũng tăng trừ lương 😍✌🏻,0.0
=> Khó giữ giá => Nhiều thứ buộc phải tăng giá,0.0
Vler đừng ham voucher 200k mà mở thẻ mấy chế ơi =)),0.0
uho shopee tới tận nhà cái bọn kiểu này cho chúng nó biết điều.,0.0
đ có tiền thì đừng có đặt.,0.0
Này nó thành nợ xấu đó bạn nếu có khả năng trả hẵn mở bạn ráng gom trả dần đi không kiểu gì nó cũng đến nhà thôi,0.0
Không đủ khả năng trước đó mượn làm gì?,0.0
Đợt mình tạo nó liên kết cho VP bank bạn,0.0
Nó lên cic nợ xấu á.,0.0
Spaylater nó chỉ dành cho ai có thu nhập vững đều thì hãng :)) Nhiều bạn giờ cứ mở ra rồi nghĩ đó là tiền của mình tiêu không nhìn thì chịu luôn đấy .,0.0
Sau Check CIC thấy nợ xấu rồi thấy cảnh.,0.0
Của TP Bank bạn nhé,0.0
Phấn Nước Trang Điểm 3CE Fitting Mesh Cushion | Shopee Việt Nam,0.0
Spaylater là bạn vay qua VP bank hay sao ấy.,0.0
Bạn không trả thì bên bank nó đánh nợ xấu cho bạn.,0.0
Giúp em với mọi người hiện tại em bị nợ spaylater 1 tháng rồi😭 bên đấy cứ nhắn cho người nhà em em có thiện chí trả nhưng hiện tại em không đủ khả năng,0.0
và họ có xuống tận nhà không ạ,0.0
Hạn mức 17tr5 mà tiêu đến 11tr5 là bạn cũng vung tay quá trán rồi.,0.0
Phải cân đối chi tiêu và thu nhập của mình chứ.,0.0
Check ở đâu zi ạ,0.0
đhs không có khả năng trả cứ đi vay làm gì,0.0
"Sợ mấy bạn phông bạt thật 🙂 thật sự đấy, không có tiền thì xài tiết kiệm lại đi",0.0
Các bác toàn nhằm lúc 12 - 1h đêm nhắn tin hỏi tư vấn khoản vay thì e tư vấn kiểu gì được ạ?,0.0
Ở bản thân,0.0
ai bắt vay,0.0
Thứ duy nhất họ mở là app vay tiền.,0.0
Nhưng khi bí tiền:,0.0
Không ngân hàng.,0.0
Không bạn bè.,0.0
Không người thân.,0.0
Nhiều người ghét app vay tiền.,0.0
Ai bắt nó vay app thế,0.0
Vậy vấn đề nằm ở app hay ở xã hội?,0.0
Vấn đề đây này 🤌,0.0
Vấn đề là nằm ở bản thân mình đó.,0.0
"Khi còn trẻ khỏe thì phải đi làm, đi kiếm tiền rồi tiết kiệm, chi tiêu hợp lý chứ.",0.0
Vấn đề ở viết cap = chat gpt,0.0
"Em là An, a/c nào có nhu cầu mượn tiêu dùng thì kết bạn qua zép lào 0813361-202 / 0325295-406 em tư vấn lên hồ sơ nha.",0.0
Ib vay thêm bùng luôn,0.0
Mọi người ơi,0.0
thực sự hiện tại em rất hoảng loạn về chuyện vay tiền Chuyện là em có bí tiền nhà đầu tháng nên đã mượn vay 1 số app đen trên threads .,0.0
hiện hết khả năng thanh toán thì em phải làm sao ạ ?,0.0
"vay kiểu gì anh ơi , bùng à ?",0.0
app này bên tài chính hay app đen vậy ạ ?,0.0
mnguoi có ai từng vay tiền app này chưa ạ ?,0.0
nhan' tin ho tro.,0.0
tai chinh' nha,0.0
2: Bùng VAYVND có bị thưa kiện không?,0.0
"=> Câu trả lời là không, thưa kiện là 1 hình thức dọa để người vay trả tiền.",0.0
nó dọa chứ méo dám làm đâu em ơi,0.0
3: Có bị cày danh bạ không?,0.0
=> Câu trả lời là không.,0.0
"Vì vay trên web cho nên không tra được danh bạ, không tra lịch sử cuộc gọi",0.0
4: Có bị đăng hình lên mạng xã hội không?,0.0
"=> Câu trả lời là không, VAYVND này khi bùng thì ae cứ yên tâm thoải mái nhé vay trên web thì không có vấn đề gì hết.",0.0
5: Có bị về thăm nhà không?,0.0
=> Câu trả lời Chắc chắn 100% là không nhé Ae yên tâm,0.0
Em đang kẹt tiền chỉ giúp em với,0.0
Em muốn vay chỉ em với,0.0
⚠️HẬU QUẢ⚠️ ❌KHI BÙNG APP VAYVND❌,0.0
⛔Không trả VAYVND thì sẽ như này nhé:,0.0
"1: Bùng VAYVND : thì có bị lên nợ xấu, cic không?",0.0
"Vì VAYVND, là app tindungden hoạt động trái phép",0.0
Mình là bạn nữ.,0.0
Trên tinh thần cởi mở thôi.,0.0
"Khuyên nhá,bro thử hỏi thẳng đi,xem thái độ biểu cảm thế nào,chứ tôi nhìn dòng chat cứ cảm giác nó kì kì sao á bro",0.0
hài ở chỗ chỉ cần xăng tăng vài ngày thôi xong các mặt hàng tăng theo,0.0
nhưng đến khi xăng hạ thì các thứ tiêu dùng vẫn giữ nguyên giá có giảm đâu 😂,0.0
Chắc ô nghĩ nhà nước sẽ để mọi thứ tự do tiến triển theo các bước ô đề ra quá.,0.0
Đã từng có đợt xăng hơn 32k nhưng nó lại giảm xuống.,0.0
Không bao giờ có chuyện xăng sẽ tăng đỉnh điểm và giữ mức cao quá 2 tuần để mà mấy cái giá cả mặt hàng bị đẩy lên đâu.,0.0
Cách đây mấy năm cũng có 1 đợt tăng giá xăng lên hơn 30k/lít.,0.0
"Thế mà sau đợt đó dân vẫn giàu nhiều, vẫn làm ăn bình thường như chưa có gì xảy ra.",0.0
Phải là: Bước 1 xăng tăng giá Bước 2 các dịch vụ đi kèm tăng Bước 3 xăng giảm giá Bước 4 đéo cái dịch vụ nào giảm,0.0
"Đã vậy mà các bác còn tìm đủ mọi cách để bào dân Chết dần chết mòn, kinh tế đi xuống, dân đói khác sẽ tệ nạn xã hội",0.0
Thay vào đó ông chuyển Bitcoin vào quỹ tín thác (trust),0.0
rồi dùng chính số Bitcoin đó làm tài sản thế chấp để vay tiền và sống bằng khoản vay này.,0.0
"Bitcoin ban đầu sanh ra để làm digital money, medium of exchange chứ không phải đầu tư để làm giàu.",0.0
Nếu mất mục tiêu đó thì chả khác nào là Ponzi scheme vì mạng vừa chậm,0.0
nghẽn phí giao dịch cao khi mua một món hàng với giá 1 2 đô mà gas fee lên tới 50-100 đô,0.0
"Nếu bán ra, ông sẽ phải đóng thuế cho khoản lãi 4,9 triệu USD.",0.0
"Sao ông đó không sang VN, cashout 5tr$ rồi đầu tư HDPE",0.0
vay không trả lãi hay sao bạn,0.0
Mà từ 100k lên 5m thì cũng đôi lần sụt giảm mạnh điều chỉnh chán chê quỹ dám cho vay mưc nào =)),0.0
Vì vậy ông không bán.,0.0
"Nhiều năm sau, giá trị số Bitcoin đó tăng lên 5 triệu USD.",0.0
rồi lúc tụt giá âm vốn thì sao nhỉ?,0.0
Không bán → không phát sinh thuế.,0.0
Toàn bộ khoản lợi nhuận trước đó được “reset”.,0.0
Một người cha mua Bitcoin giá 100.000 USD.,0.0
Kết quả: gần như không có hóa đơn thuế nào xuất hiện Tôi có 1 nhóm chuyên chia sẻ kèo và kiến thức crypto ae có thể tham gia để nhận file tài liệu trị giá 999$ hoàn toàn miễn phí,0.0
Sự thực: ổng bị lừa mất toàn bộ số bitcoin,0.0
Mà còn phải đóng lãi nữa làm đéo gì có con bò nào như vậy,0.0
Thiệt hả …,0.0
"Khi ông qua đời, người thừa kế nhận lại số Bitcoin với giá vốn mới là 5 triệu USD.",0.0
xong giả vờ mình từng vay 1 bên mình chưa bao giờ vay .,0.0
mình có gim l inh va ay rồi đó bạn ơi,0.0
e tải truec aller về,0.0
mún vay mà phải chụp cccd 🥲 sợ có chiện gì quá,0.0
chc mua cái vé bèo nhất,0.0
mình tâm sự chút đi ạ😞😞😞,0.0
Fe hay cttc có xuống nhà đó lo xoay app đen mag trả,0.0
"Y chang tui má ơi, kv, thẻ td lumla.",0.0
Giờ đang mún kím tiền nhanh thật nhanh luôn🥹,0.0
"3 năm trx tui y vậy, tui để nợ xấu luôn chứ sao giờ, mỗi tháng có nhiêu tui trả nhiêu à, nào hết thì hết.",0.0
Quá mệt mỏi cuộc đời,0.0
"Cẩn thận nha bro, 31 chưa qua 33 chưa tới mới 29 đã vầy, đi sai đường là lầm đường lạc lối luôn á nha.",0.0
xin đóng lãi kiểu khác.,0.0
Đừng có vì kiếm tiền nhanh mà nghĩ loạn.,0.0
Làm Bất Động Sản Nhà Đất là cách nhanh nhất thôi bà .,0.0
Không có gì kiếm tiền nhiều bằnng,0.0
97 tụi mình cứ sao á ha.,0.0
Lận đận ghê.,0.0
Mình sẽ cẩn thận 😢,0.0
Bà nào hay đặt hàng shopee thì hợp tác với mình chia hoa hồng 5 -5 sau thuế ạ,0.0
Sợ bùng là bị kiện ủ tờ.,0.0
Làm cách nào bà?,0.0
Sale bất động sản hả bà,0.0
"Nợ đè, viện phí đè.",0.0
Tuổi 29 thật đáng sợ,0.0
Bản thân mình nợ nần cũng chả mún iu ai á,0.0
Mình sẽ cẩn thận ạ .,0.0
"Y chang tui vậy trời, giờ 1 mình đang gồng gánh lãi và nuôi con 1 mình.",0.0
"Mới vừa đi xin làm thêm âu giờ hành chính, và ngày nghỉ cày lại để làm lại tất cả",0.0
Mình chỉ khuyên bạn nên cảnh giác cao độ.,0.0
Khi đã ở thế yếu và còn mong kiếm tiền nhanh thì rất nhiều vấn đề khác sẽ tìm đến bạn.,0.0
"Hoặc đánh đổi rủi ro cao, mad giờ với số nợ đó mà còn rủi ro cao nữa thì kèo thua nhiều hơn.",0.0
"Vô mấy group về jyotish, vedic trên fb lày.",0.0
"Đọc thêm thông tin này, nhiều lắm :))))",0.0
Hồi lâu cũng có coi về người ngẫu phối tương lai bằng tử vi.,0.0
Vây sự khác nhay giữa xem D1 và D9 là gì ạ?,0.0
em luận cho chị liền,0.0
Mọi người giúp mình với,0.0
Nếu có tất cả nhưng không có giấy báo nợ thì sao bạn,0.0
"Mình bị đồng nghiệp vay 10tr, bây giờ anh ấy trốn nợ rồi.",0.0
Thì bây giờ nên làm như nào để đòi nợ được mọi người nhỉ.,0.0
Số tiền đấy cũng lớn với mình í.,0.0
Mình có đủ thông tin chuyển khoản.,0.0
Công ty cũng biết rồi nhưng mà vẫn chưa muốn làm căng vì còn tình còn nghĩa í.,0.0
"Báo công an, thuộc diện dân sự nhé mom.",0.0
Bạn thực sự nghĩ bạn đúng nên đòi cọc hả 🤨🤨.,0.0
Bạn là người phá hợp đồng 2 người kia không đòi bồi thường thêm là quá tốt rồi.,0.0
Cũng như khi bạn đi làm,0.0
bạn nghỉ việc thì bạn phải báo trước từ 15- 45 ngày nếu không thì khả năng cao là bạn sẽ không nhận được bất cứ xu nào cho thời gian làm việc của tháng trước đó vậy,0.0
Gửi link nó vào đây em.,0.0
Cho mùng 1 tết cả cái thread chửi chết cụ nó đi cho chừa,0.0
"Vụ không nhận lương có thể không đúng nhưng nghỉ sai quy định thì doanh nghiệp có thể giam bhxh, giấy tờ.. nhé.",0.0
Nên cũng đừng dại mà đang có hợp đồng nghỉ ngang nha.,0.0
Cọc là để dùng trong trường hợp gặp người như bạn á,0.0
“Lỗi ở mình 1 phần” ?,0.0
con này vừa ngu vừa ẩm ic mà còn ngang phè phè,0.0
mình công nhận với bạn,0.0
Như vậy nhân viên nghỉ ngang thì doanh nghiệp bị động hoàn toàn à anh trai?,0.0
"Bhxh là tờ rời, quá trình tham gia đó chứ bản gốc ai giữ làm gì",0.0
Người ta phải gánh tiền trọ chênh thêm 5 tháng vì EM chuyển đi đột ngột.,0.0
Rõ là em sai mà còn muốn đòi.,0.0
Chắc mới thuê trọ lần đầu.,0.0
Sau nên tự thuê 1 mình để nếm trải =))),0.0
Mình sai mình chịu nhé em.,0.0
2 bạn kia còn thiệt hại nhiều hơn em đó.,0.0
Cả 3 đều đẹp 😍😍😍,0.0
"1 mụ thì câu nào cũng bắt bẻ,1 mụ thì hay ghen tuông,1mụ thì ít nói nhưng nói câu nào chấn động tam giới🤡🥰",0.0
chị em mình mới giống là 1 gia đình đấy nhỉ 💁🏻‍♀️🫢,0.0
duyên xỉu nhất phim luôn á 🥹 nó hài mà nó duyênnnn,0.0
những cái mỏ hiền từ nhẹ nhàng,0.0
Mong anh Xìn cho 3 đứa em vai bắt ghen hoặc đòi nợ ☺️,0.0
em đồng ýyyy,0.0
ok dược sĩ tiến,0.0
Đã hiền còn đẹp trai đẹp gái nũa🫶,0.0
Vai diễn còn khá an toàn ạ,0.0
3 người hiền khô dễ thương nhất phim,0.0
Công nhận nhìn là thấy hiền liền 🤣🤣🤣,0.0
Bây ơi bây có ai bị bên vay tiền đòi nợ một con ất ơ nào đó mà bây không biết không =)))),0.0
Hôm nào đi show Bùi Công Nam đi bà ơi Tui tặng fibi,0.0
nay đi sấm nghe bài I love you thích kinhhh,0.0
ê thề=)) bị thích Bùi Công Nam í càng ngày càng thích lần nào đi show có ổng là thích lắm,0.0
nhạc nghe tình cảm mà hay lứm cái bài I love you đó siu thích íiiiiiiii,0.0
Combo nhạc tình có nhạc gia đình có nhạc doạ ma có nhạc đòi nợ có luôn!,0.0
Đu 1 người xài nhạc 1 đời,0.0
Chúc bạn và gia đình luôn vững tin và có nhiều an yên trong cuộc sống ạ.,0.0
Chúc anh có nhiều sức khỏe để tiếp tục hoàn thành những mục tiêu sắp tới nhé,0.0
nói chuyện nghe ấm lòng quá à huhu,0.0
Mùng 3 chúc anh luôn khỏe mạnh nha anhh 💖,0.0
Mẹ đã dạy cho con thật nhiều điều để con nên (cont),0.0
bạn thật giỏi,0.0
Giống mình ghê.,0.0
Chúc bạn sang năm mới sức khoẻ - phát tài phát lộc vạn sự như ý nhé,0.0
"Gửi một cái ôm tới những nỗi phiền muộn của anh, và cái vỗ tay cho những gì a đã đạt được.",0.0
"Mong cuộc đời nhẹ nhàng với anh, và chúc cho lòng anh an yên với tất thảy những thử thách 🌸",0.0
"Bạn ơi, vẫn còn hạnh phúc vẫn còn yêu thương, vậy là còn bạn ạ chưa mất hết",0.0
Hai bà kia đánh bà cổ dũ hay sao,0.0
Bắt ghen hợp đó mẹ =)))))))),0.0
Vào đòi nợ mà giống cái rhs day2 chú Pháp nha Kiều🤣 triển vọng lắm đấy,0.0
Bả múa cột 🤗,0.0
Quá trời bà gòi,0.0
vai bắt ghen hợp đó bà,0.0
Cho bà vai bắt ghen là hợp lắm,0.0
Bà pháp kiều đi bắt ghen chấn động địa cầu.,0.0
Nói tiểu tam chợn tròn mắt há hốc mồm :)))),0.0
Em hiện đang là sinh viên năm 2 cần tìm job part-time làm online ở tphcm do tính chất cá nhân nên không thể di chuyển ạ Em có thể làm trực page,0.0
tham khảo trang mình,0.0
xin cách đòi nợ khi nó không rep mình,0.0
"nợ thì phải trả, nó làm theo hệ thống chứ không phải làm theo tâm linh.",0.0
Vote bỏ tech,0.0
người ta làm theo lịch dương chứ đéo gì mà tết với lễ.,0.0
mà cái này tận 5000 🤣🤣🤣,0.0
"Vâng, ngày chốt dư nợ khoản vay là 20 tây hàng tháng và thông báo đến khách hàng vài ngày sau đó.",0.0
"Chắc mọi người đã quên Câu thoại kinh điển ""I love you 3000"" trong Avengers: Endgame rồi à,",0.0
Thấy bình thường.,0.0
Tui bị sau giao thừa báo sao kê chốt ngày 15 🤣,0.0
"Ngân hàng gì kì cục, mùng 1 Tết nhắn đòi nợ những 5k 🙂🙂🙂",0.0
"Sáng nay tui cũng vừa phải trả 6,082 =)))",0.0
Hồi đó tui đi thực tập ở toà thấy mấy ngân hàng kiện khách hàng thiếu nợ đồ í,0.0
xong có uỷ quyền cho 1 người làm việc với bên toà.,0.0
bên chị có tuyển thực tập sinh pháp lý không ạ 😔,0.0
Mấy bạn có ai từng apply làm thực tập sinh thu hồi nợ của VPBank chưa?,0.0
Có thể cho tui xin review xíu được hong.,0.0
"Đây là đòn bẫy tài chính đã được chạy hàm thống kê, vay 1 cú này nữa là coi như gãy đấy",0.0
"Nhắn cho mình, mình hỗ trợ bên Tnex, làm online không gọi người thân nha",0.0
inbox mình hỗ trợ gom nợ vay bank lãi suất thấp kì bạn dài nhee zalo: 0931132206 nè,0.0
"người thân mình bị tạm giam, nên mình cần vay gấp để chạy án .",0.0
"Mình biết vụ nợ xấu mà, hiện tại gấp rút lắm .",0.0
Mình cần phải kiếm nguồn để lo,0.0
yên tâm vụ nào cũng dí đéo bỏ qua cho con lồn nào hết nha 🫰🏻,0.0
Riêng chuyện này nghe má scam nói thì tin.,0.0
Tụi scam hot như film,0.0
"Rồi, mấy năm nữa quay lại vẫn còn bài á.",0.0
"việc nào ra việc đó chớ bạn,",0.0
"Con này 100% là nhái con nghĩ cách tẩy trắng cho idol, moẹ cái giọng văn hãm l cành cạch.",0.0
Đúng là idol như nào thì fan như vậy,0.0
Thay vào đó dí bả trả nợ ok hơn á.,0.0
vụ nào ra vụ đó đi =))),0.0
Người đẹp còn ổn không người đẹp,0.0
Min 1m hả bạn,0.0
Có ai vay nợ trên Timecredit không ạ!,0.0
Nó cho mình vay lần đâu 900k giờ bắt thanh toán 1.500k.,0.0
Có bùng được không nhỉ,0.0
Chỉ tôi phát,0.0
Ổn nha bro,0.0
việc gì mà mình kiếm tiền lo nổi?,0.0
"Cả đời mình khổ vì chữ nghèo, vì sự sĩ diện của người lớn đến giờ chẳng đến nơi đến chốn?",0.0
Giờ biết làm gì đây khi đến tuổi này rồi mẹ vẫn cứng đầu???,0.0
Mỗi nhà mỗi cảnh.Còn mẹ thì cố vậy.tới đâu hay tới đấy,0.0
Dạ mệt thiệt chị ha,0.0
Ổng thú vị lắm bà ơi;)) còn dễ thương nữa,0.0
ỏoo cảm ơn bà nha 🫶🫶🫶🫶 nhạc ổng đa dạng lắm á nhạc tình nhạc tết nhạc gia đình nhạc phim nhạc đòi nợ,0.0
... bà nghe đi đảm bảo nghiền luôn,0.0
NHỈIIIIII ời ơi người đâu mà dịu dàng chân thành hài hước tài năng VÀ đẹp giai vãi nồi ý 😭🫶🏻 lần nào gặp về lại thích ổng hơn nhìu lắm,0.0
Ổng dễ thương lắm,0.0
Cảm ơn bà Cỏ Tí vì đã thích anh Nam ạ ☺️❤️,0.0
hí hí đu cả say hi nựa ạ,0.0
cảm ơn bác đã yêu quý anh chủ tiệm nhà tui ạ 🫶🫶,0.0
Sầu quá rầu 🥹🥹🥹,0.0
🥲 chắc tại đang rải thêm ý bà ưi,0.0
"Bơm dnt giải Cống Hiến 2026 cho CONGB 20k đi, mình dắt bạng đi gặp CONGB nè",0.0
Đi fmt với đi CC á bà,0.0
"đi fmt, concert, tất cả các sự kiện có mason nè",0.0
Có đi hết bà ơiii,0.0
Ib zalo 0876025816 cho mình ạ,0.0
Mình 98 ạ mình xin jd với,0.0
mình xin job với ạ,0.0
Ib zalo 0876025816 mình gửi JD ạ,0.0
tuyển dụng hà nội,0.0
Em ib zalo 0876025816 chị gửi file JD cụ thể nhé,0.0
"FPG tuyển NVVP chăm chỉ, nhanh nhẹn và có tinh thần “hết giờ là tan ca liền” 🤗",0.0
Vp ở Hoàng Đạo Thuý - Thanh Xuân nha,0.0
"Em ở HCM ạ, em xin job nha chị",0.0
Còn nha e,0.0
Bên mình có vp ở Long xuyên không ạ,0.0
Bên chị còn tuyển không ạ?,0.0
Dạ chị cho em hỏi bên mình đang tuyển những vị trí nào vậy ạ,0.0
⏰ Thời gian làm việc: 8h00 – 17h00 (Thứ 2 – Thứ 6) nghỉ trưa 2 tiếng 💻 Môi trường: Trẻ trung không tooxic 🎁 Quyền lợi: Nghỉ T7,0.0
Ib qua zl mình gửi file jd cụ thể nha: 0967371062- Ngọc Lan,0.0
Hoàng Đạo Thuý - Thanh Xuân nha e,0.0
"Dạ em xin JD ạ, em ở HCM ạ",0.0
Dạ cho e xin JD ở HCM với ạ,0.0
văn phòng Hà Nội ở khu vực nào thế ạ,0.0
job về mảng gì thế ạ,0.0
Em xin jd ở hcm ạ,0.0
Nghĩ vậy là tự nhiên nhẹ lòng hết áp lực luôn:))),0.0
"Sáng thấy ai đứng quen quá, ai dè bà thiệt hả",0.0
Ủa e bị gì,0.0
Mình xin in4 cái bình nha,0.0
Không nghĩ tới sẽ không đau thương 🥰,0.0
Oi thật là lucky Vicky chá nà ^^,0.0
Quà tặng cuộc sống 🥰,0.0
Chắc vậy 😝,0.0
thả con cá rô bắt con săn sắt à mom,0.0
Lạc quan đến đau lòng:))),0.0
Tui đó pà,0.0
acc clone của JWY hả,0.0
Hệ tư tưởng Lucky Vicky hả chèn,0.0
Nghĩ vậy cái nhẹ hẳn luôn khởi suy nghĩ,0.0
Best lạc quan:)),0.0
Hồi sáng đi đường bị công an phạt lỗi đèn đỏ hết 5tr vào than với đồng nghiệp cái mua cho ly Gongcha,0.0
Đèn đỏ á chị vượt tưởng chạy được :))),0.0
Sẵn 2 mao lương tại phú diễn,0.0
CÓ SẴN + PRE-ORDER 🌷,0.0
"Hoa lẻ tặng người yêu, đồng nghiệp, lớp học 🥰",0.0
mình có ship đi Hà Đông không ạ,0.0
Bạn ơi check inbox giúp mình với mình đặt 10 bó mini,0.0
Từ 50 bông: giảm 10% mỗi đơn,0.0
"Đồng nghiệp có bạn gái ầm ầm rồi kìa , giờ tính sao 2 đại ka 😃",0.0
"Cho phù thủy nhà e góp vui với, nó sắp nghẹo tiếp thôi chứ khả năng là nối nghiệp hai anh, ba đứa ngồi đánh phỏm :))",0.0
anh đép hình như đang iu chị diễn viên học cùng c2 í,0.0
…:Để từ từ đi em,0.0
mình có cái hint cho con dân đỡ tủi chứ mình định làm Daesung của LOL à 🥹,0.0
Bạn jen luôn hả tưởng fan thôi,0.0
có khi hai ổng iu nhao á 🙂,0.0
Không ấy 2 mình yêu nhau he=)))),0.0
Bạn thân luôn là đằng khác á bà,0.0
Đụng đến lợi ích cá nhân mới tự nhận thức được chứ chúng nó giết người như giết gà giết vịt thì tặc lưỡi “kệ đi” 😂😂😂,0.0
"Buồn cười là, những người này cũng đã lớn lên trong một đất nước cũng từng bị giết như giết gà giết vịt.",0.0
Thì nhà nước quản xăng chứ bộ tư nhân quản hả 🤣,0.0
Em thấy app thì có tăng giá mà không biết phần đấy có tới được tài xế không nữa hic,0.0
đầu óc bạn không được thông minh lắm thì bạn cứ thực hiện theo cái bio trên profile bạn là tốt nhất,0.0
tội mấy chú xe ôm cnghe mấy ngày này lắm luôn á chị My :(((((,0.0
"Đây là thể loại mở mồm ra là bảo ""Lợi ích quốc gia là trên hết"" 🙄",0.0
Vô cảm thôi thì coi như kệ cũng được nhưng khi giá xăng tăng,0.0
có đứa còn đổ lỗi cho Cộng Sản muốn ăn thêm tiền của dân mới vcl chứ 🤡,0.0
Chính xác là những con người này :)))),0.0
Hôm nay anh ta than giá xăng tăng và đang không hiểu tại sao?,0.0
"Yah em, My có comment ở trên.",0.0
My đi Grab đi làm đi học nên cũng đi nhiều cũng hỏi mấy chú chạy họ đang cực kỳ nản luôn,0.0
chỉ còn cách gửi thêm tip phụ họ tiền xăng thôi...,0.0
"Fun fact là anh ta cũng đã xổ ra 1 tràng như comment thứ 3 ở một cuộc tranh cãi khác với chị và cũng bắt người khác phải ""ăn nói cho cẩn thận"" chỉ vì anh ta già (hơn chị) chứ đéo phải vì anh ta đáng nể.",0.0
đi ăn tối giải toả một chút thì lotte mall west lake bật full list enhypen ố yè cant get chu out of my head 🫠,0.0
giận thôi chứ vẫn thương 7 cháu mà 🧎🏻‍♀️,0.0
chỗ nào cũng đăng tin rồi chị ạ...,0.0
mom ơi tui để sẵn tiền đi concert rồi đây này...,0.0
0 nhưng nghèo quá bay ơi,0.0
"ai kêu thông cảm được thì thông cảm chứ fan đoàn chịu :))) anh em gì giờ này, đồng nghiệp là đồng nghiệp thôi.",0.0
tiền nào chịu nỗi album card hả chời,0.0
Xin tí lửa,0.0
hiểu gì 0 mà cmt,0.0
"Em vừa nhắn tin ạ, chị kiểm tra tin nhắn nhé.",0.0
Em cảm ơn chị.,0.0
Mình xin JD vơiiii,0.0
Xin JD ạ,0.0
Bạn nhắn tin mình gửi contact HR nhé,0.0
làm ở Bệnh viện mắt Hà Nội - Hải Phòng nha 💁🏻‍♀️,0.0
Bạn cho mình xin mô tả công việc vị trí này được không ạ,0.0
Mình xin JD với ạaa,0.0
Bạn nhắn tin mình gửi contact của HR nhé,0.0
E cứ apply thoải mái nhé😄,0.0
Bên mình còn tuyển ở kv HCM không ạ,0.0
Hic em lướt trúng bài chị đã hơn 10 lần muốn apply nhưng em ở HCM 😭😭😭,0.0
8/3 thích vậy trờiiii,0.0
"Tương tư em đồng nghiệp, Sáng ra đã không thấy em trên giường, hoá ra là lục đục ở trong bếp làm buổi sáng.",0.0
"Eo ơi trông xinh yêu vl,chạy lại hun em cái chụt🥹, đôi khi chỉ cần hạnh phúc như thế này là đủ rồi.",0.0
"Hôm nay 8/3 mình đã chuẩn bị một món quà nho nhỏ cho em, i hope she likes it🤍",0.0
Mở mắt đúng cách hihi,0.0
"Đã he, xin vía",0.0
Ngày 8/3 đáng yêuu của hai cổ^^,0.0
Sáng sớm ngày ra đã có cơm tờ ró ăn rồi ......🥺🥺🥺🥺🥺🥺,0.0
Mấy đứa yêu nhau tụi bây ngộ,0.0
"Hết tiền chưa bestie 👁️👄👁️ Nếu ví đang “hụt hơi” mà lại mê thời trang, mê sáng tạo, mê làm thiết kế thì… job tới liền đây.",0.0
📍 Văn phòng tại TP.HCM,0.0
Job ngon không chờ ai đâu bestie ơi.,0.0
Apply sớm — biết đâu tuần sau đã thành đồng nghiệp!,0.0
Team tụi mình đang tìm thêm đồng đội vừa có vibe vừa có skill cho các project mới toanh.,0.0
"Tìm nhân sự làm điên, chơi điên cho .tattoo.vn 👽",0.0
chuyển từ đâu về đâu nào,0.0
nhắn tin a vớii,0.0
Quan tâm ạ cho e xin JD với ạ,0.0
Vị trí: 😡 Trợ lý cửa hàng lúc làm lúc nghỉ - Fulltime (9h-19h),0.0
"Tìm nhân sự làm điên, chơi điên cho",0.0
Đã quan tâm,0.0
Tôi có thắc mắc là công việc về gì,0.0
"Yêu cầu thích cười, mê xăm và nghệ thuật.",0.0
tuổi từ 20 trở lên,0.0
cho em xin jd với ạ,0.0
Để chuyển hộ khẩu trước,0.0
Lương Fulltime từ 7tr-10tr++,0.0
Hình như là đang cảm thấy sứ mệnh cuộc đời là phải làm gì đó.,0.0
"thật, nếu không ai như thế thì làm gì có cụm thoát ra khỏi vòng an toàn.",0.0
"Cơ bản cuộc sống còn dài, đừng nên suy nghĩ nhiều quá, sai thì ta làm lại thôi.",0.0
"Bạn thử tự xây kênh cho mình đi, cũng vui đó",0.0
Mình tính đăng thì thấy chủ tus mình cũng đang ở trạng thái sướng quá hoá rồ,0.0
ai cũng thế thật hả bạn?,0.0
chứ thật sự giờ mình cứ thấy mình bị điên rồi ấy,0.0
"Nghĩ kỹ nhé e uiii,",0.0
Công việc đang phát triển tốt thì đừng nghỉ uổng.,0.0
Thời điểm kinh tế khó khăn mà,0.0
ai cũng phải trải qua giai đoạn như vậy thôi.,0.0
23 tuổi còn khá trẻ để chấp nhận cuộc sống trôi qua bình lặng,0.0
tốt hơn hết thì nên làm gì đó để sau này không phải tiếc nuối vì đã không cố làm một điều gì đó.,0.0
Không sao mình cứ “Lucky vicky“,0.0
Hôm nay là một ngày đáng nhớ,0.0
Đọc muốn đi làm luền,0.0
Tui nói ra đây cho mấy người dễ báo chính quyền hay gì 😞,0.0
3 triệu/tháng thì nhắn tui,0.0
việc làm Đà Nẵng,0.0
Nếu bạn yêu thích sự tỉ mỉ thích sáng tạo bằng đôi tay và muốn làm việc trong một tiệm nhỏ xinh đầy cảm hứng,0.0
🧡 VIỆC NHIỀU LƯƠNG THẤP ĐỒNG NGHIỆP RẮN ĐỘC,0.0
APLLY NGAY THÔI NÀO 🧡 • Tiệm đang tìm 02 bạn đồng hành lâu dài ở vị trí Bán hàng kiêm hỗ trợ sản xuất đồ handmade.,0.0
• Chi tiết công việc ở các ảnh đính kèm.,0.0
Sốp tuyển parttime ạaa,0.0
😇 trời ơi sốp tuyển dụng quả cap chấn động quá,0.0
thường (không như thế),0.0
trong khi mấy ngày đầu còn bị đồn ghét nhau 🤣🤣🤣,0.0
Biểu cảm nói chuyện với đồng nghiệp như vậy có bình thường không á mọi người??,0.0
🐿️ Em đang gì vậy?,0.0
🐯 Em đang làm gì hả?,0.0
"*🐯 Gác tay chống cằm, biểu cảm như ảnh* 🐯 Em đang nói chuyện với anh nè~",0.0
🐿️: ôi ghét quá đi thoii 🐯: anh ghét gì thế 🐿️: ghét emmm *🐯 chầm chậm xích lại gần màn hình đưa tay tì cằm,0.0
biểu cảm như ảnh* 🐯: sao vại~ sao ghét em vại ta?,0.0
"Chúc mừng bà nha, bà giỏi lắm cố lên",0.0
"Cố lên, toi cungz vừa tìm được việc mới đây thoi🥹",0.0
Uii buồn vcl ý các 2002 ơi.,0.0
Ôi đm cuộc đời ơi cứ lận đận như này à,0.0
lương tăng dần đều theo từng đợt review…,0.0
Mới 2 tháng mà muốn khóc hụ hụ rồi đây,0.0
Thất nghiệp thì qua đây làm kiếm tiền mua trà sữa mỗi bữa rồi đi nấu xối nè bên tui đang tuyển HR/Nhân sự không cần kinh nghiệm,0.0
dô đi tui đào tạo từ A-á,0.0
Kính tế đang đi xuống tình hình chung rồi có gì đâu mà stress,0.0
bên mình đang tuyển vị trí chăm sóc khách hàng.,0.0
Bạn tham khảo nhé,0.0
Thất nghiệp 7 tháng stress điên,0.0
Xưởng nào thế ạ,0.0
Thiệt hả bà,0.0
mọi người tìm phòng trọ quanh KCN Quang Châu ib em nhé 🤣 nhà em đang xây dự kiến hoàn thiện 1-2 tháng nữa mới tinh ạaa =))),0.0
Dạ bên này đang thưởng cao.,0.0
"Nhân tiện thì fukang cũng có giới thiệu nha các bồ, các bồ dô săn thưởng nha, liên hệ tui nha hihi",0.0
Nhưng mà lương công nhân cao hơn office thật luôn,0.0
"Quá tốt rồi, chúc mừng em nha.",0.0
"Làm xưởng nào vậy, cho theo với",0.0
Công nhân mà 2x thì em cày cũng nát con chem chép e ạ :))) học thêm cho thu nhập nó bền vững,0.0
8tr giới thiệu mình xin 2 thôi bạn nháaa,0.0
"Dạ , trình độ của e hơi thấp nên em chấp nhận ạ",0.0
Mình bên Vân Trung ạ,0.0
Thất nghiệp mà có tiền đi ăn đi chơi thì thích ấy,0.0
Oi má ơi xin địa chỉii bác ơi,0.0
Cafe là 9room còn bánh là,0.0
Thật mừ 😆💓 Nhưng nhớ nhắc tớ nhaaa,0.0
Thật à shop để sau mình qua tiếp ☺️,0.0
Thế lần sau mà vẫn đẹp trời bạn ghé quán chúng mình tặng món quà nhỏ nhé 🥰,0.0
Chùi ui cảm ơn báccc,0.0
"Chị ơi, nhà em là 1 homestay nhỏ ở giữa đại ngàn Tây Bắc, cách Hà Nội 8 tiếng đi xe.",0.0
"Nhà em ở lưng đồi, nhiều cây, có thêm 1 chú cún nhỏ quấn người và tiếng chim hót.",0.0
"Nếu chị có ý định ra Bắc chơi, mời chị ghé qua homestay nhà em ạ.",0.0
Cảm ơn bạn rất nhiều 🫶🏻🫰🏻,0.0
Mình cũng nghĩ nên tích đủ để khi chuyển hướng không bị thiếu.,0.0
Bạn nào quan tâm có thể inbox mình nhé,0.0
Đọc hành trình của bạn thấy rất nể.,0.0
Không phải ai cũng đủ dũng khí dừng lại và chọn lại hướng đi cho mình như vậy.,0.0
Nhiều bạn 20+ mình gặp cũng từng rất nỗ lực nhưng đến một giai đoạn lại thấy chững lại và hơi mông lung,0.0
Giữa năm 2015 học xong lớp 11 vậy là chúng ta bằng tuổi nhau.,0.0
Mình đang học Tâm lý học và tham gia một dự án nghiên cứu về tư duy & hành vi của người trẻ.,0.0
"Khi tham gia sẽ có một buổi advisor coaching để cùng nhìn lại điểm mạnh, điểm yếu và hướng phát triển tiếp theo cho chính bạn",0.0
"Người bình thường trung bình lao động tới 65 tuổi, bạn 27 tuổi là còn tận 38 năm trong độ tuổi lao động.",0.0
Thật sự 27 là còn rất rất trẻ để bắt đầu lại 1 định hướng mới nên cố gắng lên nha,0.0
Mình 27 tuổi và sắp thất nghiệp sau gần 11 năm làm việc không ngừng nghỉ.,0.0
Mình sẽ tự thưởng cho bản thân 10 ngày nghỉ dưỡng.,0.0
Sau đó sẽ học một nghề mới và sống một cuộc đời mới 💖,0.0
Giỏi quá bà ơi chúc bà thành công với những gì bản thân chọn nha,0.0
luôn kiên trì nha bà .Mọi sự cố gắng sẽ được đền đáp xứng đáng 💕😘,0.0
Mình cũng đang trên làn ranh giữa việc đi hay ở lại.,0.0
Cảm ơn bạn,0.0
Chúc bạn có kì nghỉ thật đáng nhớ và rồi sẽ có công việc hoặc sự nghiệp suôn sẻ,0.0
cứ tin vào bản thân mình thì ắc sẽ thành công 🍀,0.0
Biết ơn mọi thứ đã và đang diễn ra trong đời .,0.0
Biết ơn sự kiên trì của bản thân.,0.0
"Biết ơn những người đã bước qua , đã dừng lại trong đời.",0.0
Xin biết ơn cuộc đời vì tất cả 💖🫶🏻,0.0
Mình mừng cho bạn vì đã có đủ dũng cảm cũng như có được quyết định cho chính bạn có câu :”không có quyết định đúng sai,0.0
chỉ là mình có muốn làm cho quyết định đó đúng hay không thôi”.,0.0
Cố lên nha bạn!,0.0
"Cảm ơn bạn nhiều, cũng mong định hướng sắp tới của bạn sẽ phát triển thật thuận lợi.",0.0
Giữ sức khỏe và cố lên bạn nhé.,0.0
Nhưng suy đi nghỉ lại cũng mọi thứ bây giờ cũng tốt đẹp hơn rất nhiều rồi ạ.,0.0
Chúc bạn sức khỏe và mọi việc thuận lợi nhé🌸,0.0
Bữa range 15-17 pv xong gửi offer còn 10tr nè :))),0.0
Cha ơi cha cha hỏi cha muốn gì mới đúng á 🥲,0.0
"+1, chỉ là chưa có động lực thôi chứ cũng không phải là không hiểu người ta muốn gì",0.0
"vậy thì vào ngành sản xuất mà làm, tính OT",0.0
Thử jod đi ship đi :))) vui lắm,0.0
Mình đang bị như vậy,0.0
Tao chán quá .,0.0
Càng tìm việc càng nản .,0.0
"chị đổi môi trường thử làm booking khum, trải nghiệm 9life cũng khá thú vị á",0.0
📍HCM TUYỂN DỤNG VỊ TRÍ NHÂN VIÊN BÁN HÀNG Không yc kinh nghiệm Không yc bằng cấp ** phù hợp cho cả các bạn sinh viên** Làm giờ hành chính,0.0
"24 tuổi,1m73 thất nghiệp , đang cần kiếm công việc ở quận 7 , yêu thích bếp và khách sạn nhưng chưa có kinh nghiệm nhiều ạ",0.0
Việc làm quận 7,0.0
"Mom ơi, toy sắp kiếm mom thiệt rồi ấyyy",0.0
Chưa có việc thì qua VUS kiếm tuiiii,0.0
Đúng vậy làm tiếp thì sẽ khùng mất 🤣🤣,0.0
Bị khùng khó chữa lắm bà.,0.0
Không giống như đau tay đau chân bình thường.,0.0
Đừng hỏi vì sao tui biết,0.0
+1 mới quyết định nghỉ việc vì sếp quá toxic dù chưa có offer mới,0.0
+1 người đã nộp đơn nghỉ việc.,0.0
Ai cũng hỏi có job mới chưa mà nghỉ.,0.0
Toi chỉ biết cười trừ thoi.,0.0
"nghỉ ngơi đi bà, tui nghỉ được 9 tháng roài🤣🤣🤣",0.0
Tui đang chiến đấy mỗi ngày nghỉ việc giờ rồi mình làm gì tiếp theo :3,0.0
"Ơ học cùng 1 môn nè, tui cũng học thạc sĩ Tâm lý học lâm sàng",0.0
Ỏ thì ra là bác Huyền iuu,0.0
Dạ biết ơn chị,0.0
Nếu có đồn ra vô thì bà cũng đừng suy nghĩ quá,0.0
Giai đoạn bầu sinh ai cũng vậy mà bà.,0.0
Bà đừng tự stress quá.,0.0
Phụ nữ ai cũng có giai đoạn đó mà,0.0
Đăng bài kiếm trẻ bạn ơi,0.0
"Ủa hahaa, kết nối mom ơi haha, mà mom HN ha, tui HCM",0.0
Chắc có nhiều phụ huynh cũng không có điều kiện được tham vấn trực tiếp nên bà thử tiếp cận hướng này xem sao.,0.0
Sẽ có nhiều người cần lắm đó.,0.0
Trái đất tròn mà huống chi chung ngành nữa,0.0
Em ở Hà Nội ib chị,0.0
Mom thử làm content / tư vấn online về chuyên môn của mình xem.,0.0
Mình thấy cũng hợp với mẹ bầu mẹ bỉm ấy.,0.0
"Dạ vâng, em cũng đang nghiên cứu.",0.0
Biết ơn anh ạ,0.0
Biết ơn bà nhiều nha,0.0
"Gái ơi từ từ đâu sẽ có đó, em chậm em đi từng bước là được.",0.0
"Đừng tự suy nghĩ nặng nề đè nén mình quá ảnh hưởng sức khoẻ, ảnh hưởng con.",0.0
Không sao cả nhé!,0.0
THỜI VỤ SG,0.0
=)))))) che nốt cái nội dung còn tò mò chứ để cái nội dung chình ình+cái ava acc là hiểu chuẩn bị sedding cái gì luôn,0.0
Bạn nào cần thì qua xem nha,0.0
Cũng dư dả sống tháng này.,0.0
Đã ib ạ,0.0
Địa chỉ ở đâu vậy ạ,0.0
oke đi người,0.0
mình ở hn ạ,0.0
Cho 1 bó hoa thất nghiệp vào ngày tốt nghiệp nhé,0.0
hoa và thất nghiệp hết đợt hoa 8/3 rồi mình xin phép mở order hoa hoè lại nha!,0.0
giá từ 150-270 ạ!,0.0
Chị ơi cho em xin JD nhân viên digital marketing với,0.0
Nhân viên kinh doanh (12-20tr) 2.,0.0
Nhân viên kỹ thuật (>10tr) 3.,0.0
Làm việc ở Thủ Đức ạaa,0.0
xin thêm thông tin job digital marketing với bạn,0.0
Hi mình xin thông tin JD vị trí Digital nhé,0.0
Bạn ơi cho mình xin JD nhân viên digital marketing với,0.0
Liên hệ 0775 330 840 (Zalo / Call),0.0
EMART GÒ VẤP TUYỂN NHÂN VIÊN BÁN HÀNG,0.0
qua trang mình tham khảo Jd nha,0.0
Công việc • Bán hàng tại quầy • Sắp xếp hàng hóa • Hỗ trợ khách mua hàng,0.0
Tui cũng vậy nè bà.,0.0
Cố lên bà.,0.0
Làm về AI nhắn a việc nhiều 0 kể,0.0
Yêu cầu 18 – 40 tuổi Thái độ nghiêm túc,0.0
Có một con 3 tuổi.,0.0
Mông lung mịt mù.,0.0
"Không biết nên làm gì,đi như nào mới tốt lên",0.0
Thời gian Ca 4h: 155k/ca Ca Full: 7h30 – 17h,0.0
99 hiện tại có ổn không ạ?,0.0
"Em 2k1 chuẩn bị thất nghiệp nè ,cố lên anh ơi",0.0
Thu nhập Fulltime: 7 – 9 triệu/tháng Lương lãnh tuần,0.0
tìm việc làm Hà Nội,0.0
check wall mình có 2 công việc nếu bạn thích công việc ổn định,0.0
Làm chăm sóc khách hàng em ơi.,0.0
Tha hồ ngồi lê la chuyện trò với khách.,0.0
Đi tập đi bơi 0858016165,0.0
Em đang thất nghiệp 2 tháng và mong muốn tìm một công việc mới.,0.0
"Trước đây em có làm sale, trực page nhưng thấy chán và muốn được thử sức với công việc khác.",0.0
Công ty có nhận đào tạo thì càng tốt ạ 🙆🏻‍♀️,0.0
Hcm quan tâm ib Q nha,0.0
xin vía 🫰🫰🫰,0.0
Xin nhận vía ạ,0.0
Xin vía nhaaa,0.0
"Tiện đây thì công ty tui cũng đang mở tuyển các vị trí ngành marketing ó, ai đang tìm việc ib nha",0.0
Xin nhận vía trong tháng này ạaaaa,0.0
"Xin vía ạ, thứ 6 này tui cũng đi pv",0.0
Bên bà còn tuyển hong,0.0
Xin vía ạ 🥰🥰🥰,0.0
xin vía nha,0.0
Xin vía bà nè,0.0
Xin vía ạ,0.0
"Nhà vía cho mấy bà thất nghiệp nè, t5 pv t6 nhận offer, t2 onboard.",0.0
"Công ty phúc lợi đầy đủ, môi trường agency năng động, chuyên nghiệp, nghỉ trọn vẹn t7,cn, cách chỗ ở có 3km.",0.0
Sau chuỗi ngày thất nghiệp rui đã có bến đỗ mới phù hợp 😍,0.0
Có làm online được không ạ,0.0
Làm ở quận mấy vậy bạn,0.0
Một mầm non vừa nghỉ việc đang tìm cơ hội ❤️ Em đã có hơn 3 năm trong ngành truyền thông/giải trí (~6 tháng trong entertainment mảng âm nhạc,0.0
2.5 năm tại agency và lăn lộn qua các dự án phim).,0.0
Hiện em đang muốn tìm công việc về social media/creator hoặc artist's assistant.,0.0
Mong được kết nối với các HR ạ.,0.0
Vào SG đi tuy mức sống cao nhưng biết chi tiêu vẫn sống khỏe khéo co thì ấm,0.0
Same 🥲 Ngày nào cũng lấy nước mắt chan cơm,0.0
Trước tết xin nghỉ việc xong bảo để qua tết đi làm lại.,0.0
Giờ hết tết rồi vẫn chưa tìm được việc nào 🥹,0.0
"bạn có thể ib mình, mình có job ạ",0.0
Tìm hiểu công việc trợ lý kinh doanh.,0.0
Lương cơ bản 6.5tr+ thưởng.,0.0
Ib chị nếu ở Đà Nẵng,0.0
Nhưng mà chỉ có chị mới làm được điều đó .,0.0
Chị có tâm ắt sẽ có tầm,0.0
"Một người chủ tốt, đời sẽ trả cho em những điều tốt đẹp!",0.0
"Thế này mà đòi làm công ty, đây là nhà rồi",0.0
Ôi sau khi lướt cả bao bài gây ức chế thì đây là tia nắng sưởi ấm lòng mình.,0.0
Cả 2 đều tử tế.,0.0
Giá mà người với người đều sống với nhau như vậy thì có phải xã hội đã tốt lên bao nhiêu không!!,0.0
Tuyển dụng gặp rất nhiều bạn nhưng đây là lần đầu tiên thấy tiếc nuối khi bạn này nghỉ việc.,0.0
Một bạn trẻ 2k2 ngoan ngoãn và làm việc rất nhiệt huyết nhưng gia đình có việc nên về quê không ở Hà Nội nữa,0.0
dù bạn mới làm được gần 1 năm nhưng bạn vẫn sẽ được thưởng tết đầy đủ vì bạn xứng đáng nhận được điều đó.,0.0
Cám ơn những bạn!,0.0
E tuyệt vời quá chắc hẳn bạn cũng đạt được những tiêu trí e đặt ra,0.0
cả 2 chị e đều tuyệt vời bạn nghỉ chắc e cũng hụt hẫng lắm … mong mọi điều tốt đẹp đến với 2 em 🥰🥰🥰,0.0
Chị chủ siêu có tâm.,0.0
Bà chủ tốt bụng quá Sởi lởi trời cho,0.0
Cuộc sống ai đến rồi cũng sẽ có lúc phải rời đi.Sống hơn nhau là sự thấu hiểu cảm thông chia sẻ.Một người chủ có Tâm,0.0
có Tầm như bạn làm việc gì ắt cũng sẽ thành công!,0.0
!Chúc Bạn luôn giữ được tâm thiện lành này để lan tỏa đến mọi người!,0.0
"Cảm động câu chuyện đầy tình người .. Người trả lương vượt mọi khó khăn, và rất nhân văn .",0.0
( Tiền cũng là Tình ),0.0
"Chị chủ có tâm, có tầm…nên mới tuyển được những người nhân viên như thế.",0.0
Chị chủ này sẽ ngày càng kinh doanh phát đạt hơn.,0.0
"Bạn ấy cống hiến 1 năm mà chị chủ tâm lý dữ vậy , mình cống hiến 6-7 năm mà xin nghỉ cái là say Bye luôn.",0.0
"Hi em, chị là HR Công ty Amata Long Thành.",0.0
Ngoài ra còn đang tuyển Sales Executive (giao tiếp tốt tiếng Anh và tiếng Trung).,0.0
Em muốn tìm công việc gần nhà ổn định lâu dài chế độ phúc lợi tốt và có cơ hội học hỏi,0.0
Thích gì có đó nha,0.0
Mới 2k3 cứ bình tĩnh thôi em.,0.0
chắc ngành của ní phải lên Tp HCM hoặc trái ngành thuii,0.0
Unipax kcn amata nè bà apply thử đi,0.0
đa số giờ người ta sẽ qua BD kiếm việc á🥲,0.0
Nếu em quan tâm vị trí này thì liên hệ lại anh nhé.,0.0
"Em ơi, họ ghi yêu cầu 1 năm kinh nghiệm thôi, vào sẽ train lại hết.",0.0
"Em cứ mạnh dạng apply đi, có tiếng Anh, ngoại ngữ thêm chút cố gắng và mạnh dạng nữa sẽ được thôi.",0.0
Sếp tốt ok lắm.,0.0
Trước tui cũng ở biên hoà chạy xuống đây làm á.,0.0
Nên bà có đủ yc thì ib tui nha,0.0
"Kế toán tuyển siêu nhiều, bà chịu khó tìm trong group ở fb nhe",0.0
Đọc cap này cười chảy nước mắt!,0.0
Chừng 6.0 xin job ngon được rồi!,0.0
Thời điểm đầu ra trường xác định kiếm việc khó mà còn như hạch.,0.0
"Mà có bằng toeic 800+, giao tiếp tiếng anh ở mức ổn, mới đang học thêm tiếng trung được 2 tháng.",0.0
Đa số tuyển dụng ở đồng nai đều yc có 1 năm kinh nghiệm í ạ.,0.0
Còn các job open for fresher thì thiên về kĩ thuật nhiều hơn ạ,0.0
Giữ sức khoẻ nhe bà ơi.,0.0
Chúc bà luôn buôn may bán đắt nhó,0.0
Làm bằng tâm í ò 🤧🤧,0.0
A cũng bỏ mức lương 22tr đáng mơ của nhiều người về khởi nghiệp bán bún riêu.,0.0
Mà chịu kiên nhẫn cỡ mấy tháng sau là nó đỡ nhiều à.,0.0
Cứ thử nếu bà có đam mê nhe,0.0
Lương ít mà bình yên,0.0
Buôn bán nói chung là cực đó.,0.0
Nhưng làm cho chính mình thì nó sẽ thoải mái hơn.,0.0
"Tui ở Củ aChi, HCM lận bà ơi 😂😂😂",0.0
Để về mở 1 tiệm phụ kiện nhỏ.,0.0
Tự làm chủ tự làm nhân viên tự làm lao công cho tiệm.,0.0
Tui bán từ 8g sáng đến 21g nhưng tui vui và hạnh phúc lắm nè.,0.0
"Chúc bà nổ đơn liên tục, buôn may bán đắt nhé.",0.0
Món đó cũng chuộng lắm nè.,0.0
Không tốn tiền thuê mb là trong lòng nhẹ nhõm nhiều lắm á,0.0
"Ngon quá, làm cách nào để ăn một tô chất lượng như thế này",0.0
Cảm ơn bà cùng giàuu nheee ❤️❤️❤️,0.0
"Dạ 3.5 cá, phở Gân ạ 😘",0.0
Sao giỏi dị bà.,0.0
Ra mở quán vất vả lắm bà ha,0.0
"Tui 28 tủi, tui bán Phở.",0.0
"1 công việc đòi hỏi sự vất vả x3, với mức lương 5 triệu/ tháng nhưng vì đam mê nên thích lắm.",0.0
Tui nghỉ việc văn phòng với mức lương 15 củ để về bán.,0.0
Quán phở 9 tháng tuổi.,0.0
"Cố lên mấy bà ơi, không gì thoải mái bằng được làm cùng với đam mê",0.0
Tô bà nhìn ngon quá mà tui q12 lựn :( bữa nào đi củ chi tui ghé nho 😙,0.0
Tui làm phun xăm nhưng ế.Nhà gần chợ nên sắp khai Trương xe bán khoai mỡ buổi chiều.,0.0
Tui cầu mong mỏi ngày xin vía bán đắc hết bột.. Lần đầu khởi nghiệp hơi run,0.0
Ngon quá ạ,0.0
Làm CSKH bank thì nhắn mình nhé 0968420980,0.0
Mình có kinh nghiệm làm giao dịch viên ở bank có HR nào có job phù hợp với mình không ạ.,0.0
Thật sự stress quá mình nghỉ việc từ tháng 11 năm ngoái,0.0
không tìm được việc nên mình về quê tưởng sau tết sẽ dễ tìm hơn nhưng gần 1 tháng rồi vẫn chưa tìm được việc.,0.0
"1️⃣ Quản lý hồ sơ nhân sự • Lưu trữ, cập nhật hồ sơ nhân viên.",0.0
"• Theo dõi hợp đồng lao động, thông tin nhân sự.",0.0
"• Cập nhật danh sách nhân sự, chấm công, nghỉ phép.",0.0
• Hỗ trợ quy trình tiếp nhận nhân sự mới và bàn giao khi nhân sự nghỉ việc.,0.0
📢 TUYỂN DỤNG: NHÂN VIÊN HÀNH CHÍNH – NHÂN SỰ 📍 Địa điểm làm việc: Khâm Thiên Hà Nội ⏰ Thời gian làm việc: • Thứ 2 – Thứ 7: 09h00 – 18h00 • Nghỉ Chủ nhật hàng tuần 💰 Thu nhập: 13.000.000 VNĐ/tháng,0.0
📌 MÔ TẢ CÔNG VIỆC,0.0
Cho em hỏi cách thức ứng tuyển với ạ,0.0
mong mẹ sức khoẻ nha bà ❤️ thương mấy anh chị lớn ở nhà ghê .,0.0
"dạ, người đẹp tham khảo thêm cả tất cho đỡ dãn tĩnh mạch nữa cho ba nhaa",0.0
"ba cũng 6 mấy rồi , nhưng trộm vía ba khoẻ mạnh , hoạt bát , năng lượng và siêu vui vẻ .",0.0
Tầm tuổi này ba mình chạy shoppee hay grap được không nhỉ ?,0.0
"tại giờ ba không chịu ở nhà, ba muốn lao động kiếm thêm tiền :(((",0.0
thương quá.chúc bác sức khoẻ nhiều nha bà ❤️,0.0
Đừng chạy grab vừa cực vừa nguy hiểm bạn ơi,0.0
chắc em tìm hiểu này xem saoo,0.0
Bạn kiếm bên mấy khu euro village ấy.,0.0
Bên đó làm nhàn với dân cư mấy khu đó cũng văn minh,0.0
bà ngoại mình 7 mấy gần 80 rồi nhưng khoái làm ruộng lắm mùa nào cũng kiếm đủ loại rau củ quả để trồng tết còn trồng cúc vạn thọ,0.0
ly … để bán nữa cơ.,0.0
"mẹ mình không cho làm vì bà bị đau lưng nhưng bà nhất quyết không chịu, không cho là mất ăn mất ngủ ☺️",0.0
Để mình giúp ba bạn nhé,0.0
nghe vậy em thấy lo rồi,0.0
"Hoặc bảo vệ nhà dân, biệt thự đồ đó!",0.0
"Tại cậu mìnn lớn tuổi cũng làm, nhàn!",0.0
hí hí đáng eooo thế .,0.0
vậy hở bà .,0.0
:(( thế mà mình nghĩ nó linh hoạt cho ba dễ làm nữa chứ,0.0
Ba bạn ở đâu thế ?,0.0
"đáng iu quá, có 1 câu mà em tâm đắc là “tuổi nào cũng cần có sự cố gắng”.",0.0
"hehe chúc bác mạnh khoẻ, vui vẻ ạa",0.0
em cũng đàn tìm hiểu chổ cho ba vào làm đây ... thấy cũng nôn đi làm quá rồi,0.0
dạ chổ mình ở đây í chị ?,0.0
cảm ơn bà nha ❤️,0.0
hạn chế cho chú chạy xe nhiều,0.0
"tui khum biết , nghĩ nó linh động với dễ thở hơn.",0.0
ai dè rủi ro dữ vậy đâu bà,0.0
kiểu nôn đi làm dữ rồi,0.0
chắc phải quay cho ba cái video để gửi lời cảm ơn dào dạt này quá ^^,0.0
cạm ơn sốp nẹ❤️,0.0
Mẹ mình ngxua làm kế toán với sales bên xây dựg mà về hưu xong chẳng ai thuê.,0.0
"Tui thấy thử xin vô mấy cái hồ bơi á, nhân viẻn canh hồ bơi đồ thử xem nè",0.0
hẹ hẹ .,0.0
cảm ơn sốp ❤️,0.0
"Bạn ơi, bạn kiếm cho bác làm bảo vệ cửa hàng tiện lợi đồ cho khoẻ!",0.0
Chứ chạy grab ngoài đường nguy hiểm đủ thứ!,0.0
hơn 60 mình nghĩ nếu có cách thì đừng để bác làm bảo vệ bạn ạ.,0.0
Nếu bảo vệ quán ăn nhat hàng cafe thì dắt xe cực lắm,0.0
còn công ty đồ thì nếu có công việc vận động đi lại nhẹ nhà trong toà nhà thì đỡ chứ ngồi ngoài nắng nhanh mệt sinh bệnh lắm.,0.0
Phải chầu chực mệt mỏi lắm,0.0
em cảm ơn sốp❤️ em đang nghiên cứu tìm chổ tốt cho ba đây,0.0
dạ vâng .,0.0
ba em nay tìm được việc rồi cũng gần nhà ...hẹ hẹ .,0.0
cảm ơn anh ạ ❤️,0.0
ba tui đòi bán vé số nè bà,0.0
"Nghỉ Tết âm không có lương, không thưởng Tết dương =)))",0.0
"Đến 1 lúc đi làm tràn ngập nỗi sợ hãi, không tin tưởng vào công ty và định hướng công việc.",0.0
Mỗi ngày đi làm chỉ muốn trốn đi những áp lực.,0.0
Trầm cảm và suy nghĩ nhiều hơn thì lúc này em nên nghỉ rồi.,0.0
Cơ thể luôn báo hiệu sớm cho mình những thứ hợp hay không hợp.,0.0
"dạo này cái calling mạnh quá, cảm thấy hết năng lượng khi ngày mới còn chưa bắt đầu.",0.0
không biết trụ được tới bao lâu đây hic,0.0
từ khi mình cảm giác mình sẽ không sống nổi nữa nếu cứ tiếp tục thế này.,0.0
bạn đâu có phải cái cột đâu mà cứ cố trụ.,0.0
bỏ cuộc cũng được mà.,0.0
cố lên nhé!,0.0
Chưa kịp chào HR xoá moẹ khỏi nhóm 🤡🤞,0.0
tui cũng soạn sẵn đợi ngày gửi nè thấy cũng same same bác hài vll🤪 chắc cho thêm 2 quả tim ở cuối nữa là đẹp,0.0
Tại có tuổi nên ngại xưng em 😅,0.0
Hôm nay là ngày cuối cùng em làm việc tại zz .,0.0
Dù gắn bó chưa lâu nhưng em rất trân trọng tình cảm của mọi người dành cho e. Em cảm ơn mọi người đã tin tưởng,0.0
giúp đỡ em trong thời gian làm việc tại ... Em xin chúc mọi người luôn mạnh khỏe,0.0
công việc thuận lợi và chúc công ty phát triển bền vững và đạt được nhiều thành công.,0.0
Bye bye mọi người!,0.0
Manifest được viết vào tháng sau :),0.0
keyword là gì nào “tính trẻ của tụi em” “đồng cam cộng khổ” “kiếm được tiền” = làm hơn 2 năm mà Lương 6tr4 chưa trừ bảo hiểm 🙂,0.0
Bay luôn khỏi nhóm,0.0
Chứ hầu hết là out trong im lặng.,0.0
"(3) Hoặc em muốn off thì muốn off sớm cũng được, a ký trong tháng 2 cho em chứ không để dây dưa đến tháng 4.",0.0
"Dứt khoát, nhanh gọn, rõ ràng và tôn trọng ý kiến của em.”",0.0
"biết sớm thì đâu tới nỗi ""chỉ trưởng và phó nhóm biết bạn rời nhóm""...💔",0.0
🖊️ văn mẫu out nhóm cho người nghỉ việc:,0.0
THÔNG TIN ĐĂNG KÍ,0.0
Cho em hỏi job này làm remote ạ ?,0.0
Alo ngay tại Zalo xin việc 0926758831 😋,0.0
✨ Về job: tư vấn,0.0
lên đơn hàng và chăm sóc khách hàng - Về time: • Ca sáng: 8h30 - 12h • Ca chiều: 13h - 17h30 ( xoay 6ca/tuần,0.0
nghỉ cuối tuần & lễ) Xiền nhận: part 4.500k - full 8.500k 📌 Xíu yêu cầu nhỏ: 19+ nè khum vướng việc học nhiều nè,0.0
Cho em hỏi địa chỉ làm việc bên mình với ạ,0.0
Cho mình xin vài quán với bạn uiii,0.0
ở hội an có Du Yên 3xx 1 đêm á chị ơi,0.0
Lịch trình của mình đến ĐN đầu tiên và thuê xe máy ở ĐN tự đi xuống Hội An sẽ chủ động và chi phí rẻ hơn so với bạn book taxi từ ĐN - HA đó,0.0
Đi Huế đặt home bờ Nam nha 😉 bờ Nam mới có nhiều chỗ chơi,0.0
E xin zl với ạ,0.0
phòng xinh iu siêu phù hợp cho ngừi đi solo nha ạ 🩵,0.0
bác ơi tham khảo,0.0
Ở Huế thì mình recommend Tùng homestay nha.,0.0
Đợt trước mình cũng đi solo trip và may mắn book chỗ này.,0.0
Tầm giá thì cỡ 300k á,0.0
mất phương hướng quá.,0.0
kinh nghiệm làm bank 5 năm giờ mà nghỉ việc thì có thể làm việc gì trái ngành hả mấy bác .,0.0
chán làm sales lắm rồi,0.0
e xin kính cẩn nghiêng mình lắng nghe ạ,0.0
chỉ được cái nhiều tuổi rồi thôi,0.0
"Hữu duyên nhé, bạn liên hệ mình, mình sẽ kết nối giúp",0.0
"Bạn nhắn tin zalo cho mình 0914863459, mình sẽ kết nối zoom cho bạn, người bạn gặp sẽ là anh họ + thầy của mình",0.0
minh với nhé,0.0
"Quán mình ở Củ Chi, HCM lận ạ",0.0
Hehe cũng là HCM mà nó lạ lắm 😂,0.0
"Mình bán ở Củ Chi, HCM lận nho",0.0
"Tui ở Củ Chi, HCM lận nhe",0.0
có dịp ghé ủng hộ,0.0
"mình cũng ở HCM, bữa nào đi Củ Chi mình ghé",0.0
"Lương 0đ, được cái hết áp lực nọ lại chuyển sang áp lực kia nhưng mà được làm đúng sở thích của mình 👍",0.0
Xin địa chỉ ạ,0.0
gái Củ Chi qua ủng hộ bạn 1 tô kìa,0.0
Củ Chi khúc nào vậy bạn,0.0
35k hả e,0.0
Quán phở ở đâu tui ghé,0.0
Ngon á bé.,0.0
Giá hợp lí,0.0
gần giàu rồi cố lên,0.0
Xin vía 😍😍,0.0
Tháng 2: Nghỉ việc Tháng 3: Tìm được công việc phù hợp gần nhà môi trường làm việc tích cực,0.0
stk bắt đầu có dư chứ không âm như trước Nhả vía cực mạnh tại post này 📌Còn ai chưa tìm được công việc phù hợp thì vào wall của tui nhận vía ngay nhaaa,0.0
Các bác xem những vị trí đang tuyển dụng ở bài ngay dưới bài này nha ❤️iuu,0.0
Cố lên bạn mình,0.0
Chúc bạn con đường phía trước sẽ nhẹ nhàng hơn 👍,0.0
Mình xin jd với ạ,0.0
Nghỉ trưa ở đây ngủ dậy cày 1 tập phim xong mới vào giờ làm,0.0
Chị check tin nhắn em với ạ,0.0
Em ủng hộ anh mà 🤣 trời đẹp này không nghỉ phí quá,0.0
Mông lung lắm 🤣🤣🤭,0.0
Lấy xe đi e,0.0
Nghỉ luôn buổi chiều đi chill vì thời tiết quá đẹp,0.0
Sáng sớm nay trời trong xanh mà lại se lạnh nữa.,0.0
Trời quá đẹp để ngồi ngoài sân 😄,0.0
Nghỉ đi ạ =))),0.0
Đang muốn chiều nghỉ làm lắm rồi đây 🫠,0.0
Em không dám nghỉ 🤣,0.0
Đặc quyền đi làm quán cafe đúng thích.,0.0
Thời tiết nào chúng tớ cũng chill được 🤭,0.0
Bỏ hay làm,0.0
Thật nhìn đến mê 🥹,0.0
Miễn trừ trách nhiệm nhé 😂,0.0
Thật sự là quá đỉnh ý,0.0
Thế mà dám xui a,0.0
"Nếu đang đi làm thì hãy ở tiệt trong văn phòng, đừng ra ngoài.",0.0
"Vì thời tiết Hà Nội hôm nay quá đẹp, ra nhìn thấy đã nắng đẹp lại còn se lạnh thế này thì chỉ có muốn nghỉ việc đi chơi thôi",0.0
Bạn làm kế toán không?,0.0
"• Số lượng: 1 • Thời gian: 9AM - 5PM ,2PM - 10PM(ca xoay).",0.0
"• Tuần off/1ngày, tháng off 4-5ngày, tăng ca - lễ x2,x3,x4, tham gia BHXH, lương tháng 13.",0.0
• Thử việc 2 tháng 85% lương.,0.0
* Yêu cầu: giao tiếp tiếng Anh cơ bản vì đa số là khách Hàn Quốc và mặt hàng khá dễ tư vấn (mứt dừa lạnh).,0.0
Bà muốn join ngành hospitality thì nhắn choa tui nha,0.0
"Liên hệ: 0968.353.768 Địa chỉ: 121 Nguyễn Thiện Thuật, tp. Nha Trang",0.0
Em muốn xin mảng nào,0.0
Kế toán lương 7 của,0.0
Trừ marketing thì mảng nào cũng oke hết ạ,0.0
"Ổn bạn ạ, cảnh giới về 0 là oke",0.0
Làm IT hầu như đa số đều có chí cầu tiến cầu toàn mà về làm công nhân cũng được đi công nhân cũng là việc mà .,0.0
Nhưng có vẻ câu chuyện hơi,0.0
ở đâu bạn,0.0
Còn tui làm logistics lại muốn chuyển ngành nè 🥹,0.0
"Còn trẻ nên bạn ạ, cuống hồ vị trí hiện tại không tốt.",0.0
Mốt lớn hơn còn khó hơn nữa.,0.0
Lần đầu đi làm thì nhớ mở mã số thuế nha mấy keo,0.0
Lục mail cũ gửi mẫu cho mọi người tham khảo đây là mẫu tôi đi làm freelance theo dự án ngoài,0.0
còn nếu với công ty thì ghi thêm vị trí nha.,0.0
Với lại từ ngày 01/07/2025,0.0
mã số thuế của cá nhân sẽ được thay thế bằng số CCCD rồi nên mọi người nhớ cập nhật CCCD cho mã số thuế nha.,0.0
Dạ rất mong được anh chị giải đáp ạ,0.0
Cho mình hỏi là giờ mail để HR take note lại hay qua tháng 4 mới mail cho HR bạn nhỉ,0.0
Remind: Ai nhảy việc nhảy công ty mà chưa làm quyết toán thuế TNCN năm 2025 thì giờ liên hệ ex-HR xin chứng từ là vừa 🙃,0.0
Mình nghĩ nên gửi sớm và không để quá sát hạn cá nhân tự quyết toán (cuối tháng 4) phòng trường hợp phát sinh thuế phải nộp thêm.,0.0
Có thể HR trong tháng 3 sẽ bận để quyết toán cho nlđ có uỷ quyền trước,0.0
nhưng họ cũng có sẵn danh sách nlđ đã nghỉ việc để gửi dần sau 31/3 vẫn được,0.0
"Dạ anh chị ơi, những ai cần làm quyết toán thuế ạ.",0.0
Thu nhập khoảng bao nhiêu mới cần làm vậy ạ,0.0
Này đúng ra Hr phải làm rồi gửi cho nld chứ 😅,0.0
Cho mình gửi link nhé:,0.0
Xin link nha bảnh ơi,0.0
"Quá tuyệt vời rồi, thế là bạn chọn nền văn minh khá tốt á 😍",0.0
FILE REVIEW CÔNG TY - Dành cho những ai có ý định nhảy việc đừng bỏ qua cái này.,0.0
🔗 Xem chi tiết từng gói và tải leaflet sản phẩm tại:,0.0
"YEP CHỈ TRONG 7-10 NGÀY, NHANH CHÓNG, TIỆN LỢI",0.0
Bên mình là đơn vị tổ chức Year End Party chuyên nghiệp với hơn 10 năm tổ chức sự kiện cho 100+ doanh nghiệp lớn như Unilever Deloitte Lotte Mall,0.0
…nên bạn yên tâm về độ uy tín nha 😊,0.0
"Ngoài ra, bên mình đang có gói YEP One Touch - tổ chức YEP gói gọn chỉ trong 7-10 ngày, tiết kiệm, nhanh chóng đó ạ.",0.0
File của btddl à :))),0.0
Vừa khóc vừa cười thôi chứ biết sao giờ 🥲,0.0
Bác check ib nhé,0.0
Em xin jd tại thanh xuân ạ,0.0
Cho em xin JD job với ạ,0.0
Cho em xin jd ở cầu giấy ạ,0.0
E xin jb với ạ,0.0
Check ib nha bác,0.0
Em xin JD vứi ạ,0.0
Check ib nhé bác,0.0
Ra Tết phỏng vấn đi làm ngay.,0.0
đi ăn uống vui lémm,0.0
Bác check ib nha,0.0
Dạ còn nha bác ui,0.0
Dạ em cảm ơn ạ,0.0
thất nghiệp & công việc,0.0
mình có chút góp ý cho bạn về phần mục tiêu nghề nghiệp bạn ghi thành 2 ý ngắn hạn và dài hạn ạ,0.0
đừng ghi gạch đầu dòng như vậy và phải nhớ gắn có lợi cho tổ chức DN chứ đừng để bản thân không nhé…,0.0
Không đánh sao mấy kĩ năng nha,0.0
Dạ em mong mọi người cho em xin góp ý cần cải thiện chỗ nào ạ.,0.0
Em xin cảm ơn ạ.,0.0
Từ từ đã mom.,0.0
Nên nâng cấp bản thân trước nha,0.0
"Nếu mà có hh thì mới vào khó được cao lắm, phải từ từ",0.0
Việc làm tiếng trung hà nội,0.0
Dạ bạn fl lại mình gửi file jd chi tiết nha,0.0
Cho mình xin jd ạ,0.0
Job ở Hà Nội e nha,0.0
Mình xin job,0.0
Hiện bên mình chưa có remote ạ,0.0
Dạ cho em hỏi mình làm việc ở khu vực nào vậy ạ,0.0
"Hi bạn, bên mình còn tuyển không ạ",0.0
Bạn check ib nhé,0.0
Mình ưu tiên người: – Thích giao tiếp,0.0
không cần có kinh nghiệm chuyên môn – Muốn gắn bó ít nhất 1 năm – Muốn phát triển tại môi trường tích cực,0.0
Thu nhập: 8–15tr + thưởng Làm việc giờ hành chính.,0.0
Không ép doanh số (Có hỗ trợ hybrid làm tại nhà - ib riêng),0.0
Bên mình có nhận remote không ạ?,0.0
Inbox hoặc Zalo 0332012261 (Linh) để trao đổi thêm.,0.0
#cskh #tuyendunghcm #tphcm,0.0
Nếu bạn 26 - 35 tuổi và đang tìm một công việc ổn định có lộ trình rõ ràng thay vì “nhảy việc liên tục”,0.0
có thể bạn sẽ hợp với vị trí này.,0.0
👉 Chăm sóc khách hàng,0.0
Cho e hỏi công ty mình ở đâu ạ?,0.0
nếu bạn không làm thế.,0.0
1 năm sau bạn vẫn đăng cái tus này :))),0.0
"Cứ ở đó đi bạn, an toàn thêm cỡ 5-7 năm rồi nghỉ hưu luôn chứ lúc đó không khéo lạc khỏi thị trường lao động mất tiêu rồi.",0.0
việc làm sinh viên,0.0
Lương không thoả đáng thì sớm muộn cũng byeee,0.0
100% vì lương,0.0
"Bạn nghĩ là chia sẻ 1 cái link không rõ nguồn gốc, không ai kiểm chứng, là một việc nên làm?",0.0
Trong đó nội dung của tài liệu này có những điều xúc phạm đến doanh nghiệp.,0.0
Cảm ơn bạn nhiều 🩵,0.0
Bạn qua link này nhé,0.0
Yêu cầu truy cập bạn ơi,0.0
REVEW CÔNG TY.xlsx,0.0
chưa có kinh nghiệm bên mình tuyển không ạ,0.0
Chị cho em xin jd với ạ,0.0
check ib e với ạ,0.0
Dạ mình ở đâu vậy ạ,0.0
em xin JD nàng ơi,0.0
"Dạ hà nội ạ, ở mễ trì nhé",0.0
dạ e cảm ơn ạ,0.0
Năm mới rồi,0.0
NHẢY VIỆC thôi nhỉ 😉 Tú Beauté Dược Mỹ Phẩm tuyển dụng các vị trí sau: - 3 Nhân viên Vận hành sàn TMĐT - 3 Nhân viên Social Media/Content Creator - 1 Nhân viên Media,0.0
Mình ở đâu ạ,0.0
"Hi mình xin JD vị trí Marketing Leader nhe, mình ib threads rồi ạ ^^",0.0
Em xin JD vị trí Ecom executive và Digital mkt với ạ,0.0
Chị ơi e muốn apply Sales Leader ạ,0.0
Ai quan tâm vị trí nào ib tui liền nhaaaa🫰,0.0
Check ib giúp mình nhé❤️,0.0
Công ty ở đâu thía ạ,0.0
Thảo Điền nè mom iu,0.0
mấy mom muốn nhảy việc chưa😌 🔅Đến với team tụi tui nhaaaaa 😘Công ty Inside Bridge VN - nhà phân phối chính thức các thương hiệu mỹ phẩm Hàn như fwee,0.0
Trong phỏng vấn thì đây là một câu hỏi khiến rất nhiều ứng viên đứng hình,0.0
vì nếu trả lời không khéo thì NTD sẽ mặc định rằng bạn là người nhảy việc và rất khó đặt niềm tin.,0.0
Kiểu trả lời thứ hai cũng rất phổ biến là: “Em muốn trải nghiệm nhiều môi trường để học hỏi thêm.” Về mặt ý nghĩa thì không sai,0.0
nhưng trong phỏng vấn nó lại tạo ra một tín hiệu khác.,0.0
Thực ra phía nhà tuyển dụng khi hỏi câu này đang muốn kiểm tra một điều duy nhất: bạn có hiểu rõ hành trình nghề nghiệp của mình hay chưa.,0.0
"Có ba kiểu trả lời thường gặp, hai kiểu đầu khiến ứng viên mất điểm khá nhanh, và kiểu thứ ba mới là cách trả lời thông minh.",0.0
Đọc và lưu ngay lại nhé: ⤵️,0.0
để theo dõi thêm những phân tích thực tế từ góc nhìn của người làm tuyển dụng.,0.0
Khi một ứng viên nói như vậy,0.0
nhà tuyển dụng sẽ lập tức nghĩ rằng nếu sau này môi trường ở công ty họ cũng có điều gì đó không phù hợp thì bạn rất có thể sẽ rời đi tiếp.,0.0
"Điều này khiến ứng viên vô tình tạo ra cảm giác thiếu ổn định, dù thực tế có thể bạn chỉ đang tìm nơi phù hợp với mình.",0.0
HR có thể hiểu rằng bạn vẫn đang trong giai đoạn thử nghiệm và công ty của họ có thể chỉ là một điểm dừng tạm thời trong quá trình đó.,0.0
"Từ góc nhìn tuyển dụng, không nhiều công ty muốn trở thành nơi để ứng viên “thử thêm một lần nữa”.",0.0
Sai lầm phổ biến nhất là trả lời theo hướng đổ lỗi cho môi trường: “Dạ tại môi trường cũ không phù hợp nên em nghỉ.” Nghe có vẻ hợp lý nhưng dưới góc nhìn HR thì câu này rất rủi ro.,0.0
Sau đó bạn tiếp tục làm rõ bước thứ ba: “Sau những trải nghiệm đó,0.0
em nhận ra mình muốn phát triển lâu dài trong mảng … (ngành hoặc vai trò cụ thể).,0.0
Khi tìm hiểu về vị trí ở công ty mình,0.0
em thấy định hướng công việc và môi trường ở đây khá phù hợp với con đường em muốn theo đuổi,0.0
nên em tiếp cận cơ hội này với một thái độ rất nghiêm túc.”,0.0
nếu chưa có offer khác thì cứ nhận trước đi bạn hồi mới ra trường mình cũng 12m,0.0
Lúc đó chỉ nghĩ tới việc tìm cơ hội tốt hơn thôi nên cũng không còn thấy mệt vì pvan hay mấy chuyện khác nữa đâu :3,0.0
Bạn mình lương có 7 triệu học ngoại thương cuối cùng bỏ đi dạy học kiếm gấp 3 :)),0.0
Fresher có nên chấp nhận mức lương trung bình (khoảng 12 triệu) để học hỏi tầm 1 năm?,0.0
Tưởng fresher 7-8m ?,0.0
Làm dev 8-12 mà bác theo em biết là thế,0.0
Mình mới đi làm thôi.,0.0
Thế thì cứ việc,0.0
"Tùy ngành bạn ạ, ngành mình thì thế là cao thôi, ít cũng phải 1 2 năm kinh nghiệm ấy 🥹",0.0
ngày ngày đăng bài fb (ảnh và content có sẵn) và nghe chửi nên cũng muốn nhảy việc ạ (các bạn team em lương 22k/h và 7tr/ tháng í),0.0
"Không nên em nhé, fresher giờ phải 20tr trở lên haha",0.0
Fresher 12tr thì bạn còn lăn tăn điều gì vại🥹🥹,0.0
Nên thôi đừng để HR phải tốn thêm tiền xăng đi tìm nữa🔥 Rất nhiều vị trí đang mở: Sales/ Sales Support/ Kỹ thuật/ Sản xuất ... 📍 Địa điểm làm việc: Hà Nội | Hưng Yên | Hải Dương | Hà Nam | TP.HCM | Bắc Ninh,0.0
... 💰 Lương: cạnh tranh,0.0
Dạo này tìm ứng viên khó quá,0.0
Mỗi lần thấy ai có vibe: biết tiếng Nhật/ tiếng Anh hoặc nhìn giống người sắp nhảy việc là chỉ muốn chạy lại hỏi ngay: “Bạn ơi…có muốn nghe thử job không?,0.0
"Ứng viên xuất hiện sớm ngày nào, HR đỡ tốn tiền xăng ngày đó 🥹",0.0
Có bạn nào đang tìm việc hoặc đang lăn tăn chuyện nhảy việc không nhỉ?,0.0
Nếu bạn đang mong muốn tìm một công ty chế độ tốt môi trường làm việc thoải mái không quá gò bó,0.0
đồng nghiệp vui tính và có cơm trưa tại công ty thì có thể tham khảo bên tui nha 👀,0.0
Check ib mình ạ,0.0
E ib rồi ạ,0.0
Hiện tại team đang tuyển: • Customer Support – phản hồi email khách hàng (tiếng Anh khá) • Fulfillment – theo dõi & xử lý đơn hàng • Support Seller – hỗ trợ người bán (không yêu cầu kinh nghiệm),0.0
:)))) bán bạn à 🤣,0.0
hoạt bát - Không có sở thích nào quá rõ dàng Quê quán và nơi sinh sống: Tỉnh Bắc Giang,0.0
Hẹn hò nghiêm túc,0.0
Em quá giỏi luôn,0.0
tốt thế sao có người iu,0.0
Anh đang làm chủ một trung tâm dạy Toán - Lý - Hoá - Văn - Anh tại quận 3 - TPHCM cho học sinh lớp 6 đến 12 với hơn 200 học viên chủ yếu là lớp 6 đến 9.,0.0
Đang nghiêm túc tìm đối tác để kết hôn.,0.0
Anh có hơn 15 năm kinh nghiệm vận hành trung tâm rồi.,0.0
Hi ib a nha,0.0
Lên câu view à🤣,0.0
Xin địa chỉ,0.0
Tui muốn nghe về góc trải nghiệm tâm linh của các bạn 🥲,0.0
Thì em phải xem xem duyên âm này là ai.,0.0
Vì sao đi theo em.,0.0
Duyên này thể hiện gì qua giấc mơ không.,0.0
Nó hù mom thôi,0.0
"Không có đâu,sợ là có căn của người trong nhà theo thôi nên sẽ khó tình cảm",0.0
bà ui bà ơi đâu ạ,0.0
Dạ chị check zalo với em có nhắn chị ạ,0.0
Dạ chị ơi chị check zalo nha an,0.0
☺️ Chị ăn lộc cậu gia tiên hả ?,0.0
Bạn xem onl như thế nào ạ,0.0
Bạn nhắn zalo 0979703454 nhé,0.0
check zl Lê Phượng giúp e với ạ,0.0
Bạn cho mình xin thông tin bác nha,0.0
"Tôi đã đi xem bói theo chỉ dẫn của các bà ở bác Khôi Long Biên ( tử vi, tướng, chỉ tay).",0.0
Bác xem rất kĩ.,0.0
Mình xin if với gái ơi,0.0
Mình có nhắn qua FB bạn đó ạ,0.0
Chưa ai đủ hoàn hảo để quen bạn á,0.0
Chị coi siêu dễ thương và có tâm + luận giải vận hạn cũng chi tiết và nếu có cái gì thắc mắc thì cứ hỏi lại dễ dàng.,0.0
Chủ yếu chị cho mình cảm giác khá là được welcome để hỏi.,0.0
Chị cũng có nói đúng về vận hạn của mình năm ngoái.,0.0
Cụ thể là việc mình sẽ có tìm hiểu 1 mối thì đúng là vậy thiệtt.,0.0
Giá tuỳ tâm nên nhen.,0.0
một bé nữa mình cũng khá tâm đắc và quay lại lần 3 rồi á.,0.0
Giá khá rẻ 70k/60' nên hỏi nhiều câu hỏi thoải mái.,0.0
Bé có chụp trải bài nữa nên bạn nào thích điểm đó thì sẽ hợp.,0.0
Coi vận hạn cũng rất tốt + có hỗ trợ dâng lễ nữa á.,0.0
Chị cũng có xem âm nữaaa đó.,0.0
Chị cũng rep siêu lẹ.,0.0
"Phí xem tuỳ tâm, phí lễ thì tuỳ lễ nha.",0.0
✨ Tử vi (cont),0.0
REVIEW TÍCH ĐỨC Thật sự là năm 2025 mình xem bói đủ các thể loại nên mình muốn lên review đầu năm các chỗ mà mình tin tưởng sau hơn 1 năm xem và cũng mong có ích với mọi người.,0.0
Tất cả các xốp tui đều highly recommend nha,0.0
"ngoài ra chị tôi còn dâng lễ, thỉnh phù,... các thứ.",0.0
✨Bài tây (xem âm)/Đạo Mẫu,0.0
"xem oke lắm nhe, siêu nhiệt tình, có tâm mà xem cũng lâu ấy, hỏi đến chán thì thoi nhé.",0.0
bé này thì mình thấy cũng rất là nhẹ nhàng với nói thẳng vào trọng tâm á.,0.0
Mọi người hỏi lẻ cũng dễ dàng hơn với giá khá hssv,0.0
tui confirm xem sốp nì siêu chuẩn nha.,0.0
sốp ruột của tui mỗi lần tui bế tắc á,0.0
✨ Tử vi:,0.0
kiểu muốn coi vận hạn lum la Không có vấn đề cụ thể thì nên book ai á bồ ơi ?,0.0
✨Tarot Bánh chúi (link:,0.0
Gói không giới hạn chỉ cỡ 200 cá hay sao á nên tính ra rất rẻ luôn,0.0
Chị này xem cũng rất chuẩn vì từng xem cho bố mình về vận hạn sức khoẻ và rất đúng.,0.0
Chị ý xem âm nữa nên ai có vấn đề có thể xem chị ý nha.,0.0
Phí tuỳ tâm luôn nhưng đông khách nên phải đợi lịch á.,0.0
trộm vía) cái tối về lướt thấy bài này ngay=))))))))) hữu duyên thực sự,0.0
Với tui có up cả phần 2 rồi nên cả nhà vào xem nha,0.0
Xem để soi chiếu và để tâm sự nhiều hơn á và bạn ý cũng khá lạ ở chỗ KHÔNG xem bói bài mà sẽ thấy mờ mờ được tương lai.,0.0
Với mình thì đây giống như channeled message hơn nên dĩ nhiên % dự đoán đúng thấp hơn.,0.0
Bù lại điểm cộng là giá rẻ cỡ đâu đó 100k/h hay gì á.,0.0
oái các bà ơi bé aya tử vi tui tag nhầm nick.,0.0
Nick này nha,0.0
"Em cảm ưn chị nhaaa, trộm vía được khách iu ấm lòng quá 🧧🧧🧧",0.0
Thay mặt em,0.0
à confirm chị,0.0
em bé coi siêu có tâm và trực giác ẻm rất tốt nên ẻm cho được tui rất nhiều thông tin mới về bản thân.,0.0
Ẻm có thể rep hơi lâu nhưng mà xem thì siêu đáng luôn và luận đúng 90% tử vi trọn đời của tui á (ít nhất đến hiện tại).,0.0
Giá thì mọi người inb ẻm nhaaa,0.0
"Ké Mình xem của anh “Tử vi Huy Đàm” (fb,tt).",0.0
Ảnh xem cho mình chuẩn lắm nha lượng khách cũ quay lại của ảnh nhiều lắm,0.0
Tìm hiểu về bản thân hoặc là chuyện tình duyên nè hoặc là công việc,0.0
"Tình duyên, công việc, gia đạo nha 💙",0.0
mình đang chán mà hong biết nên xem về cái gì nữa :'),0.0
"Bạn ơi mình muốn đi xem bói chỗ bạn, bạn cho mình xin phương thức liên lạc với",0.0
Tôi bị trầm cảm với việc khách xem quẻ nhà tôi xong khóc xem thì ít dỗ khách thì nhiều :),0.0
Bạn thấy hữu ích chứ?,0.0
Thật may quá 😉,0.0
"Woa viết bằng tiếng Việt luôn ạ , có tâm quá cảm ơn thầy Pie 🥺🫶",0.0
"“Âm” thường gắn với sự tỉ mỉ, khả năng quan sát, độ chính xác và khả năng thấu hiểu nhu cầu của người khác.",0.0
"Khi những năng lực này ngày càng trở nên quan trọng trong xã hội, cơ hội tích lũy tài sản của phụ nữ cũng sẽ tăng lên.",0.0
HQ và cả TQ ban đầu cũng âm đó (có khi hơn,0.0
"Thứ nhất, khả năng phụ nữ trở nên giàu có sẽ cao hơn.",0.0
Khi thời đại càng nghiêng về “Âm” con người sẽ ngày càng quan tâm đến những lĩnh vực vô hình như tinh thần tâm lý vận mệnh,0.0
vận may và ý nghĩa của cuộc sống.,0.0
"Và cuối cùng, dòng tiền luôn chảy về nơi con người đặt sự chú ý.",0.0
"Vì vậy trong tương lai, sẽ có ngày càng nhiều vốn đầu tư vào những ngành liên quan đến lĩnh vực tinh thần.",0.0
Thầy dùng tiếng việt để đăng bài làm mình thấy gần gũi quá,0.0
"Cảm mơn thầy, thông tin rất hữu ích ạ",0.0
"Trời ơi thầy Pie đăng bài bằng tiếng Việt luôn, cảm ơn thầy Pie vì thông tin hữu ích ạ",0.0
"Văn phong nội dung tiếng Việt của thầy Pie rất tốt và hữu ích, cảm ơn thầy nhé.",0.0
Cảm ơn bạn rất nhiều.,0.0
Mình rất vui khi bạn thấy nội dung hữu ích :) 😀,0.0
"Tâm lý học, mệnh lý, thiền định, triết học, khoa học não bộ… có khả năng dần hình thành một hệ sinh thái ngành nghề hoàn chỉnh.",0.0
"Thứ ba, các ngành liên quan đến lĩnh vực tinh thần sẽ tiếp tục mở rộng.",0.0
"Cuối cùng, thời đại sẽ xuất hiện một sự chuyển biến rất rõ ràng.",0.0
"Tương lai không còn chỉ là thời đại “xem vận mệnh”, mà sẽ trở thành thời đại “thiết kế vận mệnh”.",0.0
Vì vậy không cần phải lo lắng.,0.0
Sau này tôi sẽ từ từ chia sẻ cách hiểu vận mệnh ngay cả khi không biết Tứ trụ,0.0
cách giữ vững bản thân trước những biến số của tương lai cũng như cách tìm ra bản sắc và hướng đi của chính mình.,0.0
"Nếu bạn quan tâm, hãy tiếp tục theo dõi.",0.0
để nói thêm thì VN từ sơ khai đã là quốc gia trọng âm mà =)) văn hoá bản địa Đông Sơn là văn hoá lúa nước cộng đồng,0.0
văn hoá thờ mẫu thờ thần linh thiên nhiên sau này du nhập Nho giáo từ đầu Công Nguyên thì mới bị mất đi.,0.0
Bài viết của thầy hay lắm ạ 💯💯,0.0
Cảm ơn bạn nhé.,0.0
Mình đang cố gắng viết bằng tiếng Việt để mọi người dễ hiểu hơn 😀,0.0
"Trong sự thay đổi này, tương lai sẽ xuất hiện ba xu hướng lớn.",0.0
Mình sẽ tiếp tục chia sẻ thêm nhiều nội dung hữu ích 😀,0.0
Tốt đẹp đ gì mấy cái tri thức cấm bọn Fallen Watchers chúng nó dạy để corrupt cả loài người ?,0.0
"Thứ hai, chỉ dựa vào một kỹ năng duy nhất sẽ ngày càng khó tồn tại.",0.0
"Tứ trụ, tín ngưỡng shaman, xem bói.",0.0
Những thứ này không phải tự nhiên mà xuất hiện.,0.0
"Trước đây chúng chỉ nằm trong “bóng tối”, còn bây giờ chỉ là dần được đưa ra ánh sáng.",0.0
Thực ra nguyên nhân là vì chính thời đại này đang chuyển dịch theo hướng “Âm”.,0.0
"Xem xong 《Battle of Fates / 天機試煉場》, mọi người vẫn chưa nhận ra sao?",0.0
"Đợt này chị ấy có mở project giúp hiểu bản thân qua test quốc tế, bạn nào quan tâm có thể connect xem, free đó ạ",0.0
"Trong tương lai, điều quan trọng là khả năng kết nối và kết hợp nhiều lĩnh vực khác nhau.",0.0
Những người có thể liên kết các lĩnh vực lại với nhau sẽ dễ dàng giữ được lợi thế trong cạnh tranh.,0.0
"Tôi bảo: ""Có, thật"".",0.0
Cô giáo sắp tốt nghiệp chuyên ngành gì thế?,0.0
"Thường bói nói 10 điều trúng 2, nhưng người nghe cứ nhìn vào 2 điều đó cho rằng cô biết hết ^^",0.0
"Cô đồng: ""Đúng vậy, tri thức đã thay đổi vận mệnh của chị""",0.0
Đặt lên 5 đồng cô chỉ cắt duyên âm cho thì cô cúng được.,0.0
Đặt lên 5 triệu bảo cô cúng cho có chồng luôn thì cô chịu,0.0
"Đi xem mấy cái này làm gì em, tốn tiền",0.0
"Trưa nay mẹ đưa đi xem bói cô đồng đọc vanh vách: ""yêu năm 20 tuổi kết hôn năm 23 tuổi sinh con năm 24 tuổi",0.0
"trong đời gặp nhiều may mắn nhưng học không cao""",0.0
Xin địa chỉ chỗ xem bói,0.0
thấy cuộc đời kia cũng cũng á chị ơi,0.0
Cô ngậm ngùi cau đắng,0.0
"Dạ chuyện hài hước quá, chị cho em chia sẻ lên newfeed nhé",0.0
"Cô đồng quát: ""Vô lý, lá số này chắc chắn phải đẻ rồi, thế có thật là tốt nghiệp tiến sĩ không?""",0.0
Mình nghiên cứu về toán,0.0
Nhất tình duyên gọi nó mới thấuuuu,0.0
Xem bói bài tây đi ạ Alo 0344861002,0.0
Gọi cho nó nhanh nè,0.0
Nạn xe cộ thì tránh bằng cách bị công an bắt….,0.0
mí hôm sau bị tuýp còi và sau đó trộm vía đi đường an toàn nhưng mò sót ví lứm í🥹,0.0
"Hạn kêu cẩn thận mất xe thì giải sao nhỉ, mua xe đồ chơi tặng cháu à",0.0
Chị nghĩ một phần do đang trong giai đoạn sao Thuỷ nghịch hành ấy.,0.0
"Em đi đứng cẩn thận, giữ bản thân bình tĩnh nhen, cỡ đầu tháng 12 mọi thứ sẽ ổn hơn nghen.",0.0
"Gần đây mình học được một cách ""xoay chuyển vận mệnh"" rất hay.",0.0
"- Nếu đi xem bói, người ta nói bạn sắp mấy tiền bạc, hãy đi từ thiện hay đơn giản là cho tiền một người nào đó cần.",0.0
"- Nếu người ta nói bạn có hoạ về lời qua tiếng lại, hãy đi hát karaoke cho dui.",0.0
"- Nếu là hoạ đổ 🩸, thì cứ đi hiến máo trước he he",0.0
"Đúng á, năm 2024 mẹ nói mình có hạn về tiền bạc.",0.0
Nên năm đó mình chủ động vung tiền đi Nhật gửi lại nhà ít tiền đi đăng ký học tùm lum tùm la,0.0
hết năm chỉ là tiết kiệm ít thôi chứ trộm día vẫn ổnnn,0.0
"Con người luôn có xu hướng tò mò mà 🤗 Có thêm lời khuyên, định hướng trong lúc hoang mang vẫy vùng cũng có khi lại hay.",0.0
Cũng có thể không phải vô tình đâu bà.,0.0
Kiểu cái đó nằm trên lá số nên kiểu gì cũng đến nhưng các tổ hợp xung chiếu của sao khác khiến nó xảy ra như vậy í (cùng 1 hạn A nhưng 2 người có lá số khác nhau thì chắc cũng trải nghiệm khác nhau chơ).,0.0
Bình thái 1 dì hương xem bếp Phong thuỷ / chú Khương đường 3/ tháng 2 a,0.0
Xem bói đà nẵng,0.0
Ở đây nhenn,0.0
Thanh Hiền nha bác 🤗,0.0
sợ bị bắt mất hồn,0.0
"Tao không biết vì trước bọn tao đi rừng gọi tên nhau suốt, bơi suối các thứ.",0.0
Chứ đi cùng đéo gọi tên thì gọi cái gì??,0.0
Nhà mình làm nông nên mình biết: 1 không được gọi tên thật vì sợ vong sẽ mò ra được fb 2 không được nằm lên đá vì sợ ngủ quên,0.0
"có ai đi xem bói, xem tử vi phán người này không phải chồng tương lai nhưng sau vẫn cưới nhau hem ạ?",0.0
"em đang tìm hiểu anh này cũng oke, chưa chốt nhao mà tự nhiên nghe phán vậy cũng hơi chùn vì giờ em tính date to marry thuii :((",0.0
Đâu phải ai cũng coi tử vi để kiếm chồng đâu nè,0.0
vậy sao biết được người họ cưới có đúng là chồng trong số mệnh của mình đâu đúng không.,0.0
Bói toán chỉ để cho vui thôi,0.0
Trước mình nằm mơ thấy được dắt đi xuống dưới â.m phủ 🥹 xuống ý trông mọi thứ chỉ đen trắng với như nhà hồi xưa.,0.0
Đang đi thì có người nắm tay giật mình lại bảo “sao lại dắt nó đi” xong nghe ai gọi vọng tên rồi tỉnh luôn.,0.0
Má sợ ám ảnh cả tuần,0.0
Thấy ma 2 lần là người thân đã khuất giả dạng em trai mình như là song trùng vậy á 🥹 Hình ảnh sắc nét,0.0
ơ thi thoảng tự dưng nằm mơ 1 số chuyện xong mấy hôm sau việc đấy xảy ra y như thế,0.0
Chúng tôi có tarot và tử vi nha,0.0
"Mình muốn xin in4 vài chỗ coi tarot, tử vi, bói,… uy tín ạaa 🫰 Ai hữu duyên thấy rcm choa mình ké ạ",0.0
bạn này xem tử vi,0.0
Bạn này chuyên xem tarot,0.0
bạn này xem bói Đây là 3 cái tên mình cảm thấy khá là ok đối với phương diện trong tâm tinh mình cảm thấy rất ok,0.0
Thông thường những cao nhân xem tử vi họ thấy bạn có duyên họ mới xem nếu đó đúng là thầy đúng nghĩa.,0.0
dạ hic đọc mà sợ quá ạ :(((((,0.0
Thì làm lễ xin vía!!,0.0
"Trục tà, với làm vài mẹo mình chỉ ạ",0.0
Nó là tên thường ngày hoặc thoing tin liên quan tới mình thì cô hồn ngã quỷ vin vào để kéo thoi ạ,0.0
"ai rcm cho em thầy xem mảng sự nghiệp khu vực Hà Đông, Thanh xuân, hmai với ạaaa",0.0
Cao nhân nào biết địa chỉ xem tử vi uy tín không ạ,0.0
Chả là em muốn tìm địa chỉ xem bói đầu năm ở Hà Nội ạ 🙏🏻🙏🏻🙏🏻 Mong các cao nhân chỉ em,0.0
"Cô Liên , 52 văn yên nhé.",0.0
"Xem rất chuẩn từ chỉ tay đến bài tây , ai hữu duyên còn số cho mình xin với 😭😭",0.0
Cô Chi hay cười hihi nhà ở ngõ Bích Câu bạn nhá.,0.0
Đôi ơln khách,0.0
tarot thì book ngay sốp này!!,0.0
null với cả foolish không chửi khách là 10 điểm !,0.0
2 ông bà vào liếc xéo khách mãi thôi !,0.0
Xem tử vi nhà bác này đảm bảo mọi người có cái nhìn khác hẳn về Tử vi trước giờ luôn.,0.0
Bản chất Tử vi không thể mô tả kĩ càng như các bác vẫn hay xem trên tiktok.,0.0
Nhưng mà đúng là bác này xem tử vi khác hoàn toàn các thầy cứ nhìn sao rồi mô tả lá số của mình,0.0
Thuật ngữ trong tâm linh hay gọi là đi âm hoặc là chạy âm ạ.,0.0
Là người đó dùng bóng của họ để dò tìm theo cái nguồn năng lượng đấy ạ.,0.0
thế còn chỉ hỏi tên với năm sinh.,0.0
Mấy con vợ đi xem bói chỗ nào mà đòi địa chỉ thì đứng dậy đi về luôn nhé.,0.0
Nó dùng âm binh để xem đấy :),0.0
Đợt trước join 1 cái group đu cp diễn viên có đứa làm tarot reader bảo nó xem bằng cách đi cảnh,0.0
là nó xuất hồn nó đi theo quan sát được nó kể nó vào nhà idol ngồi trên sofa,0.0
rồi ke này ke kia nghe ảo đá vch mà nguyên cái group hít lấy hít để mà idol quốc ngoại chứ =)))),0.0
"Thật ra, đi xem bói mà không cho địa chỉ thì ai soi được nhà của bạn, gia đạo như nào đâu.",0.0
Trừ khi gia tiên đi theo hoặc người nhà đi theo nhờ cậy.,0.0
Chứ sao chụp mũ cái kiểu cứ hỏi địa chỉ là dùng âm binh:))),0.0
thực ra âm binh với ma xó khác gì cái google map có khả năng đi xuyên tường đâu 🤧 ở nhà các cụ cài tường lửa cái là ú ớ ngay,0.0
cho mình xin info ạ,0.0
Kiểu biết thông tin người đó là trải bài nhìn thấy mọi thứ xung quanh người í luon.,0.0
Kiểu có phần âm nên cảm bài nên nhiều khi mình coi cũng nổi da gà với những chuyện mình giấu mà trên bài thấy 🤣,0.0
Bạn cứ ib qua ig mình kết nối nha,0.0
Bạn ơi bạn check ib mình trên ig nhé,0.0
Cảm ơn bạn ạ,0.0
Dạ em sắp ra trường nhưng chưa có định hướng công việc,0.0
em muốn xem điểm mạnh của mình là gì và mình sẽ phù hợp với công việc nào trong tương lai thì bài Tây có xem được không ạ?,0.0
Mình cũng xem bài Tây nhưng chỉ giới hạn xem cho bản thân :)) và chính xác phải có năng lượng bên kia mới cảm được bài.,0.0
Dạ bạn muốn đặt lịch xem cứ ib qua ig hoặc thread này của mình để chọn khung giờ xem nha,0.0
Dạ bạn muốn đặt lịch xem cứ ib qua ig hoặc thread này của mình để chọn khung giờ xem nha.,0.0
Mình là người xếp lịch cho mẹ ạ,0.0
mình xin Ig với ạ,0.0
Xinh quá mèo dưa hấu,0.0
"Ồ hóa ra shooting hôm qua là quay Garnier, trộm vía job tằng tằng nha 🕯",0.0
Trai 2k style y2k xinh điên,0.0
UPRIZE Cường Bạch,0.0
ôi xinh thế,0.0
Uầy đa dạng brand vch thề,0.0
😾 SERIES - MỖI NGÀY MỘT BRAND CÙNG CƯỜNG BẠCH,0.0
MC còn chịu khó học thêm tiếng Trung để cảm ơn user người Trung nữa.,0.0
Ý là dù chỉ 1 câu ngắn thôi nhưng đó cũng thể hiện việc biết take care user,0.0
nhỏ Nin hợp phòng led quó bây ơiii,0.0
5k còn tap tim hơn 10m trong phần lưu lượng ngắn khúc đầu thoi,0.0
"Tui cũng vậy, mc lúc nào cũng gọi tv là cục cưng cục vàng nghe đã tai ghê",0.0
"MC nhà này okkk quá, khenn",0.0
Nice vô cùng.,0.0
Rồi cứ con ơi =))) cưng á,0.0
Trộm vía nhỏ em ở đâu là lưu lượng ở đó🤓,0.0
Được thêm Anh Lực ngồi ngoài xúi mấy đứa mukbang với full menu con chụt 🤣,0.0
"Mình thấy lên 15,6k nè",0.0
Là ế vé dữ chưa a,0.0
Chưa tới 1p nữa chòn ơi =)),0.0
Chúc mừnggg mườiii 💕,0.0
Chưa có được 1p luôn á a ơiiii,0.0
Anh chắc chưa?,0.0
Tức ghê á,0.0
13/3 mấy giờ dạ anhhh,0.0
khó ngủ từ giờ tới 13/3,0.0
Tầm 40s là SO gòi a,0.0
sốp nhận camp đợt bán chính thức và cho thuê s24u hôm 12/4 ạaa,0.0
Em muốn đi chiến tướng mà sợ quá có ai đi cùng không ạ,0.0
Dậy mà lúc khều fanmetting lại bảo sợ é vế😒😒 Chán cái con vợ này ghê 1 phút mà cỡ đó mà còn sợ cái gì nữa hả có day2,0.0
3 4 .. cho tôi,0.0
Đâu ra em vào chưa tới 1p hết rồi anh lừa chúng toi,0.0
Có thể là 40s hết rồi đó anh à🙂‍↕️,0.0
Chị ơi e hỏi thật chị bán 1 vé mỗi zone à chị,0.0
25/3 là đây hả,0.0
5 mũi=)))) sốp này đỉnhh,0.0
QUÁ ĐẲNG CẤP,0.0
lanh chạy đi,0.0
sương sương gần 15 củ,0.0
"Thế chích ở HCM thì sao để mẹ nó còn lết đik chịu khó đi chích, chứ thực ra lười chít á",0.0
vcl oách thật hơn 14 củ😇,0.0
sốp chịu đau quá giỏi,0.0
Bunzieu hịn quớ,0.0
Kiều Anh Nhả Vía,0.0
Xứng đáng nobel hoà bình hơn Donald Trump nhé Kiều Anh 🤣🤣🤣🤣,0.0
Thíu nè bà,0.0
"Đù đù vuýp, mẹ Kiều làm cú lổ chấn động 🌷",0.0
chị đẹp em xinh trong mơ là đây saooo,0.0
Nãy thấy có Muội nữa,0.0
"đồ gia dụng, tới quần áo, tới túi, có gì là ND không có?",0.0
trộm vía bớt lười,0.0
thực sự là ước mơ được vừa bán tạp hoá vừa buôn chuyện của chú,0.0
lại còn có chồng yêu ngồi cạnh 👏🏻👏🏻👏🏻 trộm víaaaaa tuổi trung niên của chú trộm vía ha 😎😎,0.0
2 sếp chăm chỉ quá,0.0
Trộm vía năm nay 2 sếp tui chăm chỉ Chúng ta có hẹn 20/3 live thời trang 3/4 live túi,0.0
Không hiểu sao tay tui nó cứ bấm dừng mấy khúc như này 🤭,0.0
ủa sao cái hình nó lạ quá chị ☺️,0.0
Bà chụp đúng lúc quá 😂,0.0
"Được được, ai thích vía gì vô xin vía đó 🤭",0.0
Quốc Thiên Kiều Anh,0.0
"Lạ chỗ nào Hưn, có phải mờ quá hem 🤭",0.0
Mau vào xin vía giàooooooo pà kon ơiiiii ☺️☺️☺️,0.0
Vậy mà anh Sơn không thấy tôiii 😆,0.0
Người dẫn tôi vào đời 🙂🙂🙂,0.0
Chưa kể cái card nằm hề hước 😗😗😗,0.0
trông công nghiệp quá :)))),0.0
trông cổ catwalk,0.0
"Ôii cảm ơn ""công chúa"" vì đã thích fibi anh Sơn",0.0
Bây giờ không có lối thoát 🥴,0.0
Tưởng cái mới hehe,0.0
Ơ kìa em làm thật mà 🫣,0.0
"Mở rộng ""thị trường"" 🤫 Ai rồi cũng phải yêu anh Sơn😆",0.0
Hẹn trạm yêu.,0.0
Fibi phải dùng hết gaihome chưa hết🤣.,0.0
Mê anh điệp ziên quá,0.0
bom nổ 💥💥💥,0.0
mẹ đồ bao nhiêu tiền cho quả mv này vậy 🤸🤸🤸,0.0
Tui từ top top qua đây kk,0.0
Bó này giá sao vậy ạ,0.0
Cho mình xin giá với ạ,0.0
Bó này chắc dành cho Hạt muối của biển,0.0
Nổ giá liền để tui còn đặt kịp cho đám cưới nè bà,0.0
Dạ bó này cầm không nặng tay quá đâu ạ,0.0
Dạ Sò cảm ơn bạn nhìu nha😍,0.0
Bó hoa cưới vỏ sò có 1-0-2 mà các nàng dâu không nên bỏ qua!,0.0
Sau 1 ngày đăng tải thì trộm vía viral!,0.0
Cảm ơn khách iu thật nhiều,0.0
Trừi ưi đỉnh quá sốp ơi,0.0
Dạ bạn ib cho mình nha🥰,0.0
Tưởng là công chúa của đại dương luôn á quá là xinh sốp ơi,0.0
Hoa xinh quá,0.0
Xin in4 bó hoa nha,0.0
Dạ Sò cảm ơn bạn nhìu nha🥰,0.0
Dạ bạn ib cho Sò nha🥰,0.0
1 nửa trái tim coàn lại của NLA đây sao ?,0.0
vuýt luôn 🫰,0.0
Này chắc e dè vụ PKN sẽ làm meme nên poster mới để “táo bạo” thay vì “bạo” một từ như mấy chị em 🤣,0.0
"🚨 Tạo hình của nàng Thiên Nga Đen Phùng Khánh Linh trong trailer MV ""Nhả Vía"" của chị Kiều Anh 🥹🦢🖤 Mận quá các mẹ ơiiiiiii ‼️‼️‼️‼️",0.0
Lét rồi 😭,0.0
Phùng Khánh Linh Kiều Anh Nhả Vía,0.0
ớ hàng xóm ơi cho em xin cái tên😚,0.0
hoa giả hay thiec ạ,0.0
Í chà tiệm hoa dưới chân nhà mình nè,0.0
giờ còn ord làm hoa mới thuii ạ,0.0
sốp cảm ơn nhìuuu😚 trời ơi viral bó bị bỏ rơi cái chiều sốp gói 3-4 đơn y vậyy🫶,0.0
hoa thiệt ạ,0.0
Ủa đi qua Tân Mai suốt mà sao tui khum nhìn thấy tiệm hoa xinh xẻo này nhỉ.,0.0
dạ dạ em đã check ạ,0.0
Sale đến bao giờ hỏ shop,0.0
dạ đặt làm mới bó tương tự khoảng 200K sẽ ít hoa hơn chút ạ,0.0
Chuẩn có những bó hoa bị vía đó ní ơiiii,0.0
oh no chưa ra hn mua hoa nữa mà,0.0
"Còn nha yên tâm, nếu tui không gói nữa nữa khác gói vẫn là tui đào tạo nhenn",0.0
Sốp có đóng cửa đâuu,0.0
vãi sóp ơi em còn chưa có ny để đặt hoa của sóp nữa mà huhu,0.0
Khách VVIP từ đời đầu,0.0
Mình khót cầu xin đi rồi sốp suy nghĩ,0.0
Thế lúc đó note vào đơn là order người bó là chủ cũ nhá,0.0
Ơ còn đang định đặt hoa cho lễ tốt nghiệp mà sốp ơi 🥲 cỡ 11-12/4 sốp còn gói hoa khôm,0.0
Sốp coá đóng đâuuu.,0.0
cũn chung mà 😞,0.0
là cái nào?,0.0
cảm ơn phiên live của Ganier vì đã giúp mìn chọn quà 8/3 trễ cho chị,0.0
UPRIZE Phúc Nguyên PN Garnier,0.0
tình cờ đi ngang chốt vài đơn cho bạn nhỏ PN lần đầu live,0.0
cin vía huhu,0.0
"Công đức vô lượng ạ, ad đừg xoá bài nha😭",0.0
em xin noti tối xem ạ,0.0
MÌNH ĐẠT ĐƯỢC 107 HSA TRONG MỘT THÁNG RƯỠI ÔN LUYỆN ?,0.0
Nghe hơi ảo đấy nhưng nó là sự thật.,0.0
"Và thú thật, một trong những công cụ giúp mình ôn cấp tốc chính là tài liệu ôn tập sát với đề thi.",0.0
250+ CÔNG THỨC GIẢI NHANH TOÁN 12 (chương trình mới).pdf,0.0
Đưngf xoá bài nha.,0.0
Cảm ơn cậu vì đã chia sẻ nhiệt tình công đức vô lượng💗🙆‍♀️,0.0
Đm sao nay nó to khủng bố quá v😭😭😭xin vía😋,0.0
Giờ cái mặt nhỏ lại còn nhiêu đó😭😭,0.0
"Mới 19 tuổi,tuổi lớn của thằng nhỏ đó",0.0
Ăn nhầm bột nở,0.0
tủi ăn tủi lớn,0.0
Bờ vai thái bình dương🫰🏻,0.0
Đỗ nam sơn,0.0
"Em làm mạnh về sáng tạo hơn, làm content, viết nội dung.",0.0
Em kỷ sửu à?,0.0
nhắn mình nha bạn,0.0
"truyền thông, luật, tư vấn,..",0.0
ib bạn này,0.0
Bạn chưa có chỗ xem ghé tiệm tui tham khảo nhaaaaa 💖💖,0.0
Cậu tham khảo shop nha,0.0
Mình nhận xem tarot phí tuỳ tâm nhaa,0.0
ghé ins sốp tham khảo feedback nhen nàng,0.0
Bà này có tâm nếu ai có muốn coi thì thử xem hợp không nhé,0.0
"thiên lương cư tý à ưa nhìn hỉ, năm nay cãi vã nhiều nhe cẩn thận cái miệng nhé bạn Đinh Hợi...",0.0
bác nhắn tui xem cho,0.0
Bạn xem tử vi ib mình nào kk,0.0
Bạn sang shop xem thử coi nhaaa,0.0
Vào tử vi cuộc đời ấy bạn.,0.0
50k thôi mà xem hơn đứt thầy nha,0.0
Chọn ai để lấy làm chồng thì lúc yêu chú ý tính cách xem họ có thích hơn thua với mình trong mọi việc không.,0.0
Mệnh này được cái xuất ngoại rất dễ.,0.0
"Chị nhận xem tử vi, bát tự chuyên sâu, phân tích trọng tâm và giải đáp thắc mắc kỹ",0.0
"Bạn nhắn mình nha, 100k thuii",0.0
tui là nam mà,0.0
dạ e cảm ơn,0.0
"Coi tarot hem bà, tui nà🙋🏻‍♀️",0.0
Cần xem nhắn tui hen,0.0
"mỗi khi stress là tôi muốn đi coi tử vi, coi bói liền mấy bà ạ. ai biết chỗ nào coi đúng rcm cho tui vớiiii",0.0
bạn nhắn mình nha,0.0
luận mệnh free nhé,0.0
"bác muốn xem bản đồ sao, tử vi nhắn tôi nhá",0.0
"Chỗ bên mình ạ, hỗ trợ đúng lâu luôn ớ, nhận xem Tử Vi online nà bà",0.0
Tui coi bài tây bài tarot nè bbi muốn book hăm,0.0
cục cưng ơi !,0.0
sốp có tử vi kinh dịch bao gồm tư vấn tâm lý và không giới hạn thời gian xem không giới hạn câu hỏi🍀,0.0
Ib em đi =))),0.0
Chia sẻ chia sẻ cùng cảnh ngộ nè tui bỏ 800k ra xong chẳng ra làm sao,0.0
về sau lập threads mới thấy có rất nhiều bạn xem tử vi phí tùy tâm.,0.0
Bác gửi lá số qua tin nhắn cho e. Cóntgian e xem cho,0.0
Cũng thiên không tại mệnh :))),0.0
Dạ vâng ạ e cảm ơn nhiềuuu ạ 😭💕,0.0
Mời đoàn mình di chuyển qua đây nhé,0.0
KIẾP NẠN FOMO ĐI XEM TỬ VI ĐẦU NĂM!!,0.0
"Dạ tui cảm ơn bà nhìu, nghe vậy tui cũng đỡ lo rùii.Chúc bà đầu xuân vui vẻ nhen 💖",0.0
"Em học tử vi nói lá này vài tiếng còn đựt , em còn nhỏ kiến thức thực tiễn chưa nhiều , mà thầy nào luận 15p ghê thật =))",0.0
"Chị nhận xem tử vi, bát tự chuyên sâu, phân tích kỹ càng và tận tâm",0.0
"Vận nào cũng có ưu có nhược như con đường có lúc đi nhanh đi chậm, gặp ổ gà, gặp đèn tín hiệu.",0.0
"bà dễ bị mủi lòng hoặc bị mấy đứa ""dẻo miệng"" nó lừa tiền đấy.",0.0
Dạ mình cảm ơn bạn ạ 🌷 Mong mọi thứ đều hoan hỉ,0.0
Xem ông thầy này toàn giải nghĩa thiên không nên e nghĩ kiểu nó công phá mạnh vậy á hả,0.0
"Gì, xem 15p á.",0.0
Xem nông mà còn bao nhiêu thứ.,0.0
Nói cả tiếng còn được.,0.0
"Lá này không xấu đâu ạ, vận đi hơi gánh vác tí thôi, bạn hợp làm các nghề về sư phạm, thiết kế, có tính tỉ mĩ cẩn thận cao.",0.0
"Lá số ok đó ạ, cố gắng nhé.",0.0
Dạ e cảm ơn nhiều ạ 🌷💞,0.0
Mệnh mê tiền mà tới hạn mất tiền phải chịu thôi .,0.0
"Dạ tui cũng thấy tui sống thiên cảm xúc, dễ mủi lòng thuyệt :(((",0.0
liên hệ sốp liền cục cưng ơi !,0.0
"tử vi kinh dịch duyên tiền kiếp đã bao gồm tư vấn tâm lý cho khách , xem chuẩn xác và hài hước 🍀🍀",0.0
Góc nhìn của 97 như mình thì mình hợp từ 2k2 -> 1989 🥺🐝,0.0
"Bố mình chỉ thích mình lấy chồng 96, mình 97",0.0
96 cưới 97 nè,0.0
"Ế tiếp đi ,, Đừng làm khổ con nhà người ta nữa ~",0.0
96 hợp 97 mà.,0.0
Thấy hợp 96 lắm luôn,0.0
Toai 97 chồng toai 96 đây nì🤔,0.0
Còn lá số tử vi 1996 hầu như bản mệnh thấy đều tử vi thiên phủ hoặc bộ …,0.0
Bộ gì mẹ?,0.0
97 cũng không thấy hợp lắm,0.0
"a Đào Trọng Thống nha, đỉnh!",0.0
Giá hơi cao,0.0
Các bác uii cho tui xin địa chỉ xem bát tự uy tín ở HN với ạaa 🙏🏻 Nhiều người giới thiệu chỗ xem tử vi rồi cơ mà tui tò mò nên muốn thử xem bát tự quá.,0.0
Thử qua đâyy nhaa,0.0
Có ai xem ở đây chưa ạ Thầy kết hợp bát tự tử vi chỉ tay mình thấy khá đúng,0.0
Thất Sát 2.,0.0
Phá Quân 3.,0.0
Vũ Khúc 4.,0.0
Tử Vi 5.,0.0
"Mệnh hội nhiều Quyền tinh (Hóa Quyền, Quốc Ấn, Tướng tinh)",0.0
"Top nữ mệnh dễ là nữ cường, độc lập, tự chủ trong Tử Vi",0.0
Cung mệnh của mình vừa có tử vi vừa có phá quân,0.0
+1 thất sát,0.0
Chính tinh Vũ Khúc 😭,0.0
Thái Dương đâu sốp 😆,0.0
Văn xương vũ khúc thì sao ạ?,0.0
mệnh Tử Vi - Thất Sát 😅,0.0
Mệnh vũ khúc nhưng cung thân lại là cung khác thì tính sao ạ,0.0
"Mình cũng Tử vi - Thiên phủ giống bạn, đúng chuẩn nữ cường luôn 🥹",0.0
Cung mệnh vô chính diệu khóc thét,0.0
Mệnh thiên tướng - vũ khúc 😅,0.0
Cung mệnh của bạn có sao này không?,0.0
Mình mệnh Tham Lang nhưng thấy mình phải tự lực cánh sinh chẳng thua anh nào cả.,0.0
Mệnh Tử vi- Thiên phủ 😅,0.0
cũng mình có con bạn nọ kia.,0.0
"Nói chung tử vi tiktok cứ né đi, người xem giỏi thật ít khi họ marketing lắm, muốn xem có khi còn khó.",0.0
Ê cái ông thầy nào ở Khương Đình chỗ bờ sông í :) thầy tên Tâm thì phải.,0.0
Ổng xem bói cho mình luôn lí do chết là vì bị tai biến mạch máu não 😀 Rồi nào là đất chôn ông bà có vong đang ngự 😀,0.0
Bác lớn tuổi lắm rồi í,0.0
Bạn ơi cho mình xin inf thầy với ạ,0.0
Ai xem chưa rv mình với tại mình sợ seeding,0.0
Tiện thể ai xem tử vi ở Misudouxdoux rồi rv tui với mấy mom,0.0
Ai xem bên này rồi cho tớ xin review với ạ.,0.0
"duuu, bài này rất cần rất rất cần.",0.0
"Nhiều bài về chỗ xem tử vi uy tín rồi, bây giờ mình làm về chỗ tử vi lừa đảo để mọi người biết mà né nhé.",0.0
Không lại mất tiền oan,0.0
"Xem rất nhiều chỗ rồi, nhưng mà cảm thấy thích những người nào xem xong đều dặn: CẦN GÌ CỨ QUAY LẠI HỎI",0.0
Gòi gòi rì viu tích đức xả nghiệp đây.,0.0
luận lặp lại mà còn chung chung lại bị dính sao nữa.,0.0
"Lúc thì kêu chồng giàu yêu thương, lúc thì kêu nghèo rồi độc đoán ghét bỏ.",0.0
hơi bị oách,0.0
Mình cảm ơn nha,0.0
Tui đã hiểu vì sao bà than ế dù 0 đến nỗi nào.,0.0
đừng ngóng qua chi phiền nha pà.,0.0
Đợi đến tết để lại qua gặp bác đây,0.0
Review qua tiktok dở lắm🥹,0.0
Chơi với bạn bè nhớ chọn bạn kỹ,0.0
tử vi lá số,0.0
"Hai cung cạnh nhau nhưng mà hai thái cực :""))).",0.0
Anh xem 2-3 chục bạn thì mới có 1 bạn cung nô xấu như e. Không biết nên buồn hay vui :'))),0.0
Tuổi Sửu: Nên làm việc chậm mà chắc.,0.0
"Hợp học tập, nghiên cứu, xử lý việc khó.",0.0
Tránh tiêu hao năng lượng vào việc không cần thiết.,0.0
Tuổi Mùi: Quý nhân nâng đỡ.,0.0
"Phù hợp gặp gỡ, học hỏi, làm việc cộng đồng hoặc lan tỏa giá trị tích cực.",0.0
Tuổi Thân: Nhân duyên và quan hệ xã hội tốt.,0.0
"Hợp trao đổi thông tin, hợp tác, học hỏi và kết nối nguồn lực.",0.0
"TỬ VI 12 CON GIÁP THỨ TƯ, NGÀY 11/03/2026",0.0
Tuổi Dần: Áp lực dễ tăng.,0.0
"Tốt nhất tập trung việc của mình, tránh tranh luận hay mở rộng kế hoạch mới.",0.0
Tuổi Tỵ: Vận tài lộc và hợp tác khá tốt.,0.0
"Hợp gặp gỡ, trao đổi công việc, mở rộng cơ hội kinh doanh.",0.0
Tuổi Thìn: Khả năng giao tiếp và sáng tạo tốt.,0.0
"Hợp làm việc nhóm, chia sẻ ý tưởng, quảng bá hoặc giải quyết vấn đề.",0.0
Tuổi Tuất: Nên làm việc có nguyên tắc và chuẩn bị trước.,0.0
"Hợp chia sẻ kiến thức, giải đáp vấn đề cho người khác.",0.0
Tuổi Hợi: Nên giữ thái độ thận trọng.,0.0
"Tốt nhất tập trung việc cá nhân, tránh vội vàng hợp tác hay đầu tư lớn.",0.0
Tuổi Dậu: Dễ nhận được sự hỗ trợ từ bạn bè và đồng nghiệp.,0.0
"Tốt cho việc thương lượng, lên kế hoạch mới.",0.0
Tuổi Ngọ: Thuận lợi triển khai kế hoạch và phát triển dự án.,0.0
"Nếu chuẩn bị kỹ, dễ đạt kết quả thực tế.",0.0
"Tuổi Mão: Thời điểm tốt để sắp xếp lại kế hoạch, quản lý tài chính và hoàn thiện bản thân.",0.0
Làm việc từng bước sẽ hiệu quả.,0.0
"Tuổi Tý: Có quý nhân hồ trợ, thuận lợi giải quyết công việc.",0.0
"Hợp lập kế hoạch, gặp gỡ hợp tác.",0.0
Nên giữ suy nghĩ toàn diện trước khi hành động.,0.0
Quality control kiểm định chất lượng,0.0
"Bài viết mang tính chất khoa học nhưng cũng nhân tướng học, cũng tử vi, cũng tâm linh =)))",0.0
😂 coi như em cũng chọn đúng ngành theo lá số,0.0
QC là gì ạ?,0.0
Các sao này nằm ở cung mệnh hay quan ạ,0.0
"Lá nào cũng có sao này hết mà, ý chủ thớt là cung nào vậy",0.0
còn BA thì sao ạ,0.0
Vừa check thử cơ bản khá chi tiết so với app nhưng vẫn có lỗi bác ạ của em nhận diện sai về giáp cung,0.0
cung vô chính diệu ở Mão thì nó nhận ở 2 bên đâm ra thành vô chính diệu với cung Tuất nhị hợp bác xem fix lại nhé.,0.0
Khá tiềm năng á,0.0
"Dạ vâng ạ, em cũng đang suy nghĩ hướng đó",0.0
lần nào mình thử nó cũng hiện vậy hết bác ơi,0.0
Chứ dùng api key của bạn thì bao nhiêu cho đủ tốn lắm đó,0.0
hiuhiu đã thử vẫn vậy,0.0
"API gemini mình dùng Rag để tích hợp luận giải, lá số là mình tự an bằng kiến thức của mình.",0.0
Mình lấy của gemini,0.0
"Mình cảm ơn nhiều, mình sẽ lưu ý fix",0.0
Có lẽ phải đợi ạ,0.0
Hóng update từ bạn😁😁,0.0
Em nhắn zl 0799459888 nhé,0.0
Dễ thương vậy,0.0
"Học, nghiên cứu to người ra chứ căn gì em",0.0
"hỏi từ gốc, hỏi moj thứ để sắp xếp lại mục tiêu :))",0.0
=)) không biết bạn ấy đã gõ câu lệnh gì hâhhah,0.0
"Lần đầu gặp bạn khách đến xem Tử vi mà chuẩn bị sẵn các câu hỏi chi tiết thế này, nên phải xin phép chụp lại ^^",0.0
Zalo em tên là gì nhỉ,0.0
Cho em xin giá xem với ạ,0.0
ê hệt e đi xem sẽ viết ra hết các câu hỏi,0.0
"Anh ơi em ib zl rồi ạ, anh check ib giúp em với 🥹",0.0
Tử vi dùng thời điểm sinh ra sinh mổ tưởng là mình lựa chọn nhưng cũng nằm trong số mệnh rồi,0.0
không phải ai chọn cũng đúng ý... nên có thể nói là xem bình thường em nhé,0.0
Chat gpt hân hạnh tài trợ,0.0
Hoàng Ngọc Ánh ạ,0.0
Cho em hỏi anh xem tử vi là tự học hay có căn hay gia truyền vậy ạ,0.0
chi phí như nào ạ?,0.0
Zalo mình 0778897018,0.0
1 lần bạn luận trong bao lâu?,0.0
Mình có thêm bạn Zalo bạn á.,0.0
Mình xin giờ lịch xem,0.0
Mình xin giá,0.0
Dạ zalo mình 0778897018 ạ,0.0
Mình nhận xem Tử Vi.,0.0
"Mình học Tử Vi cô Sáu Tuệ làm công quả ở Chùa Gò TPHCM , mình xem 6 năm rồi cái tâm đi theo cái đức.",0.0
Cả nhà ủng hộ mình nha,0.0
bạn xem giúp mình nhé,0.0
check inb em với ạ,0.0
"Trùi ui khổ thân quá, đúng nó lừa ác luôn😭😭😭😭",0.0
gì mà 4tr ?,0.0
4trăm còn đắt .tiền là lá mít à,0.0
Tử vi kinh dịch duyên tiền kiếp đã bao gồm tư vấn tâm lý,0.0
Bạn có thể tham khảo bên mình nhé.,0.0
Giá bằng 1/10 giá bạn xem 🥴 có voice/call/file luận giải,0.0
Em xin zalo với ạ,0.0
đợt cũng đi coi 700k mà được nguyên file pdf dài mười mấy trang :)),0.0
Ôi có thể khóc thêm 1 ngày nựa,0.0
Tử Vi threads,0.0
"Tử tham linh hoả kỵ ở mệnh, nội tâm mâu thuẫn phức tạp nửa đời nửa đạo.",0.0
Thậm chí có trạng thái tinh thần vượt ra ngoài thực tế.,0.0
Chính ra lá này tính cách cũng có vấn đề bên trong lắm bạn nên tìm người xem có tâm để hiểu rõ hơn về bản thân mình nhé.,0.0
4 củ lận huhu,0.0
ib mình nhé,0.0
Mình xem như nào vậy ạ,0.0
Em hữu duyên mong xem ạ,0.0
Xin phí xem ạ,0.0
Em tên gì,0.0
Phí xem bao nhiêu vậy Chị?,0.0
Dạ phí xem bao nhiêu vậy ạ,0.0
Có xem trực tiếp không bạn?,0.0
Phí như thế nào vậy ạ,0.0
"Hi bạn ơi, bạn coi onl là gọi hay nhắn tin vậy bạn?",0.0
Zalo mình 0778897018 ạ,0.0
Vcl 4 triệu cho 10’ ?,0.0
ảnh xem chi tiết và kĩ lắm ạ.,0.0
"Bà học với làm mấy nghề làm đẹp ý thì thấy hợp đó, năm nay chắc học thêm nhìu lắm nè",0.0
"e, con bé này và e có lá số na ná nhau hết sức.",0.0
Nhưng bé này lợi hại hơn nha.,0.0
Thú vị thú vị,0.0
"Mà nó dị, ức cũm cũm",0.0
"Là xem đó á, cụ thể 9 phút 43 giây lận.",0.0
là học tử vi hay xem tuvi mà giá cao dị,0.0
Dương nữ phải tìm âm nam à😅,0.0
hữu duyên xem giúp em em có số xuất ngoại không ậ,0.0
Mong được hữu duyên ạ,0.0
đẹp trai nà đượtttt,0.0
Đang hơi rảnh nhận coi tử vi free lấy tương tác nò,0.0
Cần ngày giờ tháng năm sinh dương lịch nho,0.0
Mình nhận xem tổng quan 400 nhé Hỏi thoải mái Call trực tiếp,0.0
"P/s: đánh giá thì app này xử lý data tử vi tốt, check được cơ bản các sao xung chiếu, tam chiếu, ... mà các app khác không làm được.",0.0
Rồi dùng AI để viết lại văn.,0.0
Đánh giá đáng để thử 💪🏻,0.0
Ngon quá sợ lừa,0.0
"Điềm huyền khí đỉnh quá ạ, tốn nhiều gạo không hả shop",0.0
Lần đầu mình thấy điểm vô cực luôn á 🙀,0.0
Giống nhau thế :)))),0.0
"App này mới, nên đang nhiều chức năng tận dụng được.",0.0
Bạn dùng free xem thử coi sao 🫢,0.0
Hẹ hẹ hẹ hẹ 👏🏻👏🏻👏🏻 sốp xịn quá,0.0
"Mấy bồ ơi, mình vừa thử cái app tử vi Thái Âm này.",0.0
"Mới tạo lá số xong là nó phán: ""Người này có anh/em trai sinh năm Dần hoặc Hợi.""",0.0
"Má ơi đúng chị mình sinh năm 98 thật nha :> Thử 5 câu thì trúng cả 5 câu rồi, sốc vãi.",0.0
mình thì thấy nó bị ê á bạn kiểu trường hợp của mình là nic của mình làm bạn với bạn của mình,0.0
dù biết mình còn tình cảm nhưng hai người vẫn làm bạn cảm giác khi đó của những bạn còn tình cảm nó bị bức rức á bạn,0.0
mặc dù không còn là gì nhưng mà vẫn cảm thấy khó chịu,0.0
Góc thắc mắc : Thật sự là không thể quen lại người yêu cũ của bạn thân ạ?,0.0
Kiểu như bạn thân và nyc chia tay vì không cùng quan điểm hay không cùng hướng đi trong tương lại chia tay trong hoà bình,0.0
thì cũng không được quen ạ🥹 ôi thật sự khá thắc mắc ý,0.0
Ây dô có thể mình thuộc kiểu người bỏ là bỏ không lụy ớ,0.0
Nhưng nếu bạn của bạn ok thì ok thôi,0.0
Rất cảm ơn bro đã cho tôi 1 phút mạc niệm về mindset của tôi🫂 thu thập và tái tạo mindset=))),0.0
ảnh fan Ruler nên ảnh để ý).,0.0
Bà Daram người yêu cũ Ruler thật sự là bán quạt hả mọi người,0.0
khi blhđ đồ,0.0
Bán album mừi tém cộng á bà,0.0
ồh tks bác,0.0
Người có tình ắt sẽ lại gặp nhau thôi.,0.0
"Qua đợt này, hãy trân trọng nhau hơn nữa nhé😊",0.0
Bùng nổ truyền thông cho tôi,0.0
"Ă đù, cuối cùng ngày này đã đến",0.0
mình bị ong chích trên đỉnh đầu em bé dẫn mình vào phòng y tế xong cứ sốt sắng hỏi mình có làm sao không có đau lắm không,0.0
hay là em bắt xe cho mình về nhà trước nhé.,0.0
mình thì cứ xụ mặt xong lắc đầu em hỏi sao mình cứ buồn buồn thế mình bảo mình không nói đâu,0.0
[diary theo đuổi người yêu cũ] 02/03/2026 - kết thúc diary,0.0
"chị ơi, đến giờ chị còn hỏi ư :))))",0.0
lúc đó đang trong phòng tự học mà tôi thật sự muốn hét lên cmnl aw 🥺,0.0
Không ngờ cũng chờ được tới ngày này 😭,0.0
Video của chị Sun:,0.0
Số 2 rất rất đúng.,0.0
Đang tiết kiệm tiền mua nhà (chưa đủ) mà có người (đặc biệt là bà con dòng họ) nghe mình đang nắm gần tỷ bạc trong tay thì...à... ừm... 😑 1 cảm giác thiệt là yomost 🥲,0.0
Điều bạn tự ti nhất về bản thân mình 6.,0.0
Không chia sẻ điều bạn tự tin nhất về bản thân.,0.0
Không nói xấu sau lưng người khác 8.,0.0
Không chia sẻ về hoàn cảnh gia đình,0.0
"Không nên chia sẻ nhiều về tình yêu, người yêu, người yêu cũ 2.",0.0
Không kể về dự án đầu tư hoặc kế hoạch trong tương lai 3.,0.0
"Nên giấu kín những xích mích trong gia đình, hôn nhân 4.",0.0
Không nên kể về người bạn đang crush,0.0
Chị Sun nói về 8 điều không nên chia sẻ mà mình thấy cực đúng.,0.0
Những điều đó bao gồm:,0.0
"Bạn này nói hơi lê thê, thỉnh thoảng mình nghe giết thời gian nhưng nội dung cũng oki",0.0
Sợ bị đánh giá?,0.0
Sợ bị lợi dụng?,0.0
Hay vì lý do nào vậy,0.0
8 điều không nên chia sẻ,0.0
vừa để giải tỏa vừa có bạn bè khuyên can.,0.0
Chắc làm được thì bệnh trầm cảm cũng lên ngôi luôn!,0.0
Nếu tự tin thực sự sẽ không ngại ai nghĩ gì về mình hay biết gì về mình đâu nè.,0.0
tips hướng đến xây dựng hình ảnh cả nhân và làm người công chúng rất phù hợp.,0.0
Song song đó là sự tự chịu áp lực rất lớn.,0.0
Rất đáng để thử nhưng nếu không phù hợp với tính cách nguyên thủy của bạn thì đừng gượng ép 😇,0.0
Sẽ đến thời điểm bạn tự ngộ ra nhiều điều cho bản thân bạn nên và không nên làm gì với ai,0.0
và chắc chắn điều đó sẽ tốt hơn rất nhiều so với việc bạn nghe chia sẻ của người cũng chỉ đi sưu tầm đâu đó thôi,0.0
ý mình là người hay văn vở đạo lý ở trển,0.0
"Bản thân mình còn khá trẻ và tự nhận thấy mình còn rất nhiều thiếu sót trong cách ứng xử, giao tiếp xã hội luôn á.",0.0
Tất nhiên mình cũng sẽ phải va vấp trải nghiệm nhiều hơn để có thêm kiến thức.,0.0
"Tuy nhiên học từ việc lắng nghe những người giỏi hơn, nhiều trải nghiệm hơn cũng là 1 cách để học hỏi mà đko kk",0.0
Ủa rồi là gặp nhau còn gì để nói nữa ha?,0.0
Cười đùa hihi haha bàn vé concert đồ rồi giải tán ai về nhà nấu không cần hiểu gì về người ngồi đối diện mình luôn?,0.0
Ủa vậy rồi chia sẻ cái gì bạn?,0.0
Nghe có chọn lọc thôi chứ.,0.0
Chứ phòng vệ kiểu vậy là khỏi có bạn luôn á,0.0
Tuy nhiên mình nghĩ kiến thức thông tin hay thì chia sẻ qua lại cũng được mà ta,0.0
Chị Sun chia sẻ rất hay,0.0
Nếu mà cặp nào cũng thế thì tham gia chương trình như chưa hề có cuộc chia ly đi ạ.,0.0
Bộ vợ muốn ny hiện tại của vợ còn làm bạn với nyc hả?,0.0
người yêu cũ,0.0
"mình với bạn giống nhau quá, đều studio",0.0
mới lưu ảnh đã có đất dùng =)))))))))),0.0
"Còn đây là go to hello nha Chủ tút lì xì cho mấy ông thần bắt bẻ cân muối đi kìa, nó rẻ thúi.",0.0
Hạt nhài còn vô bắt bẻ thấy ớn óc chưa,0.0
Người yêu cũ chia tay tao.,0.0
"Lý do là vì nó nói tiếng Anh của tao không tốt, không xứng với nó.",0.0
"Cười ẻ, ai thèm car chứ.",0.0
Đây là chuyện buồn.,0.0
Đứa nào cười là go to hello hết,0.0
họp gia đình chc luôn,0.0
hêh lớn chuyện ròi,0.0
top những tin nhắn không nên rep của người yêu cũ:,0.0
phê duyệt đơn xin lò vi sóng này,0.0
chép vào sổ để sau này áp dụng ạh,0.0
Tớ chép vào rồi nhá 😆😆,0.0
admin cư dân threads chắc luon 🕴️🕴️🕴️,0.0
top 1: em ơi anh đi lạc rồi,0.0
Cút gì mà đổi con mẹ nền thế mom,0.0
lại chả duyệt vội,0.0
POV: người yêu cũ bạn trở thành ca sĩ nổi tiếng và thấy bạn dưới hàng ghế khán giả,0.0
UPRIZE LongHoang LEON,0.0
thế thì lò vi sóng ngay lập tứk,0.0
Hồi chưa đẻ bố nhỏ nó nhìn mặt bố lớn để nặn mà☺️,0.0
mặt y xì bố,0.0
"Nhỉ, cái mặt y xì đúc=)))",0.0
"Ngày 6 mồ côi OTP, fandom lên content người yêu cũ giúp em =))) Giỡn matday mà mắc cười luôn =))",0.0
Nhưng mà trông nó có khác gì bố nó đâu,0.0
vừa cười vừa khóc thiệt,0.0
Cre: Anh Cá Mắt Hí,0.0
Ê thề cái mặt y xì thằng bố nhiều lúc tự hỏi sao có thể giống thế.,0.0
12 chòm sao,0.0
ngày đ nào chả gặp☺️,0.0
Không cần gặp lại,0.0
ôi đã quá,0.0
6 cung hoàng đạo có thể gặp lại người yêu cũ trong kỳ Sao Thủy nghịch hành này • Song Ngư • Xử Nữ • Song Tử • Nhân Mã • Cự Giải • Bọ Cạp,0.0
mua tặng Linh =)))),0.0
nên em sang nick này,0.0
"Ok sếp, xíu tui họt về tui lên",0.0
lên đồ pass đi,0.0
‼️❗️‼️‼️ Các chồn iu ơi em mới tạo cái nick để pass (gần) hết các món đồ của người yêu cũ em tặng,0.0
em với nyc chia tay mùng 3 tết nên em mún pass giá rẻ nha.,0.0
Các chồn hốt giùm em chớ em nhìn em đau lòn lắm ạ 😭 Em ngại đăng ở nick chính,0.0
"Ơ hay, chị đang tâm trạng mà 😭",0.0
Bạn mua khôm tối tui up,0.0
lên đi sếp,0.0
"Người xưa có câu: ""Đồng sàng dị mộng"" (Nằm chung một giường nhưng giấc mơ khác nhau).",0.0
Chết cười 🤣,0.0
bạn chỉ là liều thuốc giảm đau tạm thời.,0.0
"Tỉnh đi, đừng cố thắng một người vốn dĩ tâm không hề đặt ở chỗ bạn.",0.0
"đừng có cay nha, lêu lêu",0.0
khiếp như cái bùng binh với 2000 tỉ vấn đề,0.0
Tại nhớ ảnh 🥰,0.0
Xong làm cái bầu nữa là đúng khổ luôn.,0.0
Má tỉnh lại đi má,0.0
Kiếm người khác nhớ đi mă ơi đủ tốt sao thành nyc :)),0.0
mình ôm online bạn một cái được hong,0.0
Giờ em muốn quay lại với người yêu cũ thì phải làm sao ạ,0.0
Trộm vía tui hỏg có bạn,0.0
Ôm ngoài đời y bạn oii,0.0
Nhớ ảnh ngủ hog đuoc thì saooo ạ,0.0
Có thể gọi là nhận giải biên kịch của năm,0.0
“chúng mày ơi tao phải ngồi chung xe với người yêu cũ”,0.0
cmt tưởng đang quýnh lộn nhau ở trỏng,0.0
tụi tui vào vai luôn,0.0
“chúng mày ơi tao được ngồi cạnh nyc mà tao yêu nhất”,0.0
Nhỏ Won thì phải là chúng mày ơi tao được ngồi cạnh crush mới đúng 🥰,0.0
"Như 1 vở kịch buồn, e diễn trọn cả 2 vai",0.0
dạ để tui rảnh tui cook nhá =))),0.0
"""Chúng mày ơi first date ảnh đòi tao share bill""😭🐶",0.0
Mình lướt cmt thấy bạn này nói đúng quá nè,0.0
Khổ xíu là kêu nói gì tới chịu khó.,0.0
lùi về sau phụ nhiều hơn thì quay ra khinh thường.,0.0
Hạnh phúc chỉ đến với người biết điều :33 mấy dạng này cầu trời ở một mình mạt kiếp đi,0.0
:))) thờ rét ci ti,0.0
:))haizz người ta cứ nghĩ bỏ cái đang có hiện tại thì họ sẽ tìm được cái mới tốt hơn,0.0
hoặc đơn giản là mọi khổ đau sẽ kết thúc :))) haizz haizzz,0.0
Gặp lớp trưởng đi lạc 😁,0.0
"Mình không biết việc này là do anh vẫn chưa quên được người cũ, hay chỉ đơn giản là anh muốn giữ một mối quan hệ nào đó.",0.0
"Nhưng điều khiến mình buồn nhất là trước đây khi mình hỏi, anh đã nói rằng đã cắt liên lạc rồi.",0.0
"Khi iu đương, giác qan của nữ nhạy lắm.",0.0
Next đi cho anh ta qay lại với cô ấy.,0.0
Mình thật sự không biết phải cảm thấy thế nào nữa.,0.0
"Một mặt anh vẫn quen mình, vẫn nói chuyện, vẫn chăm sóc mình bình thường.",0.0
Nhưng mặt khác anh lại dùng một tài khoản khác để tiếp tục giữ liên lạc và quan tâm người yêu cũ mỗi ngày như vậy.,0.0
Điều khiến mình bất ngờ hơn nữa là anh nhắn tin với chị ấy bằng tư cách một “bạn nữ quen qua mạng”,0.0
tức là anh dùng tài khoản clone đó để nói chuyện hỏi han quan tâm chị ấy mỗi ngày.,0.0
Đến lúc đó thì mình mới nhận ra: tài khoản này rất có thể chính là tài khoản clone của người yêu mình.,0.0
Lúc đó mình bắt đầu nghi ngờ nên xem kỹ hơn.,0.0
Và rồi mình phát hiện ra rằng tài khoản này thả “thương thương” gần như tất cả các bài đăng của chị ấy.,0.0
"Không chỉ vậy, hai người còn nhắn tin với nhau gần như mỗi ngày.",0.0
Khi vào trong mình mới bắt đầu xem thử thì càng xem càng thấy lạ.,0.0
"Tài khoản đó chỉ có khoảng hơn 150 bạn bè, cụ thể là 156 người.",0.0
Và trong danh sách bạn bè đó mình thấy có chị bé người yêu cũ của anh.,0.0
"Trong suốt thời gian quen mình, anh vẫn hay nhắc về chị ấy.",0.0
"Anh nói đó là mối tình đầu của anh, là người đã dạy anh cách đối nhân xử thế, cách cư xử trong các mối quan hệ.",0.0
"Anh cũng nói chị ấy rất đẹp, rất giỏi.",0.0
"Thật lòng mà nói, nghe nhiều như vậy mình cũng có chút chạnh lòng, vì cảm giác bản thân mình không được như chị ấy.",0.0
Giờ mình đang rất rối.,0.0
Không biết nên nói thẳng với anh về chuyện mình đã phát hiện ra hay nên im lặng quan sát thêm.,0.0
Mình cũng không biết liệu mối quan hệ này có nên tiếp tục nữa hay không.,0.0
Ex có người mới chưa,0.0
Book tarot đi cho chắc chắn nè:333,0.0
Xem gói này rõ hơn nè mom💕 Ib Ju nhé,0.0
"Trong cơn sốt của ""Thỏ Ơi"" - 20h tối nay tuii xin kể cho Quý vị về Câu chuyện người yêu cũ của tuii cách đây 5 năm : HỘI CHỨNG ÁI KỶ & RỐI LOẠN NHÂN CÁCH RANH GIỚI 🫠 - Giờ đi soạn văn bản",0.0
tối quay lại post lên cho các bác đọc và cảnh giác 🫠,0.0
đánh dau mih voi,0.0
Đợi đợi ạ,0.0
🧱 hóng ạ,0.0
Đã post nha,0.0
Thật á bà,0.0
"Chúc mừng bà , xin vía ạ",0.0
Hãy nhả vía cho tui đi ạ,0.0
Xin día đi tyyy 😍,0.0
Xin vía nha 🙏,0.0
thật bà ơii,0.0
Xin vía đi bà😊😊😊,0.0
nhả vía nèee,0.0
mình có hdan nè,0.0
Xin vía bà 🤡,0.0
Tôi biết Viper có tình cảm với Peanut và tôi chứng minh được,0.0
"Bộ không ai thấy bồ Peanut là Viper hả, sao cứ kêu ảnh ế hoài vậy 🐧",0.0
[VIETSUB] Khoảnh khắc dễ thương của Mirae và Kyungnam tại buổi Workshop 💖,0.0
đoạn này Jisoo cưng áccc,0.0
Khúc này Kyungnam say rượu mà dễ thương điên đảo luôn 🥰 Mirae cũng thấy vậy mà đúng không?,0.0
Bảo sao sáng hôm sau anh Nam tỏ tình 😍,0.0
thay vì 3 bài trên là pov từ nhân vật nam.,0.0
Playlist này ở đâu vậy ạ,0.0
TikTok · Hoàng Dũng,0.0
Chúng ta có Em trồng cây Về nhà Khiêu vũ trong đêm Tách - 4 lời tỏ tình,0.0
và cũm là 4 lời khẳng định về tình iu của anh Dũng tặng chị Linh 🤩,0.0
Ngôn ngữ tình iu này bên cạnh chất nghệ vốn có của một người nghệ sĩ còn là sự bản lĩnh pha với sự đáng iu của một gentleman,0.0
có cần xin gì không :)) đem lễ vật vào đây xin,0.0
Bọn a có xu hướng nộp hết lương luôn nè.,0.0
"Có,xin ơn trên ban cho con sự thông minh :))cuối tháng này lễ vào tới nơi nhé.",0.0
giờ chắc tỉnh rồi,0.0
thế nên mới bảo phải trốn trong tối ăn cứt nhưng ra ngoài vẫn phải bảo cái nâu nâu dính trên mép là si cu la =)),0.0
"Tao tán gái chưa bao giờ để con gái trả tiền cả kể cả là trả xong hết mẹ tiền, dù biết cơ hội không nhiều cứ thử đi thôi.",0.0
Chắc ở gần bùa mới linh giờ về rồi bùa hết linh nên tỉnh hả bà 🥲,0.0
Còn ảnh là còn khổ,0.0
ảnh 24r rồi đó,0.0
Tai Nghe Phiên Dịch tai nghe bluetooth 6.0 Tai nghe không dây,0.0
chưa mà chưa mà,0.0
mai cưới ạ,0.0
Phép màu giáng sinh luôn =)))) chúc mừng bà nah,0.0
Kết quả sao rồi ạ?,0.0
Tình hình là tối nay tôi sẽ đi date với crush và tỏ tình luôn :))).,0.0
Các bác nghĩ tỷ lệ đồng ý có cao không ạ 😭😭😭,0.0
TikTok · Nhiều thứ HAY HO,0.0
ôi trời ơi #j4f,0.0
Con trai nhắn kiểu này là 80% trở lên rồi đó bà ơi =)))))))),0.0
"Tôi không, tôi thấy cũng tếu phết =))",0.0
Trông họ hạnh phúc quá,0.0
"Cách chữa cháy khi hát ""sai lời"" chính là tỏ tình với KINGDOM 🤭",0.0
"Hehe, sếp thì húp vội rồi còn gì :))) ước yêu 4 năm như sếp :))",0.0
📍big fact: tỏ tình trực tiếp kèm bó hoa tươi là 1 thứ gì đó asfgaszdthawg vlvlvll luôn ấy soft vãi,0.0
nhả vía cho các bạn nhé,0.0
Lớn rồi mà cứ tỏ tình bằng tin nhắn nó bullshit thế đ nào ý.,0.0
Ảnh tinh tế 10đ + mỗi lần gặp đều được tặng hoa 👉🏻👈🏻,0.0
"1 điều luôn cần thiết cho 1 mối quan hệ chính thức: ""Lời tỏ tình TRỰC TIẾP"" và hoa (cho lãng mạn thôi chứ bảo là bắt buộc thì cũng hơi quá",0.0
cơ mà cũng rẻ mà 50-100k có 3-500k cũng có) :))),0.0
Một fact nữa là: bạn phải thích người đấy,0.0
Djtme mày có yêu tao không?,0.0
Em như cục cứt trôi sông Anh con chó chạy rông trên bờ Cục cứt thì trôi lập lờ Anh như con chó vật vờ bên sông,0.0
Không phải lúc nào chị cũng gài hết khuy của một cái áo.,0.0
Nhưng dù nào thì những chiếc khuy đó cũng chưa bao giờ rời bỏ cái áo của chị phải không?,0.0
"Và trong cuộc đời của mỗi con người, không phải ai chúng ta cũng cần đến và quấn quýt.",0.0
"Song, họ vẫn ở đó làm đủ đầy cho ""tấm áo"" cuộc đời ta.",0.0
Em luôn ở đây lúc chị cần!,0.0
em thích khẩu nào mai sang tên em,0.0
cô bé à ~ từ nay e sẽ thuộc về tôi ~ e là của riêng tôi mà thôi ~ biết chưa cục cưng ?,0.0
gợi ý cho tao câu tỏ tình bá cháy bọ chét tỏ tình em gái kia nghe 1 phát rụng 10000 trái trứng=))))))),0.0
buồn buồn vạch dái ra xem phát hiện trong dái chết hai con ruồi con thì chết bởi mùi hương con thì chết bởi nỗi buồn nhớ em.,0.0
em đúng là người con gái thú vị nhất mà tôi từng gặp tôi cho phép em làm bạn gái tôi.,0.0
gặp em lông rốn anh dựng vì yêu em vãi cả lông rốn,0.0
":""đang hỏi chatgpt mà bấm lộn thread""",0.0
"""nhìn e thật bá, còn anh thì lại thích đú, chúng ta hợp lại cùng nhau bú đá nhé bé cưng của a""",0.0
Valentines đi ăn xiên bẩn không bờ rô?,0.0
"Nắng buồn gọi gió tha mây, nhớ anh em hoá thây ma mất rồi",0.0
"em là gió, bay bổng và phiêu du anh là chó, hư hỏng và siêu ngu",0.0
Mấy đứa này fan hay trêu là nonchalant nhưng thật sự hơi lo.,0.0
Từ khi debut đã phải trải qua bao nhiêu khó khăn rồi.,0.0
Chị mong rằng mọi thứ phía trước các em cùng nhau bước tới sẽ ngày càng tốt đẹp hơn.,0.0
đợt đó trưa cái có ông lớp 9 với bé lớp 6 đi vào phòng tin học xong cắc cùm cum ở trỏng nguyên buổi trưa,0.0
Nhưng mà nó sướng,0.0
"Dear mấy bạn đjt nhau ở trường Tởm vãi bẹo các bạn ạ, ba mẹ thất vọng, xã hội xa lánh, học bạ tan nát,cuộc đời nát tan.",0.0
rút kinh nghiệm :),0.0
vl lớp 6 & lớp 9??,0.0
câu chuyện mua quà sang tặng quà rồi sang luôn bước từ chối mà chưa tỏ tình 😊,0.0
coi như có kỉ niệm đi 😞,0.0
không ủ tê luôn,0.0
èo anhhh trai chịu đau quá dữ,0.0
bạn này từ chối 1 cách quá tử tế rồi.... thế thôi cũng tốt sợ nhất là bày tỏ tình cảm,0.0
xong bị đùa cợt rồi đem ra cười với bạn bè.... thôi thì xong rồi ráng học nha em,0.0
bạn thích đúng người rồi.,0.0
người cũ mình nhận đủ quà mình tặng nhưng đồng thời cũng nhận quà và đi chơi với 2 3 anh khác nữa,0.0
Giống tôi thế 🤡,0.0
thích gái thẳng khổ lắm ai ơi💔,0.0
mong là không còn cái giống nào nữa 😭,0.0
trời mẹ 😭,0.0
thích gái thẳng cùng trường (ep cuối),0.0
Đớn thiệt nhưng gái thẳng này tốt đó.,0.0
Uncrush một cách quan minh chính đại đi bà vì bà crush một người đàng hoàng tử tế rồi đó,0.0
miệng nói không chịu chứ đang lên kế hoạch đó mà,0.0
Làm sao để người yêu tỏ tình mình ạ,0.0
Dm lậy bố cười toác lz😭,0.0
Cái đcm =))))),0.0
bác hài thế :>,0.0
nghe đồn yhr chưa có lần nào tỏ tình mà bị từ chối,0.0
Sân bay em nhỏ xíu à có bằng ai đâu 😂,0.0
"Bóc luôn cái áo này của Viper đó, mình từng thấy Viper mặc rồi cơ .",0.0
Ai có mbshle25 chắc có nghe Viper tỏ tình phải không ?,0.0
Còn nhiều lắm mà mình bóc tới đây thôi ☺️ .,0.0
Có 1 bài nhất quyết không tim,0.0
Bóc gì căng quá dợ,0.0
ờm hong biết đặt con 🐧 ở đâu tại toàn kể sự việc có thiệt :)))))))),0.0
"Hẹ hẹ hẹ, yêu hoa mấy núi cũng chèo, mấy sông cũng lội, mấy đèo cũng chơiiii",0.0
Xinh quá shop ơi 😆 fl để xem còn làm hoa giả theo 🤣🤣🤣,0.0
Gấu Peo mùa 3 chuẩn bị up size.,0.0
Gấu Peo hẹn Dung Peo tháng 4 mùa hoa peo nha 😂,0.0
"Kho Trí Hải, Talia hoặc Đăng Nguyên nhé.",0.0
"Cuối tháng 4 chính là thời gian vàng, chính vụ: to, bổ, rẻ, khoẻ, đẹp 100 đường nên chơiiiii",0.0
"Mấy niên thôi sốp, vạn niên là móm mất haha 😄😄😂 cứ có tí máu mê hoa thì hoa thật hoa giả cứ đẹp là đượtttt",0.0
Dạ trong khoảng cách 24h thì có thể ship ạ.,0.0
Qua thời gian đó không an toàn cho hoa đó bồ.,0.0
Dạ giá hoa Peony hôm nay là 1.250k/10 cành ạ.,0.0
Hoa sẽ giảm giá dần tới giữa tháng 4 tầm 350-450k/10 cành.,0.0
Tôi xin giá với sốp,0.0
Ở Bắc nhập đâu ạ,0.0
Hoa to đẹp zay bà,0.0
Giá hum nay là 1.250k/10 cành Giữa tháng 5 là 350k/10 cành size super nhe baby.,0.0
Dạ độ bền trung bình (tính từ nụ bung 30% như clip) là 3-5 ngày cá biệt một số dòng đổi màu siêu bền như Command Perfomand Coral super,0.0
sarah super Bowl of cream từ 4-8 ngày hoặc rớt trúng tay thánh peony có thể tăng độ bền đáng kể.,0.0
"Hoa thật có mùa, hoa thủ công của sốp là hàng vạn niên.",0.0
vì em nhắn qua cả thread cả ig hong thấy chị phản hồi bao giờ ấy ạ,0.0
Dạ hôm nay hoa có giá 1.250k/10 cành ạ.,0.0
Dạ giá sao ạaaa,0.0
Dạ hôm nay 1.250-1.350k/10 cành cưng ơi.,0.0
có ship tỉnh hong,0.0
"Sống một kiếp người có hoa là được, hoa ít hoa nhiều miễn đẹp là được, hoa thật hoa mém thật miễn đẹp là được khà khà khà",0.0
[Joker nhét chữ 🤡] Nổ 💥💥 ngocvu tỏ tình nhau trên sân khấu,0.0
Lại làm tôi ảo tưởng rồi đấy nháa,0.0
Các vợ iu buổi tối vui vẻ và ngủ ngon nháaa mai kể chuỵn típp😼,0.0
"Dạaaa tui cảm ơn gái đẹp nhìuuu, tui k6 á, tui cũng bình thường à còn phải học hỏi nhiều lắm 🥹🥹",0.0
đi du học xinh gái chanh sảa vi ci eo =))),0.0
Dạ tui cảm ơn em nhiều lắm🥹💞✨,0.0
Khổ lắm =))))) cứ phải suy diễn mới chịu chứ 🤦‍♀️,0.0
hữu duyên gặp dhs thấy cả yt cả fb=))),0.0
Hữu duyên nghe được chuyện của bạn nì trên fở bò nên mới lội qua đây theo dõi để nghe tiếp chuyện tình đáng iu này,0.0
Tới đây thôi=))))) còn lại “kệ mẹ”🦭🦭,0.0
nhưng đừng buông những lời nói bịa đặt lên câu chuyện của người khác như vậy ạ,0.0
Mình đơn phương bạn ấy 18/3 này bạn ấy bay sang Hàn du học,0.0
mình tính viết thư để thổ lộ với bạn nhân tiện đưa cho bạn quà lúc bạn ra sân bay,0.0
Theo mọi người mình có nên tỏ tình cho bạn ấy biết không?,0.0
Giờ mình đang rối quá😭😭,0.0
Tỏ chắc gì nó đã đồng ý.. yêu xa làm gì đau đớn ra,0.0
khê bạn ơi,0.0
ô dạo này cứ bị bệnh đánh thiếu chữ,0.0
Steven Nguyễn Không Giới Hạn,0.0
Phim truyện: Không giới hạn - Tập 22 | VTVgo,0.0
Tập này ảnh vẫn đẹp vẫn tồ nhưng mà biết tỏ tình người trong rồiii.Không biết mí bà coi đoạn cuối có đỏ không chứ tui đỏ lè 🤧,0.0
dễ thương điên lên được.,0.0
xin ảnh sticker a,0.0
rất soft ạ😭,0.0
tỏ tình mà không nói thẳng ra thì tức là muốn như nào,0.0
Cha ơi là má 😭,0.0
Cho em nắm tay anh một chút được không Những điều sau đây xin phép được nói thật lòng Em không chắc em đang cảm thấy điều gì Nhưng mà nhớ anh chỉ muốn thấy anh ngay ở bên cạnh=))),0.0
"Nó là một câu thoại trong ""Thám Tử Lừng Danh Conan"" Thay vì tỏ tình trực tiếp thì nó sẽ thay thế cho lời tỏ tình",0.0
"Điện thoại, biển cả và tôi",0.0
"""tụi mình làm siêu cấp tình bạn đi""",0.0
âm thầm ngồi ghi chép,0.0
đến với nhau điiii😭😭,0.0
mong 2b thiệt lâu dàii,0.0
chúng tôi yêu nhau rồi mọi người nhé Thanks all <3,0.0
"tối thấy đăng str kèm nhạc ""và thế giới đã mất đi 1 người cô đơn""",0.0
chưa có tỏ tình bác ơi,0.0
Clm sao tối nay lướt threads lắm post yêu đương tỏ tình thế?,0.0
Tầm này độc thân mới là trend chứ!!,0.0
Yêu đương out meta rồi 🙂‍↔️,0.0
giờ chị block ngay nè,0.0
2 người cu đơnnn,0.0
heheh tụi tui cảm ơn bác nhó,0.0
Em xin thông tin chỗ nặn gốm các bác ơiiii,0.0
để tui hỏi ny tuii,0.0
ơ thôi đừng cọc,0.0
nhả zía cho chú ong chăm chỉ,0.0
Bác ơi em xin vía với ạaa,0.0
mà đợt này bị bắt quả tang rồi =)))))))))))),0.0
Fact có đợt gói đơn dùm,0.0
Cảm thấy coá lỗi hả shoppp,0.0
"này siêu siêu siêu bình thường lắm luôn í, tuyển thủ còn chơi với nhau bình thường thì fan tụi mình cũng vậy thuii.",0.0
Chả ai chửi cả.,0.0
chài ơi cute dạy chài 💗,0.0
"Vô tư đi bạn, không ai nói gì đâu 😼",0.0
"Bà dễ thương, đơn giản tin những gì muốn tin thuii",0.0
"dạ 🥹 em biết mình bị chửi vô cớ nhưng mà vẫn buồn tí ấy mấy cổ ở đây an ủi em quá trời, iu lắm",0.0
Này quá bình thường í.,0.0
Ai chửi bạn mới có là người có vấn đề.,0.0
"Đừng quan tâm hãy cứ là chính mình thôi, muốn làm gì thì làm, sp ai thì sp.",0.0
Đừng để lời nói bên ngoài mà ảnh hưởng đến mình hay tuyển thủ trong lòng mình nhen,0.0
Vô tư đi bà🫰 tui và chị đồng nghiệp Cam con thay nhau an ủi đối phương nè🥰💔💔💔đúng kiểu một đứa chửi một đứa chữa lành :))),0.0
Dạ hãy bình thường việc em có cmt an ủi fan oner hay keria Vì lúc guma bị chửi em cũng buồn và cg nhận được lời động viên như vậy,0.0
… đừng chửi em là phản bội… em không muốn đọc những tin nhắn như vậy… Xin cảm ơn.,0.0
Thấy thương vậy chèn,0.0
chỉ những ai phản bội,0.0
nguyền rủa tình yêu của người khác mới không xứng đáng có được tình yêu 💐 chúng ta đều cầu nguyện cho bản thân có được một người để nắm tay,0.0
thơm má ôm được chúc phúc và hạnh phúc mà (●´ω｀●),0.0
hồi đó nghe tin bts có bạn gái là em lăn 875 vòng 🐒🐒🐒🐒 xí hổ,0.0
Nhưng sự thật tĩnh lặng là: Sự lừa dối của đối phương chưa bao giờ là thước đo giá trị của bạn.,0.0
Nguyện bạn luôn AN.,0.0
Trung Hiếu | Khu Vườn Tĩnh Lặng.,0.0
"Hãy cho phép bản thân được đau đớn, được khóc than cho một niềm tin đã vỡ nát.",0.0
Nhưng khi giọt nước mắt cuối cùng rơi xuống,0.0
hãy tĩnh tại nhận ra rằng: Sự rời đi của một kẻ không có lương tâm không phải là sự mất mát,0.0
"mà là đòn ""phá ngã"" tàn khốc nhưng từ bi mà Đất Trời đang dùng để bảo vệ bạn.",0.0
Tha thứ chính là hành động dứt khoát nhổ bỏ gốc rễ của sự uất ức.,0.0
Bạn không cho phép rác rưởi nghiệp lực của kẻ gian dối làm vấy bẩn thêm khu vườn tĩnh lặng bên trong mình.,0.0
Bạn thấu hiểu ngôn ngữ trái tim mình đang cần được vỗ về bạn ôm ấp đứa trẻ nội tâm đang sợ hãi,0.0
và bạn chọn cách buông tay để tự chữa lành.,0.0
"Bạn tha thứ không phải vì họ xứng đáng được tha thứ, mà vì linh hồn bạn xứng đáng được tự do.",0.0
"THA THỨ CHO NGƯỜI NGOẠI TÌNH, PHẢN BỘI:",0.0
"Cổ nhân răn dạy, ôm giữ sự oán hận giống như tự mình uống thuốc độc nhưng lại mong kẻ thù gục ngã.",0.0
"Khi bạn căm phẫn, hệ thần kinh của bạn căng cứng, tần số năng lượng bị kéo tuột xuống vùng tăm tối.",0.0
Kẻ phản bội đã đâm bạn một nhát dao,0.0
nhưng chính sự thù hận lại là thứ khiến bạn tự cầm nhát dao ấy đâm đi đâm lại vào chính mình mỗi ngày.,0.0
Tha thứ trong tuệ giác không phải là tẩy trắng tội lỗi cho họ,0.0
lại càng không phải là xóa nhòa ranh giới để họ quay về tiếp tục làm tổn thương bạn.,0.0
"Khi bị phản bội, tiếng gào thét lớn nhất bên trong chúng ta thường là: ""Mình đã làm gì sai?",0.0
"Mình có gì không đủ tốt để họ phải tìm kiếm người khác?"".",0.0
"Đặc biệt với những ai mang kiểu gắn bó lo âu, vết thương này cào xé tận gốc rễ của sự tự tôn.",0.0
"=))))))))))))))))))))) cười to luôn dhieu kiểu gì, nhờ?",0.0
từng nói thằng zeus phản bội thì đéo có tư cách nhắc tên nó đâu.,0.0
"còn chưa thấy hổ thẹn là tại do mặt chúng mày dày, vậy nha 🤷🏻‍♀️",0.0
Giả sử không có cái mục tiêu cuối là tìm bệ,0.0
thì lúc đó ông Tút muốn thắng chỉ có làm vậy thôi =)) ông Xìn hết cửa nhưng với điều kiện là ông Xìn phải bị xé 1 lần rồi,0.0
Pha đó buồn cười vl =)))) nhìn mắt anh trả lời anh đi,0.0
2 cha này cứ sáp lại là có chiện=))) vui vl,0.0
Í là cái khúc 6 Tút phản bội 2 Thành là điều tất yếu phải xra í.,0.0
đúng người đúng thời điểm.,0.0
Tui đã nghĩ Atus sẽ tự xé bảng tên sau lưng ảnh để loại Hai Thành 🙂‍↔️,0.0
Ý là đỉnh voãi mà sao bảo ảnh chơi dơ ta,0.0
Tin sáu từ tập 1 đến tập cuối kkkk,0.0
"Bị nói chơi dơ, mà cái snl đấy Tú dùng peak vãi.",0.0
ăn gian nha ) bên hàn còn có thánh chơi dơ lee kwang soo mag trời ….,0.0
Tóm lại người tq là tq chấm hết,0.0
Chắc những má lướt thấy threads này là giả mù lướt qua hết Nói đúng ý tôi vcl,0.0
cái nước qq gì 80% là chín trị,0.0
lỡ có gì thì nó cũng sẵn sàng lên tiếng chửi nước mình vì nuóc nó thôi chứ có bênh đây mà sao lắm đứa bênh tụi idol Tung dữ,0.0
"đến mức người trong cuộc lên tiếng giải thích lần đầu thì đá kháy rằng ""rớt nên không được thi"" thì mình đến chịu.",0.0
"đừng lợi dụng drama này mà đi bêu xấu nhà này, và mong tất cả các fan đều thật tỉnh táo nhé.",0.0
"người nhà thì phải có niềm tin với nhau chứ, đúng không?",0.0
Anh ơi anh giỏi lắm ❤️🙌🏻 con nào chửi ảnh “ bãi nào cũng thấy mặt” thì vô mà nghe 2 Neko nói nè :),0.0
Tùng giỏi 🙆‍♀️,0.0
Nhìn cũng biết là giỡn mà trời.,0.0
Tai bay vạ gió.,0.0
Thương anh Ngân quaaa 😭 cảm ơn anh đã lên nói rõoo,0.0
Himom hidad chân chính.,0.0
Bởi vì đơn giản.,0.0
Vậy nên Ngân cũng đừng buồn nhé.,0.0
"Nói thiệt mấy bà fan nhà mình đừng có tin mấy tin vịt nữa, chưa confirm gì hết mà cứ nhảy lên 30-1 các thứ, thương ảnh thiệt chứ",0.0
"Tui cũng học lớp này , được 3 buổi , từ hồi Khoá Môi , đến giờ vẫn chưa có buổi thứ 4 😆😆😆",0.0
Cảm ơn anh và thương các anh ạ 🫂,0.0
Cám ơn Tùng đã lên tiếng 💙,0.0
"Câu chuyện kết thúc ở đây giờ khều D9, D10 dùm toi nha🫂🫂",0.0
Rồi mấy đứa nào lên bài mồm đi hơi xa thì cũng lên bài xin lỗi đi nhé 😃 đéo phải kiểu chửi cho đã mồm xong đéo phải thì xoá bài phủi đít đi đâu,0.0
:))))) khỏi đi lần mò dàn cast làm gì :)))) Đọc này thấy sợ luôn á.,0.0
Sao mà dữ dội quá vậy,0.0
"Day 11,12 luôn",0.0
"cái drm xàm nhất luôn đấy :))) tự đoán, tự nghĩ, tự chửi?",0.0
"Thỏ rất đáng yêu, nhưng đbh hiền :))) nếu muốn biết hãy xem anime Hoozuki :))) đm thỏ cute vcl làm nhân viên tra tấn :))",0.0
Niệm thần chú rồi nhìn vết vẫn thấy rất đau á 😭,0.0
xưa nhà nuôi thỏ ngày nào cũng ra cho ăn đến hôm nó đẻ xong nó quay ra táp mình 1 phát,0.0
Tức giận 😡,0.0
Cái nết trái ngược với cái mặt =)),0.0
Nó là loại động vật máu nóng tính,0.0
Ký tên: 1 người bị thỏ phản bội.,0.0
tưởng đang nói niu chiên,0.0
Nó chỉ cắn iu thôi à,0.0
=))))))) hê hê llab tặng quà 8/3 cuối ngày cho nên tôi đã quên đi những bức ảnh sương lens kia=))) tất cả là qkhu rồi,0.0
"Hoá điên lên, ổng toàn chuyện trên trời rơi xuống.",0.0
Rõ khổ mom ạ😌,0.0
"Ôi cảm ơn mom, tui cũng sôi máu sáng giờ 🙂",0.0
"Nhưng thật ra trong thời gian vẫn đang quen mình, hắn đã nhắn tin và tìm hiểu một cô gái khác, và giờ thì đã trong giai đoạn yêu đương",0.0
Hắn không một lời giải thích hắn nói là tất cả do mình,0.0
hắn nghĩ sẽ không lâu dài được và chỉ muốn tập trung cho học tập và sự nghiệp của hắn,0.0
Tất cả những đồ mà hắn mặc đi chơi với nym đều là do mình mua🥹,0.0
"Nhưng giờ mình đã hiểu lí do, vì mình cũng đang bị đối xử như thế.",0.0
"Hắn đã rung động với người con gái khác, bỗng ra Tết hắn chán không muốn nhắn tin hay gặp mình.",0.0
"Bạn bè mình nhắn hay gọi đều bị chặn, mình chỉ nghĩ hắn gặp phải vấn đề gì khó khăn, nên áp lực",0.0
Đẹp quá đi ạaaaaaa,0.0
Nhưng nếu như mày thật sự đủ điên để Đặt đau thương và hạnh phúc ở vị trí liền kề Nếu mày yêu nghệ thuật đến thế Khiến cho hệ quả phản bội lại tiền đề,0.0
quá đã má ơi nữa đi iem thít lắm,0.0
"liêm trinh ở phu thê tại ngọ, thiên tướng ở thiên di tại thìn thì cần chú ý những gì ạ?",0.0
em cảm ơn 🥹,0.0
Liêm Trinh ở Tật Ách mà có Lưu Hoá Kị luôn thì sao ạ 😭😭😭,0.0
"Trong Tứ Hóa năm Bính, Liêm Trinh hóa Kị là con sao gây ảnh hưởng nặng nề nhất về mặt tinh thần bởi vì:",0.0
"CẢNH BÁO NĂM 2026: LIÊM TRINH HOÁ KỴ cảnh báo về sự phản bội, lừa dối và tai nạn",0.0
"Với bộ Liêm Trinh - Tham Lang hóa Kị, đừng tự đi tìm phiền phức hay ""lấy đau khổ làm niềm vui"".",0.0
"Năm nay hãy chọn sách lược thủ thành, đừng vì tự ái mà đạp đổ thành quả.",0.0
Mới đầu năm mà muốn pass cho qua 2027 rồi ha bảnh 🥲,0.0
"liêm trinh cung quan tại thân, có tuần án ngữ ạ",0.0
lá số em có liêm trinh-thiên tướng ở phụ mẫu tại ngọ thì cần chú ý sức khoẻ bố mẹ đúng không ạ?,0.0
Biết có lưu niên Hóa Kỵ định đi hiến máu mà hoạ tới rồi 🤡,0.0
Bạn có cảm thấy dạo này tâm lý bất ổn?,0.0
Book lịch ngay để tìm cách hóa giải năng lượng tiêu cực của Liêm Trinh Hóa Kị nhé.,0.0
"Check ngay lá số và đặc biệt chú ý nếu bạn có Sao Liêm Trinh nằm ở cung Mệnh, Tật Ách hoặc cung Thân.",0.0
"Nhất là các bạn có bộ ""Liêm Trinh - Tham Lang"" tại Tị/Hợi hoặc ""Liêm Trinh - Phá Quân"" tại Mão/Dậu.",0.0
Dạ em cảm ơn ạ.,0.0
Còn Liêm Tham tật ách thì dễ bệnh huyết đúng không ạ.,0.0
Mới mùng 4 e bị rách đùi rồi 🥲,0.0
…đặc biệt cẩn trọng.,0.0
Vậy thì làm gì có hạnh phúc còn hơn cả địa ngục nếu cố chấp về sông chung,0.0
Vậy là minh chứng rõ ràng cho sự khốn nạn.,0.0
Thời điểm đó dì bạn và con chắc đau khổ và hận gia đình chồng lắm ha,0.0
Hiện tại mình thấy cha sức khỏe yếu đi,0.0
Vậy người cha và người phụ nữa có bị gì không bạn.,0.0
Cha làm con chịu chỉ thiệt thòi cho người con thôi,0.0
Chắc chắn nhân quả sớm hay muộn nặng hay nhẹ.,0.0
Trực tiếp hay gián tiếp.,0.0
"Vậy chỉ là thời gian, nhân quả thì không nhầm địa chỉ bao giờ",0.0
"Đúng là có rất nhiều quả khác nhau nhưng chung quy cũng là ngoại tình, phá náy gia đình người ta mà ra.",0.0
Nhưng nổi đau của mình ai chịu nên họ bị vậy cũng do họ tự chuốt lấy,0.0
"Đúng rồi đó bạn, phước dày quá nên mãi không thấy họ trả giá nhưng mình vẫn tin nhân quả luôn tồn tại",0.0
"Topic: luật nhân quả ngoại tình, phản bội và kẻ phá nát gia đình người khác có bị nhân quả không?",0.0
Ai từng chứng kiến kể mình nghe với,0.0
Suy nghĩ thôi không cần nói gì nhiều,0.0
"Tán tỉnh là phản bội, xin inf giấu giếm là phản bội.",0.0
Lén lút nhắn tin cho người khác là phản bội.,0.0
"Nếu đã dành thời gian và sự chú ý cho người khác, đó là phản bội""",0.0
"""Ngoại tình tư tưởng..?",0.0
phản bội chính là phản bội !,0.0
topic : ê mấy má có bao giờ bị một người bạn rất thân phản bội chưa ?,0.0
Nên giờ mình lại lo thằng con trai.,0.0
"Nhân quả sẽ đến, quả thói trên cây sẽ tự rụng.",0.0
Làm người ta đau khổ có vay thì có trả nhưng vay luôn có lãi.,0.0
"Nên bố chồng bạn mất tất cả, đúng nghĩa mất tất cả luôn.",0.0
Nhưng mình hy vọng gia đình bạn vẫn hạnh phúc vẹn nguyên.,0.0
Vẫn mong rằng chồng bạn không đi vào vết xe đỗ đó.,0.0
Chúc bạn luôn bình an vui vẻ nha,0.0
ông bị fan newjeans chửi hả,0.0
Đcm đ nhé!😭,0.0
Yêu xa khó lắm (Warning: fake text 🔔🦁),0.0
chuông con vẽ chuyện,0.0
Bà vẫn nằm trên được mà.,0.0
Bữa sau gặp thì 2 người đổi lại 🙊,0.0
hồi xưa yêu xa đã tính hết tất cả mọi thứ bình thường hay rụng đầu với cuối tháng chả bao giờ giữa tháng,0.0
dành hết tiền để mua vé máy bay và gặp người yêu,0.0
thật sự là số phận an bài,0.0
Thử đi bà.,0.0
Ê nha :))),0.0
Ê đúng nha yêu con chatgpt ổn áp,0.0
tui thì đúng hơn,0.0
dù cố che dấu đến đâu thì cũng không giấu được cư dân mạng nên sẵn đây mình nói luôn mình là ny ảnh á 🐧,0.0
:)) tôi lướt đựơc cái này bà ạ.,0.0
"Tui cũng shock bà ạ, ai có dè bạn tôi iu yordle đâu 😔",0.0
BJ là streamer bán quạt bạn ạ,0.0
Nghe câu Doran có người yêu hồi ở GenG.,0.0
Rồi lại qua HLE thì yêu xa.,0.0
Qua T1 thì chia tay.,0.0
Tui đã nghĩ ngay đến Choran 😅,0.0
Duma làm nhớ cái vụ chúng nó đồn anh F có vợ có con năm ngoái😀😀,0.0
Hâh đến lúc ấy thì đừng đòi danh phận nhé anh bận lắm,0.0
"Thắng thì kêu bùa lợi của nó, thua thì sủi mất tăm.",0.0
Gia hạn đến mùa giải tiếp nha =))))),0.0
Thế lại tốt quá đang chán bỏ mẹ nhận Thuê người iu 0đ 1 năm,0.0
Thuật toán thờ rét,0.0
Có thể là nam nữ tranh nhau làm người đàn bà ấy luôn😆😆,0.0
đoán già đoán non làm gì,0.0
"fan Hàn"" :)))))",0.0
Tưởng đâu quay về 10 năm trước 😊,0.0
"Ôi anh già tôi có ngiu rồi sao omg Phải đi đồn với mẹ toi mới được, chứ mẹ toi chê ảnh ế 😔",0.0
"Peyz nào độc thân, ẻm hẹn hò với tui mò",0.0
Ngừi ta là tình iu gà bông mò ~,0.0
=)) anh Kẻ mà có bồ chắc khóc sưng mắt,0.0
"Ảnh dang tay cái mỗi bên 3 em, vừa đẹp luôn",0.0
Nghe quả hành trình tình yêu của Doran nghe như nó yêu Chovy vậy 🐧,0.0
"Đâu có, ảnh có 6 cô bồ lận mà fan boy mừng như trẩy hội í 😔 năm nay thêm cô nữa là mở tiệc luôn",0.0
con nít con nôi yêu đương cái rì 😡,0.0
ngợp thở nuôn 🤤,0.0
còn Guma t-thì sao ạ...,0.0
"Đồn sao cuối năm có thêm cô vợ đem về trưng tủ kính, trộm vía quâ",0.0
em với bồ em thắc mắc 😭,0.0
Gọi video nhau để xóc suốt.,0.0
Mình với ny yêu nhau thì gọi chia sẽ cuộc sống hằng ngày của 2 đứa với tâm sự thôi,0.0
Gặp nhau thôi,0.0
mình có 😭,0.0
Nhà mình bước sang năm t5 mà số lần còn đếm được bằng 2 bàn tay cơ =)))))))) nhưng mà nếu muốn biết rõ cứ hỏi thẳng ny bạn thôi ý.,0.0
Dù sao cũng yêu đương lên năm rồi mà,0.0
"Ước gì sợi chỉ cho voice lại, tao chắc chắn là cái bài này sẽ có một đống cư dân chửi bà này",0.0
Vấn đề này thì cứ trao đổi thẳng thôi.,0.0
Bạn thử gợi ý với chị hoặc chủ động xem chị phản ứng sao?,0.0
Mà gần đây có điều gì khiến chị stress không bạn?,0.0
dạ tui sẽ cân nhắc lời khuyên của bà nhó,0.0
bà phải tìm được câu trả lời rõ ràng từ chị ấy chứ.,0.0
Dạ thứ nhất là không còn cơ hội và sau đó là đã từng quay lại rồi nên thôi như vậy là tốt ạ,0.0
Tất cả những bạn nữ mà mình đã từng gặp đều dễ thương không cách này thì bằng cách khác 🥰,0.0
Yêu xa có những cung bậc cảm xúc khó nói lắm.,0.0
Tất cả dừng lại ở chữ nhưng ☺️,0.0
“Đứng nhìn người khác hạnh phúc cũng là một loại hạnh phúc” câu này đúng quá anh ơi,0.0
Nếu như sau này có phải yêu xa thì mình cũng muốn được yêu xa thêm 1 lần nữa .,0.0
Có những cảm xúc mà yêu xa đem lại cho mình không gì có thể diễn tả được,0.0
"Dạ lúc đó cả 2 còn nhỏ mới 21 22 thôi , bạn thì mới qua Mỹ còn cả tương lai ở phía trước nè chị",0.0
"Dạ cũng nhiều yếu tố tác động lắm , không phải cứ yêu là đủ",0.0
Đẹp chỉ khi dang dở ạ,0.0
Em thì Việt Nam với Mỹ nên lúc trước khi quen là cũng xác định mọi thứ rồi anh ☺️,0.0
Bạn nữ ấy dễ thương thậc 😊,0.0
Nhiều người nói tỏ vẻ cao thượng nhưng mà nhìn lại khi họ rời xa mình và thấy họ happy hơn sau mọi chuyện thì vấn đề nằm ở bản thân mình .,0.0
Không đem lại cho người khác hạnh phúc thì tốt nhất nên để người khác làm thay bạn và bạn nên thấy vui vì ít ra mình không làm cho họ đau khổ thêm 😉,0.0
Tình yêu đẹp thế tự dưng chia tay tiếc vậy em?,0.0
Tình yêu đẹp và nhiều nuối tiếc quá bạn ơi,0.0
Tình đầu khó phai...hì.,0.0
"Dễ thương, kết thúc nhưng là trong êm đẹp thì đáng mừng.",0.0
Thôi mình chúc bạn và bạn ấy đều tìm được hạnh phúc của riêng mình nhé.,0.0
ny em nhắn tin với 1 bạn nữ khác kiểu như vậy 2 đứa em yêu xa và bạn đó là bạn học chung đại học,0.0
em có hỏi ny thì ny em bảo bạn kia là lé biên thì có bất thường không hay do em nhạy cảm ta!,0.0
tóm gọn lại.,0.0
phòng hờ hết trước khi nó xảy ra 🤗,0.0
"chuẩn, thà yêu gái anime hay hơn",0.0
nvca thì thôi xôi xéo hộ nhé 😭😭 ĐỪNG QUEN NVCA thằng nào mà biên chế thì xem xét hưng cũng đừng dễ tính quá,0.0
phải xem về gia đình chúng nó lẫn bạn bè và lối sống sinh hoạt của nó xin đấy ạ 😭😭😭😭🙏🙏🙏,0.0
Ý là em còn đi học nên em chỉ nghe các cô giáo nói chuyện thôi,0.0
và hầu như cô nào có chồng công an cũng khuyên tụi em là đừng lấy chồng công an hết á=)) các cô bảo lấy chồng công an khổ lắm.,0.0
Tại nghe đồn nhìu quá huhu,0.0
Hỏng sao đâu bà khuyên rồi thì thôi bà để bạn bà tự trãi qua thời gian thôi rồi tự tỉnh à Hong sao thời gian đầu nên còn màu hằm Và cũng mong là bạn bà gặp đúng cờ xanh đi nhe Người thì cũng có người 6 người tốt nè,0.0
"Bạn mình đang tìm hiểu 1 anh công an, mình thì thấy redflag lắm, nhưng bạn mình kêu thấy dễ thương, chỉ mỗi tội yêu xa.",0.0
"Ở đây có ai yêu công an cmt để mình đưa nhỏ bạn cho nó tỉnh ra i, hoặc cho mình động lực ủng hộ bạn với.",0.0
"Đinh mệnh, trai CA đây, mở lòng lần nào là bị vả lần đó",0.0
Hên xui mò.,0.0
Nó chỉ là nghề nghiệp thôi liên quan gì đến tính cách đâu,0.0
Mọi người nghĩ sao về việc yêu công an ạ,0.0
"Dừng lại ngay Bạn đã thấy thế chắc chắn là thế rồi đấy, tin vào trực giác của mình đi !",0.0
Tại nghe đồn nhìu quá nên bị lo ý bà,0.0
Có mà ạ 🥹,0.0
Cũng hi vọng dị nhưng tui linh cảm đỏ bà ơi,0.0
Red flag chạy ngayyyy điiio,0.0
Cũng đúng ha,0.0
Yêu CA cũng như yêu người làm nghề khác thôi quan trọng là tính cách và cách họ đối xử với bạn,0.0
Ai cũng né công an thế để các chú ế hết à 😗,0.0
"Đến lần thứ 4 thứ 5 thì xịt nước lỏng lè, thậm chí là xịt ra có một tí luôn… hôm sau mà cương là đau nhức vl",0.0
Có thể bạn đã trải qua :)),0.0
"Xong trưa lại nháy phát, tối lại nháy phát.",0.0
"Có hôm làm xong nằm tầm 30p xong lại đè ra mà nhưng lần như thế lại lâu, 30-40p tê nhức hết cả kiu.",0.0
Ối thế giống nhau à...,0.0
Ôi bro chưa biết thôi chứ ông anh tôi bị vắt khô 12 tiếng đây.,0.0
Còn có thằng bạn sắp đi du lịch sợ léng phéng con nào nên bị vắt khô suốt 7 ngày liên tục rồi mới an tâm cho đi :))) Mua bao thì cứ phải mua loại 20 cái 1 hộp của pharma cho rẻ mà cứ hở ra là hết.,0.0
Wow đọc cmt mặt có thể là hiện ra 50 sắc thái luôn,0.0
vkl có thể là l mất cảm giác luôn,0.0
góc khuất chưa ai kể về yêu xa à :))),0.0
chưa mất lần đầu đọc cmt 😊,0.0
chim cò giờ mất giá nhề,0.0
Con cẹc =)))),0.0
Kiên trì lên bà :))) riết rồi cũng phải làm thôi à,0.0
Ở gần nhau còn thế này cơ mà 😭,0.0
"Ủa là gửi ảnh con chim hay gửi ảnh con ""chim""",0.0
chim tôi vừa hồng vừa nhiều lông này,0.0
nín dứt nhe,0.0
vừa khóc vừa học,0.0
mà yêu xa quan tâm nhắn tin mỗi ngày mà tình cảm thì thấy oke nha chứ đã xa mà còn vô tâm thì thôi ta nói,0.0
thà 1 mình còn đỡ làm khổ bản thân,0.0
ý là call video học cùng nhau có được khong nhỉ,0.0
bình xường vẫn hạnh phúc muâhhha,0.0
"bình thường hoá việc yêu xa là cơ hội để 2 người tập trung vào phát triển bản thân, sau đó gặp lại nhau ở phiên bản tốt hơn ✨",0.0
Hì như giờ hoai,0.0
"lấy bài vở ra học, lấy lap ra chạy deadline hết đeeee 😇",0.0
Chứ dính quá mắc mệt 🤣🤣🤣🤣🤣,0.0
Này còn hợp lí hơn:))))(),0.0
toi dong tinh,0.0
Vl nó vô lý 1 cách hợp lý,0.0
Quá là hợp lý luôn 🤣,0.0
Thử mà 30 phút đi là lên nói ảnh ysl rồi,0.0
tội mấy bạn nữ ấy chứ đ có sướng đâu mấy bố,0.0
sao bọn nó có thể nghĩ ra mấy cái tình tiết trong ngôn tình 18+ mà kéo dài đến sáng được vậy trời,0.0
hôm sau soi gương mặt trắng bệch ra như vừa ốm dậy :))))))) hao vl,0.0
đọc cmt xong lặng lẽ đi ra,0.0
"Bạn tham khảo bên mình nha, có ở Quận 1 và Phú Nhuận.",0.0
Tự checkin linh hoạt ạ,0.0
Nào vô cũng được mò,0.0
bà tham khảo thử chiếc home xanh của Núp xem coá ưng hem nhee Núp có ban công xanh khu bếp cozy máy chíu và Netflix,0.0
Ghé qua Chuông thử ihh,0.0
1/10 hay 1/100 như hình được khum 🤣🤣🤣,0.0
"Mãi iuu , gửi tặng cốt cái voucher 50K.",0.0
Chụp lại nào book gửi admin,0.0
Mình xin thông tin nha,0.0
"Tui cần tìm 1 homestay vibe cozy, pinterest ở SG để tận hưởng anni dù yêu xa ạ vào tầm 18, 19/3 (lên tóp tóp vẫn chưa ưng 😢).",0.0
Mong cả nhà thờ rét citi giúp đỡ 🥺,0.0
Nhìu nắng quó,0.0
nhaaaa siêu ấm áp cozy đúng bài Room tui ở là Yên 1 nha có thêm cái ban công siêu chill ọ,0.0
Quận 1 ạ,0.0
Cái home này hơi lowkey nhưng mà đẹp mát tui coi vlog bà hay nấu ăn thì đây đúng là lí tưởng sống đó bà,0.0
Yêu xa nhưng thích ở homestay,0.0
"đi ạ, đi date 1 mình nhưng ở đó có cả netflix, ps5 nữa hay lắm á",0.0
Quá nhìu vitamin xanh 🌿,0.0
Bạn tham khảo thử homestay bên mình nhé!,0.0
"Ở gần đường Phan Xích Long,cũng gần chợ Cây Quéo, tiện đi chợ về home nấu ăn chill chill nè",0.0
chị iu thử,0.0
vậy chắc héo mất 🧎‍♂️,0.0
hoang dã quá,0.0
dm hoang dã vl=)))),0.0
3 trận là như nào dị,0.0
sưng rồi à,0.0
Giờ ở gần cũng móc suốt mà,0.0
yêu xa nên mỗi lần gặp nhau là 1 ngày 3 trận,0.0
3 trận là 3 nháy hả 😭,0.0
hơn 1 năm òi ạ,0.0
đi hơm cưng,0.0
GIÁ NHƯ + BẬT NÓ LÊN,0.0
"Tôi tin bà làm hơn nhiều, bà Lô",0.0
Em yêu Lô tổng,0.0
Hỗ trợ giá như với nước nha bà lô,0.0
💎 Mashup Đường Xa Ướt Mưa x Đừng Qua Lối Đó 💎 Là Anh Đó 💎 Ông Xã Em Number One 💎 Mashup Sóng Tình x Lời Yêu Thương,0.0
Có Giá Như với nước hem bà 👀,0.0
🌊 Nghe tên thì quen… nhưng khi đặt lên sân khấu Trạm Yêu những màn kết hợp này sẽ mang đến màu sắc hoàn toàn mới: bất ngờ,0.0
bùng nổ và chỉ xuất hiện duy nhất trong đêm concert lần này.,0.0
🧜‍♂️ “ĐẶC SẢN” TRẠM YÊU - GỌI TÊN NHỮNG SÂN KHẤU KẾT HỢP NHÓM ĐẶC BIỆT TẠI CONCERT 4 🫧,0.0
Thêm Nước hoa có #SOOBIN đi bà Lô.,0.0
Tui mê Soobin với nước hoa lâm,0.0
Oizoiii ông xã tới rồi,0.0
Duo: SOOBIN x (S)Trong bài gì cũng được Trio: Sao sáng diễn Trống cơm bản phối mới 🙏 mong Lô tổng hỗ trợ,0.0
Bà lên con mã Bật nó lên đi là thu hút lắm nè=)),0.0
Trạm ơi ở HCM cũng có biển nữa á💔😭,0.0
Hơn thua lên Lô ơiiii,0.0
⛴️ Các “hành khách” đã sẵn sàng cùng Trạm Yêu băng qua đại dương chưa?,0.0
Giá như chưa bao giờ được hát ở dưới nước bà ơi,0.0
Là cả nhà Cá Lớn cùng diễn hết những bài này đúng không ạ😳🙏,0.0
Lên merch lẹ đi bà ơi huhu,0.0
Duo Thanh Duy Thuận bác ưiiiii,0.0
Ơ phải có Tình ca Tây Bắc + Chiếc khăn piêu nữa nhaaaaa,0.0
Phải có duo Phú Ông - Kép Nhí nha bà Lô 🙏🏻,0.0
Trạm Yêu Concert 4 : Băng Qua Đại Dương,0.0
Súng ống các thứ cho lên luôn đê Lô ơi,0.0
Lô ơi em iu lô nhìu lắm😫,0.0
Bà Lô phải hơn thua lên 🏄‍♂️,0.0
"Bà lô ơi bà lô, tiếng nói khán giả nè",0.0
Là cả nhà sẽ diễn bài này ạ?,0.0
Xời tôy đã có vé!,0.0
Yên chí rồi 🤣,0.0
Bác ơi thiếu 12h03 với Chiếc Khăn Piêu ạaaaa,0.0
Em iu Trạm lémmmmm cho em gặp ông xã Sibun nhaaaa Em mua đủ vé cả 4 Trạm rùiiiii,0.0
4 bài nhóm còn ít quá.,0.0
"Thêm nhạc nhà Tinh hoa như Gene x CKGMDT, Nét, Superstar full Cá Lớn đi ạ",0.0
📌 ĐẶT VÉ CHO MỘT ĐÊM DUY NHẤT:,0.0
SOOBIN còn thiếu giá như với nước thôi bà hỗ trợ nhé,0.0
Tình iu ơi nhớ có Tình ca Tây Bắc x Chiếc khăn piêu nhaaa,0.0
Lô hỗ trợ suộc 8k cho zone online hôm sau luôn nha Lô🥹,0.0
Mua vé Trạm Yêu 4 - Băng qua Đại dương,0.0
giờ ở gần cũng moc cho banh l chứ xa gì tầm này :))),0.0
"thiệt, ít nhứt cũm 1 trận tại vì 3-4 tháng bọn tui mới gặp nhau được 3-4 ngày hà, phải tranh thủ á",0.0
Quá trời =))),0.0
Má hoang dã quá,0.0
dã man vậy🥹nhưng cũng ước😂😂,0.0
giải chi 40 câu,0.0
ca nha lưu ý nhé,0.0
dcm đ gì tự nhiên nhắc đến toán hình,0.0
yêu xa tnay thì yên tâm rôi,0.0
toán nắc như điên dm,0.0
đ yên tâm lắm đâu nhớ vl đấy,0.0
cái dmmm huhu đừng nhắc lại nữa,0.0
từ 40 câu sin cos của bà á,0.0
bất lợi của việc yêu xa cả nhà lưu ý nhé,0.0
40 câu toán hình ở đâu vậy,0.0
- chị vừa nhìn thấy em đi chơi với bạn trai.,0.0
bạn trai em đâu rồi?,0.0
- bạn trai em đi mua kem cho em rồi ạ!,0.0
my sói điên cuồng đánh ghen,0.0
Lan đây ạ,0.0
Ưng cái bụng 😆,0.0
Tội chị Lan.,0.0
Mèo tom hát(LAN VÀ ĐIỆP,0.0
Ai tên Lan ?,0.0
CÓ DANH PHẬN ĐÂU MÀ GHEN,0.0
Vợ ơi vợ..,0.0
TÔI THẤY BÌNH THƯỜNG,0.0
ai ghen tự động viết hoa TÔI KHÔNG GHEN!!,0.0
ƯỚC GÌ TÔI LÀ ỔNG 😭,0.0
NÈ NHA SAO HÔN NHIỀU ZỌ😥,0.0
CÓ GHEN ĐÂU CÓ GÌ MÀ PHẢI GHEN😒,0.0
TÔI BÌNH THƯỜNG,0.0
Nhà ở ngoại thành ( thanh oai) ngày nào cũng đi làm ở láng hạ 27-28km bạc mặt ra,0.0
typical gái hn 10h đêm đang đi cafe thì bị gọi về ^^ đi xem show đến 12h đêm bị bố khoá cửa nhà nhốt ở ngoài là có thật chứ không nói giỡn 🤡,0.0
trả bằng mental health đó bác ơi =))))))))))))))))),0.0
"Hiện chị Hạnh có project hiểu bản thân qua test quốc tế có được nhận tư vấn, free cả á.",0.0
"Nếu bạn cũng hay so sánh rồi tự làm mình mệt, có thể thử connect chị xem sao nha",0.0
Nhà a ở Hn nhưng học xong a vào Sg sống 1 mình.,0.0
Đừng nghĩ là họ sướng =))) hãy thử về nhà và ở với bố mẹ bạn đi.,0.0
Được dăm bữa nửa tháng là ngấy đét,0.0
"Tinh mơ dậy chuẩn bị đồ án, bố mẹ chẳng hiểu cho còn cứ nghĩ mình đang chơi.",0.0
"Nói chung như bạn cmt trên, 99% dân Hà Nội kiểu gì cũng từng combat với bố mẹ vấn đề này",0.0
là rõ =))),0.0
HUHU TUI MẾN BÀ LẮM TUI CŨNG THÍCH HOONKEON CHẾCH ĐI ĐƯỢC,0.0
Ôi ảnh ở đâu vậyyy,0.0
Á đù :333 vai gãy,0.0
bà thấy vía tui sao,0.0
"Nắm tay sướng 1, cái tag sướng 10 luôn",0.0
VCL CÚ SỐC NGAY KHI VỀ NHÀ Á ĐÙ,0.0
hèn vầy mạnh dạn ảo gây đi,0.0
Oii trời cái góc này🫣,0.0
CÁI GÌ NẮM THẬT Á CLM VÃI LÔN,0.0
hưc e sục đônngj quá mak,0.0
Có là gì thì tấm này đẹp vl.,0.0
Từ bàn tay đặt lưng em rồi thêm tấm này nữa.,0.0
Quá đủ Hoonkeon cho ngày hôm nay,0.0
Ơ THẾ LÀ NẮM TAY À???????,0.0
tui mến bà,0.0
Du học sinh Đức đấy bạn ạ,0.0
🐿️: Sao em cứ hay ghen thế 😼: EM CÓ GHEN ĐÂU!!,0.0
🐍: GHEN ĐÓ ⁉️⁉️⁉️ Ông khầy confirm là con mèo ghen nha các mày🥴🥴🥴,0.0
Làm cách nào để không ghen với bạn thân cùng giới của bạn trai ạ?,0.0
Mình hỏi dùm anh mình,0.0
Như này bạn ạ😔,0.0
"""chi khen ma chi di collab voi nguoi dan ba khac""",0.0
Sát khí của bà mạnh quá,0.0
Câu cửa miệng ha😞,0.0
em bình thường,0.0
Có cách nào nói “em ghen” mà không nói là “em ghen” không?,0.0
EM BÌNH THƯỜNG,0.0
chỉ cần ngậm mồm vào là ny đủ rén rồi,0.0
"""Cô đấy là ai đấy?",0.0
À ừ không em định hỏi thông tin nói chuyện thấy ưng quá tưởng anh định giúp em kết nạp chị em chung chồng,0.0
"để em còn biết bắt chuyện trước"" kèm một cái mặt cười thật tươi xinh",0.0
nhắn cộc lốc hoặc bơ tin nhắn,0.0
XUỐNG NHÀ MỞ CỬA CHO TAO!!,0.0
Ngắn gọn súc tích ha😞,0.0
Ha~ Anh thân với nó quá ha Em bình thường XUỐNG NHÀ MỞ CỬA CHO TAO,0.0
ghen khùng ghen điên luôn má,0.0
ê thiệt má tao thích bọn nó lắm í nhưng mà thi thoảng vẫn ganh tị,0.0
mih cũng thế 😭 dự định mai này sẽ đi mà huhu,0.0
Đã buồn rồi chớ😭😭,0.0
thật sự ấy...,0.0
mình thật sự ghen tị với những ai đã được đi concert của enhypen,0.0
huhu thực sự là đã tích đủ lúa để điii năm nay mà 😭😭😭,0.0
vuýp dị bà🙂‍↕️,0.0
Lên bài típ đi bà,0.0
Nạp lần đầu lên hẳn vip 10,0.0
"Vl, nạp vip à",0.0
á đù vuýp,0.0
Nạp lần đầuu,0.0
Sướng rên người,0.0
seonghyeon trong baller nói:,0.0
Mấy đứa gay hay thích dùng lí do gatekeep lắm,0.0
nên nhớ chàng trai ấy có chiếc acc clone..!,0.0
xem lại bản thân,0.0
thế gay that khog để biet,0.0
"Thật ra đây là acc clone của MSN, Bách chào e Ngân nhá",0.0
Đóng phạt thấy bà luôn,0.0
Nhớ đóng phạt,0.0
cái giọng chạy trong đầu luôn mă dễ thương vãi,0.0
Mình là nam,0.0
"mà anh Thái Ngân đã hỏi câu này 3 lần rồi, vẫn là “Em khôngg”",0.0
Ảnh ăn hiếp nhỏ :)))),0.0
🐍: GHEN ĐÓ =))))))))))))))))),0.0
Lên giọng cỡ đó,0.0
"Lớn rồi, ghen ra mặt nuôn",0.0
map nì ở đâu thé ạ,0.0
sao ông khầy tỉnh queo dị hong rén hã ta,0.0
"""IEM CÓ GHEN ĐÂU""😠",0.0
IEM BÌNH THƯỜNG,0.0
"Anh Ngân hôm đầu ghẹo nhỏ, giờ hở chút nhỏ móc mỉa lại 🤣🤣",0.0
trông dở hơi thật chứ =)))),0.0
ngáo vl =)))) gặp mấy con mẹ dẩm dớ kia cũng lười chửi nữa,0.0
Dcm nói như thế Keonho với Juhoon còn trả thù dài dài:))) chúng nó thích trả thù lắm.,0.0
Sau này thay vì nói phát ke nhả ke thid hãy nói trả thù nhé🥰,0.0
Cay mấy con ý,0.0
vcl bạn cho mình xin link vid :),0.0
em thích ăn kem à Chị đã nói chị rất thích nụ cười của em rồi mà Mày Mày thích cướp bồ của tao à” “Sao chị đánh em ạ?” “Tại sao à?,0.0
Mày nghĩ là mày đủ chình để chơi với tao á?,0.0
"- Chị vừa nhìn thấy em đi chơi với bạn trai, bạn trai em đâu rồi?",0.0
- Bạn trai em vừa đi mua kem cho em rồi ạ!,0.0
Hay là 🙄con Quỳnh 👩🏻nó sai mày quyến rũ🫦 thằng Kiên?,0.0
Mày với nó có mối quan hệ 👯‍♀️như nào?,0.0
Nói🗣️ Em với anh Kiên 🧔🏻‍♂️chỉ tình cờ 💥gặp nhau 👩‍❤️‍👨thôi ạ Tình cờ à… Mày thích tình cờ à☠️ Chính mắt tao👀 trông thấy mày đi vào nhà trọ 🏠con Quỳnh👩🏻,0.0
Có thể là dành cả đời cống hiến cho những thước phim ấy,0.0
My sói này mà tát cái thì hết phim 😭,0.0
Em thích ăn kem à?,0.0
A-anou… chỗ này l-là ở vườn bách thảo Hà Nội á onii-chan><,0.0
"Bà ơi, tôi xin lỗi, hai cục kem bự chà bá nó đập vào mắt tôi.",0.0
"dear Hùng 🍐 em cũng muốn có quà 8/3 😭, ghen tị quáaaaaaaaaaaaaaaa, về HCM có quà cho tụi e mới chịuuuuuuuu",0.0
thêm 1 động lực để bám rào,0.0
bà này cơ hội quá nha =))),0.0
buồn lắm 💔,0.0
Tặng hết ngần ấy cô vợ chắc Hùng Lê xĩu :))),0.0
"Coi mấy bả khoe nhẫn với dây chuyền của style mà tui muốn khóc một dòng sông, hóng anh về hcm quáaaaaa",0.0
"Phone iu nghe rõ trả lời, Muzik HCM cũng vã quà STYLE lắm rồi, hóng anh mang quà zề😭😭",0.0
"Huhu anh ơi, HCM cũng có nhiều bông hoa xinh đẹp chờ quà style từ tổng tài lắm nè, đừng quên tụi em nhaaa",0.0
"gì chứ trang sức style by pnj mà anh tặng thì em nguyện đợi anh ở hcm tới sáng luôn, nhìn mấy bà ngoài kia khoe mà thèm xỉu",0.0
"ê làm fan Tongtai nhà mình sướng kinh khủng, toàn nhận quà khủng í",0.0
"Này ai nói, Choi Gaon là vợ tôi nhé!!!",0.0
":)))) moẹeee, ai dám ghen với quốc bảo hả trời.",0.0
"VĐV bên Hàn được cưng như trứng, hứng như hoa, lại còn VĐV trẻ mang huy chương vàng về.",0.0
Dòi oiii quá đỉnhhhh,0.0
sợ không có cửa mà ghen luôn á 🥰,0.0
NỔ L THẬT RỒI VỢ TÔI VÀ CÁC THẰNG CHỒNG CỦA TÔI ĐANG NHẢY FASHION VỚI NHAU.,0.0
ÔI TRỜI ƠI ĐIÊN MẤT THÔI MÀN COLLAB THẾ KỶ.,0.0
"lần đầu thốt ra ""i'm les"" vì chỉ=)))",0.0
Khiếp luôn đấy😭😭,0.0
Thẳng đến mấy cũng gãy vì chỉ,0.0
Ghen tị với Cô tít 🥰😁❤️ ghen tị với cả 2 bên🫠,0.0
"Các con vợ ơi, cho mình xin ảnh những bó hoa mà các con vợ ngày hôm nay được nhận đi.",0.0
"Mình chưa có bồ, mà vẫn thích ngắm mấy bố hoa ngày lễ",0.0
"Các bà ơiii, tui là chủ shop hoa đây, tui ghen tị với các bà thật sự, có bà nào xem ảnh nhận ra là khách của tui khummm☺️",0.0
E mún xin giá bó t3 ạ,0.0
Tui xin giá bó ốc quế bà uii,0.0
Tui ở 24 linh đàm nha,0.0
Bó 8 nhiêu ạ,0.0
4.5.0🌸 bà uiii,0.0
Bà ở đây thế.,0.0
Ui toàn hoa xinh,0.0
Vâng nay vẫn ngắm suốt ngày.,0.0
phối màu đẹp điên,0.0
hê hê nó dịu dàng mà nó nũng nịu,0.0
Bực mình nhất số 3 bực mình nhì số 4 😂,0.0
Anh hong ghen anh binh thuong,0.0
hay lắm nha😆,0.0
Coai Hoang bực mình ở đây nha,0.0
Cái mặt này là mặt không ghen!,0.0
"TikTok · Vie Channel - Stars, 3313 lượt thích, 36 bình luận.",0.0
“Ảnh dễ tính cứ là “có dì đaoooo””,0.0
Coá gì đou =)))) hong bit ghen nhaaa,0.0
Rồi sao ?,0.0
Cấm chat luôn mà,0.0
"Tui thấy bộ này ổn, gọn lẹ dứt khoát",0.0
“ Ừ đéo” thanh lịch dễ thương ngọt ngào sang trọng quý phái khí chất :)) tuyệt vời,0.0
mạnh dạn lên bà,0.0
Quý phi nương nương còn phải quỳ xuống,0.0
Phim truyện: Không giới hạn - Tập 12 | VTVgo,0.0
ảnh đẹp như tạc tượng ấy trời.,0.0
JeyB là người nội tâm nên chỉ tỏa ra được cái nét trầm buồn.,0.0
"Ảnh mà nhoi lên chút là nhìn hơi mắc cười, tại hổng hợp.",0.0
hợp vibe lãng tử mùa đông ớ kkkk,0.0
Càng khổ càng hay 😂😂😂,0.0
Đồng quan điểm nha.. a chỉ cần đẹp trai.,0.0
Làm nét buồn tĩnh lặng thôi là cả thế giới phải đổ vì a. A làm ơn đừng thoại nha.,0.0
Thấy ảnh tội 🤭,0.0
Cảm ơn bạn nhé,0.0
Chào bạn đồng hương nhé😊,0.0
Em ở phù ninh ạ,0.0
"Thà lấy muộn mà lấy đúng người còn hơn vội vàng,hỏng cả 1 đời.Cố lên nhé",0.0
Bạn nhận diện đúng vấn đề rồi giờ làm ngược lại 50% là cân bằng,0.0
28 Phú Thọ chào đồng hương đồng khói😂😂😂,0.0
"Cố lên bạn, đồng hương, tớ cũng là đứa luỵ tình 🤣",0.0
Dù chuyên gia cảnh báo kiểu “mắng trị liệu” này có thể gây tổn thương nhưng với nhiều người trẻ đôi khi họ chỉ cần một câu đơn giản: “Thôi,0.0
tỉnh lại đi.” 😅,0.0
"Trong các buổi livestream, influencer Taozai nổi tiếng với phong cách “mắng thẳng mặt” những người đang lụy tình.",0.0
"Thay vì an ủi, anh nói kiểu: “Người ta không yêu bạn thì thôi, tỉnh lại đi.” Nghe phũ nhưng nhiều người lại thấy… tỉnh táo thật.",0.0
"Ở China, một trào lưu khá lạ đang nổi lên: trả tiền để được… mắng cho tỉnh tình.",0.0
"Với khoảng 1.800 nhân dân tệ/năm, người xem có thể tham gia livestream hoặc nhận tư vấn riêng.",0.0
Dịch vụ này thậm chí có hàng nghìn đơn mỗi tháng vì rẻ hơn tư vấn tâm lý.,0.0
Được cái đúng,0.0
Phải ạ hì,0.0
Đúng quá chứ gì 🥱,0.0
chỉ con gái mới hỉu sự tình này :)),0.0
"Chời ơi, đúng luôn ạ",0.0
"Đúng, mệt mệt liền =))",0.0
:))) chuẩn khum,0.0
Củm ơn bạn nhe mình vẫn apply junior á 🥹 tại apply intern hong ai ngó tới nựa 🤣🤣,0.0
chị làm trong ngành nào và title job chị hướng đến là gì ạ,0.0
"apply tiếp thôi bạn, nếu bạn có bằng tốt nghiệp rồi thì cứ apply junior đừng apply intern làm gì",0.0
"Lúc bắt đầu thì cái gì chẳng đẹp hả bạn, chỉ đến khi ta phải gánh nhận hậu quả mới biết nó khủng khiếp đến thế nào",0.0
Lụy tình là sự hèn nhát của kẻ không dám thừa nhận mình đã bị vứt bỏ.,0.0
"Tui đã từng như vậy, cứ bám víu lấy kỷ niệm để trốn tránh thực tại rằng mình chẳng còn là gì của họ nữa.",0.0
Đau nhưng mà thật.,0.0
Em lụy ây nè hix 😢😢,0.0
"Mình vẫn chưa hiểu ý bạn lắm, bạn có thể giải thích rõ hơn không",0.0
Tháng 6 hơi bị sai đấy nhé =)),0.0
clm tháng 3 =)))))),0.0
Bò thua mỗi cái tên.,0.0
Sr toai là người đi trap 💁🏻‍♀️ Nữ BC nhé =))),0.0
Top 5 nữ có tháng sinh dễ lụy tình & dễ bị trap nhất: 1.,0.0
Nữ tháng 3 2.,0.0
Nữ tháng 2 3.,0.0
Nữ tháng 6 4.,0.0
Nữ tháng 7 5.,0.0
Nữ tháng 11,0.0
đúng t3 luỵ vc,0.0
Không có mkt1 à 🥲,0.0
Set phụ Kiện trang trí tháp bánh tết - Tháp Nước Tài Lộc Trang Trí Tết 2026 CÓ mẫu tham khảo phụ kiện tết shop đô | Shopee Việt Nam,0.0
Tháng 6 đây,0.0
"Nữ tháng 6 không luỵ tình, mà cũng chưa chắc ai trap ai đâu 😌",0.0
Mấy thằng IT giờ nó khôn lắm toàn thấy yêu mấy em ngoan xinh thôi,0.0
còn lấy vợ thì có thể không xinh nhưng toàn ngoan và nhà có điều kiện.,0.0
Nên là bớt tư duy ảo tưởng + mình khôn hơn người khác đi,0.0
"các cụ đã rút ra câu ""ngưu tầm ngưu mã tầm mã"" thì nó phải đúng hơn mấy cái lời dạy tào lao của mấy đứa ảo tưởng trên threads thời nay chứ 🤡",0.0
Các bạn gái cứ theo công thức này mà mần nhé :))),0.0
"Chưa chắc, đúng khoảng 60 %😅",0.0
Cmt kinh nghiệm và rất chính xác hiii,0.0
Chắc chủ tus mới bị ai bảo yêu nhiều là hư à mà đưa ra nhận định phiến diện vậy.,0.0
Quan trọng là có yêu thương bản thân mình hay không thôi,0.0
"xôi lạc không ăn, thích ăn khoai cho khổ",0.0
"""Không...Phúc Nguyên không có gì để nói với Lâm Anh đâu...""",0.0
"""""Em có gì muốn nói với tao không?""",0.0
chà mơ tệ vại sao🫂,0.0
"Bốn năm sau khi chia tay, Lâm Anh cuối cùng cũng không nhịn được mà tìm lại Phúc Nguyên lần nữa.",0.0
tổng tài lụy tình x bạch nguyệt quang minh tinh quay trở lại,0.0
nhạc hay mơ ơi thích bài nìiiiii,0.0
yáyyy mơ cũng rất thích ớ,0.0
"""Ừ em nói đúng, tao chẳng còn là ai cả.""",0.0
vì mơ mà thao thức 😔,0.0
"""Lâm Anh đâu còn là ai để mà ra lệnh với Phúc Nguyên nữa đâu chứ!""",0.0
vì quá lười nhưng quá thích và muốn up bài nhạc nài nên con mơ lấy fic cũ ra up thoại lên,0.0
Tui mê Izaya quá trời ơi.,0.0
Ổng ăn gì mà đẹp dữ vậyyyy.,0.0
Mà coi show cứ thấy ổng lụy tình cũ.,0.0
Mong anh hạnh phúc chứ xem cứ xót ý,0.0
Kiểu ảnh mời Will đi vào nhà tuyết mà ảnh giã băng đầy nhiệt huyết trước “After you.” Mở cửa cho Will mỗi lần đi date chủ động thơm tay,0.0
Trộm vía bây giờ ảnh cũng hạnh phúc bên Barcelone gùi :))),0.0
Nhìn là muốn xỉu rồi.,0.0
"êu ơi như cục bông trắng trắng mềm mềm, xong cười hehe giống loopy=)))).",0.0
trời ơi siêu cưng😭!!!!,0.0
Tui đu J-drama và Jpop chục năm rồi chưa thấy quả visual nào tới ngưỡng này 😩 Giọng lúc hậm hực “Hmmm” với điệu cười ngố tàu cute xỉu 😩 Giai nhân trong mộng bao người vẫn bị ghost hết nói nổi 🥹,0.0
Giờ mới lật đật đi xem.,0.0
"ơi, Huy ơi",0.0
nó cứ đi comment dạo ý dm cay vãi chó,0.0
đcm đi đâu cũng thấy cmt dạo^^,0.0
Vụ thằng Huy với thằng Khôi.,0.0
Lời khuyên thật lòng cũng đã khuyên cười ành ạch cũng đã cười,0.0
miễn sao đẩy càng viral càng tốt là được hiện tại cũng trộm vía 1 chút,0.0
bd move on cực nhanh luôn:))),0.0
Điêng cái đầu lắm 🙃,0.0
Quá mệt mỏi:),0.0
😵‍💫 đổ thật nên vậy,0.0
Nhân mã very luỵ ý,0.0
TOP NHỮNG CUNG HOÀNG ĐẠO DỄ LỤY TÌNH NHẤT theo cảm nhận của chủ tus Top 1: Thiên Bình ♎ Top 2: Song Ngư ♓ Top 3: Cự Giải ♋ Top 4: Song Tử ♊ Top 5: Bọ Cạp ♏ Top 6: Xử Nữ ♍ TOP CUỐI: BẠCH DƯƠNG ♈,0.0
2 con cá phải top 1🥲,0.0
Nói câu nghe vui thật chứ :3,0.0
lụy cái tình cảm này quá à 🥹,0.0
Watcher & undercover siêu hay siêu cuốn nha,0.0
Phim coi xong rồi mà phải tua đi tua lại chục lần đoạn có ảnh để coi.,0.0
đối tượng hợp lý để bully trên trường:,0.0
thực chất theo lời cmt thì tôi đang bị ảo tưởng mình là thẩm phán là người thông minh nhất vũ trụ và thích phán xét dạy đời người ta nhé,0.0
EQ âm vô cực,0.0
Bố con lụy tình não yêu đương tưởng mình là tâm điểm vũ trụ,0.0
Mày bị thần kinh à ?,0.0
cứ ngỡ bến đời nào đâu là trạm nghỉ ngơi 😭😭😭😭,0.0
ê đau lòng quá má,0.0
cái kiểu cảm ơn như kết thúc thiệt d ba ơi😭,0.0
"""và quan trọng nhất, cảm ơn arhoung vì đã cùng nhau đi qua tất cả.",0.0
thành công này sẽ không thể đạt được nếu chúng ta không có nhau.,0.0
"chị thật sự rất hạnh phúc và trân trọng mọi trải nghiệm vừa qua.""",0.0
cảm ơn người đã thức cùng tôi,0.0
nó tweet thêm ở dưới cảm ơn tác giả đã cho hai đứa trải nghiệm sâu sắc luôn kè mà cũng có dám tag ai đâu...,0.0
văn cảm ơn nyc 2026 cho người còn lụy tình.,0.0
các bạn ơi mình mới phát hiện ra ảnh có một acc nữa và ảnh đã công khai người yêu mới của ảnh💔,0.0
khuyên thật là bạn nên làm cho người ta theo đuổi bạn chứ đừng khiến bản thân theo đuổi người ta,0.0
mở chỗ nào,0.0
"Chừng nào ngỏ lời đàng hoàng, trực tiếp, một buổi hẹn có kế hoạch thì hẵng suy nghĩ",0.0
Khoảng cách là vấn đề của đàn ông!,0.0
haha cười chết tao là tao lụy có giờ luôn,0.0
Cái nhược điểm nghe hèn gớm =)),0.0
cái nào cũng nhược điểm mà =)),0.0
Nhược điểm: Lụy tình Nhược điểm: Giả vờ,0.0
ok đây là tôi,0.0
Thì show thực tế nào chả cắt ghép,0.0
Goeun với Seungil chắc chắn thân nhau rồi.,0.0
Mingee thì chắc suốt ngày thấy ngồi với Sungmin và Yejin.,0.0
Có follow xong ô lọc nhầm hết đó,0.0
Mục đích cắt vậy tăng tò mò gây hiểu lầm làm tranh cãi hút nhiệt .,0.0
"Bản thân mình tự làm mình hạnh phúc, có thêm người nữa thì thêm vui.",0.0
"Còn nếu người ấy không đến, thì cuộc sống này vẫn trọn vẹn với bạn.",0.0
Theo quan sát xung quanh tui thì đúng 90%.,0.0
Thấy cũng ngộ đứa nào hiền hiền ngoan ngoãn toàn gặp chồng gia trưởng mà còn kinh tế thấp kiêm đình chồng kì cục,0.0
mà toàn kiểu yêu và lấy tình đầu không á.,0.0
Hên xui đó bà :)))),0.0
Tui là 1 điển hình của vế thứ 2 nha.,0.0
Khuyên các bồ cứ tìm hiểu đi.,0.0
Không phải là “hư” mà là những cô gái tiếp xúc với xã hội nhiều,0.0
học hỏi được nhiều kinh nghiệm trong công việc - cuộc sống - tình yêu thì thường sẽ biết yêu thương bản thân và chọn được người phù hợp với mình hơn,0.0
biết tránh xa những chiếc cờ đỏ hơn thôi chứ hư với ngoan gì ạ 😅,0.0
Mình thấy cũng đúng 1 phần á vì gặp nhiều người sẽ có nhiều trải nghiệm kinh nghiệm hơn nên sẽ có cái nhìn khách quan,0.0
đúng đắn hơn Với lại tuỳ duyên nữa cũng nhiều bạn gặp 1 người hạnh phúc đến cuối đời Nên là không có gì tuyệt đối cả,0.0
"Nếu cô ấy: ngoan nhưng khôn, chân thành, biết lùi biết tiến,… đàn ông sẽ nâng niu cô ấy.",0.0
Đàn ông họ có trải nghiệm rồi không còn hứng thú gái hư.,0.0
Mây tầng nào sẽ gặp tầng đó.,0.0
