,text,target,loss_by_words,loss_by_sentences,max_word_loss
3642,"Dưới đây là bản dịch chuẩn xác từ dòng ""Mình sắp cs khách..."" đến dòng ""...hnao quậy là bành ki ó.""",tuân thủ 100% các quy tắc BARTpho:,"<s>: 0.0149, ▁tu: 17.8053, ân: 4.6415, ▁thủ: 2.7136, ▁100%: 9.3723, ▁các: 6.3923, ▁quy: 3.7174, ▁tắc: 1.4832, ▁B: 7.9941, ART: 11.9699, pho: 13.3874, :: 7.4972, </s>: 6.6203",7.2007,17.8053
1746,nại phại chuận,lại phải chuẩn,"<s>: 0.0149, ▁lại: 16.6471, ▁phải: 1.1531, ▁chuẩn: 9.1827, </s>: 1.7583",5.7512,16.6471
8335,chài ơi cuti dạy chài 💗,trời ơi cute vậy trời 💗,"<s>: 0.015, ▁trời: 10.6676, ▁ơi: 0.0162, ▁cute: 4.4568, ▁vậy: 15.3911, ▁trời: 12.0891, ▁: 7.6004, <unk>: 0.0744, </s>: 0.0768",5.5986,15.3911
7782,Tuỳ ng tuỳ TH tuỳ cách ns.,Tùy người tùy trường hợp tùy cách nói.,"<s>: 0.0154, <unk>: 11.226, ▁người: 7.4727, <unk>: 9.6285, ▁trường: 6.5561, ▁hợp: 8.092, <unk>: 7.1309, ▁cách: 7.6478, ▁nói: 0.0441, .: 0.1058, </s>: 0.0966",5.2742,11.226
1792,khi b bị sơn k hóaa,khi bạn bị Sơn.K hóa,"<s>: 0.0143, ▁khi: 0.1203, ▁bạn: 0.0556, ▁bị: 0.0983, ▁Sơn: 8.9041, .: 10.8986, K: 15.3852, ▁hóa: 5.4521, </s>: 3.1153",4.8938,15.3852
7950,:))) thờ rét ci ti,:))) Threads city,"<s>: 0.0131, <unk>: 0.8316, ▁Thread: 15.0496, s: 6.8304, ▁city: 6.3876, </s>: 0.236",4.8914,15.0496
7293,tủi ăn tủi lớn,tuổi ăn tuổi lớn,"<s>: 0.0153, ▁tuổi: 13.4215, ▁ăn: 1.7598, ▁tuổi: 12.1719, ▁lớn: 0.0124, </s>: 0.1012",4.5803,13.4215
7869,uh sngu htrc dzừa gap xg,uh Song Ngư hôm trước vừa gặp xong,"<s>: 0.0152, ▁uh: 0.0038, ▁Song: 12.8509, ▁Ng: 0.4111, ư: 3.4408, ▁hôm: 11.0554, ▁trước: 0.8554, ▁vừa: 5.0938, ▁gặp: 13.5709, ▁xong: 1.1742, </s>: 0.0593",4.4119,13.5709
9007,"""chi khen ma chi di collab voi nguoi dan ba khac""","""chỉ khen mà chị đi collab với người đàn bà khác""","<s>: 0.0149, ▁"": 0.0683, ch: 3.0907, ỉ: 7.8464, ▁khen: 0.004, ▁mà: 2.2549, ▁chị: 3.2037, ▁đi: 2.1313, ▁colla: 0.0, b: 0.1033, ▁với: 13.0403, ▁người: 6.6994, ▁đàn: 8.9245, ▁bà: 2.0783, ▁khác: 13.6433, "": 8.4523, </s>: 0.1047",4.2153,13.6433
1078,chiec xe dap ngay nao e van dap loi l,chiếc xe đạp ngày nào em vẫn đạp lòi lồn,"<s>: 0.0163, ▁chiếc: 10.3398, ▁xe: 0.0286, ▁đạp: 5.9211, ▁ngày: 13.2427, ▁nào: 0.6243, ▁em: 0.0576, ▁vẫn: 13.2085, ▁đạp: 6.4299, ▁l: 8.11, ò: 3.914, i: 0.3755, ▁lồ: 0.0937, n: 0.0432, </s>: 0.0842",4.166,13.2427
2676,Cho mik xin jd Diễn Hoạt nka,Cho mình xin Job Description Diễn Hoạt nha,"<s>: 0.0157, ▁Cho: 0.0325, ▁mình: 0.0214, ▁xin: 0.0195, ▁Job: 9.8061, ▁Description: 14.4483, ▁Diễn: 15.452, ▁Hoạt: 0.0408, ▁nha: 0.0181, </s>: 0.068",3.9922,15.452
2848,"Nghĩ kiểu j z?""","""Nghĩ kiểu gì thế?""""""","<s>: 0.0152, ▁"": 10.6999, N: 8.0662, gh: 1.5613, ĩ: 1.6525, ▁kiểu: 0.0088, ▁gì: 0.0591, ▁thế: 2.0513, ?"": 0.0263, "": 12.4011, "": 10.8965, </s>: 0.1787",3.9681,12.4011
883,ATSH mãi đỉnk mãi đỉnk,Anh Trai Say Hi mãi đỉnh mãi đỉnh,"<s>: 0.0162, ▁Anh: 3.2232, ▁Tra: 6.7135, i: 0.2338, ▁Say: 13.5188, ▁Hi: 3.745, ▁mãi: 14.973, ▁đỉnh: 0.4913, ▁mãi: 0.0877, ▁đỉnh: 0.3328, </s>: 0.0551",3.9446,14.973
8666,"Sech online y ib tui roi tui ke nhiêu cai thu vi lam, yêu xa van tin tưởng dc nhau","Sex online đi inbox tôi rồi tôi kể nhiều cái thú vị lắm, yêu xa vẫn tin tưởng được nhau","<s>: 0.0147, ▁Sex: 12.0229, ▁online: 0.0024, ▁đi: 8.4558, ▁in: 0.231, box: 0.0379, ▁tôi: 2.9857, ▁rồi: 6.4038, ▁tôi: 1.7242, ▁kể: 12.6928, ▁nhiều: 6.0335, ▁cái: 12.0167, ▁thú: 8.6521, ▁vị: 1.4064, ▁lắm: 6.3181, ,: 2.7766, ▁yêu: 0.0309, ▁xa: 0.008, ▁vẫn: 12.4676, ▁tin: 0.0379, ▁tưởng: 0.0093, ▁được: 0.0743, ▁nhau: 0.0265, </s>: 0.0927",3.9384,12.6928
4288,"Mk thik csgo, pubg, cf hơn 😌","Mình thích CS:GO, PUBG, Đột Kích hơn 😌","<s>: 0.0145, ▁Mình: 0.0853, ▁thích: 0.0335, ▁CS: 9.344, :: 9.4362, GO: 8.0618, ,: 0.075, ▁PUBG: 16.0955, ,: 0.1541, ▁Độ: 13.9354, t: 2.828, ▁K: 2.1327, ích: 2.1644, ▁hơn: 1.8746, ▁: 0.0773, <unk>: 0.0432, </s>: 0.0633",3.907,16.0955
4544,Lm phờ ruy,Làm free,"<s>: 0.0166, ▁Làm: 0.0352, ▁free: 11.0991, </s>: 4.4512",3.9005,11.0991
4845,Toàn đào lửa thui.,Toàn lừa đảo thôi.,"<s>: 0.0147, ▁Toàn: 0.0114, ▁lừa: 12.762, ▁đảo: 14.2636, ▁thôi: 0.0601, .: 0.1029, </s>: 0.0718",3.8981,14.2636
2917,Bên tre chung,Bến Tre chung,"<s>: 0.0147, ▁B: 12.3908, ến: 7.4209, ▁Tre: 3.3079, ▁chung: 0.0201, </s>: 0.0695",3.8706,12.3908
8273,Kh ns tv v ns tiếng nhật ik b👽 Sì ki đa dó,Không nói tiếng Việt vậy nói tiếng Nhật đi bạn 👽 Suki da yo,"<s>: 0.0156, ▁Không: 0.1079, ▁nói: 0.0455, ▁tiếng: 6.2665, ▁Việt: 5.2033, ▁vậy: 0.4954, ▁nói: 0.0209, ▁tiếng: 0.0131, ▁Nhật: 4.9447, ▁đi: 0.0519, ▁bạn: 0.0306, ▁: 7.5819, <unk>: 1.889, ▁Su: 9.4425, ki: 11.0041, ▁da: 10.9795, ▁yo: 11.3432, </s>: 0.1245",3.8644,11.3432
6538,File của btddl àh :))),File của Biệt đội đa lộn à :))),"<s>: 0.0148, ▁File: 0.0039, ▁của: 0.0869, ▁Bi: 6.306, ệt: 7.4867, ▁đội: 5.5305, ▁đa: 10.0078, ▁lộ: 10.8336, n: 4.0515, ▁à: 0.0549, <unk>: 0.0752, </s>: 0.0799",3.711,10.8336
8376,htram cx chệu em lun,huyền trâm cũng chịu em luôn,"<s>: 0.0169, ▁huyền: 11.8285, ▁tr: 7.0864, âm: 3.8525, ▁cũng: 0.1139, ▁chịu: 10.2269, ▁em: 0.0838, ▁luôn: 0.0488, </s>: 0.0918",3.7055,11.8285
8461,tưởng đg ns niu chiên,tưởng đang nói NewJeans,"<s>: 0.0146, ▁tưởng: 0.004, ▁đang: 0.2088, ▁nói: 0.0319, ▁New: 11.2029, Je: 10.2195, ans: 7.5381, </s>: 0.3288",3.6936,11.2029
7827,nyc bn cs 3 bằng ielts ah,người yêu cũ bạn có 3 bằng IELTS àhọp gia đình chc luôn,"<s>: 0.0168, ▁người: 0.0082, ▁yêu: 0.0547, ▁cũ: 0.0317, ▁bạn: 0.0343, ▁có: 0.0525, ▁3: 0.0231, ▁bằng: 0.0154, ▁IELTS: 4.5338, ▁à: 0.8888, h: 11.574, ọ: 7.6465, p: 3.0073, ▁gia: 7.8975, ▁đình: 0.2806, ▁ch: 12.3695, c: 12.2359, ▁luôn: 9.0246, </s>: 0.449",3.6918,12.3695
1082,M ơi can xồ can xồ!!!!!,Mày ơi cancel cancel!!!!!,"<s>: 0.0161, ▁Mà: 0.227, y: 0.0128, ▁ơi: 0.0246, ▁cancel: 16.6357, ▁cancel: 11.7863, <unk>: 0.2073, </s>: 0.0797",3.6237,16.6357
5309,mk cs gim l inh va ay r đók b ơi,mình có ghim link vay rồi đó bạn ơi,"<s>: 0.0149, ▁mình: 0.1019, ▁có: 0.0757, ▁ghi: 9.7567, m: 7.9538, ▁link: 7.9044, ▁vay: 10.1909, ▁rồi: 5.9447, ▁đó: 0.082, ▁bạn: 0.0292, ▁ơi: 0.0211, </s>: 0.082",3.5131,10.1909
8622,Thuật toán thờ rét,Thuật toán Threads,"<s>: 0.0128, ▁Thuật: 0.0011, ▁toán: 0.0075, ▁Thread: 15.8208, s: 4.6975, </s>: 0.0925",3.4387,15.8208
8216,Zạ hnay 1.250-1.350k/10 cành cưng ơi.,Dạ hôm nay 1.250.000-1.350.000/10 cành cưng ơi.,"<s>: 0.0153, ▁Dạ: 0.0156, ▁hôm: 0.2605, ▁nay: 0.036, ▁1.2: 9.0874, 50.000: 12.6272, -: 8.0377, 1.3: 14.9433, 50.000: 11.9698, /10: 0.9961, ▁c: 0.1969, ành: 0.0002, ▁cư: 0.001, ng: 0.0311, ▁ơi: 0.0666, .: 0.0758, </s>: 0.0659",3.4368,14.9433
4212,sì tan kẹo bếu nhưg lowtech 💔,stan kẹo béo nhưng lowtech 💔,"<s>: 0.0151, ▁stan: 10.8763, ▁k: 14.1904, ẹ: 0.0105, o: 0.0743, ▁béo: 15.5886, ▁nhưng: 0.1784, ▁low: 0.0, tech: 0.0071, ▁: 0.0882, <unk>: 0.0618, </s>: 0.0712",3.4302,15.5886
5780,8/3 thik v trờiiii,Mùng 8 tháng 3 thích vậy trời,"<s>: 0.0165, ▁M: 12.0994, ùng: 0.7485, ▁8: 0.0833, ▁tháng: 7.1465, ▁3: 13.5045, ▁thích: 0.005, ▁vậy: 0.1013, ▁trời: 0.0006, </s>: 0.506",3.4212,13.5045
1102,Êi shaooo lắm mbg z chòi🥲🥲,Ê sao lắm máy bay giấy vậy trời🥲🥲,"<s>: 0.0141, ▁Ê: 0.0024, ▁sao: 10.3211, ▁lắm: 0.0208, ▁máy: 7.9003, ▁bay: 0.181, ▁giấy: 12.8475, ▁vậy: 2.5956, ▁trời: 2.5274, <unk>: 0.094, </s>: 0.0729",3.3252,12.8475
2986,Zạ ô keeee,Dạ ok,"<s>: 0.018, ▁Dạ: 0.0413, ▁ok: 9.3478, </s>: 3.8438",3.3127,9.3478
7282,Đưngf xoá bài nka.,Đừng xóa bài nha.,"<s>: 0.0144, ▁Đừng: 8.9532, <unk>: 6.7259, ▁bài: 7.2322, ▁nha: 0.0094, .: 0.0927, </s>: 0.073",3.3001,8.9532
450,Xin slot lm loops,Xin slot làm lốp,"<s>: 0.0141, ▁Xin: 0.0093, ▁slot: 0.0001, ▁làm: 0.0543, ▁l: 14.4942, ố: 7.4731, p: 0.4299, </s>: 3.598",3.2591,14.4942
5311,e tải truec aller về,em tải Truecaller về,"<s>: 0.0157, ▁em: 0.0651, ▁tải: 0.009, ▁True: 3.9449, cal: 9.6269, ler: 12.0983, ▁về: 0.0274, </s>: 0.0724",3.2325,12.0983
4932,Spaylater Shopee Ko hủy đc mn ơi.,SPayLater Shopee không hủy được mọi người ơi.,"<s>: 0.0147, ▁S: 10.9892, Pay: 11.8726, La: 13.4375, ter: 8.3777, ▁Shop: 0.0253, ee: 0.0007, ▁không: 2.2379, <unk>: 0.4823, ▁được: 0.0469, ▁mọi: 0.043, ▁người: 0.0658, ▁ơi: 0.0308, .: 0.083, </s>: 0.0664",3.1849,13.4375
9392,Giống trg tập 6- 7 SB-MNS lm hòa cái rùi cắt rất nh cảnh HS-SB IG nc vs HS cx bị cắt,Giống trong tập 6- 7 Sangbin-Minasue làm hòa cái rồi cắt rất nhiều cảnh Hyesung-Sangbin Igeon nói chuyện với Hyesung cũng bị cắt,"<s>: 0.0145, ▁Gi: 0.0023, ống: 0.0251, ▁trong: 0.1975, ▁tập: 0.0196, ▁6-: 0.021, ▁7: 0.0123, ▁Sang: 12.7725, bin: 8.6727, -: 4.8425, Min: 7.3821, asu: 10.9792, e: 6.6472, ▁làm: 0.0609, <unk>: 2.3796, ▁cái: 0.0611, ▁rồi: 0.1651, ▁cắt: 0.0007, ▁rất: 0.0087, ▁nhiều: 0.0239, ▁cảnh: 0.0119, ▁Hy: 9.1636, es: 6.3592, ung: 2.5831, -: 1.763, S: 4.142, ang: 4.0456, bin: 7.6695, ▁I: 11.065, ge: 11.338, on: 6.5262, ▁nói: 0.5135, ▁chuyện: 0.0804, ▁với: 0.0659, ▁Hy: 7.5975, es: 1.9194, ung: 0.4553, ▁cũng: 0.7056, ▁bị: 0.0525, ▁cắt: 0.0005, </s>: 0.0778",3.1811,12.7725
8994,hưc e sục đônngj qá mak,hức em xúc động quá mà,"<s>: 0.0152, ▁h: 7.9182, ức: 4.155, ▁em: 0.065, ▁xúc: 10.9194, ▁động: 5.1023, ▁quá: 0.1669, ▁mà: 0.0191, </s>: 0.0916",3.1614,10.9194
8564,Yêu xa khó lắm (Warning: fake text 🔔🦁),Yêu xa khó lắm (Cảnh báo: tin nhắn giả 🔔🦁),"<s>: 0.014, ▁Yêu: 0.0209, ▁xa: 0.016, ▁khó: 0.0357, ▁lắm: 0.0381, ▁(: 0.0731, C: 16.0448, ả: 6.6812, nh: 0.9608, ▁báo: 3.7978, :: 0.0263, ▁tin: 19.796, ▁nhắn: 0.238, ▁giả: 7.2594, ▁: 4.697, <unk>: 0.0664, <unk>: 0.0667, ): 0.044, </s>: 0.0634",3.1547,19.796
9065,M lm trg DJ đúng k?,Mày làm trong Def Jam đúng không?,"<s>: 0.0156, ▁Mà: 0.2964, y: 1.5188, ▁làm: 0.0338, ▁trong: 1.8028, ▁Def: 16.2595, ▁Jam: 14.5303, ▁đúng: 0.0056, ▁không: 0.046, ?: 0.068, </s>: 0.0651",3.1492,16.2595
5237,tai chinh' nka,tài chính nha,"<s>: 0.0144, ▁tài: 8.807, ▁chính: 2.6063, ▁nha: 4.2011, </s>: 0.0905",3.1438,8.807
3013,Happy new year cả nhà,Chúc mừng năm mới cả nhà,"<s>: 0.0138, ▁Chúc: 8.4082, ▁mừng: 9.9134, ▁năm: 6.1571, ▁mới: 0.3363, ▁cả: 0.075, ▁nhà: 0.0815, </s>: 0.1073",3.1366,9.9134
5509,Vote bỏ tech,Vote bỏ Techcombank,"<s>: 0.0153, ▁Vo: 0.001, te: 0.0078, ▁bỏ: 0.0091, ▁Tech: 6.0143, com: 10.1516, bank: 8.8343, </s>: 0.0435",3.1346,10.1516
5185,Spaylater là b vay qua VP bank hay shaooo ấy.,SPayLater là bạn vay qua VPBank hay sao ấy.,"<s>: 0.0154, ▁S: 12.0761, Pay: 11.2536, La: 14.7047, ter: 6.4434, ▁là: 0.1278, ▁bạn: 0.0789, ▁vay: 0.0076, ▁qua: 0.0508, ▁: 0.7272, VP: 0.001, Bank: 7.0315, ▁hay: 0.0246, ▁sao: 0.0127, ▁ấy: 0.0347, .: 0.1029, </s>: 0.0679",3.1036,14.7047
66,Lỗi của thg ku k9 là dr N tự 44 chứ ai ép n 44,Lỗi của thằng cu 2k9 là đúng rồi Nó tự tử chứ ai ép nó tự tử,"<s>: 0.0167, ▁L: 0.0481, ỗi: 0.0057, ▁của: 0.0515, ▁thằng: 0.0475, ▁cu: 8.8643, ▁2: 7.5267, k: 5.7626, 9: 0.0099, ▁là: 0.0439, ▁đúng: 3.3472, ▁rồi: 0.1132, ▁Nó: 0.5528, ▁tự: 0.0167, ▁tử: 15.97, ▁chứ: 1.8914, ▁ai: 0.034, ▁ép: 0.0006, ▁nó: 0.0339, ▁tự: 17.0238, ▁tử: 6.7008, </s>: 0.1041",3.0984,17.0238
1521,m 6 tíh v má ptb đầy chổ mak tr,mày xấu tính vậy má phòng tự bấm đầy chỗ mà trời,"<s>: 0.0152, ▁mày: 0.2514, ▁xấu: 12.5389, ▁tính: 1.0025, ▁vậy: 0.0459, ▁má: 0.0037, ▁phòng: 7.3314, ▁tự: 7.2147, ▁b: 8.2182, ấ: 5.3383, m: 2.193, ▁đầy: 0.0081, ▁chỗ: 4.3033, ▁mà: 0.0258, ▁trời: 0.0531, </s>: 0.0576",3.0376,12.5389
3666,Tks ngừi đẹppp,Thanks người đẹp,"<s>: 0.0159, ▁Thanks: 10.1827, ▁người: 1.56, ▁đẹp: 3.2327, </s>: 0.1294",3.0241,10.1827
340,này ở 365 lĩnh nma nek,này ở 365 Lĩnh Nam nè,"<s>: 0.0152, ▁này: 0.0587, ▁ở: 0.0938, ▁365: 0.0015, ▁L: 14.3798, ĩ: 1.5915, nh: 0.0327, ▁Nam: 9.7628, ▁nè: 3.8588, </s>: 0.4096",3.0205,14.3798
3854,"1186 lê đức thọ, gv đók boà","1186 Lê Đức Thọ, Gò Vấp đó bà","<s>: 0.0148, ▁11: 0.0097, 86: 0.0204, ▁Lê: 10.9329, ▁Đức: 4.4867, ▁Th: 8.0929, ọ: 1.107, ,: 0.1326, ▁G: 6.7306, ò: 6.4692, ▁V: 4.4336, ấ: 3.6833, p: 1.5712, ▁đó: 0.0946, ▁bà: 0.3844, </s>: 0.0664",3.0144,10.9329
8805,bình xường vẫn hp muâhhha,Bình thường vẫn hạnh phúc muahahaha,"<s>: 0.0154, ▁Bình: 7.2517, ▁thường: 3.5467, ▁vẫn: 0.0281, ▁hạnh: 0.0401, ▁phúc: 0.0079, ▁mua: 10.1007, <unk>: 6.097, </s>: 0.0353",3.0137,10.1007
457,"Noái dì nữaaa, ciuu","Nói gì nữa, cute","<s>: 0.0168, ▁Nói: 11.1571, ▁gì: 2.7681, ▁nữa: 3.8175, ,: 0.2559, ▁cute: 2.7831, </s>: 0.0335",2.976,11.1571
1929,8/3 òi mò cho xukem i,8/3 rồi mà cho su kem đi,"<s>: 0.0158, ▁8: 0.0131, /3: 0.0069, ▁rồi: 2.6468, ▁mà: 8.7943, ▁cho: 5.5575, ▁su: 9.6326, ▁kem: 0.6202, ▁đi: 2.3881, </s>: 0.0618",2.9737,9.6326
2912,"Chào e ,e de thw lắm ,a mỹ tho kB nhé","Chào em, em dễ thương lắm, anh Mỹ Tho kết bạn nhé","<s>: 0.0161, ▁Chào: 0.0256, ▁em: 0.0911, ,: 4.8466, ▁em: 1.4834, ▁dễ: 5.7803, ▁thương: 0.0027, ▁lắm: 0.0152, ,: 6.5359, ▁anh: 3.3073, ▁Mỹ: 8.7527, ▁Tho: 4.6927, ▁kết: 11.3329, ▁bạn: 0.0369, ▁nhé: 0.1914, </s>: 0.0591",2.9481,11.3329
9230,Bò thua mỗi cái tên.,Bọ Cạp thua mỗi cái tên.,"<s>: 0.0167, ▁B: 0.0269, ọ: 8.6569, ▁C: 16.3295, ạp: 6.8654, ▁thua: 0.0071, ▁mỗi: 0.0194, ▁cái: 0.0276, ▁tên: 0.0065, .: 0.0959, </s>: 0.0575",2.919,16.3295
1927,Kkk shao lại xình ta,Kaka sao lại xinh ta,"<s>: 0.0157, ▁Kaka: 10.9656, ▁sao: 0.0194, ▁lại: 0.0451, ▁xinh: 9.2521, ▁ta: 0.0484, </s>: 0.0857",2.9189,10.9656
9089,IEM BT,EM BÌNH THƯỜNG,"<s>: 0.0146, ▁EM: 7.3661, ▁B: 1.7814, Ì: 5.0638, NH: 0.3684, ▁TH: 6.5351, ƯỜNG: 1.9243, </s>: 0.069",2.8903,7.3661
4493,Tui sài túi vinamilk thk thuêtj,Tui xài túi Vinamilk thích thiệt,"<s>: 0.0147, ▁Tu: 0.1342, i: 0.0588, ▁x: 3.6309, à: 0.006, i: 0.02, ▁túi: 0.0025, ▁Vin: 9.9059, ami: 7.6697, lk: 1.4215, ▁thích: 1.2975, ▁thiệt: 12.8906, </s>: 0.1949",2.8652,12.8906
4209,"H-hảaa, t cs ph tone hằm đâu cha","H-hả, tôi có phải tomboy ngầm đâu cha","<s>: 0.0186, ▁H: 1.5996, -: 0.1654, h: 0.0495, ả: 0.0544, ,: 3.736, ▁tôi: 0.1791, ▁có: 0.0682, ▁phải: 0.0262, ▁tom: 15.9498, boy: 9.8743, ▁ng: 10.5769, ầ: 4.2148, m: 1.2778, ▁đâu: 0.0688, ▁cha: 0.0065, </s>: 0.0723",2.8199,15.9498
9052,as đù vuýp,A đù vip,"<s>: 0.0156, ▁A: 10.1483, ▁đ: 0.0714, ù: 0.0044, ▁vip: 6.5603, </s>: 0.096",2.816,10.1483
7035,Đôi ơln khách,Đội ơn khách,"<s>: 0.0143, ▁Độ: 11.5253, i: 0.016, ▁ơn: 5.1861, ▁khách: 0.0258, </s>: 0.0607",2.8047,11.5253
5056,2023 bdau nợ nần vì cả tin và thiếu kthuc tc Vay vts momo kredivo shopee vay nhanh cake fe mb bank thẻ tín dụng,2023 bắt đầu nợ nần vì cả tin và thiếu kiến thức tài chính Vay ví trả sau MoMo Kredivo SPayLater vay nhanh Cake FE MB Bank thẻ tín dụng,"<s>: 0.014, ▁2023: 0.0002, ▁bắt: 0.0316, ▁đầu: 0.0021, ▁nợ: 0.0108, ▁n: 0.0425, ầ: 0.0047, n: 0.0248, ▁vì: 0.0608, ▁cả: 0.0371, ▁tin: 0.0086, ▁và: 0.1596, ▁thiếu: 0.0059, ▁kiến: 0.8671, ▁thức: 0.0313, ▁tài: 1.4128, ▁chính: 0.0603, ▁Va: 0.0097, y: 0.0073, ▁ví: 1.6341, ▁trả: 11.9587, ▁sau: 6.4, ▁Mo: 7.2016, Mo: 3.0112, <unk>: 1.5677, vo: 0.0131, ▁S: 14.4321, Pay: 11.7285, La: 14.5237, ter: 8.271, ▁vay: 0.3697, ▁nhanh: 0.0063, ▁Ca: 10.9473, ke: 0.9613, ▁FE: 11.9825, ▁MB: 3.2046, ▁Bank: 3.002, ▁thẻ: 0.0054, ▁tín: 0.0017, ▁dụng: 0.0394, </s>: 0.0874",2.7839,14.5237
1098,Q hinh nhu ik Vinfast,Quan hình như đi Vinfast,"<s>: 0.0154, ▁Quan: 4.2231, ▁hình: 10.1829, ▁như: 7.573, ▁đi: 0.0585, ▁Vin: 0.0009, fast: 0.0011, </s>: 0.0956",2.7688,10.1829
7718,khi blhđ đồ,khi bạo lực học đường đồ,"<s>: 0.0141, ▁khi: 0.0888, ▁bạo: 11.0361, ▁lực: 2.1859, ▁học: 6.3009, ▁đường: 2.3727, ▁đồ: 0.0089, </s>: 0.0818",2.7612,11.0361
5786,Ngày 8/3 đág yêuu của hai cổ^^,Ngày mùng 8 tháng 3 đáng yêu của hai cổ^^,"<s>: 0.0159, ▁Ngày: 0.0187, ▁m: 14.4016, ùng: 0.6147, ▁8: 0.1695, ▁tháng: 7.6541, ▁3: 14.0127, ▁đáng: 0.0033, ▁yêu: 0.0225, ▁của: 0.7907, ▁hai: 0.041, ▁cổ: 0.0054, <unk>: 0.1056, </s>: 0.0773",2.7095,14.4016
6489,Kế toán lương 7 của,Kế toán lương 7 củ à,"<s>: 0.014, ▁Kế: 0.0046, ▁toán: 0.013, ▁lương: 0.0117, ▁7: 0.0209, ▁củ: 11.8783, ▁à: 9.3236, </s>: 0.1035",2.6712,11.8783
1406,Tuỳ ng thui b ơi,Tùy người thôi bạn ơi,"<s>: 0.0165, <unk>: 11.5982, ▁người: 6.8852, ▁thôi: 0.0199, ▁bạn: 0.0419, ▁ơi: 0.0216, </s>: 0.092",2.6679,11.5982
4615,"K cọc, k sa.le, k đào lửa nka các bác","Không cọc, không sale, không lừa đảo nha các bác","<s>: 0.015, ▁Không: 0.2502, ▁c: 0.0399, ọc: 0.0012, ,: 0.0886, ▁không: 0.0653, ▁sale: 10.2527, ,: 1.9051, ▁không: 0.0742, ▁lừa: 14.1631, ▁đảo: 12.9234, ▁nha: 0.0318, ▁các: 0.0452, ▁bác: 0.0093, </s>: 0.0558",2.6614,14.1631
8922,khoẻ z thiệt ds hả😭😭😭,khỏe vậy thiệt đó hả 😭😭😭,"<s>: 0.0145, <unk>: 10.3815, ▁vậy: 7.7183, ▁thiệt: 0.3796, ▁đó: 0.0249, ▁hả: 0.006, ▁: 7.7569, <unk>: 0.0442, <unk>: 0.0523, <unk>: 2.7478, </s>: 0.0869",2.6557,10.3815
21,Omg job kiếm đâu ngol zị.,Oh my god job kiếm đâu ngon vậy.,"<s>: 0.0154, ▁Oh: 4.0912, ▁my: 8.6731, ▁god: 10.2263, ▁job: 5.8809, ▁kiếm: 0.008, ▁đâu: 0.0246, ▁ngon: 0.0201, ▁vậy: 0.0783, .: 0.1174, </s>: 0.0666",2.6547,10.2263
4283,T tê c LOL th chứ bên VAL lm EDG c này.,Tôi tê con LoL thôi chứ bên Valorant làm EDG con này.,"<s>: 0.0156, ▁Tôi: 0.2035, ▁tê: 0.0392, ▁con: 0.4584, ▁Lo: 17.5745, L: 3.1869, ▁thôi: 0.0109, ▁chứ: 0.0122, ▁bên: 0.016, ▁Valor: 12.9815, ant: 12.1026, ▁làm: 0.0516, ▁E: 0.1584, DG: 0.0003, ▁con: 0.378, ▁này: 0.0425, .: 0.0892, </s>: 0.0599",2.6323,17.5745
2784,Quen iem cho gừn nèk bây bi 🌹,Quen em cho gần nè baby 🌹,"<s>: 0.015, ▁Que: 0.0057, n: 0.0486, ▁em: 0.2611, ▁cho: 0.1256, ▁gần: 7.0398, ▁nè: 0.0049, ▁baby: 14.0922, ▁: 7.1156, <unk>: 0.0957, </s>: 0.0655",2.6245,14.0922
312,Lêu lêu Cau giay nek,Lêu lêu Cầu Giấy nè,"<s>: 0.0162, ▁Lê: 0.0056, u: 0.0262, ▁lê: 0.0007, u: 0.0241, ▁Cầu: 12.4937, ▁Giấy: 0.8906, ▁nè: 9.5882, </s>: 0.2771",2.5914,12.4937
7994,đánh dau mih voi,đánh dấu mình với,"<s>: 0.0146, ▁đánh: 0.0131, ▁dấu: 7.7513, ▁mình: 0.0931, ▁với: 7.624, </s>: 0.0441",2.59,7.7513
599,Víp wa v,Vip quá vậy,"<s>: 0.015, ▁Vip: 12.8214, ▁quá: 0.0171, ▁vậy: 0.0248, </s>: 0.0712",2.5899,12.8214
5559,ủa zụ đào lửa lsao z,ủa vụ lừa đảo là sao vậy,"<s>: 0.0152, ▁: 0.0795, ủ: 0.0135, a: 0.039, ▁vụ: 0.0648, ▁lừa: 13.3421, ▁đảo: 13.1385, ▁là: 1.1076, ▁sao: 0.2306, ▁vậy: 0.3134, </s>: 0.074",2.5835,13.3421
8835,Tự checkin linh hoạt ạk,Tự check-in linh hoạt ạ,"<s>: 0.0144, ▁Tự: 0.0302, ▁check: 0.0102, -: 9.0912, in: 13.9182, ▁linh: 0.0017, ▁hoạt: 0.0484, ▁ạ: 0.0171, </s>: 0.0802",2.5791,13.9182
2611,dĩa huông théee,dễ thương thế,"<s>: 0.0151, ▁dễ: 12.247, ▁thương: 0.0072, ▁thế: 0.5085, </s>: 0.0651",2.5686,12.247
4306,Chéo fl hông huỷ nek,Chéo follow không hủy nè,"<s>: 0.015, ▁Ché: 0.0001, o: 0.0381, ▁follow: 0.0376, ▁không: 0.0292, <unk>: 8.6192, ▁nè: 11.5595, </s>: 0.1668",2.5582,11.5595
4789,Các trang khác lm ăn nên hok dám Trang nay toàn các em khỏe hàng Nên la lên đây chs zui nà Nhưg cg bt đau lai tim đc nguôi phù hợp,Các trang khác làm ăn nên không dám Trang này toàn các em khoe hàng Nên là lên đây chơi vui nè Nhưng cũng biết đâu lại tìm được người phù hợp,"<s>: 0.0135, ▁Các: 0.043, ▁trang: 0.0113, ▁khác: 0.0105, ▁làm: 0.0824, ▁ăn: 0.0217, ▁nên: 0.0512, ▁không: 0.4933, ▁dám: 0.0022, ▁Trang: 0.0014, ▁này: 5.5826, ▁toàn: 0.0149, ▁các: 0.0494, ▁em: 0.0258, ▁kho: 12.1182, e: 1.0487, ▁hàng: 0.204, ▁Nên: 0.0191, ▁là: 7.8891, ▁lên: 0.0407, ▁đây: 0.0078, ▁chơi: 0.0162, ▁vui: 0.0094, ▁nè: 4.4318, ▁Nhưng: 0.1196, ▁cũng: 0.0579, ▁biết: 0.167, ▁đâu: 13.3529, ▁lại: 11.6558, ▁tìm: 12.8668, ▁được: 7.8183, ▁người: 5.0864, ▁phù: 5.3474, ▁hợp: 0.0541, </s>: 0.0655",2.5366,13.3529
7156,Thíu nek bà,Thiếu nè bà,"<s>: 0.0172, ▁Thiếu: 11.0583, ▁nè: 1.3819, ▁bà: 0.0322, </s>: 0.0706",2.512,11.0583
8861,hoang dã wa,Hoang dã quá,"<s>: 0.0141, ▁Ho: 13.0117, ang: 1.9098, ▁dã: 0.0131, ▁quá: 0.0276, </s>: 0.0863",2.5104,13.0117
4695,Cs cột trỏng k 2 để apply dô trỏng múa🥰🫰🏻,Có cột trong đó không hai để apply vô trong đó múa🥰🫰🏻,"<s>: 0.0176, ▁Có: 0.0604, ▁cột: 0.0017, ▁trong: 11.2603, ▁đó: 9.7306, ▁không: 0.0455, ▁hai: 4.4505, ▁để: 0.0947, ▁apply: 0.0008, ▁vô: 5.4836, ▁trong: 8.7718, ▁đó: 4.4211, ▁mú: 0.2255, a: 0.0202, <unk>: 0.109, <unk>: 0.0583, <unk>: 0.0746, </s>: 0.0372",2.4924,11.2603
3779,Côg an fake hay real đây ?,Công an giả hay thật đây ?,"<s>: 0.0168, ▁Công: 0.0662, ▁an: 0.0377, ▁giả: 13.4269, ▁hay: 0.0442, ▁thật: 8.6748, ▁đây: 0.0358, ▁?: 0.017, </s>: 0.0834",2.4892,13.4269
6629,REVEW CTY.xlsx,REVIEW CÔNG TY.xlsx,"<s>: 0.0169, ▁RE: 9.5495, VIEW: 12.8863, ▁CÔNG: 1.9595, ▁TY: 0.0259, .: 0.1875, xl: 0.005, s: 0.0305, x: 0.1156, </s>: 0.0601",2.4837,12.8863
8925,dã man v🥹nhưng cx ước😂😂,dã man vậy 🥹 nhưng cũng ước 😂😂,"<s>: 0.0144, ▁dã: 0.0032, ▁man: 0.0082, ▁vậy: 0.1161, ▁: 7.5801, <unk>: 4.1141, ▁nhưng: 7.9814, ▁cũng: 0.1159, ▁ước: 0.0097, ▁: 7.5923, <unk>: 0.0672, <unk>: 4.6028, </s>: 0.0713",2.4828,7.9814
7500,Nô xấu vc lam và phu huynh đệ cx ảnh hưởng.,Nô xấu vãi cả lồn và Phu Huynh Đệ cũng ảnh hưởng.,"<s>: 0.0152, ▁N: 0.0987, ô: 0.0503, ▁xấu: 0.0127, ▁v: 2.4789, ã: 0.1539, i: 0.0521, ▁cả: 1.5407, ▁lồ: 0.1526, n: 0.1535, ▁và: 7.4481, ▁Ph: 10.7161, u: 9.7491, ▁Huy: 11.3681, nh: 4.7289, ▁Đ: 5.4906, ệ: 0.1051, ▁cũng: 0.0774, ▁ảnh: 0.014, ▁hưởng: 0.0087, .: 0.1015, </s>: 0.0719",2.4813,11.3681
7428,+1 thất sát,+1 Thất Sát,"<s>: 0.0134, ▁+1: 0.0042, ▁Th: 10.9329, ấ: 0.0533, t: 0.0539, ▁S: 7.9094, át: 0.6765, </s>: 0.1135",2.4696,10.9329
2803,Pov sẽ ngc lại.,POV sẽ ngược lại.,"<s>: 0.0151, ▁POV: 16.7795, ▁sẽ: 0.0406, ▁ngược: 0.166, ▁lại: 0.0392, .: 0.0897, </s>: 0.0765",2.4581,16.7795
301,Baby ô đâu vay cho xin zalo nhe,Baby ở đâu vậy cho xin zalo nhé,"<s>: 0.0141, ▁Baby: 0.0117, ▁ở: 10.8002, ▁đâu: 0.011, ▁vậy: 12.8083, ▁cho: 2.6534, ▁xin: 0.014, ▁za: 0.0259, lo: 0.0143, ▁nhé: 0.5272, </s>: 0.078",2.4508,12.8083
4292,thứ hai phần lớn ngt fan têliệt vì thành tích màk t1 val lgi vđ Champ :),thứ hai phần lớn người ta fan Tê Liệt vì thành tích mà T1 Valorant làm gì vô địch Champions :),"<s>: 0.014, ▁thứ: 0.0079, ▁hai: 0.0668, ▁phần: 0.0129, ▁lớn: 0.0242, ▁người: 0.0517, ▁ta: 1.1774, ▁fan: 0.0215, ▁Tê: 2.3201, ▁Li: 5.5977, ệt: 0.0059, ▁vì: 0.0658, ▁thành: 0.0071, ▁tích: 0.0035, ▁mà: 0.0691, ▁T: 5.1741, 1: 0.0671, ▁Valor: 11.1515, ant: 13.6537, ▁làm: 0.116, ▁gì: 0.0716, ▁vô: 8.1655, ▁địch: 0.4156, ▁Champions: 15.0087, <unk>: 0.1502, </s>: 0.0679",2.4418,15.0087
8885,Oizoiii ôg xã tới rùi,Ôi giời ơi ông xã tới rồi,"<s>: 0.0166, ▁Ô: 3.1362, i: 0.0513, ▁giờ: 6.7479, i: 5.4555, ▁ơi: 11.223, ▁ông: 0.046, ▁xã: 0.0086, ▁tới: 0.0619, ▁rồi: 0.0334, </s>: 0.0613",2.4402,11.223
8951,Mèo tom hát(LAN VÀ ĐIỆP,Mèo Tom hát ( LAN VÀ ĐIỆP ),"<s>: 0.016, ▁M: 0.0377, è: 0.0041, o: 0.0441, ▁Tom: 8.8595, ▁hát: 0.0177, ▁(: 7.2755, ▁LAN: 9.3449, ▁VÀ: 0.0571, ▁Đ: 0.0607, I: 0.088, Ệ: 0.0086, P: 0.0685, ▁): 10.5399, </s>: 0.0766",2.4333,10.5399
4293,Thấy game val edg lắm fan gơ nhất thì phại,Thấy game Valorant EDG lắm fan girl nhất thì phải,"<s>: 0.0169, ▁Th: 0.0183, ấ: 0.0068, y: 0.0208, ▁game: 0.0152, ▁Valor: 10.5366, ant: 10.3821, ▁E: 8.0453, DG: 3.0881, ▁lắm: 0.043, ▁fan: 0.0041, ▁girl: 5.1914, ▁nhất: 0.0416, ▁thì: 0.032, ▁phải: 0.8498, </s>: 0.0398",2.3957,10.5366
3433,Hqua thấy tongtai chà mặt vs srm này cái ik tìm koi liền lun 🤣,Hôm qua thấy Tống Tài chà mặt với sữa rửa mặt này cái đi tìm coi liền luôn 🤣,"<s>: 0.0172, ▁Hôm: 0.0258, ▁qua: 0.0656, ▁thấy: 0.0443, ▁T: 12.0623, ống: 4.5129, ▁Tài: 4.8276, ▁chà: 1.7588, ▁mặt: 0.0269, ▁với: 0.0516, ▁sữa: 8.7152, ▁rửa: 6.6735, ▁mặt: 0.0462, ▁này: 0.0329, ▁cái: 0.0232, ▁đi: 0.0353, ▁tìm: 0.0118, ▁coi: 15.6255, ▁liền: 0.0095, ▁luôn: 0.037, ▁: 0.0704, <unk>: 0.0643, </s>: 0.0587",2.3825,15.6255
6579,bên mìnk còn tuyển kh ạk e sv nnt cs hsk5,bên mình còn tuyển không ạ em sinh viên ngoại ngữ tiếng có HSK 5,"<s>: 0.0156, ▁bên: 0.0704, ▁mình: 0.0085, ▁còn: 0.0751, ▁tuyển: 0.004, ▁không: 0.0467, ▁ạ: 0.0248, ▁em: 0.0922, ▁sinh: 0.0651, ▁viên: 0.0245, ▁ngoại: 8.1018, ▁ngữ: 1.5245, ▁tiếng: 8.8018, ▁có: 11.5335, ▁H: 3.6656, SK: 4.2989, ▁5: 4.3214, </s>: 0.0823",2.3754,11.5335
2677,Cho mk xin jd biên kịch zới ạk,Cho mình xin Job Description biên kịch với ạ,"<s>: 0.0159, ▁Cho: 0.0448, ▁mình: 0.0342, ▁xin: 0.0204, ▁Job: 8.2986, ▁Description: 14.7866, ▁biên: 2.7721, ▁kịch: 0.0035, ▁với: 0.0359, ▁ạ: 0.0159, </s>: 0.0919",2.3745,14.7866
9254,"Ch chắc, đúng khoảng 60 %😅","Chưa chắc, đúng khoảng 60% 😅","<s>: 0.0161, ▁Chưa: 0.0233, ▁chắc: 0.0052, ,: 0.1346, ▁đúng: 0.0135, ▁khoảng: 0.008, ▁60%: 11.1999, ▁: 12.0103, <unk>: 0.1806, </s>: 0.1174",2.3709,12.0103
7436,Mệnh thiên tướng - vũ khúc 😅,Mệnh Thiên Tướng - Vũ Khúc 😅,"<s>: 0.0151, ▁M: 0.0532, ệ: 0.0264, nh: 0.0475, ▁Thiên: 6.0979, ▁T: 8.5892, ướng: 0.3049, ▁-: 0.0874, ▁Vũ: 6.9667, ▁Kh: 10.2783, úc: 0.3922, ▁: 0.1247, <unk>: 0.0719, </s>: 0.0745",2.3664,10.2783
3616,Lẩu bonus nướng lun nka bác,Lẩu tặng thêm nướng luôn nha bác,"<s>: 0.0166, ▁L: 0.1162, ẩ: 0.0357, u: 0.0502, ▁tặng: 12.1214, ▁thêm: 12.8762, ▁nướng: 0.3001, ▁luôn: 0.1879, ▁nha: 0.0044, ▁bác: 0.0141, </s>: 0.067",2.3445,12.8762
7721,Bán album mừi tém cộng as bà,Bán album mười tám cộng á bà,"<s>: 0.0149, ▁Bán: 0.032, ▁album: 0.0067, ▁mười: 9.5855, ▁tá: 7.0861, m: 0.1336, ▁cộng: 6.4237, ▁á: 0.0119, ▁bà: 0.0314, </s>: 0.0904",2.3416,9.5855
809,"RCM THỢ KỶ YẾU , TN PART 2","RECOMMEND THỢ KỶ YẾU , TỐT NGHIỆP PART 2","<s>: 0.015, ▁RE: 10.0681, COM: 5.7852, MEN: 12.6983, D: 7.2279, ▁TH: 0.0821, Ợ: 0.0113, ▁K: 0.0432, Ỷ: 0.051, ▁Y: 0.1074, Ế: 0.034, U: 0.1129, ▁: 0.0554, ,: 0.0613, ▁T: 4.1058, Ố: 4.3629, T: 1.4111, ▁NGHIỆP: 3.9964, ▁: 1.1444, PART: 0.0001, ▁2: 0.0303, </s>: 0.0698",2.3397,12.6983
8907,4 bài nhóm còn ít qa.,Bốn bài nhóm còn ít quá.,"<s>: 0.0144, ▁Bố: 11.2633, n: 11.8006, ▁bài: 0.0137, ▁nhóm: 0.0152, ▁còn: 0.0491, ▁ít: 0.0211, ▁quá: 0.0057, .: 0.0856, </s>: 0.0812",2.335,11.8006
8302,2 ng cu đơnnn,hai người cô đơn,"<s>: 0.016, ▁hai: 5.614, ▁người: 0.0631, ▁cô: 7.9742, ▁đơn: 0.0078, </s>: 0.2718",2.3245,7.9742
8494,Cung tật ách cs liêm trinh+thiên tướng thì nnao zị b?,Cung Tật Ách có Liêm Trinh + Thiên Tướng thì như nào vậy bạn?,"<s>: 0.0153, ▁Cung: 0.0071, ▁T: 13.2492, ật: 0.7273, ▁Á: 4.6108, ch: 3.0113, ▁có: 0.0757, ▁Li: 6.0041, êm: 0.0007, ▁Trin: 3.4599, h: 0.0105, ▁+: 3.0967, ▁Thiên: 6.8286, ▁T: 6.7892, ướng: 1.3157, ▁thì: 0.0873, ▁như: 0.773, ▁nào: 0.6482, ▁vậy: 0.0812, ▁bạn: 0.1407, ?: 0.0738, </s>: 0.0578",2.3211,13.2492
9308,Q mệt mỏi:),Quá mệt mỏi :),"<s>: 0.0155, ▁Quá: 0.0717, ▁mệt: 0.0185, ▁mỏi: 0.0236, <unk>: 8.2658, </s>: 5.5253",2.3201,8.2658
5247,T vay đc trên vnd 1 củ 😅,Tôi vay được trên VayVND 1 củ 😅,"<s>: 0.0162, ▁Tôi: 0.2548, ▁vay: 0.0112, ▁được: 0.0996, ▁trên: 0.0353, ▁Va: 10.2227, y: 3.277, VN: 7.2391, D: 10.9891, ▁1: 0.0659, ▁củ: 0.0038, ▁: 0.0893, <unk>: 0.0685, </s>: 0.073",2.3175,10.9891
7272,Khoá hsa hocmai ok kh ạk,Khóa HSA Hocmai ok không ạ,"<s>: 0.0168, <unk>: 9.8385, ▁H: 4.612, SA: 2.0538, ▁Hoc: 6.4642, mai: 0.0222, ▁ok: 0.0061, ▁không: 0.0268, ▁ạ: 0.0198, </s>: 0.0747",2.3135,9.8385
4290,Bởi vì lol cs faker còn valorant thì kh,Bởi vì LoL có Faker còn Valorant thì không,"<s>: 0.0149, ▁Bởi: 0.0099, ▁vì: 0.0153, ▁Lo: 15.4578, L: 3.2674, ▁có: 0.0712, ▁Fa: 2.5601, ker: 0.0019, ▁còn: 0.058, ▁Valor: 10.7229, ant: 0.0041, ▁thì: 0.0553, ▁không: 0.0506, </s>: 0.0827",2.3123,15.4578
5742,ik ăn tối giải toả một chút thì lotte mall west lake bật full list enhypen ố yè cant get chu out of my head 🫠,đi ăn tối giải tỏa một chút thì Lotte Mall West Lake bật full list ENHYPEN ố dè can't get chu out of my head 🫠,"<s>: 0.0132, ▁đi: 0.0799, ▁ăn: 0.0373, ▁tối: 0.0273, ▁giải: 0.0036, ▁tỏ: 7.0104, a: 1.8742, ▁một: 0.0469, ▁chút: 0.0105, ▁thì: 0.0564, ▁Lotte: 5.0776, ▁Mall: 2.1963, ▁West: 5.8328, ▁Lake: 5.1764, ▁bật: 0.0002, ▁full: 0.0013, ▁list: 0.0042, ▁EN: 11.3112, HY: 5.1698, PEN: 5.9602, ▁: 0.052, ố: 0.004, ▁dè: 11.9059, ▁can: 5.8138, ': 11.1498, t: 1.725, ▁get: 0.0133, ▁chu: 0.0026, ▁out: 0.0477, ▁of: 0.0135, ▁my: 0.0198, ▁head: 0.0049, ▁: 0.074, <unk>: 0.0457, </s>: 0.041",2.3086,11.9059
8201,Zạ giá hoa Peony hnay là 1.250k/10 cành ạk.,Dạ giá hoa mẫu đơn hôm nay là 1.250.000/10 cành ạ.,"<s>: 0.0162, ▁Dạ: 0.0378, ▁giá: 0.0442, ▁hoa: 0.0204, ▁mẫu: 14.1609, ▁đơn: 3.8616, ▁hôm: 0.2083, ▁nay: 0.0946, ▁là: 0.0689, ▁1.2: 9.1016, 50.000: 11.3717, /10: 0.0016, ▁c: 0.0219, ành: 0.0006, ▁ạ: 0.0117, .: 0.0689, </s>: 0.0579",2.3029,14.1609
4624,• Địa điểm: On.line tại nhà,• Địa điểm: Online tại nhà,"<s>: 0.0135, ▁•: 0.003, ▁Địa: 0.0074, ▁điểm: 0.0417, :: 0.0446, ▁Online: 12.0866, ▁tại: 8.3915, ▁nhà: 0.0407, </s>: 0.0879",2.3019,12.0866
7264,kảm ơn phiên live của Ganier vì đã giúp mìn chọn quà 8/3 trễ cho c,cảm ơn phiên live của Garnier vì đã giúp mình chọn quà mùng 8 tháng 3 trễ cho chị,"<s>: 0.0151, ▁cảm: 0.1509, ▁ơn: 0.0288, ▁phiên: 0.0037, ▁live: 0.0034, ▁của: 0.1449, ▁Gar: 15.8709, nier: 9.3019, ▁vì: 0.063, ▁đã: 0.1199, ▁giúp: 0.0122, ▁mình: 0.2393, ▁chọn: 0.0204, ▁quà: 0.013, ▁m: 13.6835, ùng: 1.7791, ▁8: 0.0522, ▁tháng: 7.3577, ▁3: 4.2013, ▁tr: 0.5118, ễ: 0.1065, ▁cho: 0.0788, ▁chị: 1.2939, </s>: 0.1185",2.2988,15.8709
1738,r bjk bía thg sơn hoàng lunnn,rồi biết bias thằng Sơn Hoàng luôn,"<s>: 0.0151, ▁rồi: 0.0304, ▁biết: 0.0248, ▁bi: 7.8224, as: 1.7424, ▁thằng: 0.956, ▁Sơn: 7.6943, ▁Hoàng: 4.4611, ▁luôn: 0.0123, </s>: 0.1029",2.2862,7.8224
8249,chắc b đấy bị ảo audio ấy,chắc bạn đấy bị ảo âm thanh ấy,"<s>: 0.0138, ▁chắc: 0.0029, ▁bạn: 0.0462, ▁đấy: 0.0065, ▁bị: 0.0579, ▁ảo: 0.0008, ▁âm: 9.1719, ▁thanh: 13.3995, ▁ấy: 0.0187, </s>: 0.0944",2.2813,13.3995
7824,"Cười ẻ, ai thèm car chứ.","Cười ỉa, ai thèm care chứ.","<s>: 0.0156, ▁C: 0.0771, ười: 0.0011, ▁: 0.2469, ỉ: 12.3158, a: 4.7911, ,: 0.1143, ▁ai: 0.0167, ▁thèm: 0.0035, ▁care: 11.8999, ▁chứ: 0.024, .: 0.0822, </s>: 0.0543",2.2802,12.3158
4472,Ở kv CMT8.,Ở khu vực Cách Mạng Tháng 8.,"<s>: 0.0127, ▁Ở: 0.0418, ▁khu: 1.2143, ▁vực: 0.0182, ▁Cách: 9.7654, ▁Mạng: 2.3019, ▁Tháng: 2.1074, ▁8.: 4.98, </s>: 0.0745",2.2796,9.7654
9118,Ns🗣️ Em vs ah Kiên 🧔🏻‍♂️chỉ tình cờ 💥gặp nhau 👩‍❤️‍👨thôi ạk Tình cờ ah… M thik tình cờ ak☠️ Chính mắt tao👀 trôg thấy m ik vào nhà trọ 🏠con Quỳnh👩🏻,Nói Em với anh Kiên chỉ tình cờ gặp nhau thôi ạ Tình cờ à… Mày thích tình cờ à Chính mắt tao trông thấy mày đi vào nhà trọ con Quỳnh,"<s>: 0.0145, ▁Nói: 0.0642, ▁Em: 9.9846, ▁với: 0.1746, ▁anh: 0.0257, ▁Ki: 0.009, ên: 0.0033, ▁chỉ: 13.7781, ▁tình: 0.0497, ▁cờ: 0.0023, ▁gặp: 11.3994, ▁nhau: 0.0361, ▁thôi: 8.8117, ▁ạ: 3.9266, ▁Tình: 0.0049, ▁cờ: 0.0016, ▁à: 0.6975, ...: 0.037, ▁Mà: 0.6196, y: 0.0314, ▁thích: 0.0299, ▁tình: 0.0108, ▁cờ: 0.001, ▁à: 0.1009, ▁Chính: 10.8672, ▁mắt: 0.0096, ▁tao: 0.0227, ▁trông: 5.2108, ▁thấy: 0.3102, ▁mày: 0.0172, ▁đi: 0.0201, ▁vào: 0.03, ▁nhà: 0.0122, ▁trọ: 0.0026, ▁con: 11.366, ▁Qu: 8.731, ỳ: 0.0331, nh: 0.0078, </s>: 2.2327",2.274,13.7781
7886,Cs tiền mua ko màk đâu=))))),Có tiền mua không mà đòi=))))),"<s>: 0.0153, ▁Có: 0.034, ▁tiền: 0.0235, ▁mua: 0.0202, ▁không: 0.156, ▁mà: 0.0803, ▁đòi: 13.8751, =: 10.5344, ): 0.0937, <unk>: 0.0992, </s>: 0.0598",2.272,13.8751
339,Mụp mụp z mắn đẻ,Mập mập vậy mắn đẻ,"<s>: 0.016, ▁M: 0.0333, ập: 10.4236, ▁m: 0.5571, ập: 7.6933, ▁vậy: 1.418, ▁mắn: 0.0244, ▁đẻ: 0.0057, </s>: 0.0703",2.2491,10.4236
8846,Mong cả nhà thờ rét citi giúp đỡ 🥺,Mong cả nhà Threads city giúp đỡ 🥺,"<s>: 0.0138, ▁Mong: 0.0202, ▁cả: 0.0801, ▁nhà: 0.0355, ▁Thread: 14.63, s: 6.726, ▁city: 5.0618, ▁giúp: 0.0255, ▁đỡ: 0.0048, ▁: 0.086, <unk>: 0.0824, </s>: 0.0793",2.2371,14.63
375,2 câi thg ku nay,2 cái thằng cu này,"<s>: 0.0168, ▁2: 0.0806, ▁cái: 3.568, ▁thằng: 0.5957, ▁cu: 8.0981, ▁này: 3.2318, </s>: 0.0686",2.2371,8.0981
4069,mìh từ meiji chuyển qua similac total pro thấy khá ổn nhược điểm là pha khó tan,mình từ Meiji chuyển qua Similac Total Pro thấy khá ổn nhược điểm là pha khó tan,"<s>: 0.0143, ▁mình: 0.0312, ▁từ: 0.0421, ▁Mei: 10.5592, ji: 0.6857, ▁chuyển: 0.0078, ▁qua: 0.0312, ▁Si: 7.506, mi: 4.496, lac: 13.7095, ▁Total: 5.5202, ▁Pro: 6.2607, ▁thấy: 0.0344, ▁khá: 0.022, ▁ổn: 0.0042, ▁nhược: 0.0009, ▁điểm: 0.033, ▁là: 0.0759, ▁pha: 0.0045, ▁khó: 0.0065, ▁tan: 0.0005, </s>: 0.0738",2.2327,13.7095
8993,CGI NẮM THT AS CLM VÃI LÔN,CÁI GÌ NẮM THẬT Á CÁI LỒN MẸ VÃI LỒN,"<s>: 0.0159, ▁C: 1.0916, Á: 12.4767, I: 0.5712, ▁G: 2.1104, Ì: 1.2124, ▁N: 0.0201, Ắ: 0.0306, M: 0.0185, ▁TH: 0.322, Ậ: 0.3795, T: 0.0599, ▁Á: 2.8778, ▁C: 1.6649, Á: 8.8752, I: 0.2442, ▁L: 1.8457, Ồ: 3.6174, N: 2.9502, ▁M: 7.5436, Ẹ: 3.6793, ▁V: 2.8038, Ã: 0.1041, I: 0.0727, ▁L: 0.0398, Ồ: 7.5035, N: 0.035, </s>: 0.0548",2.2222,12.4767
3367,Dzừa lm dzừa tan hưong nek em,Vừa làm vừa tận hưởng nè em,"<s>: 0.0154, ▁V: 0.0572, ừ: 0.0044, a: 0.1388, ▁làm: 0.0742, ▁vừa: 0.0329, ▁tận: 17.5139, ▁hưởng: 5.6794, ▁nè: 0.7886, ▁em: 0.0481, </s>: 0.0693",2.2202,17.5139
2190,:)) tôi hay tập cali hùng vương parkson giấc 8pm tới khuya.,:)) tôi hay tập Cali Hùng Vương Parkson giấc 8 giờ tối tới khuya.,"<s>: 0.014, <unk>: 1.4017, ▁tôi: 0.0409, ▁hay: 0.0162, ▁tập: 0.0117, ▁Cali: 8.7703, ▁Hùng: 8.7063, ▁Vương: 4.7607, ▁Park: 3.1057, son: 0.0009, ▁giấc: 0.0015, ▁8: 0.0067, ▁giờ: 6.0482, ▁tối: 9.0317, ▁tới: 0.0495, ▁khu: 0.0107, ya: 0.0411, .: 0.0738, </s>: 0.0794",2.2195,9.0317
7814,"Say gold buy vs n lunnn bn ạk, ae mik cứ singer th =))))))))))))","Say goodbye với nó luôn bạn ạ, anh em mình cứ single thôi =))))))))))))","<s>: 0.0139, ▁Say: 0.0005, ▁good: 10.967, by: 13.3757, e: 7.9181, ▁với: 0.0254, ▁nó: 0.0409, ▁luôn: 0.0158, ▁bạn: 0.0396, ▁ạ: 0.0464, ,: 0.083, ▁anh: 0.5619, ▁em: 0.0331, ▁mình: 0.0176, ▁cứ: 0.0108, ▁single: 12.8837, ▁thôi: 0.3495, ▁=: 0.009, <unk>: 0.0348, <unk>: 0.0397, </s>: 0.0272",2.214,13.3757
2914,Mỏ Cày 2k2 hè luuuu anhhhhhhh,Mỏ Cày 2k2 hello anh,"<s>: 0.0167, ▁M: 0.0344, ỏ: 0.0086, ▁Cà: 0.0037, y: 0.0541, ▁2: 0.0198, k: 0.0771, 2: 0.0204, ▁hell: 16.6053, o: 4.9249, ▁anh: 0.0265, </s>: 4.7504",2.2118,16.6053
3450,Họ hàng cái 💩.,Họ hàng cái cứt.,"<s>: 0.0144, ▁Họ: 0.0128, ▁hàng: 0.0193, ▁cái: 0.0411, ▁cứ: 12.478, t: 4.4647, .: 0.5722, </s>: 0.0731",2.2095,12.478
8189,Thiệt này k bt def shao,Thật này không biết bênh sao,"<s>: 0.0146, ▁Thật: 4.289, ▁này: 0.0668, ▁không: 0.1131, ▁biết: 0.057, ▁bên: 9.7875, h: 5.0949, ▁sao: 0.2375, </s>: 0.0718",2.1925,9.7875
535,Shao cứ thấy hình pónk quý bà Smell đâu đây,Sao cứ thấy hình bóng quý bà Smeb đâu đây,"<s>: 0.0161, ▁Sao: 0.0137, ▁cứ: 0.0219, ▁thấy: 0.0205, ▁hình: 0.0217, ▁bóng: 6.9898, ▁quý: 0.036, ▁bà: 0.0206, ▁Sme: 10.3305, b: 10.1817, ▁đâu: 0.7427, ▁đây: 0.0338, </s>: 0.0624",2.1917,10.3305
8393,Pha đók sáu tút liên mik vs a xìn mak :)) Nma ksao tất cả tại hai thành mù quáng tin sáu wa ….,Pha đó Sáu Tút liên minh với anh Trấn Thành mà :)) Nhưng mà không sao tất cả tại Hai Thành mù quáng tin Sáu quá ….,"<s>: 0.0138, ▁Pha: 0.0105, ▁đó: 0.0302, ▁Sá: 8.4155, u: 10.0447, ▁Tú: 6.4418, t: 0.0251, ▁liên: 0.0231, ▁minh: 7.8826, ▁với: 0.1601, ▁anh: 0.2204, ▁Tr: 12.1227, ấ: 3.2855, n: 0.0931, ▁Thành: 9.3824, ▁mà: 0.0253, <unk>: 0.2135, ▁Nhưng: 0.0558, ▁mà: 0.0869, ▁không: 1.2076, ▁sao: 1.7112, ▁tất: 0.0134, ▁cả: 0.0215, ▁tại: 0.0231, ▁Hai: 6.5174, ▁Thành: 4.6641, ▁m: 0.0819, ù: 0.0096, ▁quá: 0.006, ng: 0.0348, ▁tin: 0.0098, ▁Sá: 6.1165, u: 1.3048, ▁quá: 0.0317, ▁...: 0.0474, .: 0.0643, </s>: 0.0504",2.1743,12.1227
5838,cs tuyển full time hông ạk,cơ sở tuyển full-time không ạ,"<s>: 0.0152, ▁cơ: 10.5908, ▁sở: 0.7563, ▁tuyển: 1.7241, ▁full: 0.0019, -: 5.7448, time: 2.744, ▁không: 0.0251, ▁ạ: 0.0147, </s>: 0.0803",2.1697,10.5908
4404,"C t ngày dùng nature love mere, đêm dùng momo rabit","Con tôi ngày dùng Nature Love Mere, đêm dùng Momo Rabbit","<s>: 0.0157, ▁Con: 0.7547, ▁tôi: 0.0981, ▁ngày: 0.0189, ▁dùng: 0.031, ▁Nature: 6.1876, ▁Love: 3.9583, ▁Mere: 3.7197, ,: 0.0921, ▁đêm: 0.0074, ▁dùng: 0.0312, ▁Mo: 7.0929, mo: 0.4864, ▁Rabbi: 12.0011, t: 0.0215, </s>: 0.1034",2.1638,12.0011
3974,check mess mk nka,check messenger mình nha,"<s>: 0.014, ▁check: 0.0178, ▁messenger: 12.6323, ▁mình: 0.2152, ▁nha: 0.0209, </s>: 0.0811",2.1635,12.6323
161,"Mai sốp cs ko, ship về kđt định côg bn ạk","Mai shop có không, ship về khu đô thị Định Công bao nhiêu ạ","<s>: 0.0142, ▁Mai: 0.0096, ▁shop: 0.0428, ▁có: 0.1036, ▁không: 0.148, ,: 0.1146, ▁ship: 0.0034, ▁về: 0.0717, ▁khu: 8.2007, ▁đô: 9.7503, ▁thị: 1.9727, ▁Định: 4.9598, ▁Công: 1.8249, ▁bao: 9.2031, ▁nhiêu: 0.1991, ▁ạ: 0.0766, </s>: 0.0793",2.1632,9.7503
2903,Ib nc a hén,Inbox nói chuyện anh nhen,"<s>: 0.015, ▁In: 0.0218, box: 0.0278, ▁nói: 3.399, ▁chuyện: 0.4261, ▁anh: 0.2804, ▁nh: 14.0034, en: 1.2145, </s>: 0.0696",2.162,14.0034
7431,Văn xương vũ khúc thì s ạk?,Văn Xương Vũ Khúc thì sao ạ?,"<s>: 0.0139, ▁Văn: 0.0127, ▁X: 12.7011, ương: 2.341, ▁Vũ: 2.2535, ▁Kh: 8.1329, úc: 0.217, ▁thì: 0.057, ▁sao: 0.0529, ▁ạ: 0.0279, ?: 0.0536, </s>: 0.0655",2.1607,12.7011
5206,Không nh.,Không ngân hàng.,"<s>: 0.0131, ▁Không: 0.0264, ▁ngân: 12.2116, ▁hàng: 0.0235, .: 0.5912, </s>: 0.0664",2.1553,12.2116
9305,bd move on cực nhanh lunnn:))),bắt đầu move on cực nhanh luôn :))),"<s>: 0.0142, ▁bắt: 4.9242, ▁đầu: 0.0141, ▁move: 0.0005, ▁on: 0.0127, ▁cực: 0.016, ▁nhanh: 0.0149, ▁luôn: 0.0365, <unk>: 8.4624, </s>: 8.0166",2.1512,8.4624
3300,còn ten thui.,content thôi.,"<s>: 0.0147, ▁content: 10.2912, ▁thôi: 0.2081, .: 0.1003, </s>: 0.0749",2.1378,10.2912
384,ah chao em,anh chào em,"<s>: 0.0163, ▁anh: 0.2784, ▁chào: 10.2194, ▁em: 0.0882, </s>: 0.0836",2.1372,10.2194
2818,Qua đẹp zai,Quá đẹp trai,"<s>: 0.0154, ▁Quá: 10.5281, ▁đẹp: 0.0107, ▁trai: 0.0544, </s>: 0.0637",2.1345,10.5281
6323,chắc ph qay cho ba cái video để gửi lời kảm ơn dào dạt này wa ^^,chắc phải quay cho ba cái video để gửi lời cảm ơn dạt dào này quá ^^,"<s>: 0.015, ▁chắc: 0.0054, ▁phải: 0.0077, ▁quay: 0.5995, ▁cho: 0.1217, ▁ba: 0.0375, ▁cái: 0.0255, ▁video: 0.0042, ▁để: 0.0559, ▁gửi: 0.0251, ▁lời: 0.0451, ▁cảm: 0.0894, ▁ơn: 0.1044, ▁dạ: 11.9453, t: 7.1526, ▁dà: 10.6808, o: 0.0598, ▁này: 13.4091, ▁quá: 0.0463, <unk>: 0.074, </s>: 0.0677",2.1225,13.4091
1734,=))))) đòi hẳn 2 cái chúc chích thịt ng,=))))) đòi hẳn 2 cái xúc xích thịt người,"<s>: 0.0143, ▁=): 0.0024, <unk>: 0.0623, ▁đòi: 0.0009, ▁hẳn: 0.0015, ▁2: 0.0508, ▁cái: 0.0174, ▁xúc: 15.7363, ▁x: 10.3851, ích: 1.123, ▁thịt: 0.006, ▁người: 0.07, </s>: 0.0977",2.1206,15.7363
8486,"liêm trinh ở phu thê tại ngọ, thiên tướng ở thiên di tại thìn thì cần chú ý nhx j ạk?","Liêm Trinh ở Phu Thê tại Ngọ, Thiên Tướng ở Thiên Di tại Thìn thì cần chú ý những gì ạ?","<s>: 0.014, ▁Li: 6.1573, êm: 0.0024, ▁Trin: 5.6964, h: 0.0136, ▁ở: 0.1247, ▁Ph: 8.7758, u: 5.3996, ▁Th: 9.8021, ê: 0.9549, ▁tại: 0.1471, ▁Ng: 2.0861, ọ: 0.0084, ,: 0.1075, ▁Thiên: 4.8343, ▁T: 9.1836, ướng: 0.8525, ▁ở: 0.077, ▁Thiên: 3.8143, ▁Di: 3.189, ▁tại: 0.0806, ▁T: 7.3673, hì: 0.715, n: 0.0645, ▁thì: 0.065, ▁cần: 0.0221, ▁chú: 0.0055, ▁ý: 0.032, ▁những: 0.1143, ▁gì: 0.0325, ▁ạ: 0.0306, ?: 0.1015, </s>: 0.069",2.1194,9.8021
4285,Bên T1 VAL cs zô địch z giới lắm đâu đòi đông fan như LOL.,Bên T1 Valorant có vô địch thế giới lắm đâu đòi đông fan như LoL.,"<s>: 0.0156, ▁Bên: 0.0252, ▁T: 0.9283, 1: 0.0614, ▁Valor: 10.9406, ant: 13.4379, ▁có: 0.0589, ▁vô: 0.1096, ▁địch: 0.0018, ▁thế: 0.1857, ▁giới: 0.0172, ▁lắm: 0.0255, ▁đâu: 0.0231, ▁đòi: 0.0011, ▁đông: 0.0097, ▁fan: 0.0048, ▁như: 0.0704, ▁Lo: 16.4985, L: 1.9087, .: 0.1071, </s>: 0.059",2.1186,16.4985
689,Bé này đẹp zai tương đương Chae woon wo,Bé này đẹp trai tương đương Cha Eun Woo,"<s>: 0.0143, ▁Bé: 0.0195, ▁này: 0.0473, ▁đẹp: 0.0116, ▁trai: 0.0174, ▁tương: 0.0076, ▁đương: 0.0042, ▁Cha: 0.0133, ▁E: 10.0889, un: 8.6825, ▁Woo: 6.1111, </s>: 0.3426",2.1133,10.0889
9132,tui dzừa sắm lun r chứ k đợi nỗi kkkkk,tui vừa sắm luôn rồi chứ không đợi nổi kaka,"<s>: 0.0133, ▁tui: 0.1483, ▁vừa: 0.058, ▁sắm: 0.0146, ▁luôn: 0.0379, ▁rồi: 0.0271, ▁chứ: 0.0197, ▁không: 0.1006, ▁đợi: 0.0062, ▁nổi: 12.26, ▁kaka: 12.5786, </s>: 0.0423",2.1089,12.5786
3593,Tôi cs cgiac như đọc bhtt :)),Tôi có cảm giác như đọc bách hợp tiểu thuyết :)),"<s>: 0.0156, ▁Tôi: 0.0389, ▁có: 0.0561, ▁cảm: 0.0026, ▁giác: 0.0249, ▁như: 0.0516, ▁đọc: 0.0107, ▁: 5.6134, bách: 0.0051, ▁hợp: 8.9038, ▁tiểu: 10.5133, ▁thuyết: 4.1246, <unk>: 0.0731, </s>: 0.0574",2.1065,10.5133
5952,"Do thị trg lao động như lone í, lương thấp, kpis trên s hoả, OT free ... mấy tháng trc teo cx i mài h as","Do thị trường lao động như lồn ý, lương thấp, KPIs trên sao hỏa, OT free ... mấy tháng trước tao cũng y mày giờ á","<s>: 0.0138, ▁Do: 0.0453, ▁thị: 0.0143, ▁trường: 0.0011, ▁la: 0.0343, o: 0.2144, ▁động: 0.0113, ▁như: 0.0553, ▁lồ: 5.5811, n: 0.035, ▁ý: 0.9388, ,: 0.1035, ▁lương: 0.0071, ▁thấp: 0.0262, ,: 0.0956, ▁K: 8.066, PI: 3.2308, s: 9.6706, ▁trên: 0.023, ▁sao: 0.063, <unk>: 7.444, ,: 0.1585, ▁OT: 0.0001, ▁free: 0.0008, ▁...: 0.0218, ▁mấy: 0.0106, ▁tháng: 0.0083, ▁trước: 0.0247, ▁tao: 15.6269, ▁cũng: 0.0752, ▁y: 5.5334, ▁mày: 9.3299, ▁giờ: 7.0979, ▁á: 0.0205, </s>: 0.1043",2.1054,15.6269
4101,Sốp ở vinhome q9 vk ơi,Shop ở Vinhomes Quận 9 vợ ơi,"<s>: 0.0147, ▁Shop: 0.1812, ▁ở: 0.0555, ▁Vin: 11.8486, home: 2.9996, s: 5.2881, ▁Quận: 1.4757, ▁9: 0.2949, ▁vợ: 0.8938, ▁ơi: 0.018, </s>: 0.0855",2.1051,11.8486
5059,"2026, còn lại cake và fe.","2026, còn lại Cake và FE.","<s>: 0.0126, ▁20: 0.0123, 26: 0.0031, ,: 0.1538, ▁còn: 0.0448, ▁lại: 0.1281, ▁Ca: 12.1071, ke: 0.4897, ▁và: 0.086, ▁FE: 12.0163, .: 0.0918, </s>: 0.0786",2.102,12.1071
3727,"Sơn Tùng neh, vd gần nhất là bài ĐLTTAĐ trụ top 1 khoảng 20 ngày","Sơn Tùng nè, ví dụ gần nhất là bài Đừng Làm Trái Tim Anh Đau trụ top 1 khoảng 20 ngày","<s>: 0.0148, ▁Sơn: 0.0037, ▁T: 0.0187, ùng: 0.0004, ▁nè: 0.0216, ,: 0.0667, ▁ví: 0.0832, ▁dụ: 0.0014, ▁gần: 0.0109, ▁nhất: 0.0164, ▁là: 0.0668, ▁bài: 0.0076, ▁Đừng: 11.9439, ▁Làm: 4.5607, ▁Trá: 7.6854, i: 0.1126, ▁Tim: 3.5981, ▁Anh: 13.3222, ▁Đa: 13.3979, u: 0.4007, ▁trụ: 1.0669, ▁top: 0.0253, ▁1: 0.0383, ▁khoảng: 0.0078, ▁20: 0.0028, ▁ngày: 0.0476, </s>: 0.068",2.0959,13.3979
831,- Cnay mẹ kêu do châ khởi xướng.,Cái này mẹ kêu do cha khởi xướng.,"<s>: 0.0156, ▁Cái: 12.8583, ▁này: 0.0517, ▁mẹ: 0.0495, ▁kêu: 0.0038, ▁do: 0.0398, ▁cha: 11.8661, ▁khởi: 0.0071, ▁x: 0.0233, ướng: 0.0027, .: 0.0819, </s>: 0.1037",2.092,12.8583
7273,"Côg đức zô lượng ạk, ad đừg xoá bài nka😭","Công đức vô lượng ạ, admin đừng xóa bài nha😭","<s>: 0.0148, ▁Công: 0.0487, ▁đức: 0.0088, ▁vô: 0.0305, ▁lượng: 0.0186, ▁ạ: 0.0269, ,: 0.0949, ▁admin: 8.7408, ▁đừng: 9.8787, <unk>: 10.2222, ▁bài: 0.036, ▁nha: 0.0055, <unk>: 0.0548, </s>: 0.0553",2.0883,10.2222
1174,Tus ơi e xin ảnh nhé,Chủ status ơi em xin ảnh nhé,"<s>: 0.0149, ▁Chủ: 13.2724, ▁status: 5.1245, ▁ơi: 0.0344, ▁em: 0.1115, ▁xin: 0.0152, ▁ảnh: 0.056, ▁nhé: 0.0518, </s>: 0.0774",2.0842,13.2724
3672,đẹp chỉnh chu wa shop ơi,đẹp chỉn chu quá shop ơi,"<s>: 0.0139, ▁đẹp: 0.0259, ▁chỉ: 12.1457, n: 6.4266, ▁chu: 0.0074, ▁quá: 0.0075, ▁shop: 0.0064, ▁ơi: 0.0116, </s>: 0.0946",2.0822,12.1457
5307,Ae b ùng c ht mịa chn ik .,Anh em bùng con mẹ hết chúng nó đi .,"<s>: 0.0147, ▁Anh: 0.2776, ▁em: 0.9154, ▁b: 2.6523, ùng: 0.67, ▁con: 1.8022, ▁mẹ: 12.1058, ▁hết: 0.2438, ▁chúng: 9.2491, ▁nó: 0.9185, ▁đi: 0.0691, ▁: 0.0534, .: 0.0503, </s>: 0.0694",2.078,12.1058
7929,cmt tưởng đg quýnh lộn nhau ở trỏng,comment tưởng đang đánh lộn nhau ở trong đó,"<s>: 0.0167, ▁comment: 0.1019, ▁tưởng: 0.0062, ▁đang: 0.2414, ▁đánh: 13.983, ▁lộ: 0.0098, n: 0.0553, ▁nhau: 0.0205, ▁ở: 0.0619, ▁trong: 6.4933, ▁đó: 3.8345, </s>: 0.0919",2.0764,13.983
1046,3h15 sáng đây ạk,3 giờ 15 phút sáng đây ạ,"<s>: 0.0165, ▁3: 0.0311, ▁giờ: 3.78, ▁15: 4.7987, ▁phút: 9.8188, ▁sáng: 0.0344, ▁đây: 0.0467, ▁ạ: 0.0148, </s>: 0.084",2.0694,9.8188
1061,i lớp gò vấp 🥰🫰🏻,I love Gò Vấp 🥰🫰🏻,"<s>: 0.0177, ▁I: 6.3901, ▁love: 14.4894, ▁G: 4.0425, ò: 0.0278, ▁V: 1.5239, ấ: 0.0113, p: 0.0347, ▁: 0.0747, <unk>: 0.0527, <unk>: 0.0735, <unk>: 0.0823, </s>: 0.0598",2.0677,14.4894
9127,"dear Hùng 🍐 em cg muốn cs quà 8/3 😭, ghen tị quáaaaaaaaaaaaaaaa, về HCM cs quà cho tụi e ms chịuuuuuuuu","gửi Hùng em cũng muốn có quà mùng 8 tháng 3 😭, ghen tị quá, về Hồ Chí Minh có quà cho tụi em mới chịu","<s>: 0.0139, ▁gửi: 16.3227, ▁Hùng: 0.6856, ▁em: 5.8291, ▁cũng: 0.069, ▁muốn: 0.0162, ▁có: 0.0511, ▁quà: 0.0071, ▁m: 12.6338, ùng: 1.2637, ▁8: 0.0376, ▁tháng: 6.1538, ▁3: 2.829, ▁: 0.1965, <unk>: 0.0811, ,: 0.1008, ▁gh: 0.0026, en: 0.0143, ▁t: 0.0257, ị: 0.0162, ▁quá: 0.016, ,: 4.6311, ▁về: 0.0455, ▁Hồ: 3.5387, ▁Chí: 0.0121, ▁Minh: 0.0232, ▁có: 0.0829, ▁quà: 0.0114, ▁cho: 0.0893, ▁tụ: 0.0144, i: 0.0666, ▁em: 0.0804, ▁mới: 0.0577, ▁chịu: 10.753, </s>: 6.2911",2.059,16.3227
4545,Bà noại 😹,Bà ngoại 😹,"<s>: 0.0162, ▁Bà: 0.0271, ▁ngoại: 12.0557, ▁: 0.1095, <unk>: 0.0631, </s>: 0.0752",2.0578,12.0557
4994,"Qá đc, ai ns j km hon thui","Quá được, ai nói gì kệ mẹ họ thôi","<s>: 0.017, ▁Quá: 0.1129, ▁được: 0.1031, ,: 0.1369, ▁ai: 0.0233, ▁nói: 0.0287, ▁gì: 0.0179, ▁k: 7.8143, ệ: 4.1568, ▁mẹ: 4.9424, ▁họ: 9.2717, ▁thôi: 0.0509, </s>: 0.0713",2.0575,9.2717
4054,"mua ik ae oiii, bà c tui bả lê gits lê gits","mua đi anh em ơi, bà chị tui bả legit legit","<s>: 0.0152, ▁mua: 0.0379, ▁đi: 0.0217, ▁anh: 0.5646, ▁em: 0.1396, ▁ơi: 0.0399, ,: 0.0831, ▁bà: 0.0316, ▁chị: 2.1771, ▁tui: 0.1599, ▁b: 0.0251, ả: 0.0083, <unk>: 16.3215, <unk>: 5.3726, </s>: 5.7847",2.0522,16.3215
8670,2 là ht tcam dồi nên kh muôn nựa,Hai là hết tình cảm rồi nên không muốn nữa,"<s>: 0.016, ▁Hai: 7.2448, ▁là: 0.0533, ▁hết: 0.0094, ▁tình: 1.5571, ▁cảm: 0.1115, ▁rồi: 7.8853, ▁nên: 0.0532, ▁không: 0.0699, ▁muốn: 6.4037, ▁nữa: 1.0741, </s>: 0.0795",2.0465,7.8853
1688,JD SẮC để ở đây nka:,Job Description SẮC để ở đây nha:,"<s>: 0.0154, ▁Job: 8.946, ▁Description: 10.395, ▁S: 4.3371, Ắ: 0.1725, C: 0.2805, ▁để: 0.0839, ▁ở: 0.0938, ▁đây: 0.0172, ▁nha: 0.0133, :: 0.0347, </s>: 0.0824",2.0393,10.395
3712,PAK mọi nền tảng lunnn màk =))) quả này hay thiệt.,Perfect All-Kill mọi nền tảng luôn mà =))) quả này hay thiệt.,"<s>: 0.0141, ▁Perfect: 10.7212, ▁All: 12.3344, -: 3.4011, K: 4.3638, ill: 6.7762, ▁mọi: 0.0164, ▁nền: 0.002, ▁tảng: 0.001, ▁luôn: 0.03, ▁mà: 0.076, ▁=: 0.0323, ))): 0.0051, ▁quả: 0.0024, ▁này: 0.029, ▁hay: 0.0112, ▁thiệt: 0.6766, .: 0.0893, </s>: 0.0739",2.0345,12.3344
2244,nhìn tưởng ik cc của Soobin lun ấy ạk 🤣,nhìn tưởng đi concert của SOOBIN luôn ấy ạ 🤣,"<s>: 0.0141, ▁nhìn: 0.0151, ▁tưởng: 0.0064, ▁đi: 0.0859, ▁concert: 4.277, ▁của: 0.1077, ▁S: 13.3518, OO: 8.8003, BIN: 3.6055, ▁luôn: 0.0226, ▁ấy: 0.0159, ▁ạ: 0.0091, ▁: 0.0525, <unk>: 0.0586, </s>: 0.0706",2.0329,13.3518
8207,Giá hum nay là 1.250k/10 cành Giữa tháng 5 là 350k/10 cành size super nhe baby.,Giá hôm nay là 1.250.000/10 cành Giữa tháng 5 là 350.000/10 cành kích cỡ super nhé baby.,"<s>: 0.0149, ▁Giá: 0.0261, ▁hôm: 4.4319, ▁nay: 0.0093, ▁là: 0.0727, ▁1.2: 8.9383, 50.000: 11.7094, /10: 0.001, ▁c: 0.0351, ành: 0.0003, ▁Gi: 0.0097, ữ: 0.0025, a: 0.0093, ▁tháng: 0.01, ▁5: 0.0061, ▁là: 0.0536, ▁3: 11.3359, 50.000: 5.3182, /10: 0.001, ▁c: 0.0296, ành: 0.0003, ▁kích: 10.7217, ▁cỡ: 2.5947, ▁super: 0.0256, ▁nhé: 1.256, ▁baby: 0.0008, .: 0.1008, </s>: 0.0633",2.0278,11.7094
2911,Kk chào nhá,Kaka chào nhá,"<s>: 0.0166, ▁Kaka: 9.9017, ▁chào: 0.0112, ▁nhá: 0.1214, </s>: 0.0777",2.0257,9.9017
8174,lâu r nhg idea cx đến từ trên thread,lâu rồi nhưng ý tưởng cũng đến từ trên threads,"<s>: 0.0169, ▁lâu: 0.0087, ▁rồi: 0.062, ▁nhưng: 0.2066, ▁ý: 5.7127, ▁tưởng: 11.7239, ▁cũng: 0.2783, ▁đến: 0.0231, ▁từ: 0.0484, ▁trên: 0.0656, ▁thread: 0.0003, s: 7.9866, </s>: 0.1303",2.0202,11.7239
1735,Nhị vị cx là Ảm mi ah,Nhị vị cũng là ARMY à,"<s>: 0.0178, ▁Nh: 0.0458, ị: 0.0118, ▁vị: 0.0107, ▁cũng: 0.127, ▁là: 0.0713, ▁ARM: 12.0498, Y: 7.3288, ▁à: 0.4441, </s>: 0.0769",2.0184,12.0498
152,Ship thái hà bn ạk,Ship Thái Hà bao nhiêu ạ,"<s>: 0.0139, ▁Shi: 0.0056, p: 0.0195, ▁Thái: 7.4508, ▁Hà: 4.9214, ▁bao: 5.4018, ▁nhiêu: 0.1928, ▁ạ: 0.0559, </s>: 0.0896",2.0168,7.4508
3738,uày đg nghe beautiful girl luonn nek,uầy đang nghe Beautiful Girl luôn nè,"<s>: 0.0169, ▁u: 0.6307, ầ: 8.9719, y: 0.0421, ▁đang: 0.159, ▁nghe: 0.0202, ▁Beautiful: 3.7283, ▁Girl: 5.5431, ▁luôn: 0.0027, ▁nè: 2.9384, </s>: 0.1243",2.0161,8.9719
8987,nhã vía ah~~~,nhả vía ạ~~~,"<s>: 0.0175, ▁nh: 4.8723, ả: 7.3099, ▁vía: 0.0003, ▁ạ: 1.7353, <unk>: 0.0695, </s>: 0.078",2.0118,7.3099
8177,ĐKMM BCUOI QÁ,ĐỊT CON MẸ MÀY BUỒN CƯỜI QUÁ,"<s>: 0.0153, ▁Đ: 0.1143, Ị: 3.1351, T: 0.6317, ▁CON: 2.5832, ▁M: 0.8029, Ẹ: 0.648, ▁M: 3.4147, À: 1.635, Y: 1.8397, ▁BU: 8.7031, Ồ: 2.486, N: 0.2606, ▁C: 2.0029, Ư: 4.6122, Ờ: 1.8391, I: 3.3814, ▁QU: 2.0402, Á: 0.0087, </s>: 0.0491",2.0102,8.7031
8413,Z đu idol hàn đc kh=)),Thế đu idol Hàn được không =)),"<s>: 0.0154, ▁Thế: 0.1033, ▁: 0.0792, đu: 0.0033, ▁idol: 0.0019, ▁Hàn: 8.4706, ▁được: 0.2165, ▁không: 0.0377, ▁=): 7.9901, ): 0.0665, </s>: 5.0419",2.0024,8.4706
5236,nhan' tin ho tro.,nhắn tin hỗ trợ.,"<s>: 0.0164, ▁nhắn: 4.2548, ▁tin: 1.1498, ▁hỗ: 8.1851, ▁trợ: 0.0896, .: 0.2325, </s>: 0.0767",2.0007,8.1851
9269,thra ban đầu tíh kẻ bài này vs 1 cái plot chtay mất dạy nhma writer's block mẹ r nên lấy fic cũ ra kẻ chs😅cảm giác cs cái hứng để vt nhưg đ rặng đc chữ nào tht như qq😔,thật ra ban đầu tính kể bài này với một cái plot chia tay mất dạy nhưng mà writer's block mẹ rồi nên lấy fic cũ ra kể chơi 😅 cảm giác có cái hứng để viết nhưng đéo rặn được chữ nào thật như quần què 😔,"<s>: 0.0113, ▁thật: 5.0642, ▁ra: 1.6794, ▁ban: 0.0221, ▁đầu: 0.0275, ▁tính: 0.01, ▁kể: 15.5424, ▁bài: 6.008, ▁này: 0.0138, ▁với: 0.0288, ▁một: 3.1548, ▁cái: 0.0142, ▁plot: 0.0001, ▁chia: 0.0236, ▁tay: 0.0166, ▁mất: 0.0024, ▁dạy: 0.0002, ▁nhưng: 0.0158, ▁mà: 0.0504, ▁: 2.2213, writer: 0.0006, ': 0.0287, s: 0.0096, ▁block: 0.0, ▁mẹ: 0.0067, ▁rồi: 0.0119, ▁nên: 0.0174, ▁lấy: 0.0017, ▁: 0.528, fic: 0.0, ▁cũ: 0.0045, ▁ra: 0.0374, ▁kể: 14.9181, ▁chơi: 6.4342, ▁: 7.8311, <unk>: 4.3317, ▁cảm: 1.8311, ▁giác: 0.0022, ▁có: 0.0343, ▁cái: 0.0097, ▁hứng: 0.0003, ▁để: 0.0291, ▁viết: 0.0159, ▁nhưng: 0.0898, ▁đ: 0.1143, é: 0.5207, o: 0.0577, ▁r: 1.5837, ặ: 14.4358, n: 0.7188, ▁được: 8.8997, ▁chữ: 0.0024, ▁nào: 0.0075, ▁thật: 0.0626, ▁như: 0.0633, ▁quần: 7.6104, ▁què: 1.9442, ▁: 5.4015, <unk>: 8.4629, </s>: 0.0393",2.0001,15.5424
8495,"liêm trinh cung quan tại thân, cs tuần án ngữ ạk","Liêm Trinh cung Quan tại Thân, có Tuần án ngữ ạ","<s>: 0.0149, ▁Li: 6.1262, êm: 0.0021, ▁Trin: 5.5986, h: 0.0149, ▁cung: 0.0169, ▁Quan: 6.6308, ▁tại: 0.0972, ▁Thân: 5.8065, ,: 0.1707, ▁có: 0.1497, ▁Tu: 10.8386, ầ: 0.048, n: 0.3306, ▁án: 0.0026, ▁ngữ: 0.0062, ▁ạ: 0.0159, </s>: 0.0803",1.9973,10.8386
5254,k em ạk nhg h5 cày lscg đók em,không em ạ nhưng H5 cày lịch sử cuộc gọi đó em,"<s>: 0.0146, ▁không: 0.0868, ▁em: 0.0809, ▁ạ: 0.0537, ▁nhưng: 0.1421, ▁H: 5.3053, 5: 0.0578, ▁cà: 0.0022, y: 0.0433, ▁lịch: 7.3056, ▁sử: 0.6126, ▁cuộc: 8.4168, ▁gọi: 9.5227, ▁đó: 0.0445, ▁em: 0.0709, </s>: 0.067",1.9892,9.5227
8960,NEK NKA SHAOOO HÔN NH ZỌ😥,NÈ NHA SAO HÔN NHIỀU VẬY 😥,"<s>: 0.0156, ▁N: 3.5963, È: 7.6223, ▁N: 1.2204, HA: 1.4357, ▁SA: 3.0534, O: 1.1114, ▁H: 0.0607, Ô: 0.0035, N: 0.0218, ▁N: 6.6201, HI: 0.4287, Ề: 0.1462, U: 0.2279, ▁V: 3.1777, Ậ: 2.0043, Y: 0.222, ▁: 7.4043, <unk>: 1.2242, </s>: 0.0872",1.9842,7.6223
9100,Cay mấy cn ý,Cay mấy con ấy,"<s>: 0.0143, ▁Cay: 0.0004, ▁mấy: 0.0085, ▁con: 0.0409, ▁ấy: 11.7265, </s>: 0.0927",1.9806,11.7265
812,Vấn thấy thiếu cái trigger nhỉ,Vẫn thấy thiếu cái trigger nhỉ,"<s>: 0.0147, ▁V: 14.0231, ẫ: 1.8961, n: 3.6545, ▁thấy: 0.0185, ▁thiếu: 0.0146, ▁cái: 0.0668, ▁trigger: 0.0002, ▁nhỉ: 0.0042, </s>: 0.0726",1.9765,14.0231
6639,"Zạ hà nội ạk, ở mễ trì nhé","Dạ Hà Nội ạ, ở Mễ Trì nhé","<s>: 0.017, ▁Dạ: 0.0467, ▁Hà: 5.8098, ▁Nội: 2.6097, ▁ạ: 0.0341, ,: 0.0859, ▁ở: 0.0636, ▁M: 3.9776, ễ: 0.0113, ▁T: 11.9182, rì: 0.8698, ▁nhé: 0.0095, </s>: 0.071",1.9634,11.9182
8217,cs ship tỉnh hong,có giao hàng tỉnh không,"<s>: 0.0144, ▁có: 0.1237, ▁giao: 11.0702, ▁hàng: 2.3988, ▁tỉnh: 0.0165, ▁không: 0.037, </s>: 0.0824",1.9633,11.0702
6957,Bình thái 1 dì hương xem bếp Phong thuỷ / chú Khương đg 3/ tháng 2 a,Bình Thái 1 dì Hương xem bếp Phong thủy / chú Khương đường 3 Tháng 2 ạ,"<s>: 0.0169, ▁Bình: 0.0035, ▁Thái: 7.7837, ▁1: 0.0696, ▁dì: 0.0564, ▁Hương: 5.1906, ▁xem: 0.016, ▁bếp: 0.0084, ▁Phong: 0.0007, <unk>: 11.4064, ▁/: 0.356, ▁chú: 0.0124, ▁Kh: 0.0101, ương: 0.0023, ▁đường: 1.3008, ▁3: 0.0202, ▁Tháng: 9.4121, ▁2: 0.0302, ▁ạ: 3.2849, </s>: 0.0991",1.954,11.4064
5905,mơn b nhìuu,cảm ơn bạn nhiều,"<s>: 0.0153, ▁cảm: 11.2676, ▁ơn: 0.2817, ▁bạn: 0.0304, ▁nhiều: 0.0467, </s>: 0.0772",1.9531,11.2676
6695,"Mak Fsoft thì mn đều bảo là lương thấp r. Ở HN thì tôi apply base, vht, nab camp... thì đều trên 10 ht mak","Mà FPT Software thì mọi người đều bảo là lương thấp rồi. Ở Hà Nội thì tôi apply Base, Viettel High Tech, NAB Camp... thì đều trên 10 hết mà","<s>: 0.0145, ▁Mà: 0.0327, ▁F: 0.0125, PT: 12.6085, ▁Software: 10.7876, ▁thì: 0.0414, ▁mọi: 0.0107, ▁người: 0.0805, ▁đều: 0.0232, ▁bảo: 0.0275, ▁là: 0.056, ▁lương: 0.0315, ▁thấp: 0.0227, ▁rồi: 0.0446, .: 0.0656, ▁Ở: 0.0291, ▁Hà: 0.1938, ▁Nội: 0.0539, ▁thì: 0.0566, ▁tôi: 0.0676, ▁apply: 0.0017, ▁Base: 8.1591, ,: 0.1047, ▁Vi: 8.8717, ettel: 0.9478, ▁High: 12.6663, ▁Tech: 5.0171, ,: 0.2314, ▁NAB: 9.9694, ▁Camp: 3.2743, ...: 0.0099, ▁thì: 0.0646, ▁đều: 0.0148, ▁trên: 0.0095, ▁10: 0.0035, ▁hết: 0.46, ▁mà: 0.0222, </s>: 0.1227",1.9529,12.6663
8929,ca nka lưu ý nhé,cả nhà lưu ý nhé,"<s>: 0.0145, ▁cả: 9.2266, ▁nhà: 4.2533, ▁lưu: 0.0091, ▁ý: 0.0577, ▁nhé: 0.02, </s>: 0.0758",1.951,9.2266
6146,hồi trc mk lm ở quán của cj nyc mk ít ns lắm cũg ms lm màk cj còn đứng ra mua hộ mk c mác book cơ=) đc 2-3 tháng sau mk ph nghỉ do cs ziệc riêng cj cx giúp đỡ mk nh lắm nên mìnk chẳng bh quên ơn chj còn nhớ snhat bả lun,hồi trước mình làm ở quán của chị người yêu cũ mình ít nói lắm cũng mới làm mà chị còn đứng ra mua hộ mình con MacBook cơ=) được 2-3 tháng sau mình phải nghỉ do có việc riêng chị cũng giúp đỡ mình nhiều lắm nên mình chẳng bao giờ quên ơn chị còn nhớ sinh nhật bả luôn,"<s>: 0.0137, ▁hồi: 0.0129, ▁trước: 0.0622, ▁mình: 0.0979, ▁làm: 0.1341, ▁ở: 0.0644, ▁quán: 0.0048, ▁của: 0.1695, ▁chị: 0.1493, ▁người: 0.0062, ▁yêu: 0.0239, ▁cũ: 0.0502, ▁mình: 0.1424, ▁ít: 0.0095, ▁nói: 0.019, ▁lắm: 0.0093, ▁cũng: 0.0653, ▁mới: 0.0188, ▁làm: 0.0999, ▁mà: 0.082, ▁chị: 0.1216, ▁còn: 0.0154, ▁đứng: 0.0006, ▁ra: 0.0251, ▁mua: 0.0047, ▁hộ: 0.0226, ▁mình: 0.1246, ▁con: 0.5603, ▁MacBook: 16.3306, ▁cơ: 0.0063, =: 0.0026, ): 0.0272, ▁được: 0.0443, ▁2-3: 0.0047, ▁tháng: 0.0178, ▁sau: 0.0126, ▁mình: 0.1344, ▁phải: 0.0455, ▁nghỉ: 0.0039, ▁do: 0.0711, ▁có: 0.1047, ▁việc: 0.0102, ▁riêng: 0.0179, ▁chị: 0.1552, ▁cũng: 0.0977, ▁giúp: 9.11, ▁đỡ: 5.1819, ▁mình: 1.5454, ▁nhiều: 6.7629, ▁lắm: 4.4904, ▁nên: 6.3715, ▁mình: 4.8838, ▁chẳng: 8.9156, ▁bao: 3.6229, ▁giờ: 0.0293, ▁quên: 4.7255, ▁ơn: 6.6396, ▁chị: 0.1083, ▁còn: 8.1255, ▁nhớ: 9.3161, ▁sinh: 10.0547, ▁nhật: 0.6394, ▁b: 10.0093, </s>: 4.8861",1.9471,16.3306
7298,Em kỷ sửu ah?,Em Kỷ Sửu à?,"<s>: 0.0157, ▁Em: 0.0745, ▁K: 11.1759, ỷ: 2.5832, ▁Sử: 3.1219, u: 0.037, ▁à: 0.2827, ?: 0.1089, </s>: 0.0644",1.9405,11.1759
8498,T dzừa bị 🐕🦷 m4.,Tôi vừa bị chó cắn mùng 4.,"<s>: 0.0153, ▁Tôi: 0.2, ▁vừa: 0.0705, ▁bị: 0.0246, ▁chó: 11.1384, ▁c: 3.0236, ắ: 2.189, n: 1.5858, ▁m: 0.3571, ùng: 2.7933, ▁4.: 1.7879, </s>: 0.0997",1.9404,11.1384
3437,Ta ns sống vội theo TongTai ko ah bà🤭,Ta nói sống vội theo Tống Tài không à bà🤭,"<s>: 0.0146, ▁Ta: 0.5467, ▁nói: 0.0986, ▁sống: 0.0261, ▁vội: 0.0069, ▁theo: 0.041, ▁T: 12.4802, ống: 3.5836, ▁Tài: 5.064, ▁không: 3.9826, ▁à: 1.1235, ▁bà: 0.0643, <unk>: 0.0557, </s>: 0.0533",1.9387,12.4802
3443,Tại mn thấy TongTai sd nên cheap moment vs TongTai thui em🤭,Tại mọi người thấy Tống Tài sử dụng nên cheap moment với Tống Tài thôi em🤭,"<s>: 0.0137, ▁Tại: 0.0198, ▁mọi: 0.111, ▁người: 0.0398, ▁thấy: 0.021, ▁T: 12.9817, ống: 4.2625, ▁Tài: 7.0231, ▁sử: 7.6968, ▁dụng: 0.0198, ▁nên: 0.0636, ▁cheap: 0.002, ▁moment: 0.0011, ▁với: 0.0469, ▁T: 4.8958, ống: 1.0744, ▁Tài: 2.1022, ▁thôi: 0.1368, ▁em: 0.0771, <unk>: 0.051, </s>: 0.0451",1.9374,12.9817
9294,Sáng h toàn khôi và huy,Sáng giờ toàn Khôi và Huy,"<s>: 0.0151, ▁Sáng: 0.0157, ▁giờ: 0.2746, ▁toàn: 0.0146, ▁Kh: 10.299, ôi: 1.3716, ▁và: 0.059, ▁Huy: 5.3227, </s>: 0.0638",1.9373,10.299
7201,Tui từ top top qua đây kk,Tui từ TikTok qua đây kk,"<s>: 0.0146, ▁Tu: 0.082, i: 0.0721, ▁từ: 0.0251, ▁Tik: 14.9902, T: 5.7679, ok: 0.4686, ▁qua: 0.5338, ▁đây: 0.0164, ▁: 1.1391, kk: 0.0174, </s>: 0.0796",1.9339,14.9902
8801,vừa khók dzừa học,Vừa khóc vừa học,"<s>: 0.0126, ▁V: 12.0952, ừ: 0.5265, a: 2.6651, ▁khóc: 0.04, ▁vừa: 0.0431, ▁học: 0.0063, </s>: 0.0708",1.9324,12.0952
4642,Bên c tuyển CSKH tiếng trung nka Em cân nhắc xem thgian lm ziệc dc kh nka Sáng : 6h-14h Chiều :14h-22h Đêm :22h-6h,Bên chị tuyển chăm sóc khách hàng tiếng Trung nha Em cân nhắc xem thời gian làm việc được không nha Sáng : 6 giờ - 14 giờ Chiều : 14 giờ - 22 giờ Đêm : 22 giờ - 6 giờ,"<s>: 0.0141, ▁Bên: 0.017, ▁chị: 0.1197, ▁tuyển: 0.0085, ▁chăm: 9.4282, ▁sóc: 0.0025, ▁khách: 1.3127, ▁hàng: 0.0868, ▁tiếng: 0.0291, ▁Trung: 4.6059, ▁nha: 0.011, ▁Em: 0.0585, ▁cân: 0.001, ▁nhắc: 0.0237, ▁xem: 0.0141, ▁thời: 0.0328, ▁gian: 0.0803, ▁làm: 0.0906, ▁việc: 0.0173, ▁được: 0.0329, ▁không: 0.0368, ▁nha: 0.0133, ▁Sáng: 0.0172, ▁:: 0.0281, ▁6: 0.0196, ▁giờ: 3.5301, ▁-: 13.7233, ▁14: 3.4414, ▁giờ: 1.1905, ▁Chiều: 0.0368, ▁:: 5.7406, ▁14: 1.5497, ▁giờ: 2.3298, ▁-: 12.634, ▁22: 2.1872, ▁giờ: 0.7759, ▁Đ: 0.0341, êm: 0.0086, ▁:: 5.9899, ▁22: 1.5256, ▁giờ: 2.1576, ▁-: 11.3819, ▁6: 1.3526, ▁giờ: 0.853, </s>: 0.0871",1.9251,13.7233
3438,Mang cho sài kê zới 😋,Mang cho xài ké với 😋,"<s>: 0.0155, ▁Mang: 0.0188, ▁cho: 0.0717, ▁x: 3.572, à: 0.0098, i: 0.0376, ▁: 12.4721, ké: 6.6122, ▁với: 0.0563, ▁: 0.0619, <unk>: 0.0615, </s>: 0.0789",1.9224,12.4721
5231,k bt n cs về nhà hay lên cic nậu sớ k ạk ?,không biết nó có về nhà hay lên CIC nợ xấu không ạ ?,"<s>: 0.0148, ▁không: 0.0961, ▁biết: 0.0276, ▁nó: 0.0315, ▁có: 0.1194, ▁về: 0.0446, ▁nhà: 0.0483, ▁hay: 0.0773, ▁lên: 0.0244, ▁C: 6.5605, IC: 4.801, ▁nợ: 10.2843, ▁xấu: 8.9852, ▁không: 1.3416, ▁ạ: 0.0423, ▁?: 0.0108, </s>: 0.0746",1.9167,10.2843
102,Xin jb ạk,Xin job ạ,"<s>: 0.0146, ▁Xin: 0.0153, ▁job: 9.4591, ▁ạ: 0.0197, </s>: 0.0737",1.9165,9.4591
2097,Méo bk ck ngt nnao chứ ck t Đòi chich t méo cho r vẫn cố Đến lúc cn khók t bảo thui cg đéo thui Các ôg cs tht sự dám bỏ tất cả để đặt cn lên hàng đầu kh Moẹ cứ mỗi lần cn ti bên trên ckồnq chich bên dưới t thấy đời đàn bà n nhục vcl,Đéo biết chồng người ta như nào chứ chồng tôi Đòi chịch tôi đéo cho rồi vẫn cố Đến lúc con khóc tôi bảo thôi cũng đéo thôi Các ông có thật sự dám bỏ tất cả để đặt con lên hàng đầu không Mẹ cứ mỗi lần con ti bên trên chồng chịch bên dưới tôi thấy đời đàn bà nó nhục vãi lồn,"<s>: 0.0128, ▁Đ: 13.3963, é: 3.1558, o: 0.0603, ▁biết: 0.1998, ▁chồng: 0.0366, ▁người: 0.0285, ▁ta: 0.2306, ▁như: 0.0351, ▁nào: 0.8909, ▁chứ: 0.0218, ▁chồng: 0.009, ▁tôi: 0.1065, ▁Đ: 0.018, ò: 0.0241, i: 0.0571, ▁chị: 2.6589, ch: 5.9514, ▁tôi: 0.0875, ▁đ: 10.6269, é: 0.0059, o: 0.0354, ▁cho: 0.0424, ▁rồi: 0.026, ▁vẫn: 0.0253, ▁cố: 0.0105, ▁Đến: 0.0028, ▁lúc: 0.0166, ▁con: 0.167, ▁khóc: 0.0504, ▁tôi: 0.0818, ▁bảo: 0.0117, ▁thôi: 0.021, ▁cũng: 0.0787, ▁đ: 0.0022, é: 0.0026, o: 0.0181, ▁thôi: 0.1468, ▁Các: 0.0256, ▁ông: 0.0297, ▁có: 0.0498, ▁thật: 0.018, ▁sự: 0.0368, ▁dám: 0.0111, ▁bỏ: 0.075, ▁tất: 0.0385, ▁cả: 0.0202, ▁để: 0.0551, ▁đặt: 0.0096, ▁con: 0.0787, ▁lên: 0.0405, ▁hàng: 0.022, ▁đầu: 0.0179, ▁không: 7.8295, ▁Mẹ: 11.4534, ▁cứ: 8.204, ▁mỗi: 8.7589, ▁lần: 3.0465, ▁con: 3.7657, ▁ti: 13.6441, ▁bên: 9.2482, ▁trên: 6.5134, ▁chồng: 7.9647, </s>: 3.2298",1.9147,13.6441
7038,null vs cả foolish ko chửi khách là 10 điểm !,Null với cả Foolish không chửi khách là 10 điểm !,"<s>: 0.0142, ▁Nu: 9.7228, ll: 3.8436, ▁với: 0.1184, ▁cả: 0.0614, ▁Fo: 11.3339, o: 3.4815, lish: 5.2952, ▁không: 0.1103, ▁ch: 0.0443, ử: 0.0113, i: 0.0574, ▁khách: 0.0212, ▁là: 0.0974, ▁10: 0.0098, ▁điểm: 0.0077, ▁!: 0.0144, </s>: 0.091",1.9075,11.3339
4099,Tui ở vinhome q9 as,Tui ở Vinhomes Quận 9 á,"<s>: 0.0158, ▁Tu: 0.083, i: 0.0492, ▁ở: 0.0526, ▁Vin: 11.6573, home: 3.7879, s: 2.953, ▁Quận: 1.6954, ▁9: 0.3928, ▁á: 0.1683, </s>: 0.0817",1.9034,11.6573
3961,Côn gái iuuu,Con gái yêu,"<s>: 0.0143, ▁Con: 8.8729, ▁gái: 0.0104, ▁yêu: 0.0318, </s>: 0.5856",1.903,8.8729
2032,em hòn linh của tôi ơi,em hoàng linh của tôi ơi,"<s>: 0.014, ▁em: 0.0884, ▁hoàng: 14.7825, ▁linh: 0.0108, ▁của: 0.1198, ▁tôi: 0.0506, ▁ơi: 0.0533, </s>: 0.0896",1.9011,14.7825
531,"a là đại mỹ nhân của cái eo ci cây này nhg mâm tình ái lại k cs mặt ah😬, lửa cháy đến nhà hwh cái tắt lun","anh là đại mỹ nhân của cái LCK này nhưng mâm tình ái lại không có mặt anh😬, lửa cháy đến nhà Han Wangho cái tắt luôn","<s>: 0.0146, ▁anh: 0.1172, ▁là: 0.0529, ▁đại: 0.0543, ▁mỹ: 0.0021, ▁nhân: 0.0497, ▁của: 0.0702, ▁cái: 0.062, ▁L: 17.4571, CK: 7.2194, ▁này: 4.9651, ▁nhưng: 0.2046, ▁mâ: 0.0127, m: 0.0774, ▁tình: 0.0377, ▁á: 0.0025, i: 0.0275, ▁lại: 0.0552, ▁không: 0.07, ▁có: 0.0313, ▁mặt: 0.0084, ▁anh: 1.061, <unk>: 0.2128, ,: 0.1182, ▁lửa: 0.0021, ▁cháy: 0.0026, ▁đến: 0.0166, ▁nhà: 0.0617, ▁Han: 9.619, ▁Wang: 9.4827, ho: 13.9558, ▁cái: 1.1077, ▁tắt: 0.0027, ▁luôn: 0.0228, </s>: 0.1074",1.8961,17.4571
1508,Mh gần để ny hp !,Mình cần để người yêu hạnh phúc !,"<s>: 0.0158, ▁Mình: 0.759, ▁cần: 12.3729, ▁để: 5.4252, ▁người: 0.0589, ▁yêu: 0.0928, ▁hạnh: 0.0918, ▁phúc: 0.0136, ▁!: 0.013, </s>: 0.1073",1.895,12.3729
5324,mih cx thử màk s chỉ vay đc monevoe,mình cũng thử mà sao chỉ vay được Moneveo,"<s>: 0.0138, ▁mình: 0.0498, ▁cũng: 0.0941, ▁thử: 0.0155, ▁mà: 0.0969, ▁sao: 0.0348, ▁chỉ: 0.0719, ▁vay: 0.0095, ▁được: 0.0834, ▁Mon: 5.7531, eve: 8.8831, o: 8.9774, </s>: 0.5118",1.8919,8.9774
8815,Này còn hợp lí hơn:))))(),Này còn hợp lý hơn :)))),"<s>: 0.0168, ▁: 0.3298, Này: 0.0014, ▁còn: 0.0426, ▁hợp: 0.0123, ▁lý: 2.2342, ▁hơn: 0.0785, <unk>: 8.6517, ): 7.2738, </s>: 0.2769",1.8918,8.6517
3122,nhà nội mik gốc họ nguyễn( gốc thuận thành,nhà nội mình gốc họ Nguyễn ( gốc Thuận Thành,"<s>: 0.0146, ▁nhà: 0.0608, ▁nội: 0.036, ▁mình: 0.0182, ▁gốc: 0.0037, ▁họ: 0.0155, ▁Nguyễn: 5.001, ▁(: 6.0798, ▁gốc: 0.002, ▁Thuận: 8.0563, ▁Thành: 3.2023, </s>: 0.1512",1.8868,8.0563
9225,Chòi oi xao đún vế cuối qá z =))))),Trời ơi sao đúng vế cuối quá vậy =))))),"<s>: 0.0159, ▁Trời: 7.7933, ▁ơi: 0.0623, ▁sao: 6.7922, ▁đúng: 9.103, ▁v: 0.3759, ế: 0.0194, ▁cuối: 0.0234, ▁quá: 0.1043, ▁vậy: 0.112, ▁=): 0.0046, <unk>: 0.0621, </s>: 0.0606",1.8868,9.103
1631,theo dòng thời sự bóc ny của tuyển thủ choi u chê,theo dòng thời sự bóc người yêu của tuyển thủ Choi Woo-je,"<s>: 0.0144, ▁theo: 0.0261, ▁dòng: 0.0079, ▁thời: 0.0243, ▁sự: 0.0152, ▁bó: 0.0004, c: 0.019, ▁người: 0.0064, ▁yêu: 0.0095, ▁của: 0.2288, ▁tuyển: 0.0028, ▁thủ: 0.0141, ▁Cho: 7.3567, i: 0.1573, ▁Woo: 8.5189, -: 5.4946, je: 9.148, </s>: 2.9053",1.8861,9.148
8842,"Mãi iuu , gửi tặng cốt cái voucher 50K.","Mãi yêu, gửi tặng cốt cái voucher 50.000.","<s>: 0.0141, ▁Mã: 0.001, i: 0.0329, ▁yêu: 0.1889, ,: 7.1812, ▁gửi: 0.0102, ▁tặng: 0.0054, ▁cố: 0.0023, t: 0.044, ▁cái: 0.0608, ▁voucher: 0.0042, ▁50.000: 11.7325, .: 7.0254, </s>: 0.0666",1.8835,11.7325
5315,mik có gimlinh r đók b ơi,mình có ghim link rồi đó bạn ơi,"<s>: 0.0146, ▁mình: 0.0275, ▁có: 0.1052, ▁ghi: 12.3164, m: 3.5123, ▁link: 4.4201, ▁rồi: 0.0279, ▁đó: 0.0284, ▁bạn: 0.0396, ▁ơi: 0.025, </s>: 0.0908",1.8734,12.3164
3693,kêu ng Ziệt là ng Trung Quốc ch chửi cho là may còn qrt kiếm chiện nx,kêu người Việt là người Trung Quốc chưa chửi cho là may còn quote retweet kiếm chuyện nữa,"<s>: 0.0145, ▁kêu: 0.0026, ▁người: 0.059, ▁Việt: 0.0244, ▁là: 0.1008, ▁người: 0.0505, ▁Trung: 0.0144, ▁Quốc: 0.0542, ▁chưa: 8.0434, ▁ch: 0.0445, ử: 0.0887, i: 0.0458, ▁cho: 0.1124, ▁là: 0.0628, ▁may: 0.0025, ▁còn: 0.0334, ▁quote: 13.6135, ▁re: 15.8372, tweet: 3.5818, ▁kiếm: 0.0014, ▁chuyện: 1.1859, ▁nữa: 0.0348, </s>: 0.0709",1.873,15.8372
4113,Ms rep ins mik nka 😍,Miss reply instagram mình nha 😍,"<s>: 0.014, ▁Miss: 12.3573, ▁reply: 1.4654, ▁instagram: 2.7112, ▁mình: 0.0741, ▁nha: 0.0121, ▁: 0.0929, <unk>: 0.0491, </s>: 0.0709",1.8719,12.3573
9344,cái kiểu kảm ơn như kthuc thiệt d ba ơi😭,cái kiểu cảm ơn như kết thúc thật vậy bà ơi 😭,"<s>: 0.0154, ▁cái: 0.0362, ▁kiểu: 0.0073, ▁cảm: 0.0529, ▁ơn: 0.0214, ▁như: 0.0338, ▁kết: 2.8141, ▁thúc: 1.4805, ▁thật: 0.4053, ▁vậy: 1.1497, ▁bà: 11.049, ▁ơi: 0.038, ▁: 9.6473, <unk>: 1.2318, </s>: 0.0778",1.8707,11.049
6939,mí hsau bị tuýp còi và sau ds trộm vía ik đg an toàn nhg mò sót ví lứm í🥹,mấy hôm sau bị tuýt còi và sau đó trộm vía đi đường an toàn nhưng mà xót ví lắm ý🥹,"<s>: 0.0154, ▁mấy: 0.7269, ▁hôm: 0.7459, ▁sau: 0.0509, ▁bị: 0.0536, ▁tu: 0.2569, ýt: 7.6553, ▁cò: 0.0064, i: 0.0288, ▁và: 0.0904, ▁sau: 0.0183, ▁đó: 0.0144, ▁trộm: 0.0, ▁vía: 0.0001, ▁đi: 0.0962, ▁đường: 1.1983, ▁an: 0.031, ▁toàn: 0.0053, ▁nhưng: 0.0827, ▁mà: 9.8192, ▁x: 11.5646, ót: 3.0983, ▁ví: 8.1052, ▁lắm: 4.7507, ▁ý: 1.9157, <unk>: 0.0608, </s>: 0.054",1.8683,11.5646
8383,thì lúc ds ôg Tút muốn thắng chỉ cs lm zị th =)) ôg Xìn ht cửa nhg vs đkien là ôg Xìn ph bị xé 1 lần r,thì lúc đó ông Atus muốn thắng chỉ có làm vậy thôi =)) ông Trấn Thành hết cửa nhưng với điều kiện là ông Trấn Thành phải bị xé một lần rồi,"<s>: 0.0151, ▁thì: 0.0483, ▁lúc: 0.0149, ▁đó: 0.0169, ▁ông: 0.03, ▁A: 15.2144, tus: 11.2048, ▁muốn: 0.0164, ▁thắng: 0.0159, ▁chỉ: 0.0433, ▁có: 0.0506, ▁làm: 0.0903, ▁vậy: 0.3132, ▁thôi: 0.0065, ▁=): 0.0015, ): 0.0153, ▁ông: 0.0369, ▁Tr: 12.0723, ấ: 3.355, n: 0.2466, ▁Thành: 11.6224, ▁hết: 1.2834, ▁cửa: 0.0074, ▁nhưng: 0.0438, ▁với: 0.0462, ▁điều: 0.9591, ▁kiện: 0.0203, ▁là: 0.0406, ▁ông: 0.0202, ▁Tr: 6.5472, ấ: 0.4018, n: 0.0962, ▁Thành: 6.3805, ▁phải: 1.3078, ▁bị: 0.0414, ▁: 0.0427, xé: 0.0004, ▁một: 4.8378, ▁lần: 0.0157, ▁rồi: 0.0168, </s>: 0.0529",1.8681,15.2144
8614,"🥺 cs ny r ak, cs thì fanboy bùn nhắm","🥺 có người yêu rồi à, có thì fanboy buồn lắm","<s>: 0.0143, ▁: 0.0852, <unk>: 0.0497, ▁có: 0.0856, ▁người: 0.0135, ▁yêu: 0.0124, ▁rồi: 0.0626, ▁à: 0.1577, ,: 0.0914, ▁có: 0.1255, ▁thì: 0.0584, ▁fan: 0.0014, boy: 0.0077, ▁buồn: 16.7501, ▁lắm: 10.0065, </s>: 2.257",1.8612,16.7501
8204,Ở Bắc nhập đâu ạk,Ở miền Bắc nhập đâu ạ?,"<s>: 0.0146, ▁Ở: 0.051, ▁miền: 6.2236, ▁Bắc: 0.3135, ▁nhập: 0.013, ▁đâu: 0.0625, ▁ạ: 0.0311, ?: 9.9653, </s>: 0.0702",1.8605,9.9653
6067,hoa và thất nghiệp ht đợt hoa 8/3 r mìnk xin phép mở order hoa hoè lại nka!,hoa và thất nghiệp hết đợt hoa mùng 8 tháng 3 rồi mình xin phép mở order hoa hòe lại nha!,"<s>: 0.0153, ▁hoa: 0.0335, ▁và: 0.0905, ▁thất: 0.0157, ▁nghiệp: 0.0359, ▁hết: 0.0197, ▁đợt: 0.0017, ▁hoa: 0.0087, ▁m: 13.7431, ùng: 1.3281, ▁8: 0.039, ▁tháng: 7.7834, ▁3: 5.5473, ▁rồi: 0.1152, ▁mình: 0.0583, ▁xin: 0.0157, ▁phép: 0.0107, ▁mở: 0.0024, ▁order: 0.0001, ▁hoa: 0.015, ▁hò: 10.158, e: 9.1342, ▁lại: 0.1347, ▁nha: 0.006, !: 0.0161, </s>: 0.0445",1.8605,13.7431
7834,lòng vi só k đc là n thèm lòng khác as cha :)))))),lò vi sóng không được là nó thèm lòng khác á cha :)))))),"<s>: 0.0136, ▁l: 11.2063, ò: 4.9922, ▁vi: 1.0834, ▁sóng: 13.6519, ▁không: 0.0842, ▁được: 0.0801, ▁là: 0.1145, ▁nó: 0.0158, ▁thèm: 0.0039, ▁lòng: 0.0099, ▁khác: 0.0186, ▁á: 0.1452, ▁cha: 0.0211, ▁:: 0.0173, <unk>: 0.0475, </s>: 0.0587",1.8567,13.6519
3513,"Chứ nhẹ thì lừa đảo, nặng thì một vé cam lun","Chứ nhẹ thì lừa đảo, nặng thì một vé sang Campuchia luôn","<s>: 0.0165, ▁Ch: 0.1366, ứ: 0.0206, ▁nhẹ: 0.0041, ▁thì: 0.0597, ▁lừa: 0.0052, ▁đảo: 0.0028, ,: 0.1023, ▁nặng: 0.004, ▁thì: 0.0619, ▁một: 0.0909, ▁vé: 0.005, ▁sang: 17.3095, ▁Campuchia: 11.7575, ▁luôn: 0.018, </s>: 0.0982",1.8558,17.3095
5331,"fe n k ph dạng dzừa đau , v ay k trả lại toang , ko như app đen đâu","FE nó không phải dạng vừa đâu , vay không trả lại toang , không như app đen đâu","<s>: 0.0144, ▁FE: 10.6312, ▁nó: 0.0329, ▁không: 0.0931, ▁phải: 0.0253, ▁dạng: 0.002, ▁vừa: 0.0217, ▁đâu: 13.8036, ▁: 0.0982, ,: 0.0754, ▁vay: 13.0776, ▁không: 6.1496, ▁trả: 0.003, ▁lại: 0.0517, ▁to: 0.1013, ang: 0.0035, ▁: 0.0596, ,: 0.0886, ▁không: 0.0467, ▁như: 0.0455, ▁app: 0.0047, ▁đen: 0.0044, ▁đâu: 0.0186, </s>: 0.06",1.8547,13.8036
2237,hãng thời trang Soobin hân hạnh tài trợ màk,hãng thời trang SOOBIN hân hạnh tài trợ mà,"<s>: 0.0142, ▁hãng: 0.0211, ▁thời: 0.0057, ▁trang: 0.0349, ▁S: 13.1596, OO: 7.9353, BIN: 4.2239, ▁: 0.3127, hân: 0.0031, ▁hạnh: 0.005, ▁tài: 0.012, ▁trợ: 0.0197, ▁mà: 0.0805, </s>: 0.1046",1.8523,13.1596
8773,tht nka chời:))))) nãy h đọc màk đa kảm xúc,Thật nha trời :))))) nãy giờ đọc mà đa cảm xúc,"<s>: 0.0136, ▁Thật: 4.1553, ▁nha: 0.0369, ▁trời: 6.0919, <unk>: 9.6488, <unk>: 5.5746, ▁nãy: 0.0003, ▁giờ: 0.0309, ▁đọc: 0.0168, ▁mà: 0.0857, ▁đa: 0.0278, ▁cảm: 0.0126, ▁xúc: 0.0258, </s>: 0.1117",1.8452,9.6488
4051,Túi của rhy còn ko ạk,Túi của Rhyder còn không ạ,"<s>: 0.0143, ▁Tú: 0.0107, i: 0.0599, ▁của: 0.1578, ▁Rhy: 7.3966, der: 10.5874, ▁còn: 0.0787, ▁không: 0.0569, ▁ạ: 0.0148, </s>: 0.0742",1.8451,10.5874
7224,vuýt lun 🫰,vip luôn 🫰,"<s>: 0.0177, ▁vip: 10.7658, ▁luôn: 0.0251, ▁: 0.1037, <unk>: 0.0568, </s>: 0.0923",1.8436,10.7658
9389,ah uh sau show thì t bjk GE SI thân nhau r nma đầu show GE kêu cs hứng thú z nên cx tò mò đoạn tìm hiểu nhau trc khi friendzone=))) IG thì nch zới em Haeun rõ r dzới cả cs ns vs HS 1 đoạn nhg c N n chả chiếu cụ thể mấy.,à ừ sau show thì tôi biết Goeun Seungil thân nhau rồi nhưng mà đầu show Goeun kêu có hứng thú vậy nên cũng tò mò đoạn tìm hiểu nhau trước khi friendzone =))) Igeon thì nói chuyện với em Haeun rõ rồi với cả có nói với Hyesung một đoạn nhưng con Netflix nó chả chiếu cụ thể mấy.,"<s>: 0.0151, ▁à: 2.6244, ▁: 10.6861, ừ: 0.2238, ▁sau: 0.211, ▁show: 0.0029, ▁thì: 0.0557, ▁tôi: 0.1846, ▁biết: 0.0267, ▁Go: 14.5921, e: 2.9795, un: 0.0155, ▁Se: 10.6259, ung: 2.6017, il: 10.7065, ▁thân: 2.2572, ▁nhau: 0.0571, ▁rồi: 0.0486, ▁nhưng: 0.0425, ▁mà: 0.0667, ▁đầu: 0.0636, ▁show: 0.0014, ▁Go: 4.8291, e: 1.4042, un: 0.0799, ▁kêu: 0.0011, ▁có: 0.0904, ▁hứng: 0.0021, ▁thú: 0.0063, ▁vậy: 0.5794, ▁nên: 0.0203, ▁cũng: 0.068, ▁tò: 0.002, ▁mò: 0.011, ▁đoạn: 0.0041, ▁tìm: 0.0055, ▁hiểu: 0.0302, ▁nhau: 0.0225, ▁trước: 0.0289, ▁khi: 0.0492, ▁friend: 0.0247, zone: 0.0003, ▁=: 7.1183, ))): 0.0146, ▁I: 11.6539, ge: 10.091, on: 2.2957, ▁thì: 0.0249, ▁nói: 0.01, ▁chuyện: 0.058, ▁với: 0.2172, ▁em: 0.0467, ▁Ha: 0.0136, e: 0.0152, un: 0.0102, ▁rõ: 0.0032, ▁rồi: 0.0169, ▁với: 0.1358, ▁cả: 0.024, ▁có: 0.1118, ▁nói: 0.0132, ▁với: 0.0662, ▁Hy: 10.8167, </s>: 9.8717",1.8434,14.5921
6958,Xem bói đà nẵng,Xem bói Đà Nẵng,"<s>: 0.0159, ▁Xem: 0.0103, ▁bó: 0.002, i: 0.0615, ▁Đà: 11.3065, ▁Nẵng: 1.3598, </s>: 0.1405",1.8424,11.3065
9267,yáyyy mơ cug rất thík ớ,yay mơ cũng rất thích á,"<s>: 0.0175, <unk>: 7.7686, ▁mơ: 3.0161, ▁cũng: 0.0405, ▁rất: 0.012, ▁thích: 0.0173, ▁á: 3.7596, </s>: 0.0847",1.8395,7.7686
4118,Ms rep ins của mìnk nka 😍,Miss reply Instagram của mình nha 😍,"<s>: 0.0138, ▁Miss: 12.309, ▁reply: 1.356, ▁Instagram: 4.3091, ▁của: 0.0973, ▁mình: 0.0382, ▁nha: 0.0125, ▁: 0.094, <unk>: 0.0554, </s>: 0.0693",1.8355,12.309
3543,Rcm quán mỳ quảng ở trần cung cái mã hơi xấu nma ăn khá ổn =)),Recommend quán mỳ quảng ở Trần Cung cái mã hơi xấu nhưng mà ăn khá ổn =)),"<s>: 0.016, ▁Re: 5.8458, com: 7.2432, mend: 15.9013, ▁quán: 0.0075, ▁m: 0.2217, ỳ: 0.021, ▁quảng: 0.0011, ▁ở: 0.034, ▁Trần: 9.4921, ▁Cung: 3.0426, ▁cái: 0.0588, ▁mã: 0.001, ▁hơi: 0.0138, ▁xấu: 0.0038, ▁nhưng: 0.0496, ▁mà: 0.0683, ▁ăn: 0.0387, ▁khá: 0.0315, ▁ổn: 0.014, ▁=): 0.001, ): 0.0223, </s>: 0.058",1.8342,15.9013
3920,ok cùng gây lun,ok cùng gay luôn,"<s>: 0.0155, ▁ok: 0.0052, ▁cùng: 0.0553, ▁gay: 10.7908, ▁luôn: 0.0412, </s>: 0.0946",1.8338,10.7908
3369,"Mần ik, lm ở úc cs xiền đã","Làm đi, làm ở Úc có tiền đã","<s>: 0.0159, ▁Làm: 9.5566, ▁đi: 0.101, ,: 0.1316, ▁làm: 0.0654, ▁ở: 0.0313, ▁Úc: 5.6828, ▁có: 0.1249, ▁tiền: 4.3735, ▁đã: 0.012, </s>: 0.0583",1.8321,9.5566
5308,Cứ web mak v ay đừng tải,Cứ web mà vay đừng tải,"<s>: 0.0138, ▁Cứ: 0.0042, ▁web: 0.0354, ▁mà: 0.053, ▁vay: 14.2927, ▁đừng: 0.1492, ▁tải: 0.0116, </s>: 0.0839",1.8305,14.2927
8005,Xin día ik tyyy 😍,Xin vía đi tình yêu ơi 😍,"<s>: 0.015, ▁Xin: 0.0114, ▁vía: 8.1201, ▁đi: 0.0263, ▁tình: 2.3853, ▁yêu: 0.0351, ▁ơi: 7.51, ▁: 0.0587, <unk>: 0.0517, </s>: 0.0634",1.8277,8.1201
4178,s PSHN lại đắt hơn PSTW nhỉ,sao Phụ sản Hà Nội lại đắt hơn Phụ sản Trung Ương nhỉ,"<s>: 0.0149, ▁sao: 0.0182, ▁Phụ: 10.1621, ▁sản: 7.2329, ▁Hà: 0.1599, ▁Nội: 0.0151, ▁lại: 0.064, ▁đắt: 0.0032, ▁hơn: 0.0442, ▁Phụ: 3.2094, ▁sản: 3.2012, ▁Trung: 3.2978, ▁: 5.2794, Ư: 0.0347, ơ: 0.0139, ng: 0.0443, ▁nhỉ: 0.0165, </s>: 0.0675",1.8266,10.1621
5699,ny D hnhu đóng trg phim sweet home 3 as,người yêu Deft hình như đóng trong phim Sweet Home 3 á,"<s>: 0.0164, ▁người: 0.0313, ▁yêu: 0.0457, ▁De: 6.7802, ft: 10.2667, ▁hình: 1.9935, ▁như: 0.0059, ▁đóng: 0.0376, ▁trong: 0.0891, ▁phim: 0.0128, ▁Sweet: 3.5958, ▁Home: 4.2437, ▁3: 0.0266, ▁á: 0.0369, </s>: 0.0855",1.8178,10.2667
6926,Cô ngậm ngùi cau đắng,Cô ngậm ngùi cay đắng,"<s>: 0.0148, ▁Cô: 0.0246, ▁ng: 0.0369, ậm: 0.001, ▁ng: 0.2138, ùi: 0.0177, ▁ca: 11.3582, y: 8.1168, ▁đắn: 0.0241, g: 0.0926, </s>: 0.0641",1.815,11.3582
9387,GE lại kiểu ng thú vị bí ẩn lm SI tò mò nên chắc kéo đẩy nhau xem sẽ cháy lắm.,Goeun lại kiểu người thú vị bí ẩn làm Seungil tò mò nên chắc kéo đẩy nhau xem sẽ cháy lắm.,"<s>: 0.013, ▁Go: 8.6581, e: 6.2124, un: 9.1047, ▁lại: 1.2681, ▁kiểu: 0.0096, ▁người: 0.0771, ▁thú: 0.0021, ▁vị: 0.0148, ▁bí: 0.0057, ▁: 0.1006, ẩ: 0.0142, n: 0.0435, ▁làm: 0.0718, ▁Se: 12.6968, ung: 4.1391, il: 11.597, ▁tò: 0.0071, ▁mò: 0.0107, ▁nên: 0.0656, ▁chắc: 0.0036, ▁kéo: 0.0013, ▁đẩy: 0.0005, ▁nhau: 0.0191, ▁xem: 0.0105, ▁sẽ: 0.1117, ▁cháy: 0.004, ▁lắm: 0.0158, .: 0.0989, </s>: 0.0643",1.8147,12.6968
3036,Đất cs hơn 100m2 khu thủ thiêm.,Đất có hơn 100 mét vuông khu Thủ Thiêm.,"<s>: 0.014, ▁Đất: 0.0145, ▁có: 0.066, ▁hơn: 0.0171, ▁100: 0.0124, ▁mét: 7.2621, ▁vu: 12.2924, ông: 0.3178, ▁khu: 0.0492, ▁Thủ: 2.7855, ▁Thi: 2.3789, êm: 0.001, .: 0.0652, </s>: 0.0597",1.8097,12.2924
8944,- bn zaiiii em đâu r?,bạn trai em đâu rồi?,"<s>: 0.0143, ▁bạn: 12.5654, ▁trai: 1.3421, ▁em: 0.0952, ▁đâu: 0.0457, ▁rồi: 0.1185, ?: 0.1406, </s>: 0.0935",1.8019,12.5654
8497,lá số em cs liêm trinh-thiên tướng ở phụ mẫu tại ngọ thì cần chú ý sức khoẻ bm đk ạk?,lá số em có Liêm Trinh-Thiên Tướng ở Phụ Mẫu tại Ngọ thì cần chú ý sức khỏe bố mẹ đúng không ạ?,"<s>: 0.0149, ▁lá: 0.0078, ▁số: 0.0197, ▁em: 0.0674, ▁có: 0.0768, ▁Li: 6.0912, êm: 0.0019, ▁Trin: 4.9764, h: 0.006, -: 0.0733, Thi: 3.2407, ên: 0.0015, ▁T: 9.2175, ướng: 1.0907, ▁ở: 0.1477, ▁Phụ: 5.8589, ▁M: 8.6508, ẫ: 0.1442, u: 0.6864, ▁tại: 0.1749, ▁Ng: 1.3816, ọ: 0.0053, ▁thì: 0.0603, ▁cần: 0.0309, ▁chú: 0.007, ▁ý: 0.0594, ▁sức: 0.0047, <unk>: 9.7331, ▁bố: 3.2843, ▁mẹ: 0.1041, ▁đúng: 7.519, ▁không: 0.0714, ▁ạ: 0.0167, ?: 0.113, </s>: 0.0519",1.7998,9.7331
7843,MÁ T LẠY M🪷🪷,MÁ TAO LẠY MÀY🪷🪷,"<s>: 0.0162, ▁M: 0.0596, Á: 0.0126, ▁TA: 5.7403, O: 9.3776, ▁L: 0.0789, Ạ: 0.0058, Y: 0.0374, ▁M: 0.1174, À: 4.5985, Y: 3.1774, <unk>: 0.1037, </s>: 0.0599",1.7989,9.3776
7680,Hẹ hẹ hẹ hẹ 👏🏻👏🏻👏🏻 sốp xịn qá,Hehe hehe 👏🏻👏🏻👏🏻 shop xịn quá,"<s>: 0.0169, ▁Hehe: 8.0597, ▁hehe: 8.8309, ▁: 5.6138, <unk>: 0.0585, <unk>: 0.0633, <unk>: 0.0529, <unk>: 0.0853, <unk>: 1.0296, <unk>: 4.4282, ▁shop: 0.3124, ▁x: 0.1122, ị: 0.014, n: 0.029, ▁quá: 0.0091, </s>: 0.0404",1.7973,8.8309
2755,Mik 1 slot nga,Mình 1 slot nha,"<s>: 0.017, ▁Mình: 0.0347, ▁1: 0.0429, ▁slot: 0.0001, ▁nha: 10.6024, </s>: 0.0763",1.7956,10.6024
9231,Sr toai là ng ik trap 💁🏻‍♀️ Nữ BC nhé =))),Xin lỗi tôi là người đi trap 💁🏻‍♀️ Nữ Bọ Cạp nhé =))),"<s>: 0.0144, ▁Xin: 7.2709, ▁lỗi: 0.4365, ▁tôi: 7.2735, ▁là: 0.0597, ▁người: 0.0403, ▁đi: 0.0661, ▁trap: 0.0014, ▁: 0.0677, <unk>: 0.0492, <unk>: 0.0567, ▁: 0.0821, <unk>: 0.0405, <unk>: 0.0792, ▁Nữ: 0.0069, ▁B: 6.1513, ọ: 9.8445, ▁C: 5.8625, ạp: 3.5704, ▁nhé: 0.0537, ▁=: 0.0351, ))): 0.0078, </s>: 0.0405",1.7874,9.8445
8411,cái nc qq j 80% là chín trị,cái nước quần què gì 80% là chính trị,"<s>: 0.0142, ▁cái: 0.0466, ▁nước: 0.0609, ▁quần: 5.5176, ▁què: 2.3934, ▁gì: 0.0544, ▁80%: 0.0078, ▁là: 0.0877, ▁chính: 11.3413, ▁trị: 0.0022, </s>: 0.088",1.7831,11.3413
1140,Day8 Bí1 fibi của t đây.,Day 8 Bí 1 freebie của tôi đây.,"<s>: 0.0137, ▁Day: 0.0196, ▁8: 2.6895, ▁Bí: 0.0005, ▁1: 2.4152, ▁free: 11.0933, bie: 4.6783, ▁của: 0.1132, ▁tôi: 0.1603, ▁đây: 0.0115, .: 0.1232, </s>: 0.0728",1.7826,11.0933
3565,đi mik đc ko sốp,đi một mình được không shop,"<s>: 0.0136, ▁đi: 0.083, ▁một: 13.8973, ▁mình: 0.0375, ▁được: 0.0444, ▁không: 0.0679, ▁shop: 0.0198, </s>: 0.0909",1.7818,13.8973
8908,"Thêm nhạc nhà Tinh hoa như Gene x CKGMDT, Nét, Superstar full Cá Lớn ik ạk","Thêm nhạc nhà Tinh hoa như Gene x Chẳng Khác Gì Một Đứa Trẻ, Nét, Superstar full Cá Lớn đi ạ","<s>: 0.0135, ▁Thêm: 0.0169, ▁nhạc: 0.0152, ▁nhà: 0.0428, ▁Tinh: 0.011, ▁hoa: 0.0095, ▁như: 0.0941, ▁Gene: 0.0001, ▁x: 0.0541, ▁C: 4.2361, hẳng: 8.3981, ▁Kh: 7.6275, ác: 4.0169, ▁G: 7.802, ì: 0.5859, ▁Một: 9.4025, ▁Đ: 4.4346, ứ: 4.1533, a: 0.7318, ▁Trẻ: 8.2158, ,: 0.3524, ▁Né: 0.0, t: 0.0325, ,: 0.0912, ▁Super: 0.0084, star: 0.0044, ▁full: 0.0005, ▁Cá: 0.0017, ▁L: 0.0318, ớ: 0.0023, n: 0.0575, ▁đi: 0.0364, ▁ạ: 0.0186, </s>: 0.0771",1.7817,9.4025
8181,"Hai ng này fl ig nhau từ 2024 cơ, V tim gần như tất cả bài của P lunnn mak 😂","Hai người này follow Instagram nhau từ 2024 cơ, Viper thả tim gần như tất cả bài của Peanut luôn mà 😂","<s>: 0.0142, ▁Hai: 0.0461, ▁người: 0.0934, ▁này: 0.0475, ▁follow: 0.0093, ▁Instagram: 2.4881, ▁nhau: 0.0289, ▁từ: 0.0269, ▁20: 0.0033, 24: 0.0081, ▁cơ: 0.0042, ,: 0.1127, ▁Vi: 4.2536, per: 16.5207, ▁thả: 10.1546, ▁tim: 0.1936, ▁gần: 0.006, ▁như: 0.0416, ▁tất: 0.0795, ▁cả: 0.0318, ▁bài: 0.0045, ▁của: 0.1078, ▁Pea: 9.4, nut: 7.6871, ▁luôn: 0.027, ▁mà: 0.0304, ▁: 0.097, <unk>: 0.0502, </s>: 0.0551",1.7801,16.5207
4742,Momo vs nh thì ko xoay mak trả,MoMo với ngân hàng thì không xoay mà trả,"<s>: 0.0159, ▁Mo: 1.7183, Mo: 9.0114, ▁với: 0.0641, ▁ngân: 10.2092, ▁hàng: 0.0095, ▁thì: 0.1235, ▁không: 0.0789, ▁xoay: 0.0006, ▁mà: 0.0352, ▁trả: 0.0253, </s>: 0.0651",1.7798,10.2092
2465,é hée kảm ơn nànggg,é hế cảm ơn nàng,"<s>: 0.0157, ▁é: 0.4965, ▁: 8.0614, hế: 5.327, ▁cảm: 0.1124, ▁ơn: 0.0555, ▁nàng: 0.0085, </s>: 0.1263",1.7754,8.0614
5259,"Vì VAYVND, là app tindungden hoạt động trái phép","Vì VayVND, là app tín dụng đen hoạt động trái phép","<s>: 0.0135, ▁Vì: 0.0255, ▁Va: 9.1286, y: 6.0002, VN: 0.0913, D: 0.0402, ,: 0.1193, ▁là: 0.0489, ▁app: 0.0041, ▁tín: 6.0707, ▁dụng: 1.7862, ▁đen: 6.6945, ▁hoạt: 0.0078, ▁động: 0.0458, ▁trái: 0.0082, ▁phép: 0.0085, </s>: 0.0813",1.775,9.1286
4529,Cskh lĩnh vực jz ạk,Chăm sóc khách hàng lĩnh vực gì vậy ạ,"<s>: 0.0147, ▁Chăm: 7.2372, ▁sóc: 0.0502, ▁khách: 11.9412, ▁hàng: 0.0999, ▁lĩnh: 0.0029, ▁vực: 0.0091, ▁gì: 0.0211, ▁vậy: 0.0359, ▁ạ: 0.0194, </s>: 0.091",1.7748,11.9412
1967,Lời ns xuất phát từ ng aov 🐧,Lời nói xuất phát từ người Liên Quân 🐧,"<s>: 0.0139, ▁Lời: 0.0079, ▁nói: 0.0577, ▁xuất: 0.0142, ▁phát: 0.0374, ▁từ: 0.0248, ▁người: 0.1004, ▁Liên: 12.9687, ▁Quân: 7.6728, ▁: 0.2103, <unk>: 0.1126, </s>: 0.0725",1.7744,12.9687
8400,ăn gian nka ) bên hàn còn cs thánh chs dơ lee kwang soo mag zời ….,ăn gian nha ) bên Hàn còn có thánh chơi dơ Lee Kwang Soo mang trời ….,"<s>: 0.0137, ▁ăn: 0.0186, ▁gian: 0.0148, ▁nha: 0.0184, ▁): 0.062, ▁bên: 0.0198, ▁Hàn: 7.5072, ▁còn: 0.3903, ▁có: 0.0578, ▁thánh: 0.0254, ▁chơi: 0.1213, ▁d: 0.0701, ơ: 0.003, ▁Lee: 9.2583, ▁K: 8.8768, wang: 2.2543, ▁Soo: 4.169, ▁mang: 5.8062, ▁trời: 0.1555, ▁...: 0.0221, .: 0.0649, </s>: 0.0602",1.7723,9.2583
4273,"3 tháng đầu e dùng moony, còn hơn 3 tháng e dùng naturelovemere xen kẽ zới momo rabbit ạk.","3 tháng đầu em dùng Moony, còn hơn 3 tháng em dùng Nature Love Mere xen kẽ với Momo Rabbit ạ.","<s>: 0.0145, ▁3: 0.0215, ▁tháng: 0.0123, ▁đầu: 0.0661, ▁em: 0.0933, ▁dùng: 0.0334, ▁Moon: 12.212, y: 2.5205, ,: 0.1218, ▁còn: 0.022, ▁hơn: 0.0105, ▁3: 0.0267, ▁tháng: 0.0095, ▁em: 0.1343, ▁dùng: 0.0367, ▁Nature: 6.5306, ▁Love: 5.9408, ▁Mere: 11.9537, ▁xen: 0.0003, ▁k: 0.0613, ẽ: 0.0018, ▁với: 0.0947, ▁Mo: 6.4223, mo: 1.4407, ▁Rabbi: 3.3148, t: 0.0147, ▁ạ: 0.0157, .: 0.062, </s>: 0.0519",1.7669,12.212
1072,Metrolimex t vẫn đổ đầy bình thoải mái.,Petrolimex tôi vẫn đổ đầy bình thoải mái.,"<s>: 0.0131, ▁Petrol: 14.5765, ime: 6.2107, x: 1.7862, ▁tôi: 0.1232, ▁vẫn: 0.0316, ▁đổ: 0.0015, ▁đầy: 0.0026, ▁bình: 0.0031, ▁thoải: 0.0031, ▁mái: 0.0293, .: 0.099, </s>: 0.0742",1.7657,14.5765
6486,CTY TNHH REDCRAB TUYỂN NVIEN BÁN HÀNG FULLTIME,CÔNG TY TRÁCH NHIỆM HỮU HẠN REDCRAB TUYỂN NHÂN VIÊN BÁN HÀNG FULLTIME,"<s>: 0.015, ▁CÔNG: 0.4167, ▁TY: 0.0631, ▁T: 10.5178, RÁ: 6.3436, CH: 3.8237, ▁N: 1.8158, HI: 0.1949, Ệ: 3.2522, M: 1.3379, ▁H: 5.641, Ữ: 4.0127, U: 2.6675, ▁H: 3.1776, ẠN: 3.5684, ▁RED: 8.4329, CRA: 0.0481, B: 0.1002, ▁TU: 0.0242, Y: 0.0129, Ể: 0.0051, N: 0.0258, ▁NHÂN: 0.196, ▁V: 0.2416, IÊN: 0.0083, ▁B: 0.0313, ÁN: 0.0009, ▁HÀNG: 0.0008, ▁FULL: 0.0021, T: 0.0898, IME: 0.0002, </s>: 0.0476",1.7536,10.5178
5630,"Bơm dnt giải Cống Hiến 2026 cho CONGB 20k ik, mk dắt bạng ik gặp CONGB neh","Bơm donate giải Cống Hiến 2026 cho CÔNG B 20k đi, mình dắt bạn đi gặp CÔNG B nè","<s>: 0.0146, ▁B: 0.0992, ơ: 0.0413, m: 0.0417, ▁donat: 13.7078, e: 2.0137, ▁giải: 0.022, ▁C: 0.0534, ống: 0.0021, ▁Hi: 0.002, ến: 0.0057, ▁20: 0.0068, 26: 0.003, ▁cho: 0.0366, ▁CÔNG: 9.7963, ▁B: 2.205, ▁20: 12.3403, k: 0.1143, ▁đi: 0.0506, ,: 0.0886, ▁mình: 0.0683, ▁d: 0.0435, ắ: 0.0197, t: 0.0686, ▁bạn: 0.0391, ▁đi: 0.0134, ▁gặp: 0.0095, ▁CÔNG: 5.3021, ▁B: 0.2494, ▁nè: 7.818, </s>: 0.0606",1.7528,13.7078
4579,Zạ vang em kảm ơn ạk,Dạ vâng em cảm ơn ạ,"<s>: 0.0174, ▁Dạ: 0.0535, ▁v: 12.3827, âng: 2.9801, ▁em: 0.0782, ▁cảm: 0.1159, ▁ơn: 0.0491, ▁ạ: 0.0154, </s>: 0.0794",1.7524,12.3827
3603,Mih xin list coffee and tea đêm đc ko ạk?,Mình xin danh sách coffee and tea đêm được không ạ?,"<s>: 0.0147, ▁Mình: 0.0665, ▁xin: 0.0209, ▁danh: 10.2958, ▁sách: 13.0527, ▁coffee: 0.1347, ▁and: 0.4624, ▁tea: 0.0045, ▁đêm: 0.0108, ▁được: 0.055, ▁không: 0.1215, ▁ạ: 0.0532, ?: 0.0794, </s>: 0.0566",1.7449,13.0527
1778,Cj oii cho e hỏi cj cs pass tlieu hòi ôn đtuyen hem ạk.,Chị ơi cho em hỏi chị có pass tài liệu hồi ôn đội tuyển không ạ.,"<s>: 0.014, ▁Chị: 0.0628, ▁ơi: 0.0474, ▁cho: 0.0802, ▁em: 0.084, ▁hỏi: 0.0283, ▁chị: 0.0699, ▁có: 0.0716, ▁pass: 0.0007, ▁tài: 5.6685, ▁liệu: 7.1375, ▁hồi: 9.162, ▁: 1.3993, ôn: 0.0004, ▁đội: 9.8045, ▁tuyển: 0.9249, ▁không: 0.1569, ▁ạ: 0.0152, .: 0.0545, </s>: 0.0592",1.7421,9.8045
8387,Nếu 6 Tút giữ nguyên cái bảng tên của 2 tới phút cúi cùng thì hk lẽ 2 Thành tự xé bảng tên mìn hả ta=))))) và t chỉ thấy ảnh sd snl wa peak,Nếu Sáu Tút giữ nguyên cái bảng tên của Hai tới phút cuối cùng thì không lẽ Hai Thành tự xé bảng tên mình hả ta =))))) và tôi chỉ thấy ảnh sử dụng siêu năng lực quá peak,"<s>: 0.0137, ▁Nếu: 0.0173, ▁Sá: 9.4992, u: 3.8968, ▁Tú: 0.0175, t: 0.0587, ▁giữ: 0.0128, ▁nguyên: 0.0358, ▁cái: 0.0481, ▁bảng: 0.0019, ▁tên: 0.0038, ▁của: 0.0913, ▁Hai: 8.6796, ▁tới: 0.0203, ▁phút: 0.0229, ▁cuối: 14.5732, ▁cùng: 0.019, ▁thì: 0.0544, ▁không: 0.164, ▁lẽ: 0.0125, ▁Hai: 8.3575, ▁Thành: 0.0105, ▁tự: 0.0366, ▁: 0.0795, xé: 0.0006, ▁bảng: 0.0018, ▁tên: 0.0069, ▁mình: 0.1647, ▁hả: 0.0121, ▁ta: 0.014, ▁=): 8.2412, <unk>: 5.9962, ▁và: 6.7506, ▁tôi: 0.1076, ▁chỉ: 0.054, ▁thấy: 0.0157, ▁ảnh: 0.2767, ▁sử: 0.4759, ▁dụng: 0.0568, ▁siêu: 8.0459, ▁năng: 2.7158, ▁lực: 0.2061, ▁quá: 0.0381, ▁pe: 1.011, ak: 0.0006, </s>: 0.0612",1.7387,14.5732
8228,tr ơi soft xỉu chuyện tình iu của 2 cn ngừi nàyyy xin vía nhenn hh cho tui hỏi xíuu bà k mấy zay <3 tại thấyy giỏii qs,trời ơi soft xỉu chuyện tình yêu của 2 con người này xin vía nhen hi cho tui hỏi xíu bà sinh năm bao nhiêu vậy <3 tại thấy giỏi quá,"<s>: 0.0148, ▁trời: 0.0424, ▁ơi: 0.046, ▁soft: 0.0008, ▁x: 0.0218, ỉ: 0.01, u: 0.1108, ▁chuyện: 0.0324, ▁tình: 0.0191, ▁yêu: 0.0485, ▁của: 0.124, ▁2: 0.1129, ▁con: 0.0527, ▁người: 0.0878, ▁này: 1.8269, ▁xin: 0.22, ▁vía: 0.0, ▁nh: 0.2977, en: 0.0228, ▁hi: 9.0155, ▁cho: 8.3142, ▁tui: 0.4834, ▁hỏi: 0.0192, ▁x: 0.1151, íu: 0.0073, ▁bà: 0.6802, ▁sinh: 12.8548, ▁năm: 0.5407, ▁bao: 3.57, ▁nhiêu: 0.0563, ▁vậy: 5.1996, <unk>: 7.2473, ▁tại: 0.0262, ▁thấy: 0.0063, ▁giỏi: 8.0415, ▁quá: 4.4022, </s>: 0.6435",1.7382,12.8548
1941,Đcm dụ j,Địt con mẹ vụ gì,"<s>: 0.0156, ▁Đ: 0.0861, ị: 3.0779, t: 0.0157, ▁con: 0.4568, ▁mẹ: 0.0169, ▁vụ: 11.8194, ▁gì: 0.0582, </s>: 0.0905",1.7374,11.8194
3548,hnao thử thêmmm tira bên tuii nx nka 2 bác,hôm nào thử thêm tiramisu bên tôi nữa nha hai bác,"<s>: 0.0155, ▁hôm: 0.168, ▁nào: 0.1244, ▁thử: 0.0167, ▁thêm: 0.0263, ▁tira: 1.1039, mis: 13.7859, u: 5.0112, ▁bên: 0.0303, ▁tôi: 1.1178, ▁nữa: 0.0491, ▁nha: 0.0036, ▁hai: 4.5101, ▁bác: 0.009, </s>: 0.0742",1.7364,13.7859
9273,ô cs thể cnay là cái plot duy nhất kẻ màk cs link gắn cho ngta đọc=))))))),ô có thể cái này là cái plot duy nhất kể mà có link gắn cho người ta đọc =))))))),"<s>: 0.0137, ▁ô: 0.6981, ▁có: 0.0699, ▁thể: 0.0134, ▁cái: 0.1013, ▁này: 2.7239, ▁là: 0.0694, ▁cái: 0.0663, ▁plot: 0.0012, ▁duy: 0.0189, ▁nhất: 0.0266, ▁kể: 15.3074, ▁mà: 2.7569, ▁có: 0.1988, ▁link: 0.0044, ▁gắn: 0.0003, ▁cho: 0.0544, ▁người: 0.0842, ▁ta: 0.0536, ▁đọc: 0.0169, ▁=): 8.8907, <unk>: 4.8546, </s>: 3.9073",1.7362,15.3074
8859,"dã man v cha, sức chịu nổi 3 trận lun as😭?","Dã man vậy cha, sức chịu nổi ba trận luôn á 😭?","<s>: 0.015, ▁D: 10.4415, ã: 3.015, ▁man: 0.0293, ▁vậy: 0.0554, ▁cha: 0.0092, ,: 0.1006, ▁sức: 0.0066, ▁chịu: 0.0047, ▁nổi: 0.0343, ▁ba: 7.8924, ▁trận: 0.022, ▁luôn: 0.0327, ▁á: 0.0279, ▁: 8.2314, <unk>: 1.1161, ?: 0.0987, </s>: 0.0704",1.7335,10.4415
5296,Cm qa thông thái!,Comment quá thông thái!,"<s>: 0.0151, ▁Comment: 11.9915, ▁quá: 0.0041, ▁thông: 0.0044, ▁thái: 0.0253, !: 0.0141, </s>: 0.0745",1.7327,11.9915
8839,combo 14 tiếng 499 🐠 hay cả ngày vs combo 24 tiếng (thiệc là 24 tiếng lun ó) 769 🐠 nek 🏡🍃🫰🏻,Combo 14 tiếng 499 cá hay cả ngày với combo 24 tiếng (thiật là 24 tiếng luôn đó) 769 cá nè 🏡🍃🫰🏻,"<s>: 0.0142, ▁Com: 6.6359, bo: 0.0116, ▁14: 0.0018, ▁tiếng: 0.0112, ▁4: 0.0193, 99: 0.0118, ▁cá: 13.3645, ▁hay: 5.6032, ▁cả: 0.0256, ▁ngày: 0.0216, ▁với: 0.053, ▁com: 0.001, bo: 0.0087, ▁24: 0.0039, ▁tiếng: 0.0074, ▁(: 0.0322, thi: 0.3357, ật: 9.365, ▁là: 0.2101, ▁24: 0.0082, ▁tiếng: 0.0071, ▁luôn: 0.015, ▁đó: 6.0272, ): 0.0257, ▁7: 0.0039, 69: 0.001, ▁cá: 10.9576, ▁nè: 6.6189, ▁: 0.064, <unk>: 0.035, <unk>: 0.0462, <unk>: 0.2334, <unk>: 0.4103, </s>: 0.359",1.73,13.3645
8238,Zạaaa😽😽 t kảm ơn nhaa,Dạ tui cảm ơn nha,"<s>: 0.0172, ▁Dạ: 0.1177, ▁tui: 11.232, ▁cảm: 0.1595, ▁ơn: 0.0554, ▁nha: 0.2087, </s>: 0.3024",1.7275,11.232
7714,=)))) thì yêu chứ cs cưới đâu mak bảo R quen hả chi.,=)))) thì yêu chứ có cưới đâu mà bảo Ruler quen hả chị.,"<s>: 0.0146, ▁=: 0.0115, <unk>: 0.0541, ▁thì: 0.0402, ▁yêu: 0.0386, ▁chứ: 0.0204, ▁có: 0.1016, ▁cưới: 0.0064, ▁đâu: 0.027, ▁mà: 0.026, ▁bảo: 0.0259, ▁Ru: 9.243, ler: 16.2486, ▁quen: 0.0102, ▁hả: 0.0101, ▁chị: 5.0085, .: 0.0958, </s>: 0.0876",1.7261,16.2486
8236,ủa dzị là b K ms k8 thui hả:),ủa vậy là bạn K mới 2k8 thôi hả,"<s>: 0.0153, ▁: 0.0947, ủ: 0.0115, a: 0.0351, ▁vậy: 0.1884, ▁là: 0.0763, ▁bạn: 0.0593, ▁K: 2.2797, ▁mới: 0.0887, ▁2: 9.8469, k: 4.2863, 8: 0.0648, ▁thôi: 0.0301, ▁hả: 0.0068, </s>: 8.7475",1.7221,9.8469
5524,xog cs uỷ quyền cho 1 ng lm ziệc zới bên toà.,xong có ủy quyền cho 1 người làm việc với bên tòa.,"<s>: 0.0149, ▁xong: 2.8042, ▁có: 0.0852, <unk>: 8.4483, ▁quyền: 6.733, ▁cho: 0.057, ▁1: 0.1027, ▁người: 0.0586, ▁làm: 0.0734, ▁việc: 0.0358, ▁với: 0.044, ▁bên: 0.062, <unk>: 6.9875, .: 0.2324, </s>: 0.0591",1.7199,8.4483
4735,Tiện cho em hỏi app đen cs bị lên cic nậu xớ k ạk ?,Tiện cho em hỏi app đen có bị lên CIC nợ xấu không ạ ?,"<s>: 0.0168, ▁T: 0.0322, iện: 0.0083, ▁cho: 0.0434, ▁em: 0.0784, ▁hỏi: 0.04, ▁app: 0.0065, ▁đen: 0.0068, ▁có: 0.1489, ▁bị: 0.0432, ▁lên: 0.127, ▁C: 7.7091, IC: 4.9651, ▁nợ: 10.4714, ▁xấu: 8.403, ▁không: 0.3902, ▁ạ: 0.0275, ▁?: 0.0144, </s>: 0.0787",1.7164,10.4714
2202,"""chị ơi cho em 1 vỉ panasonic ạk"" ""hả vỉ j cơ em"" ""vỉ panasonic giảm đau đầu ấy c"" ""panasonic em ph ra điện máy xanh chứ em""","""chị ơi cho em 1 vỉ Panadol ạ"" ""hả vỉ gì cơ em"" ""vỉ Panadol giảm đau đầu ấy chị"" ""Panasonic em phải ra Điện Máy Xanh chứ em""","<s>: 0.016, ▁"": 0.0657, ch: 0.0335, ị: 0.0927, ▁ơi: 0.012, ▁cho: 0.0425, ▁em: 0.0351, ▁1: 0.057, ▁v: 0.238, ỉ: 0.011, ▁Pana: 8.2961, dol: 10.9286, ▁ạ: 1.1184, "": 0.0154, ▁"": 0.0307, h: 0.032, ả: 0.0045, ▁v: 0.1313, ỉ: 0.0076, ▁gì: 0.0334, ▁cơ: 0.0213, ▁em: 0.0716, "": 0.0202, ▁"": 0.0306, v: 0.0193, ỉ: 0.0031, ▁Pana: 2.3448, dol: 4.6403, ▁giảm: 0.0111, ▁đau: 0.0054, ▁đầu: 0.0114, ▁ấy: 0.011, ▁chị: 0.2309, "": 0.0387, ▁"": 0.0341, Pan: 12.3372, as: 13.8099, o: 10.2449, nic: 0.2547, ▁em: 0.0301, ▁phải: 0.0213, ▁ra: 0.0237, ▁Điện: 6.3498, ▁Máy: 4.7781, ▁Xan: 3.4086, h: 5.6067, ▁chứ: 0.024, ▁em: 0.0461, "": 0.0193, </s>: 0.054",1.7141,13.8099
1175,ko lắy gương là bị csgt phạt chết🤣,không lấy gương là bị cảnh sát giao thông phạt chết🤣,"<s>: 0.0152, ▁không: 0.1702, ▁lấy: 8.4244, ▁gương: 0.0032, ▁là: 0.0838, ▁bị: 0.1052, ▁cảnh: 6.4701, ▁sát: 0.388, ▁giao: 7.9443, ▁thông: 0.1445, ▁phạt: 0.0053, ▁chết: 0.0043, <unk>: 0.0641, </s>: 0.0774",1.7071,8.4244
6905,Gần nhà mk neen khi an lạc Hoài Đức b a,Gần nhà mình nên khi An Lạc Hoài Đức bạn ạ,"<s>: 0.0147, ▁G: 0.0246, ầ: 0.0226, n: 0.077, ▁nhà: 0.0565, ▁mình: 0.0896, ▁nên: 12.6401, ▁khi: 1.5901, ▁An: 6.1468, ▁Lạc: 4.3994, ▁H: 0.1513, oài: 0.0043, ▁Đức: 0.002, ▁bạn: 0.0973, ▁ạ: 1.9093, </s>: 0.082",1.7067,12.6401
2182,Tôi còn tập ở đók 1/ngày 2/cử,Tôi còn tập ở đó 1 ngày 2 cử,"<s>: 0.0158, ▁Tôi: 0.0464, ▁còn: 0.0601, ▁tập: 0.0107, ▁ở: 0.0819, ▁đó: 0.0589, ▁1: 0.0386, ▁ngày: 6.0328, ▁2: 0.0422, ▁cử: 12.2843, </s>: 0.0723",1.704,12.2843
4716,"Đặng văn ngữ, đống đa, hà nội em nhaa ❤️","Đặng Văn Ngữ, Đống Đa, Hà Nội em nha ❤️","<s>: 0.015, ▁Đ: 0.06, ặng: 0.0006, ▁Văn: 6.3624, ▁Ng: 8.7336, ữ: 0.1264, ,: 0.0712, ▁Đ: 5.5295, ống: 0.0044, ▁Đa: 3.3504, ,: 0.1461, ▁Hà: 3.9158, ▁Nội: 1.2869, ▁em: 0.2953, ▁nha: 0.0875, <unk>: 0.469, <unk>: 0.084, </s>: 0.0369",1.6986,8.7336
534,Hwh: s mấy khúc này n chừa mik ra z 🥲,Han Wangho: sao mấy khúc này nó chừa mình ra vậy 🥲,"<s>: 0.0165, ▁Han: 9.3674, ▁Wang: 10.7183, ho: 10.5154, :: 0.3264, ▁sao: 0.0078, ▁mấy: 0.0073, ▁khúc: 0.0045, ▁này: 0.0286, ▁nó: 0.0444, ▁ch: 0.4583, ừ: 0.0073, a: 0.0584, ▁mình: 0.0267, ▁ra: 0.0335, ▁vậy: 0.4261, ▁: 0.0532, <unk>: 0.0851, </s>: 0.063",1.6973,10.7183
2983,sốp đợi iemmmm cs ghệ iem ord lìn :3,shop đợi em có ghệ em order liền :3,"<s>: 0.0152, ▁shop: 0.0358, ▁đợi: 0.0122, ▁em: 0.279, ▁có: 9.1179, ▁gh: 0.0322, ệ: 0.0077, ▁em: 0.0626, ▁order: 4.7617, ▁liền: 7.6317, ▁:: 0.0024, 3: 0.0192, </s>: 0.0547",1.6948,9.1179
5039,Em cg hp nghen bây bi,Em cũng hạnh phúc nghen baby,"<s>: 0.0142, ▁Em: 0.0728, ▁cũng: 0.1286, ▁hạnh: 0.5389, ▁phúc: 0.0267, ▁nghe: 0.054, n: 0.2202, ▁baby: 13.9535, </s>: 0.1928",1.6891,13.9535
5343,Chắc de nợ xấu rùi sau nayd trả chứ ht gồng nỗi r,Chắc để nợ xấu rồi sau này trả chứ hết gồng nổi rồi,"<s>: 0.0162, ▁C: 0.1346, hắc: 0.0064, ▁để: 8.5215, ▁nợ: 0.0186, ▁xấu: 0.0045, ▁rồi: 0.1028, ▁sau: 0.0232, ▁này: 7.222, ▁trả: 0.0109, ▁chứ: 0.0287, ▁hết: 0.0145, ▁g: 0.2077, ồng: 0.003, ▁nổi: 12.2748, ▁rồi: 0.0231, </s>: 0.0716",1.6873,12.2748
3794,"trưa nhảy jet jet quậy banh cái live mak tối bày đặt nhạc buồn, 7 tình =)))","trưa nhảy giật giật quậy banh cái live mà tối bày đặt nhạc buồn, thất tình =)))","<s>: 0.014, ▁trưa: 0.0071, ▁nhảy: 0.0125, ▁giật: 12.7011, ▁giật: 6.5647, ▁qu: 8.0256, ậy: 0.0053, ▁ban: 0.0032, h: 0.0179, ▁cái: 0.0617, ▁live: 0.0009, ▁mà: 0.0629, ▁tối: 0.0132, ▁bày: 0.0004, ▁đặt: 0.0047, ▁nhạc: 0.0146, ▁buồn: 0.0042, ,: 0.1418, ▁thất: 10.8106, ▁tình: 0.2452, ▁=: 0.0256, ))): 0.0095, </s>: 0.0545",1.687,12.7011
4184,lm hss sctg rùi huhu cuối cùng bục phát ik khám mở moẹ 2p=))),làm hồ sơ sinh sinh con trọn gói rồi huhu cuối cùng bục phát đi khám mở mẹ 2 phân=))),"<s>: 0.0147, ▁làm: 0.0885, ▁hồ: 2.3615, ▁sơ: 0.1215, ▁sinh: 2.6374, ▁sinh: 4.1525, ▁con: 6.2863, ▁trọn: 13.3621, ▁gói: 4.1779, ▁rồi: 0.0356, ▁: 0.2192, huhu: 0.0011, ▁cuối: 0.0025, ▁cùng: 0.0181, ▁b: 0.0074, ục: 0.0016, ▁phát: 0.0039, ▁đi: 0.0437, ▁khám: 0.0029, ▁mở: 0.0042, ▁mẹ: 0.6042, ▁2: 0.0354, ▁phân: 9.597, =: 0.0038, ))): 0.0167, </s>: 0.0459",1.6864,13.3621
7003,zạ hjc đọc màk sợ qá ạk :(((((,dạ hic đọc mà sợ quá ạ :(((((,"<s>: 0.0144, ▁dạ: 0.0776, ▁hic: 8.5435, ▁đọc: 0.7942, ▁mà: 0.1481, ▁sợ: 0.0109, ▁quá: 0.0157, ▁ạ: 0.0323, <unk>: 0.0898, (: 5.4821, <unk>: 4.3836, </s>: 0.6298",1.6852,8.5435
9163,Ảnh thoại lm toy cừi đến chec lun 🤣🤣🤣,Anh thoại làm tôi cười đến chết luôn 🤣🤣🤣,"<s>: 0.0144, ▁Anh: 5.6908, ▁thoại: 0.0073, ▁làm: 0.0465, ▁tôi: 10.7656, ▁cười: 3.9305, ▁đến: 2.3162, ▁chết: 0.439, ▁luôn: 0.0169, ▁: 0.0928, <unk>: 0.0467, <unk>: 0.055, <unk>: 0.0752, </s>: 0.0339",1.6808,10.7656
3848,Hôm 8/3 em và mẹ cs ghé qua mua thấy bà cũg hơi mệt,Hôm mùng 8 tháng 3 em và mẹ có ghé qua mua thấy bà cũng hơi mệt,"<s>: 0.0159, ▁Hôm: 0.0136, ▁m: 14.1521, ùng: 0.3887, ▁8: 0.0558, ▁tháng: 8.1945, ▁3: 10.1348, ▁em: 0.1296, ▁và: 0.1007, ▁mẹ: 0.0271, ▁có: 0.0646, ▁ghé: 0.001, ▁qua: 0.02, ▁mua: 0.0407, ▁thấy: 0.0504, ▁bà: 0.0299, ▁cũng: 0.0106, ▁hơi: 0.0045, ▁mệt: 0.0032, </s>: 0.0841",1.6761,14.1521
2088,ckồnq b nungcac ah mk hỏi tht đấy :),chồng bạn nứng cặc à mình hỏi thật đấy :),"<s>: 0.0145, ▁chồng: 0.0438, ▁bạn: 0.0345, ▁n: 11.2689, ứ: 6.2837, ng: 2.8623, ▁c: 1.4492, ặc: 0.166, ▁à: 2.6515, ▁mình: 0.0877, ▁hỏi: 0.0363, ▁thật: 0.1075, ▁đấy: 0.0061, <unk>: 0.0709, </s>: 0.0569",1.676,11.2689
9395,Chán luonn nên cặp HS- SB mấy tập đók k cs j coi nh cả .,Chán luôn nên cặp Hyesung- Sangbin mấy tập đó không có gì coi nhiều cả .,"<s>: 0.0131, ▁Chá: 0.0062, n: 0.0868, ▁luôn: 0.0014, ▁nên: 0.0532, ▁cặp: 0.0062, ▁Hy: 9.482, es: 7.3475, ung: 1.9771, -: 0.7522, ▁Sang: 10.1493, bin: 9.7282, ▁mấy: 0.0152, ▁tập: 0.0069, ▁đó: 0.0399, ▁không: 0.1155, ▁có: 0.069, ▁gì: 0.0184, ▁coi: 0.005, ▁nhiều: 0.0385, ▁cả: 0.0237, ▁: 0.1285, .: 0.0576, </s>: 0.0673",1.6745,10.1493
7621,"Tử tham linh hoả kỵ ở mệnh, nội tâm mâu thuẫn phức tạp nửa đời nửa đạo.","Tử Tham Linh Hỏa Kỵ ở Mệnh, nội tâm mâu thuẫn phức tạp nửa đời nửa đạo.","<s>: 0.013, ▁Tử: 0.0098, ▁Tham: 7.2128, ▁Linh: 5.1331, ▁H: 6.1683, ỏ: 7.6693, a: 3.1216, ▁K: 3.931, ỵ: 0.0207, ▁ở: 0.0812, ▁M: 12.6669, ệ: 1.3707, nh: 0.542, ,: 0.1109, ▁nội: 0.02, ▁tâm: 0.1042, ▁mâ: 0.0003, u: 0.0235, ▁thu: 0.0292, ẫ: 0.0045, n: 0.0221, ▁phức: 0.0006, ▁tạp: 0.0202, ▁nửa: 0.0004, ▁đời: 0.0231, ▁nửa: 0.0039, ▁đạo: 0.0073, .: 0.1002, </s>: 0.0638",1.6715,12.6669
5787,Sáng sớm ngày ra đã cs cơm tờ ró ăn r ......🥺🥺🥺🥺🥺🥺,Sáng sớm ngày ra đã có cơm chó ăn rồi ......🥺🥺🥺🥺🥺🥺,"<s>: 0.0143, ▁Sáng: 0.0118, ▁sớm: 0.0024, ▁ngày: 0.0662, ▁ra: 0.0345, ▁đã: 0.0536, ▁có: 0.0973, ▁cơm: 0.0113, ▁chó: 18.1019, ▁ăn: 3.6407, ▁rồi: 0.0358, ▁......: 1.1896, <unk>: 0.0699, </s>: 0.0651",1.671,18.1019
8828,Tht=))) dcu nắc từ 3g tới gần 4g chiều mak Sài cs 2 cái bao💔 mẹ ơi t tưởng t sắp chết r,Thật =))) địt cụ nắc từ 3 giờ tới gần 4 giờ chiều mà xài có 2 cái bao 💔 mẹ ơi tao tưởng tao sắp chết rồi,"<s>: 0.0166, ▁Thật: 0.0872, ▁=: 6.7765, ))): 0.015, ▁đ: 1.6651, ị: 0.9942, t: 0.0223, ▁cụ: 12.6157, ▁n: 0.1466, ắ: 0.0159, c: 0.0477, ▁từ: 0.0563, ▁3: 0.0127, ▁giờ: 1.8174, ▁tới: 0.0171, ▁gần: 0.0037, ▁4: 0.0053, ▁giờ: 2.2894, ▁chiều: 0.0095, ▁mà: 0.0296, ▁x: 17.1415, à: 2.9963, i: 0.4852, ▁có: 1.8404, ▁2: 0.0265, ▁cái: 0.0135, ▁bao: 0.002, ▁: 7.4808, <unk>: 3.1177, ▁mẹ: 0.021, ▁ơi: 0.0402, ▁tao: 2.8471, ▁tưởng: 0.0216, ▁tao: 0.712, ▁sắp: 0.0181, ▁chết: 0.0025, ▁rồi: 0.0185, </s>: 0.067",1.6709,17.1415
4419,dũa form móng ko kỳ cháng quớ 🥹,dũa form móng không kỹ chán quá 🥹,"<s>: 0.0152, ▁d: 0.0521, ũ: 0.0214, a: 0.0753, ▁form: 0.0006, ▁món: 0.0091, g: 0.1217, ▁không: 0.0787, ▁kỹ: 12.7604, ▁chán: 7.5524, ▁quá: 2.4504, ▁: 0.0852, <unk>: 0.0739, </s>: 0.0833",1.67,12.7604
5832,"Lương thấp tầm bnh z, fomo qá😭","Lương thấp tầm bao nhiêu vậy, FOMO quá😭","<s>: 0.0137, ▁Lương: 0.0204, ▁thấp: 0.0189, ▁tầm: 0.0036, ▁bao: 0.003, ▁nhiêu: 0.0286, ▁vậy: 0.3347, ,: 0.117, ▁F: 16.7081, OMO: 4.227, ▁quá: 0.0486, <unk>: 0.0399, </s>: 0.0752",1.6645,16.7081
670,Um th thì từ bỏ ik e,Uhm thôi thì từ bỏ đi em,"<s>: 0.0168, ▁Uh: 3.1087, m: 13.1641, ▁thôi: 0.1189, ▁thì: 0.0475, ▁từ: 0.0137, ▁bỏ: 0.0025, ▁đi: 0.0335, ▁em: 0.0261, </s>: 0.0835",1.6615,13.1641
5809,trợ lý ch màk em oii,trợ lý cửa hàng mà em ơi,"<s>: 0.0137, ▁trợ: 0.0119, ▁lý: 0.0376, ▁cửa: 13.786, ▁hàng: 0.5688, ▁mà: 0.1094, ▁em: 0.1215, ▁ơi: 0.1988, </s>: 0.1036",1.6613,13.786
9176,Em ở phù ninh ạk,Em ở Phù Ninh ạ,"<s>: 0.0154, ▁Em: 0.0575, ▁ở: 0.0822, ▁P: 9.4328, hù: 0.197, ▁Ninh: 3.2801, ▁ạ: 0.0159, </s>: 0.0797",1.6451,9.4328
8386,Í là cái khúc 6 Tút phản bội 2 Thành là điều tất yếu ph xra í.,Ý là cái khúc Sáu Tút phản bội Hai Thành là điều tất yếu phải xảy ra ý.,"<s>: 0.0141, ▁Ý: 11.9114, ▁là: 0.3282, ▁cái: 0.0973, ▁khúc: 0.0024, ▁Sá: 10.179, u: 1.5374, ▁Tú: 0.0164, t: 0.0856, ▁phản: 0.0072, ▁bộ: 0.0317, i: 0.0603, ▁Hai: 7.2327, ▁Thành: 0.0029, ▁là: 0.0634, ▁điều: 0.0118, ▁tất: 0.0067, ▁yếu: 0.004, ▁phải: 0.0101, ▁xả: 7.2784, y: 1.0796, ▁ra: 0.054, ▁ý: 0.9104, .: 0.1132, </s>: 0.0812",1.6448,11.9114
6208,Ở biên hoà cs cổng ty nào trg kcn tuyển kế toán kh ạk🥲,Ở Biên Hòa có công ty nào trong khu công nghiệp tuyển kế toán không ạ🥲,"<s>: 0.0148, ▁Ở: 0.0406, ▁Biên: 2.7811, <unk>: 9.678, ▁có: 0.0636, ▁công: 10.9138, ▁ty: 0.0152, ▁nào: 0.0378, ▁trong: 1.5309, ▁khu: 3.2338, ▁công: 2.5885, ▁nghiệp: 0.1181, ▁tuyển: 0.0099, ▁kế: 0.0111, ▁toán: 0.0055, ▁không: 0.0415, ▁ạ: 0.0299, <unk>: 0.05, </s>: 0.0371",1.6422,10.9138
2782,Ui ah iu ja trửn wa gu iem,Ui anh yêu gia trưởng quá gu em,"<s>: 0.0174, ▁U: 0.098, i: 0.0692, ▁anh: 0.0767, ▁yêu: 0.0486, ▁gia: 9.4353, ▁trưởng: 7.9398, ▁quá: 0.0051, ▁gu: 0.0017, ▁em: 0.2597, </s>: 0.0533",1.6368,9.4353
8324,mak t để 1 đống( 1 đơn spx 7 đơn vtp) hèn chi lúc chạy về gặp ổng ổng nhìn t như kẻ phản bội 🤡,mà tôi để một đống ( một đơn Shopee Express bảy đơn Viettel Post ) hèn chi lúc chạy về gặp ổng ổng nhìn tôi như kẻ phản bội 🤡,"<s>: 0.0142, ▁mà: 0.0386, ▁tôi: 0.1716, ▁để: 0.0279, ▁một: 4.961, ▁đ: 0.0077, ống: 0.0026, ▁(: 4.8921, ▁một: 5.3072, ▁đơn: 0.0038, ▁Shop: 7.7333, ee: 0.5591, ▁Express: 8.5328, ▁bảy: 10.8614, ▁đơn: 0.0155, ▁Vi: 5.7897, ettel: 1.9503, ▁Post: 5.2435, ▁): 8.4316, ▁hè: 0.0, n: 0.0324, ▁chi: 0.1379, ▁lúc: 0.0184, ▁chạy: 0.0022, ▁về: 0.0159, ▁gặp: 0.0453, ▁ổn: 0.101, g: 0.0385, ▁ổn: 0.0314, g: 0.0414, ▁nhìn: 0.0258, ▁tôi: 0.0864, ▁như: 0.0297, ▁kẻ: 0.0081, ▁phản: 0.0058, ▁bộ: 0.0204, i: 0.024, ▁: 0.0761, <unk>: 0.0661, </s>: 0.0674",1.6355,10.8614
2186,Tao quyết phá cái ổ gạ b.u' trg fong xông hơi của citigym trg chinh 💪🏻 Tao cho tụi bây nhục mặt ra thử coi còn cái tật ik xin b.u' dạo ko .,Tao quyết phá cái ổ gạ bú trong phòng xông hơi của Citigym Trường Chinh 💪🏻 Tao cho tụi bây nhục mặt ra thử coi còn cái tật đi xin bú dạo không .,"<s>: 0.0135, ▁Tao: 0.0087, ▁quyết: 0.011, ▁phá: 0.0105, ▁cái: 0.0238, ▁: 0.1423, ổ: 0.0772, ▁g: 0.1701, ạ: 0.0103, ▁bú: 10.6887, ▁trong: 9.5677, ▁phòng: 8.1963, ▁x: 4.2402, ông: 0.0018, ▁hơi: 0.0001, ▁của: 0.1381, ▁Citi: 12.056, gym: 0.0184, ▁Trường: 9.8122, ▁Chin: 2.9183, h: 0.153, ▁: 0.0381, <unk>: 0.0642, <unk>: 0.0834, ▁Tao: 0.0086, ▁cho: 0.0343, ▁tụ: 0.0145, i: 0.0396, ▁bây: 0.003, ▁nh: 0.0303, ục: 0.0009, ▁mặt: 0.0077, ▁ra: 0.0211, ▁thử: 0.0069, ▁coi: 0.0012, ▁còn: 0.0175, ▁cái: 0.0162, ▁tật: 0.0005, ▁đi: 0.0395, ▁xin: 0.0116, ▁bú: 8.8094, ▁dạ: 8.8856, o: 0.0201, ▁không: 0.0873, ▁: 0.1116, .: 0.1807, </s>: 0.0569",1.6351,12.056
825,Cái quần trọng ko nhớ cười chết,Cái quan trọng không nhớ cười chết,"<s>: 0.014, ▁Cái: 0.0236, ▁quan: 14.4501, ▁trọng: 0.0019, ▁không: 0.1205, ▁nhớ: 0.0161, ▁cười: 0.0036, ▁chết: 0.0014, </s>: 0.0806",1.6346,14.4501
8869,3 trận là 3 nháy hả 😭,Ba trận là ba nháy hả 😭,"<s>: 0.0172, ▁Ba: 9.1851, ▁trận: 0.0238, ▁là: 0.0815, ▁ba: 8.3767, ▁nhá: 0.0007, y: 0.076, ▁hả: 0.003, ▁: 0.0666, <unk>: 0.0521, </s>: 0.0824",1.6332,9.1851
605,Ơ ava gái xênh cụa mik đâu rùi ạk,Ơ avatar gái xinh của mình đâu rồi ạ,"<s>: 0.0166, ▁: 0.0994, Ơ: 0.0054, ▁avatar: 5.8367, ▁gái: 0.0183, ▁xinh: 6.0372, ▁của: 7.3577, ▁mình: 0.024, ▁đâu: 0.0423, ▁rồi: 0.059, ▁ạ: 0.0243, </s>: 0.0727",1.6328,7.3577
3645,Mk tạo list xog lưu bác ạk,Mình tạo danh sách xong lưu bác ạ,"<s>: 0.0154, ▁Mình: 0.0437, ▁tạo: 0.007, ▁danh: 9.4584, ▁sách: 3.7063, ▁xong: 2.9496, ▁lưu: 0.0091, ▁bác: 0.0198, ▁ạ: 0.0272, </s>: 0.0815",1.6318,9.4584
1544,n hảm lô xàm chó đấy bn,nó hãm lồn xàm chó đấy bạn,"<s>: 0.0149, ▁nó: 0.032, ▁: 10.2111, hã: 5.8641, m: 0.087, ▁lồ: 4.6723, n: 1.6657, ▁x: 0.0411, à: 0.0055, m: 0.0526, ▁chó: 0.0025, ▁đấy: 0.0219, ▁bạn: 0.0545, </s>: 0.0951",1.63,10.2111
4263,Newborn cứ dùng Momorabbit thui mom.,Newborn cứ dùng Momo Rabbit thôi mom.,"<s>: 0.0152, ▁New: 0.0036, born: 0.004, ▁cứ: 0.0161, ▁dùng: 0.0216, ▁Mo: 0.0235, mo: 7.2666, ▁Rabbi: 13.5304, t: 0.0751, ▁thôi: 0.0669, ▁mom: 0.0018, .: 0.0911, </s>: 0.0623",1.6291,13.5304
7144,M ƠI M ĐIÊN VAIZ LOZ,MÀY ƠI MÀY ĐIÊN VÃI LỒN,"<s>: 0.0161, ▁M: 1.5853, À: 3.8182, Y: 1.5869, ▁: 0.1766, Ơ: 0.0015, I: 0.0294, ▁M: 0.3013, À: 3.0944, Y: 2.3505, ▁Đ: 0.037, IÊN: 0.0019, ▁V: 9.1447, Ã: 4.3109, I: 0.4865, ▁L: 0.9989, Ồ: 2.3024, N: 0.4562, </s>: 0.1557",1.6239,9.1447
8507,Còn Liêm Tham tật ách thì dễ bệnh huyết dk ạk.,Còn Liêm Tham Tật Ách thì dễ bệnh huyết đúng không ạ.,"<s>: 0.0155, ▁Còn: 0.0131, ▁Li: 0.0331, êm: 0.001, ▁Tham: 0.0173, ▁T: 10.28, ật: 0.8977, ▁Á: 6.7894, ch: 3.4499, ▁thì: 0.0367, ▁dễ: 0.0119, ▁bệnh: 0.0354, ▁huyết: 0.0025, ▁đúng: 7.4261, ▁không: 0.0232, ▁ạ: 0.0097, .: 0.0951, </s>: 0.0615",1.6222,10.28
8441,"Câu chuyện kthuc ở đây h khều D9, D10 dùm toi nka🫂🫂","Câu chuyện kết thúc ở đây giờ khều Day 9, Day 10 giùm tôi nha 🫂🫂","<s>: 0.0136, ▁Câu: 0.0136, ▁chuyện: 0.0092, ▁kết: 3.4861, ▁thúc: 0.652, ▁ở: 0.0663, ▁đây: 0.0297, ▁giờ: 0.0637, ▁kh: 0.7081, ề: 0.0154, u: 0.0163, ▁Day: 12.4622, ▁9: 0.8144, ,: 0.0895, ▁Day: 1.203, ▁10: 0.4413, ▁gi: 7.3073, ù: 0.0119, m: 0.0858, ▁tôi: 0.3029, ▁nha: 0.0216, ▁: 9.3439, <unk>: 1.5407, </s>: 0.054",1.6147,12.4622
8641,Lụm lụm hồi t tưởng đâu cfs rumor idol kpop,Lụm lụm hồi tôi tưởng đâu confession rumor idol K-pop,"<s>: 0.0153, ▁L: 0.0797, ụ: 0.0072, m: 0.0393, ▁l: 0.0501, ụ: 0.0019, m: 0.0187, ▁hồi: 0.0049, ▁tôi: 0.1321, ▁tưởng: 0.0032, ▁đâu: 0.017, ▁confession: 10.0728, <unk>: 2.0727, ▁idol: 0.0017, ▁K: 4.3701, -: 12.0645, pop: 0.0249, </s>: 0.0679",1.6136,12.0645
5675,Oi tht là lucky Vicky chá nà ^^,Ôi thật là lucky Vicky quá nè ^^,"<s>: 0.0152, ▁Ô: 4.1955, i: 0.6156, ▁thật: 0.0825, ▁là: 0.0657, ▁lucky: 0.0024, ▁V: 0.0579, icky: 0.0009, ▁quá: 12.0092, ▁nè: 1.9426, <unk>: 0.2623, </s>: 0.0802",1.6108,12.0092
2126,Dog tìm chủ sỉ nhục và hạnh gạ ạk gâu gâu gâu,Chó tìm chủ sỉ nhục và hành hạ ạ gâu gâu gâu,"<s>: 0.0157, ▁Ch: 10.6204, ó: 5.5994, ▁tìm: 0.0143, ▁chủ: 0.0449, ▁s: 0.2578, ỉ: 0.0042, ▁nh: 0.0377, ục: 0.0023, ▁và: 0.1223, ▁hành: 15.2884, ▁hạ: 3.6637, ▁ạ: 0.0183, ▁: 0.6324, gâ: 0.0008, u: 0.0205, ▁: 0.2942, gâ: 0.0013, u: 0.0223, ▁: 0.2189, gâ: 0.0107, u: 0.0549, </s>: 0.077",1.6097,15.2884
2817,rấc iuuu mặc dù quát cno rất mệc,rất yêu mặc dù quát chúng nó rất mệt,"<s>: 0.0151, ▁rất: 9.1437, ▁yêu: 0.0574, ▁mặc: 0.3961, ▁dù: 0.0174, ▁quá: 0.0032, t: 0.1303, ▁chúng: 0.0686, ▁nó: 0.1448, ▁rất: 0.0102, ▁mệt: 9.2003, </s>: 0.1052",1.6077,9.2003
3421,Thắng đậm cmnl :)),Thắng đậm con mẹ nó luôn :)),"<s>: 0.0135, ▁Thắng: 0.0094, ▁đậm: 0.0015, ▁con: 3.6995, ▁mẹ: 0.5579, ▁nó: 0.3852, ▁luôn: 9.6361, <unk>: 0.0783, </s>: 0.0763",1.6064,9.6361
7175,Mau vào xin vía giàooooooo pà kon ơiiiii ☺️☺️☺️,Mau vào xin vía giàu bà con ơi ☺️☺️☺️,"<s>: 0.0145, ▁Mau: 0.0031, ▁vào: 0.1031, ▁xin: 0.0243, ▁vía: 0.0003, ▁giàu: 13.6108, ▁bà: 3.4034, ▁con: 6.3553, ▁ơi: 0.9563, ▁: 0.7603, <unk>: 0.0406, <unk>: 0.0388, <unk>: 0.0395, <unk>: 0.0401, <unk>: 0.0789, <unk>: 1.7497, </s>: 0.0749",1.6055,13.6108
6550,"Vị trí: CSKH lm T2-T6 k yêu cầu kn, lương 6-7m (part), 8-10m (full) cs thg nóng lun màk k bị zdí kpi.","Vị trí: Chăm sóc khách hàng làm Thứ 2 - Thứ 6 không yêu cầu kinh nghiệm, lương 6-7 triệu (part-time), 8-10 triệu (full-time) có thưởng nóng luôn mà không bị dí KPI.","<s>: 0.0123, ▁Vị: 0.0113, ▁trí: 0.0318, :: 0.0526, ▁Chăm: 7.3559, ▁sóc: 0.0023, ▁khách: 0.3888, ▁hàng: 0.0434, ▁làm: 0.2745, ▁Thứ: 4.2586, ▁2: 2.9631, ▁-: 4.248, ▁Thứ: 0.6911, ▁6: 0.0624, ▁không: 0.0363, ▁yêu: 0.0161, ▁cầu: 0.0809, ▁kinh: 0.0203, ▁nghiệm: 0.2085, ,: 0.0637, ▁lương: 0.0032, ▁6-7: 0.0045, ▁triệu: 1.4141, ▁(: 0.104, part: 0.0013, -: 9.4405, time: 4.8992, ),: 0.1223, ▁8-10: 0.0011, ▁triệu: 0.7664, ▁(: 0.0516, full: 0.0012, -: 8.1446, time: 1.7064, ): 0.1956, ▁có: 0.1086, ▁thưởng: 10.8061, ▁nóng: 6.0359, ▁luôn: 0.0579, ▁mà: 0.1073, ▁không: 0.0859, ▁bị: 0.015, ▁dí: 0.0572, ▁K: 5.55, PI: 4.8073, .: 0.0755, </s>: 0.0409",1.6048,10.8061
9318,2 cn cá ph top 1🥲,Hai con cá phải top 1 🥲,"<s>: 0.0151, ▁Hai: 6.9771, ▁con: 0.0208, ▁cá: 0.008, ▁phải: 0.041, ▁top: 0.0126, ▁1: 0.0199, ▁: 8.4304, <unk>: 0.4429, </s>: 0.0765",1.6044,8.4304
5032,Cỵ phá sản mak chúc mừng quằn qè,Chị phá sản mà chúc mừng quần què,"<s>: 0.0157, ▁Chị: 3.6322, ▁phá: 0.009, ▁sản: 0.046, ▁mà: 0.0569, ▁chúc: 0.0206, ▁mừng: 0.0089, ▁quần: 8.9185, ▁què: 3.2563, </s>: 0.0707",1.6035,8.9185
8678,Kn 5 năm quen gái h quen zai lét nào mún hỏi j nhắn c nèk kk,Kinh nghiệm năm năm quen gái giờ quen trai les nào muốn hỏi gì nhắn chị nè kkk,"<s>: 0.0149, ▁Kinh: 0.3419, ▁nghiệm: 0.0116, ▁năm: 8.3098, ▁năm: 4.5548, ▁quen: 0.0186, ▁gái: 0.0064, ▁giờ: 0.0315, ▁quen: 0.0112, ▁trai: 0.1314, ▁les: 12.7904, ▁nào: 0.0525, ▁muốn: 2.1311, ▁hỏi: 0.027, ▁gì: 0.0223, ▁nhắn: 0.0107, ▁chị: 0.5791, ▁nè: 0.042, ▁k: 4.4899, kk: 0.0185, </s>: 0.0741",1.6033,12.7904
9393,rùi dắt như dắt bò lm mn nghĩ SB lật nhanh vs MNS để thg nhỏ SB bị chửi qá tr.,rồi dắt như dắt bò làm mọi người nghĩ Sangbin lật nhanh với Minasue để thằng nhỏ Sangbin bị chửi quá trời.,"<s>: 0.0133, ▁rồi: 0.0672, ▁d: 0.0282, ắ: 0.0252, t: 0.0455, ▁như: 0.0359, ▁d: 0.0408, ắ: 0.011, t: 0.0565, ▁bò: 0.0081, ▁làm: 0.0957, ▁mọi: 0.0567, ▁người: 0.0862, ▁nghĩ: 0.0107, ▁Sang: 13.7654, bin: 9.6345, ▁l: 0.1117, ật: 0.0047, ▁nhanh: 0.0141, ▁với: 0.0667, ▁Minas: 10.0807, ue: 11.1876, ▁để: 0.14, ▁thằng: 0.0831, ▁nhỏ: 0.013, ▁Sang: 6.1024, bin: 4.014, ▁bị: 0.0667, ▁ch: 0.0162, ử: 0.0097, i: 0.0195, ▁quá: 0.0279, ▁trời: 0.0111, .: 0.1096, </s>: 0.0564",1.6033,13.7654
1921,Iu dzữ vị ta😍😍,Yêu dữ vậy ta😍😍,"<s>: 0.0166, ▁Yêu: 3.7397, ▁dữ: 0.1459, ▁vậy: 7.7026, ▁ta: 0.9964, <unk>: 0.0787, <unk>: 0.058, </s>: 0.0579",1.5995,7.7026
3575,:)) ôi v ăn đứt isushi,:)) ôi vậy ăn đứt iSushi,"<s>: 0.0142, <unk>: 0.5062, ▁: 0.0564, ôi: 0.0118, ▁vậy: 0.0466, ▁ăn: 0.0249, ▁đ: 0.1415, ứ: 0.0108, t: 0.0414, ▁i: 8.8822, S: 10.9371, ushi: 0.0116, </s>: 0.0854",1.5977,10.9371
3627,B lm tnao để cs thể pin đc địa điểm lên gg map v ạk,Bạn làm thế nào để có thể ghim được địa điểm lên Google Maps vậy ạ,"<s>: 0.0146, ▁Bạn: 0.0828, ▁làm: 0.0388, ▁thế: 0.0196, ▁nào: 0.0163, ▁để: 0.0505, ▁có: 0.0445, ▁thể: 0.0212, ▁ghi: 12.9779, m: 5.3846, ▁được: 0.6688, ▁địa: 0.0078, ▁điểm: 0.0302, ▁lên: 0.0669, ▁Google: 5.642, ▁Maps: 5.0418, ▁vậy: 0.0378, ▁ạ: 0.0123, </s>: 0.0967",1.5924,12.9779
4304,"tại t1 valo cook r, muốn lm mẹ bỉm cx đéo đc lm","tại T1 Valorant cook rồi, muốn làm mẹ bỉm cũng đéo được làm","<s>: 0.0146, ▁tại: 0.1364, ▁T: 4.686, 1: 0.0731, ▁Valor: 14.0935, ant: 15.0958, ▁cook: 0.0177, ▁rồi: 0.0416, ,: 0.1112, ▁muốn: 0.0205, ▁làm: 0.0689, ▁mẹ: 0.015, ▁b: 0.0716, ỉ: 0.0275, m: 0.035, ▁cũng: 0.0661, ▁đ: 0.1068, é: 0.0018, o: 0.0092, ▁được: 0.1441, ▁làm: 0.0617, </s>: 0.0623",1.5891,15.0958
5486,Khóai vai ák zữ z bà,Khoái vai ác dữ vậy bà,"<s>: 0.0159, ▁Kho: 10.3023, ái: 4.2077, ▁vai: 0.0263, ▁: 0.6855, ác: 0.0035, ▁dữ: 0.0142, ▁vậy: 0.5183, ▁bà: 0.0279, </s>: 0.0877",1.5889,10.3023
5421,Lỗi toàn bộ của m ấy chứ của ai mak lên cái giọng mẹ thiên hạ lên hạnh hoẹ đòi hỏi như ngta thiếu nợ m ấy,Lỗi toàn bộ của mày ấy chứ của ai mà lên cái giọng mẹ thiên hạ lên hạch họe đòi hỏi như người ta thiếu nợ mày ấy,"<s>: 0.0139, ▁L: 0.0591, ỗi: 0.0112, ▁toàn: 0.0526, ▁bộ: 0.0504, ▁của: 0.1141, ▁mày: 0.1319, ▁ấy: 0.0168, ▁chứ: 0.0255, ▁của: 0.0985, ▁ai: 0.053, ▁mà: 0.0326, ▁lên: 0.0319, ▁cái: 0.0821, ▁giọng: 0.003, ▁mẹ: 0.0155, ▁thiên: 0.002, ▁hạ: 0.0149, ▁lên: 0.0338, ▁hạ: 15.7447, ch: 10.4047, ▁họ: 11.3062, e: 13.8297, ▁đòi: 0.0055, ▁hỏi: 0.0074, ▁như: 0.0173, ▁người: 0.058, ▁ta: 0.0321, ▁thiếu: 0.0053, ▁nợ: 0.0013, ▁mày: 0.046, ▁ấy: 0.0102, </s>: 0.0846",1.5877,15.7447
5545,"Xoá chi má, yên tâm ik t k fan nhà nào ht as.","Xóa chi má, yên tâm đi tao không fan nhà nào hết á.","<s>: 0.0149, ▁X: 6.996, ó: 9.4785, a: 10.3814, ▁chi: 0.1095, ▁má: 0.0029, ,: 0.0866, ▁yên: 0.0021, ▁tâm: 0.0352, ▁đi: 0.0281, ▁tao: 2.5956, ▁không: 0.0817, ▁fan: 0.0077, ▁nhà: 0.0786, ▁nào: 0.0501, ▁hết: 0.0023, ▁á: 0.0311, .: 0.0822, </s>: 0.0638",1.5857,10.3814
7040,nma trvia yêu lắm 🥰 thả tim ❤️‍🔥 high rcm,nhưng mà trộm vía yêu lắm 🥰 thả tim ❤️‍🔥 highly recommend,"<s>: 0.0158, ▁nhưng: 0.0327, ▁mà: 0.0474, ▁trộm: 8.5507, ▁vía: 5.0864, ▁yêu: 0.0386, ▁lắm: 0.0105, ▁: 0.0829, <unk>: 0.0234, ▁thả: 0.0002, ▁tim: 0.0108, <unk>: 0.3192, <unk>: 0.1111, ▁: 0.081, <unk>: 0.0337, ▁highly: 13.0402, ▁recommend: 0.7781, </s>: 0.1878",1.5806,13.0402
8940,mắc cdgi khủng bố t bằng toán hình,mắc cái đầu gì khủng bố tôi bằng toán hình,"<s>: 0.014, ▁mắc: 0.0018, ▁cái: 0.0524, ▁đầu: 8.7445, ▁gì: 9.7556, ▁khủng: 0.0004, ▁bố: 0.0086, ▁tôi: 0.1539, ▁bằng: 0.0694, ▁toán: 0.0027, ▁hình: 0.0157, </s>: 0.086",1.5754,9.7556
541,uhm đẹp zai là t oke 🤡,ừ đẹp trai là tôi ok 🤡,"<s>: 0.0167, ▁: 8.2953, ừ: 1.7453, ▁đẹp: 6.7852, ▁trai: 0.0096, ▁là: 0.079, ▁tôi: 0.1361, ▁ok: 0.0143, ▁: 0.0819, <unk>: 0.0869, </s>: 0.0749",1.575,8.2953
8899,Lô ơi em iu lô nhìu lắm😫,Lô ơi em yêu Lô nhiều lắm 😫,"<s>: 0.0156, ▁L: 0.2373, ô: 0.0119, ▁ơi: 0.0184, ▁em: 0.0551, ▁yêu: 0.067, ▁L: 7.8133, ô: 0.1834, ▁nhiều: 0.074, ▁lắm: 0.0521, ▁: 9.3033, <unk>: 2.5527, </s>: 0.0739",1.5737,9.3033
1980,BỐ ƠI N QUÊ,BỐ ƠI NÓ QUÊ,"<s>: 0.0159, ▁B: 0.0573, Ố: 0.0069, ▁: 0.2794, Ơ: 0.0079, I: 0.0534, ▁N: 0.5474, Ó: 8.6942, ▁QU: 7.5345, Ê: 0.0154, </s>: 0.0612",1.5703,8.6942
741,Đẹp đuyên lênnnnnn,Đẹp điên lên,"<s>: 0.0157, ▁Đẹp: 0.0179, ▁điên: 7.3427, ▁lên: 0.0984, </s>: 0.3704",1.569,7.3427
5599,thoải mái ik cây vàng qa hạn 13 ngày vayvnd wa hạn 5 ngày ây,thoải mái đi cây vàng quá hạn 13 ngày VayVND quá hạn 5 ngày đây,"<s>: 0.0138, ▁thoải: 0.0029, ▁mái: 0.0107, ▁đi: 0.0515, ▁cây: 0.0169, ▁vàng: 0.0016, ▁quá: 0.0085, ▁hạn: 0.0044, ▁13: 0.0126, ▁ngày: 0.0198, ▁Va: 7.1933, y: 1.0621, VN: 7.0649, D: 10.2856, ▁quá: 0.0126, ▁hạn: 0.0017, ▁5: 0.0191, ▁ngày: 0.0228, ▁đây: 5.4859, </s>: 0.0615",1.5676,10.2856
900,Ib cj đezzz,Inbox chị đi,"<s>: 0.0161, ▁In: 0.024, box: 0.0356, ▁chị: 0.0336, ▁đi: 8.9307, </s>: 0.3554",1.5659,8.9307
601,Ối đổi wtm ms đẹp thía,Ối đổi watermark mới đẹp thế,"<s>: 0.0159, ▁: 0.1007, Ố: 0.0052, i: 0.061, ▁đổi: 0.0149, ▁water: 10.4074, mark: 5.2725, ▁mới: 0.0135, ▁đẹp: 0.0095, ▁thế: 1.2776, </s>: 0.0331",1.5646,10.4074
9087,shao ôg khầy tỉnh queo dị hong rén hã ta,sao ông thầy tỉnh queo vậy không rén hả ta,"<s>: 0.0156, ▁sao: 0.0119, ▁ông: 0.0179, ▁thầy: 13.6637, ▁tỉnh: 0.1174, ▁que: 0.1483, o: 0.0141, ▁vậy: 4.847, ▁không: 0.1271, ▁ré: 0.0024, n: 0.0731, ▁hả: 2.747, ▁ta: 0.0256, </s>: 0.085",1.564,13.6637
4790,Bé o vs chú ik,Bé ở với chú đi,"<s>: 0.0148, ▁Bé: 0.0143, ▁ở: 7.8966, ▁với: 2.809, ▁chú: 0.0688, ▁đi: 0.0374, </s>: 0.0814",1.5603,7.8966
2172,ê nmà thạch trang là ai zậy bây?,ê nhưng mà Thạch Trang là ai vậy bây?,"<s>: 0.0176, ▁ê: 0.0008, ▁nhưng: 0.1731, ▁mà: 0.3125, ▁Th: 12.7297, ạch: 2.8646, ▁Trang: 3.7093, ▁là: 0.0875, ▁ai: 0.0586, ▁vậy: 0.0547, ▁bây: 0.0161, ?: 0.1655, </s>: 0.0879",1.5598,12.7297
6200,Cty tui ở KCN sông mây nka.,Công ty tui ở Khu công nghiệp Sông Mây nha.,"<s>: 0.014, ▁Công: 0.2344, ▁ty: 0.0397, ▁tui: 0.126, ▁ở: 0.0758, ▁Khu: 4.1102, ▁công: 1.2732, ▁nghiệp: 0.174, ▁S: 7.3694, ông: 1.9391, ▁M: 6.4292, ây: 1.4503, ▁nha: 0.0331, .: 0.0618, </s>: 0.0633",1.5596,7.3694
8275,rất soft ạk😭,rất soft ạ 😭,"<s>: 0.0144, ▁rất: 0.0285, ▁soft: 0.0034, ▁ạ: 0.0249, ▁: 9.0892, <unk>: 1.642, </s>: 0.1035",1.558,9.0892
6577,Tuyển full thui nka,Tuyển full-time thôi nha,"<s>: 0.0151, ▁Tuyển: 0.0258, ▁full: 0.0007, -: 8.706, time: 1.6829, ▁thôi: 1.9186, ▁nha: 0.0305, </s>: 0.06",1.555,8.706
3528,Hỏi trump ý b ơi,Hỏi Trump ý bạn ơi,"<s>: 0.0139, ▁Hỏi: 0.0105, ▁Trump: 10.6384, ▁ý: 0.0344, ▁bạn: 0.0533, ▁ơi: 0.0277, </s>: 0.0976",1.5537,10.6384
5098,"em đăng kí nx ik , còn nh app lắm em ạk , a cs gim linh đók em ạk","em đăng ký nữa đi , còn nhiều app lắm em ạ , anh có ghim link đó em ạ","<s>: 0.014, ▁em: 0.0716, ▁đăng: 0.0044, ▁ký: 1.8948, ▁nữa: 0.0697, ▁đi: 0.047, ▁: 0.0365, ,: 0.1126, ▁còn: 0.0324, ▁nhiều: 0.0671, ▁app: 0.0063, ▁lắm: 0.0161, ▁em: 0.0355, ▁ạ: 0.0198, ▁: 0.038, ,: 0.0719, ▁anh: 0.1368, ▁có: 0.0746, ▁ghi: 12.0033, m: 12.1509, ▁link: 11.5181, ▁đó: 0.2537, ▁em: 0.052, ▁ạ: 0.0173, </s>: 0.0797",1.553,12.1509
9312,':))) SN đc 1 tháng thui là ht r,':))) Song Ngư được một tháng thôi là hết rồi,"<s>: 0.0167, ▁': 0.0239, :: 0.0476, ))): 0.0174, ▁Song: 11.1213, ▁Ng: 3.2094, ư: 1.1056, ▁được: 1.6717, ▁một: 5.7734, ▁tháng: 0.0364, ▁thôi: 0.0488, ▁là: 0.0779, ▁hết: 0.0034, ▁rồi: 0.017, </s>: 0.098",1.5512,11.1213
1793,Chắc mai mốt ảnh hẹn sơn k ik xem thời sự lun wa^^,Chắc mai mốt ảnh hẹn Sơn.K đi xem thời sự luôn quá^^,"<s>: 0.0164, ▁C: 0.085, hắc: 0.0053, ▁mai: 0.008, ▁m: 0.0455, ốt: 0.0017, ▁ảnh: 0.4038, ▁hẹn: 0.0057, ▁Sơn: 6.2081, .: 11.9385, K: 9.2513, ▁đi: 1.1896, ▁xem: 0.0145, ▁thời: 0.0119, ▁sự: 0.0113, ▁luôn: 0.0168, ▁quá: 0.0787, <unk>: 0.0439, </s>: 0.0654",1.5474,11.9385
8783,"t đag yêu xa và t hay nốn lừng lắm cm ơi,t hay xem sẽ để móc í,có cách nào bớt bớt lại kh huhu🥹😭","tao đang yêu xa và tao hay nứng lồn lắm chúng mày ơi, tao hay xem sex để móc ý, có cách nào bớt bớt lại không huhu 🥹😭","<s>: 0.0148, ▁tao: 2.301, ▁đang: 0.0401, ▁yêu: 0.0813, ▁xa: 0.0112, ▁và: 0.1525, ▁tao: 1.808, ▁hay: 0.0163, ▁n: 0.029, ứ: 11.8907, ng: 2.9556, ▁lồ: 7.0194, n: 0.0474, ▁lắm: 0.0095, ▁chúng: 3.6341, ▁mày: 0.0201, ▁ơi: 0.0246, ,: 0.0754, ▁tao: 2.5828, ▁hay: 0.0651, ▁xem: 0.017, ▁sex: 11.8301, ▁để: 4.6662, ▁móc: 0.0006, ▁ý: 0.824, ,: 0.1156, ▁có: 1.213, ▁cách: 0.0114, ▁nào: 0.0284, ▁bớt: 0.004, ▁bớt: 0.0045, ▁lại: 0.0358, ▁không: 0.0154, ▁: 0.2188, huhu: 0.0017, ▁: 7.1258, <unk>: 0.0417, <unk>: 1.3514, </s>: 0.0506",1.5471,11.8907
4409,Còn burberry thui ah,Còn Burberry thôi ạ,"<s>: 0.0157, ▁Còn: 0.0088, ▁Bur: 8.8158, berry: 0.0018, ▁thôi: 0.1231, ▁ạ: 1.7721, </s>: 0.081",1.5455,8.8158
6280,Tầm tuổi này ba mik chạy shoppee hay grap dko nhỉ ?,Tầm tuổi này ba mình chạy Shopee hay Grab được không nhỉ ?,"<s>: 0.0158, ▁T: 0.0196, ầ: 0.0086, m: 0.0354, ▁tuổi: 0.0156, ▁này: 0.0272, ▁ba: 0.0442, ▁mình: 0.0213, ▁chạy: 0.0062, ▁Shop: 5.9268, ee: 6.3949, ▁hay: 0.3228, ▁Grab: 7.6762, ▁được: 7.0954, ▁không: 0.0806, ▁nhỉ: 0.014, ▁?: 0.0263, </s>: 0.0837",1.5453,7.6762
1821,Bc lại cs map ẩn hả b,Bảo Công lại có map ẩn hả bạn,"<s>: 0.0154, ▁Bảo: 8.5796, ▁Công: 8.3647, ▁lại: 1.058, ▁có: 0.165, ▁map: 0.0016, ▁: 0.1018, ẩ: 0.0129, n: 0.0317, ▁hả: 0.0073, ▁bạn: 0.0604, </s>: 0.0922",1.5409,8.5796
8812,Ê đọc xonq cs động lực ghee ht pùn lun thank mom nhé,Ê đọc xong có động lực ghê hết buồn luôn cảm ơn mom nhé,"<s>: 0.0155, ▁Ê: 0.0005, ▁đọc: 0.0174, ▁xong: 0.1059, ▁có: 0.0806, ▁động: 0.0134, ▁lực: 0.0237, ▁g: 7.8878, hê: 0.0139, ▁hết: 0.0583, ▁buồn: 5.9757, ▁luôn: 1.3548, ▁cảm: 10.3817, ▁ơn: 0.1339, ▁mom: 0.0038, ▁nhé: 0.021, </s>: 0.0681",1.5386,10.3817
8592,b t: đừng nên yêu xa❎ :✅,bạn tôi: đừng nên yêu xa ❎ : ✅,"<s>: 0.0149, ▁bạn: 0.1004, ▁tôi: 0.1767, :: 0.0598, ▁đừng: 0.0081, ▁nên: 0.0159, ▁yêu: 0.0505, ▁xa: 0.0144, ▁: 6.7513, <unk>: 2.7885, ▁:: 0.0278, ▁: 8.2642, <unk>: 3.0738, </s>: 0.0813",1.5305,8.2642
3123,bắc ninh ) do biến động xog chạy lên cao bằng đổi thành họ hoàng 🥹🥹 bên nhà nội vẫn cs ng giữ dc họ nm đa số đổi qua bên họ bế,Bắc Ninh ) do biến động xong chạy lên Cao Bằng đổi thành họ Hoàng 🥹🥹 bên nhà nội vẫn có người giữ được họ nhưng đa số đổi qua bên họ Bế,"<s>: 0.0146, ▁Bắc: 7.5591, ▁Ninh: 5.2385, ▁): 0.0241, ▁do: 0.0682, ▁biến: 0.0022, ▁động: 0.016, ▁xong: 0.4957, ▁chạy: 0.0022, ▁lên: 0.0503, ▁Cao: 8.0663, ▁Bằng: 4.1601, ▁đổi: 0.0089, ▁thành: 0.1017, ▁họ: 0.0151, ▁Hoàng: 6.1643, ▁: 0.2513, <unk>: 0.0944, ▁bên: 0.0118, ▁nhà: 0.0381, ▁nội: 0.0111, ▁vẫn: 0.0298, ▁có: 0.0771, ▁người: 0.0597, ▁giữ: 0.0029, ▁được: 0.0789, ▁họ: 0.0191, ▁nhưng: 0.1465, ▁đa: 5.9033, ▁số: 0.1801, ▁đổi: 0.0073, ▁qua: 0.0432, ▁bên: 0.0338, ▁họ: 0.0239, ▁B: 13.3284, ế: 4.1556, </s>: 0.0741",1.5286,13.3284
5310,"em cg suýt bị dao lửa , kảm ơn ah ạk , em cx va y ddc cn moneveo chống đói r ạk","em cũng suýt bị lừa đảo , cảm ơn anh ạ , em cũng vay được con Moneveo chống đói rồi ạ","<s>: 0.0141, ▁em: 0.1311, ▁cũng: 0.0719, ▁su: 0.0024, ýt: 0.0046, ▁bị: 0.043, ▁lừa: 12.7793, ▁đảo: 9.5477, ▁: 0.2674, ,: 0.0657, ▁cảm: 0.1862, ▁ơn: 0.021, ▁anh: 0.0265, ▁ạ: 0.0191, ▁: 0.0611, ,: 0.0716, ▁em: 0.0558, ▁cũng: 0.0523, ▁vay: 9.5314, ▁được: 4.8938, ▁con: 0.4045, ▁Mon: 7.3413, eve: 0.0059, o: 0.0278, ▁chống: 0.0037, ▁đó: 0.0134, i: 0.0345, ▁rồi: 0.0339, ▁ạ: 0.01, </s>: 0.074",1.5265,12.7793
5635,"=)))))))) cdo hỏi thẳng Mason coi, r kêu Mason cơ cấu cho gặp CONGB ik chứ t cx chịu","=)))))))) con dở hỏi thẳng Mason coi, rồi kêu Mason cơ cấu cho gặp CÔNG B đi chứ tao cũng chịu","<s>: 0.0134, ▁=): 0.0012, <unk>: 0.0369, ): 0.0207, ▁con: 3.4994, ▁d: 8.2761, ở: 6.7979, ▁hỏi: 0.7093, ▁thẳng: 0.0082, ▁Mas: 0.0032, on: 0.0054, ▁coi: 0.0039, ,: 0.1049, ▁rồi: 0.0211, ▁kêu: 0.0025, ▁Mas: 0.0049, on: 0.0098, ▁cơ: 0.0223, ▁cấu: 0.0049, ▁cho: 0.0708, ▁gặp: 0.0046, ▁CÔNG: 9.0834, ▁B: 1.7391, ▁đi: 11.3236, ▁chứ: 0.0081, ▁tao: 2.2371, ▁cũng: 0.0775, ▁chịu: 0.0033, </s>: 0.073",1.523,11.3236
3554,s m ko ns ny ở đâu để ik date?,sao mày không nói người yêu ở đâu để đi hẹn hò?,"<s>: 0.0145, ▁sao: 0.0222, ▁mày: 0.2169, ▁không: 0.0775, ▁nói: 0.0912, ▁người: 0.0182, ▁yêu: 0.0282, ▁ở: 0.1069, ▁đâu: 0.0219, ▁để: 0.0932, ▁đi: 0.151, ▁hẹn: 10.5418, ▁hò: 11.2299, ?: 0.0604, </s>: 0.0814",1.517,11.2299
5752,tiền nào chịu nỗi album card hả chời,tiền nào chịu nổi album card hả trời,"<s>: 0.0136, ▁tiền: 0.0254, ▁nào: 0.0406, ▁chịu: 0.0074, ▁nổi: 11.7573, ▁album: 0.0085, ▁card: 0.0033, ▁hả: 0.0032, ▁trời: 3.1442, </s>: 0.0825",1.5086,11.7573
6756,bà ui bà ơi đâu ạk,bà ơi bà ở đâu ạ,"<s>: 0.0157, ▁bà: 0.0298, ▁ơi: 1.4274, ▁bà: 0.0453, ▁ở: 10.4047, ▁đâu: 0.0254, ▁ạ: 0.0232, </s>: 0.0843",1.507,10.4047
119,Dr mk bó này nka,Direct mình bó này nha,"<s>: 0.0157, ▁Direct: 10.2789, ▁mình: 0.104, ▁bó: 0.0008, ▁này: 0.0438, ▁nha: 0.0286, </s>: 0.0749",1.5067,10.2789
8901,"Bà lô ơi bà lô, tiếng ns khán giả neh","Bà Lô ơi bà Lô, tiếng nói khán giả nè","<s>: 0.0131, ▁Bà: 0.0215, ▁L: 11.1189, ô: 1.9242, ▁ơi: 0.0232, ▁bà: 0.0258, ▁L: 7.5046, ô: 3.0003, ,: 0.0986, ▁tiếng: 0.0123, ▁nói: 0.0528, ▁khá: 0.0029, n: 0.1748, ▁giả: 0.0143, ▁nè: 0.0139, </s>: 0.058",1.5037,11.1189
7009,ko dc gọi tên theo giấy ksinh thui còn bdanh vẫn dc dko ạk,không được gọi tên theo giấy khai sinh thôi còn biệt danh vẫn được đúng không ạ,"<s>: 0.0138, ▁không: 0.1239, ▁được: 0.0486, ▁gọi: 0.0033, ▁tên: 0.0122, ▁theo: 0.0264, ▁giấy: 0.0292, ▁khai: 9.8299, ▁sinh: 1.728, ▁thôi: 0.0913, ▁còn: 0.0151, ▁biệt: 9.5733, ▁danh: 1.1349, ▁vẫn: 0.1703, ▁được: 0.047, ▁đúng: 5.571, ▁không: 0.0381, ▁ạ: 0.0165, </s>: 0.0845",1.503,9.8299
1128,R zone mưa lửa thì tất cả sẽ thành fan má BB,Rồi zone mưa lửa thì tất cả sẽ thành fan má BigDaddy,"<s>: 0.016, ▁Rồi: 0.6553, ▁zone: 0.0015, ▁mưa: 0.0024, ▁lửa: 0.0013, ▁thì: 0.1183, ▁tất: 0.0136, ▁cả: 0.0745, ▁sẽ: 0.0438, ▁thành: 0.0422, ▁fan: 0.004, ▁má: 0.0014, ▁Big: 10.9783, Da: 10.3406, ddy: 1.6595, </s>: 0.0927",1.5028,10.9783
607,"bn ơi, shao thấu mik đổi wtm b cx đua đòi z???","bạn ơi, sao thấy mình đổi watermark bạn cũng đua đòi vậy???","<s>: 0.0135, ▁bạn: 0.0604, ▁ơi: 0.0196, ,: 0.0813, ▁sao: 0.003, ▁thấy: 6.5413, ▁mình: 0.0244, ▁đổi: 0.0195, ▁water: 11.2988, mark: 4.3081, ▁bạn: 2.0625, ▁cũng: 0.1086, ▁đua: 0.0066, ▁đòi: 0.0013, ▁vậy: 0.8132, <unk>: 0.0959, </s>: 0.0595",1.501,11.2988
1421,Phí tuỳ tâm nhé.,Phí tùy tâm nhé.,"<s>: 0.016, ▁Phí: 0.0004, <unk>: 9.7202, ▁tâm: 0.5645, ▁nhé: 0.0225, .: 0.1082, </s>: 0.0649",1.4995,9.7202
9103,ô n rén xoá mẹ vid r cả lò kkkk,ô nó rén xóa mẹ video rồi cả lò kaka,"<s>: 0.0144, ▁ô: 0.4215, ▁nó: 0.0837, ▁ré: 0.004, n: 0.116, <unk>: 8.3043, ▁mẹ: 0.0182, ▁video: 2.6246, ▁rồi: 0.0201, ▁cả: 0.0251, ▁l: 0.0452, ò: 0.0058, ▁kaka: 9.2578, </s>: 0.0478",1.4992,9.2578
5860,"2002 cf, t ko tìm đc ziệc đúng nghĩa lun ấy, thất nghiệp từ 6/2 đến h","2002 confirm, tôi không tìm được việc đúng nghĩa luôn ấy, thất nghiệp từ mùng 6 tháng 2 đến giờ","<s>: 0.0143, ▁2002: 0.0039, ▁confirm: 9.8375, ,: 0.8614, ▁tôi: 0.2209, ▁không: 0.0595, ▁tìm: 0.0142, ▁được: 0.0519, ▁việc: 0.0124, ▁đúng: 0.0315, ▁nghĩa: 0.0185, ▁luôn: 0.0459, ▁ấy: 0.0227, ,: 0.1274, ▁thất: 0.0044, ▁nghiệp: 0.0363, ▁từ: 0.0966, ▁m: 15.0731, ùng: 1.5915, ▁6: 0.8705, ▁tháng: 7.8468, ▁2: 0.3609, ▁đến: 0.0466, ▁giờ: 0.0768, </s>: 0.0666",1.4957,15.0731
6107,Em lm cskh tư vấn thì ib c nhé lương 7m-10m,Em làm chăm sóc khách hàng tư vấn thì inbox chị nhé lương 7 triệu - 10 triệu,"<s>: 0.0153, ▁Em: 0.0839, ▁làm: 0.0585, ▁chăm: 7.8, ▁sóc: 0.0079, ▁khách: 5.9226, ▁hàng: 0.0484, ▁tư: 0.0098, ▁vấn: 0.0121, ▁thì: 0.0943, ▁in: 0.2496, box: 0.0443, ▁chị: 0.0831, ▁nhé: 0.0479, ▁lương: 0.0033, ▁7: 0.0084, ▁triệu: 3.4832, ▁-: 11.1303, ▁10: 1.4621, ▁triệu: 0.7154, </s>: 0.0999",1.4943,11.1303
5005,"Năm nay lm lại , k vướng cbm nx .","Năm nay làm lại , không vướng cờ bạc mạng nữa .","<s>: 0.0137, ▁Năm: 0.0964, ▁nay: 0.0786, ▁làm: 0.0866, ▁lại: 0.1106, ▁: 0.1101, ,: 0.0984, ▁không: 0.095, ▁v: 0.0435, ướng: 0.0025, ▁cờ: 12.7483, ▁bạc: 4.63, ▁mạng: 6.9426, ▁nữa: 0.1659, ▁: 0.0346, .: 0.0547, </s>: 0.0631",1.4926,12.7483
9224,clm tháng 3 =)))))),vãi lồn tháng 3 =)))))),"<s>: 0.0157, ▁v: 13.1245, ã: 0.0466, i: 0.0629, ▁lồ: 2.0455, n: 0.1593, ▁tháng: 0.7695, ▁3: 0.0347, ▁=: 0.0127, <unk>: 0.0538, </s>: 0.0895",1.4922,13.1245
6256,Tô bà nhìn ngol wa mak tui q12 lựn :( bữa nào ik củ chi tui ghé nho 😙,Tô bà nhìn ngon quá mà tui Quận 12 lận :( bữa nào đi Củ Chi tui ghé nha 😙,"<s>: 0.0147, ▁Tô: 0.0673, ▁bà: 0.0693, ▁nhìn: 0.0135, ▁ngon: 0.0107, ▁quá: 0.0144, ▁mà: 0.0522, ▁tui: 0.1805, ▁Quận: 3.8572, ▁12: 0.203, ▁l: 0.0547, ận: 10.0607, <unk>: 5.71, ▁bữa: 0.0011, ▁nào: 0.0185, ▁đi: 0.0338, ▁C: 10.7666, ủ: 1.9497, ▁Chi: 3.4474, ▁tui: 0.2, ▁ghé: 0.0022, ▁nha: 0.3322, ▁: 0.0511, <unk>: 0.0586, </s>: 0.0333",1.4881,10.7666
1362,C N cx pmg bỏ mẹ ra:))) khiếp c H hãm thì c này cx k dzừa🤗 gơn hok vấn dzới gơn gia z ko c nào dzừa c nào,Con Ngọc cũng pick me girl bỏ mẹ ra:))) khiếp con Hàn hãm thì con này cũng không vừa🤗 girl học vấn với girl gia thế không con nào vừa con nào,"<s>: 0.0146, ▁Con: 0.7252, ▁Ngọc: 10.4521, ▁cũng: 0.165, ▁pick: 10.4199, ▁me: 3.441, ▁girl: 4.5594, ▁bỏ: 0.0209, ▁mẹ: 0.0051, ▁ra: 0.0363, :: 0.0409, ))): 0.0044, ▁k: 0.0618, hiếp: 0.0035, ▁con: 0.1791, ▁Hàn: 8.3088, ▁: 0.2774, hã: 0.0028, m: 0.0219, ▁thì: 0.0457, ▁con: 0.2479, ▁này: 0.0462, ▁cũng: 0.0873, ▁không: 0.0608, ▁vừa: 0.1061, <unk>: 1.3124, ▁girl: 8.5356, ▁học: 3.0287, ▁vấn: 0.0114, ▁với: 0.0421, ▁girl: 5.2171, ▁gia: 0.0182, ▁thế: 0.4066, ▁không: 0.026, ▁con: 0.4728, ▁nào: 0.0091, ▁vừa: 0.1665, ▁con: 0.7234, ▁nào: 0.0129, </s>: 0.1275",1.4861,10.4521
3844,Ở ĐÂY ĂN NGOL VCL THIỆC SỰ SAU NÀY MÌNK ĂN NH CHỖ RÒI MAK K NGOL BẰNG CHỖ NÌ Í 🥹🥹🥹 bà dth lắm,Ở ĐÂY ĂN NGON VÃI CẢ LỒN THIỆT SỰ SAU NÀY MÌNH ĂN NHIỀU CHỖ RỒI MÀ KHÔNG NGON BẰNG CHỖ NÀY Ý 🥹🥹🥹 bà dễ thương lắm,"<s>: 0.013, ▁Ở: 0.0079, ▁Đ: 0.0214, ÂY: 0.0019, ▁: 0.2297, Ă: 0.0082, N: 0.0665, ▁N: 9.2302, GON: 6.1986, ▁V: 0.0437, Ã: 4.6441, I: 0.4651, ▁C: 1.3667, Ả: 3.1552, ▁L: 4.8855, Ồ: 2.9785, N: 0.194, ▁: 0.1997, THI: 0.0279, Ệ: 0.0275, T: 4.8295, ▁S: 0.0575, Ự: 0.0023, ▁S: 0.0494, AU: 0.0124, ▁N: 0.0388, À: 0.0089, Y: 0.0206, ▁M: 0.0603, Ì: 0.0059, NH: 0.099, ▁: 0.1665, Ă: 0.0058, N: 0.0342, ▁N: 5.1335, HI: 0.6102, Ề: 0.1144, U: 0.1686, ▁CH: 0.177, Ỗ: 0.0103, ▁R: 0.0643, Ồ: 3.7722, I: 0.0326, ▁M: 3.4504, À: 0.4714, ▁KHÔNG: 0.1581, ▁N: 10.4222, GON: 6.0085, ▁B: 0.0693, Ằ: 0.005, NG: 0.0233, ▁CH: 0.0521, Ỗ: 0.0079, ▁N: 0.0466, À: 8.3004, Y: 0.2832, ▁Ý: 10.7142, ▁: 0.8369, <unk>: 4.7046, ▁bà: 0.1225, ▁dễ: 0.0174, ▁thương: 0.0294, ▁lắm: 0.0093, </s>: 0.0814",1.4852,10.7142
387,Binh dương hay đâu bé,Bình Dương hay đâu bé,"<s>: 0.0149, ▁Bình: 7.0114, ▁Dương: 3.1287, ▁hay: 0.0343, ▁đâu: 0.0883, ▁bé: 0.0089, </s>: 0.081",1.4811,7.0114
7304,ai biếtxem tử vi hữu duyên xem hộ mìnk xem lá này lm ngành j phù hợp z ạk skhoe bm ace thấy dnay nh ng up lá số tử vi lên tho ret luận giải lá so qua tr,ai biết xem tử vi hữu duyên xem hộ mình xem lá này làm ngành gì phù hợp vậy ạ sức khỏe bố mẹ anh chị em thấy dạo này nhiều người up lá số tử vi lên threads luận giải lá số quá trời,"<s>: 0.0142, ▁ai: 0.0209, ▁biết: 0.0422, ▁xem: 4.2402, ▁tử: 0.0045, ▁vi: 0.0167, ▁hữu: 0.0018, ▁du: 0.0034, yên: 0.0145, ▁xem: 0.0102, ▁hộ: 0.0067, ▁mình: 0.0315, ▁xem: 0.0137, ▁lá: 0.0024, ▁này: 0.0296, ▁làm: 0.0694, ▁ngành: 0.0062, ▁gì: 0.0354, ▁phù: 0.0183, ▁hợp: 0.0237, ▁vậy: 0.8522, ▁ạ: 0.0243, ▁sức: 4.1395, <unk>: 3.026, ▁bố: 3.2416, ▁mẹ: 0.0759, ▁anh: 0.2355, ▁chị: 1.6263, ▁em: 10.3462, ▁thấy: 0.0139, ▁dạ: 0.1795, o: 0.0035, ▁này: 0.0535, ▁nhiều: 0.0591, ▁người: 0.0254, ▁up: 0.0017, ▁lá: 0.0027, ▁số: 0.0064, ▁tử: 0.0015, ▁vi: 0.0038, ▁lên: 0.0286, ▁thread: 7.3557, s: 9.7129, ▁luận: 0.0229, ▁giải: 0.0028, ▁lá: 0.0026, ▁số: 8.6034, ▁quá: 7.681, ▁trời: 5.7699, </s>: 6.3493",1.4811,10.3462
9386,t nghĩ nếu 2 ng này ik date vs nhau sẽ dzui lắm nka=)) SI thì n vốn dẻo mỏ r,tôi nghĩ nếu hai người này đi date với nhau sẽ vui lắm nha =)) Seungil thì nó vốn dẻo mỏ rồi,"<s>: 0.0145, ▁tôi: 0.2497, ▁nghĩ: 0.0285, ▁nếu: 0.0768, ▁hai: 3.8888, ▁người: 0.0598, ▁này: 0.0381, ▁đi: 0.0582, ▁date: 0.002, ▁với: 0.0497, ▁nhau: 0.0146, ▁sẽ: 0.0704, ▁vui: 0.0053, ▁lắm: 0.0331, ▁nha: 0.0357, ▁=): 8.302, ): 0.0353, ▁Se: 13.8321, ung: 7.1444, il: 10.0871, ▁thì: 0.0763, ▁nó: 0.0193, ▁vốn: 0.0003, ▁d: 0.1696, ẻ: 0.0047, o: 0.0199, ▁m: 0.0145, ỏ: 0.0062, ▁rồi: 0.0297, </s>: 0.0641",1.481,13.8321
7228,Lét r 😭,Nét rồi 😭,"<s>: 0.0156, ▁Né: 9.9646, t: 0.1047, ▁rồi: 0.0461, ▁: 0.0818, <unk>: 0.0586, </s>: 0.0944",1.4808,9.9646
2580,Bt mắng iu tí thui mò chứ lgi ổng đâuu =)))))),Biết mắng yêu tí thôi mà chứ làm gì ông đâu =)))))),"<s>: 0.0157, ▁Bi: 0.1639, ết: 0.0007, ▁mắn: 0.03, g: 0.0204, ▁yêu: 0.0446, ▁tí: 0.005, ▁thôi: 0.0237, ▁mà: 7.1346, ▁chứ: 13.8093, ▁làm: 0.1275, ▁gì: 0.0294, ▁ông: 1.3261, ▁đâu: 0.026, ▁=: 2.3143, <unk>: 0.0453, </s>: 0.0539",1.4806,13.8093
1273,Rcm ae hà đông ra cây xăng cienco 5 thanh hà màk đổ nhé ko p đợi lâu,Recommend anh em hà đông ra cây xăng cienco 5 thanh hà mà đổ nhé không phải đợi lâu,"<s>: 0.0144, ▁Re: 4.6205, com: 7.4898, mend: 17.9786, ▁anh: 0.0762, ▁em: 2.0769, ▁hà: 0.0059, ▁đông: 0.0065, ▁ra: 0.0183, ▁cây: 0.004, ▁xăng: 0.0017, <unk>: 1.6243, co: 1.3678, ▁5: 0.0177, ▁thanh: 0.0009, ▁hà: 0.0012, ▁mà: 0.0299, ▁đổ: 0.0032, ▁nhé: 0.0102, ▁không: 0.0353, ▁phải: 0.022, ▁đợi: 0.0069, ▁lâu: 0.0195, </s>: 0.0787",1.4796,17.9786
4300,M ko p fan t1 lol nhg năm ngoái m rất mê xem t1 val🤣xong mk mua áo các kiểu rất mong chờ họ đc ik masters ở toronto thui thì họ tạch.,Mình không phải fan T1 LoL nhưng năm ngoái mình rất mê xem T1 Valorant🤣xong mình mua áo các kiểu rất mong chờ họ được đi Masters ở Toronto thôi thì họ tạch.,"<s>: 0.0146, ▁Mình: 0.7871, ▁không: 0.0577, ▁phải: 0.0132, ▁fan: 0.01, ▁T: 3.8037, 1: 0.0357, ▁Lo: 13.7481, L: 3.2636, ▁nhưng: 0.0382, ▁năm: 0.0196, ▁ngoái: 0.006, ▁mình: 0.817, ▁rất: 0.0101, ▁mê: 0.005, ▁xem: 0.0135, ▁T: 1.4297, 1: 0.0377, ▁Valor: 8.3244, ant: 8.4217, <unk>: 5.4337, x: 0.054, ong: 0.0045, ▁mình: 0.1531, ▁mua: 0.0477, ▁áo: 0.0117, ▁các: 0.0403, ▁kiểu: 0.0028, ▁rất: 0.0373, ▁mong: 0.0057, ▁chờ: 0.0298, ▁họ: 0.0254, ▁được: 0.068, ▁đi: 0.065, ▁Master: 8.2202, s: 0.0438, ▁ở: 0.0561, ▁Toronto: 10.9586, ▁thôi: 0.1038, ▁thì: 0.0471, ▁họ: 0.0308, ▁t: 0.1265, ạch: 0.0043, .: 0.0649, </s>: 0.0378",1.4784,13.7481
8811,"lấy bài vở ra hc, lấy lap ra chạy deadline ht đeeee 😇","Lấy bài vở ra học, lấy laptop ra chạy deadline hết đê 😇","<s>: 0.0149, ▁L: 11.8154, ấ: 0.5294, y: 0.0324, ▁bài: 0.022, ▁v: 0.1069, ở: 0.0057, ▁ra: 0.0402, ▁học: 0.0399, ,: 0.0709, ▁lấy: 0.0129, ▁laptop: 7.0398, ▁ra: 0.0425, ▁chạy: 0.003, ▁deadline: 0.0005, ▁hết: 0.0318, ▁đê: 7.892, ▁: 1.6907, <unk>: 0.0741, </s>: 0.0833",1.4774,11.8154
8169,=)))))) dcm bcuoi địt chịu,=)))))) địt con mẹ buồn cười đéo chịu được,"<s>: 0.0146, ▁=: 0.0148, <unk>: 0.0371, ▁đ: 0.6417, ị: 0.1783, t: 0.0254, ▁con: 0.0334, ▁mẹ: 0.0911, ▁buồn: 2.511, ▁cười: 0.0359, ▁đ: 0.2735, é: 6.3478, o: 2.1634, ▁chịu: 0.0065, ▁được: 11.098, </s>: 0.1452",1.4761,11.098
4316,Tks chj ạk sẽ về nghiên cíu đân 🫶🏻,Thanks chị ạ sẽ về nghiên cứu dần 🫶🏻,"<s>: 0.0148, ▁Thanks: 10.2474, ▁chị: 0.0249, ▁ạ: 0.0556, ▁sẽ: 0.0527, ▁về: 0.0538, ▁nghiên: 0.0069, ▁cứu: 0.0005, ▁dần: 8.349, ▁: 0.161, <unk>: 0.0551, <unk>: 0.0681, </s>: 0.0418",1.4717,10.2474
3589,tui đọc mấy bài của bà mak còn thik hơn đọc bhtt nx 😭,tôi đọc mấy bài của bà mà còn thích hơn đọc bách hợp tiểu thuyết nữa 😭,"<s>: 0.0143, ▁tôi: 2.5118, ▁đọc: 0.0189, ▁mấy: 0.0081, ▁bài: 0.0101, ▁của: 0.1197, ▁bà: 0.0556, ▁mà: 0.0869, ▁còn: 0.0363, ▁thích: 0.0201, ▁hơn: 0.0541, ▁đọc: 0.0156, ▁: 5.8443, bách: 0.0692, ▁hợp: 8.4773, ▁tiểu: 9.7374, ▁thuyết: 3.6061, ▁nữa: 0.0368, ▁: 0.0335, <unk>: 0.0896, </s>: 0.0591",1.4717,9.7374
9006,Như này b ạk😔,Như này bạn ạ 😔,"<s>: 0.0143, ▁Như: 0.0178, ▁này: 0.0252, ▁bạn: 0.068, ▁ạ: 0.0513, ▁: 9.7181, <unk>: 1.7685, </s>: 0.0874",1.4688,9.7181
3993,Cnay ba mẹ ph trã ak?,Cái này ba mẹ phải trả à?,"<s>: 0.0168, ▁Cái: 0.0962, ▁này: 0.0734, ▁ba: 0.0412, ▁mẹ: 0.0213, ▁phải: 0.0271, ▁trả: 6.0647, ▁à: 8.1378, ?: 0.1281, </s>: 0.0685",1.4675,8.1378
6796,"Phí xem tuỳ tâm, phí lễ thì tuỳ lễ nka.","Phí xem tùy tâm, phí lễ thì tùy lễ nha.","<s>: 0.0143, ▁Phí: 0.0005, ▁xem: 0.0118, <unk>: 10.2089, ▁tâm: 1.007, ,: 0.106, ▁phí: 0.0064, ▁lễ: 0.0069, ▁thì: 0.0551, <unk>: 8.904, ▁lễ: 0.0557, ▁nha: 0.0068, .: 0.0833, </s>: 0.0713",1.467,10.2089
7311,Mik nhận xem tarot phí tuỳ tâm nhaa,Mình nhận xem tarot phí tùy tâm nha,"<s>: 0.0156, ▁Mình: 0.0421, ▁nhận: 0.0192, ▁xem: 0.0332, ▁tar: 0.0002, ot: 0.003, ▁phí: 0.0153, <unk>: 9.7142, ▁tâm: 5.8468, ▁nha: 0.1233, </s>: 0.323",1.4669,9.7142
7724,ồh tks bác,ồ thanks bác,"<s>: 0.0157, ▁: 0.2368, ồ: 0.0089, ▁thanks: 8.3922, ▁bác: 0.0712, </s>: 0.0696",1.4658,8.3922
5648,Bê c tuyển NVKD e ah,Bên chị tuyển nhân viên kinh doanh em à,"<s>: 0.0158, ▁Bên: 13.0969, ▁chị: 0.1088, ▁tuyển: 0.0065, ▁nhân: 0.7339, ▁viên: 0.0866, ▁kinh: 1.0944, ▁doanh: 0.2861, ▁em: 0.058, ▁à: 0.5594, </s>: 0.0769",1.4658,13.0969
3429,"Em xài srm Cerave từ 2016 ấy ạk, dịu nhẹ êm da lắm chj ạk","Em xài sữa rửa mặt CeraVe từ 2016 ấy ạ, dịu nhẹ êm da lắm chị ạ","<s>: 0.0145, ▁Em: 0.0588, ▁x: 0.0288, à: 0.017, i: 0.0138, ▁sữa: 4.0676, ▁rửa: 3.735, ▁mặt: 0.1099, ▁Cer: 11.121, a: 9.7269, Ve: 7.093, ▁từ: 0.0668, ▁2016: 0.0239, ▁ấy: 0.0549, ▁ạ: 0.0439, ,: 0.1042, ▁dịu: 0.0004, ▁nhẹ: 0.003, ▁: 0.1575, êm: 0.0044, ▁da: 0.0053, ▁lắm: 0.0157, ▁chị: 0.0548, ▁ạ: 0.0239, </s>: 0.0773",1.4649,11.121
4713,"Sốp ở đặng văn ngữ, hà nội em nka ❤️","Shop ở Đặng Văn Ngữ, Hà Nội em nha ❤️","<s>: 0.0146, ▁Shop: 0.1432, ▁ở: 0.0562, ▁Đ: 4.5287, ặng: 0.0013, ▁Văn: 5.0305, ▁Ng: 7.993, ữ: 0.1277, ,: 0.086, ▁Hà: 3.5515, ▁Nội: 1.4162, ▁em: 0.2983, ▁nha: 0.0284, <unk>: 0.0542, <unk>: 0.0577, </s>: 0.0374",1.4641,7.993
5397,bao giám đốc cty hay côg an bắt n,báo giám đốc công ty hay công an bắt nó,"<s>: 0.0144, ▁báo: 12.2451, ▁giám: 4.8423, ▁đốc: 0.0277, ▁công: 0.1204, ▁ty: 0.0897, ▁hay: 0.0164, ▁công: 0.0252, ▁an: 0.0127, ▁bắt: 0.0039, ▁nó: 0.0636, </s>: 0.1083",1.4641,12.2451
1363,Đcm côg nhận ứa gan vcl cứ lôi ES vs KTS ra ôi đcm bú quả fame cho đến khi cạn sạch àh chửi MH thì đm cũg ph chửi hội MN zô duyên vcl nyc cs nym r cứ lảm nhảm về vc mih đc vt về bài ES vs KTS 🙂,Địt con mẹ công nhận ứa gan vãi cả lồn cứ lôi Em Suýt vs Không Thể Say ra ôi địt con mẹ bú quả fame cho đến khi cạn sạch à chửi Mỹ Hàn thì địt mẹ cũng phải chửi hội Mỹ Ngọc vô duyên vãi cả lồn người yêu cũ có người yêu mới rồi cứ lảm nhảm về việc mình được viết về bài Em Suýt với Không Thể Say 🙂,"<s>: 0.0144, ▁Đ: 0.1445, ị: 2.3998, t: 0.0318, ▁con: 0.3965, ▁mẹ: 0.0073, ▁công: 0.3693, ▁nhận: 0.0151, ▁: 0.3186, ứ: 0.0008, a: 0.019, ▁gan: 0.0042, ▁v: 0.0749, ã: 0.7627, i: 0.0615, ▁cả: 1.2403, ▁lồ: 0.1174, n: 0.0646, ▁cứ: 0.1053, ▁lô: 0.0015, i: 0.0165, ▁Em: 9.1134, ▁Su: 10.8426, ýt: 4.8657, ▁vs: 6.6355, ▁Không: 3.8305, ▁Thể: 4.8832, ▁Say: 9.0395, ▁ra: 1.8729, ▁: 0.2916, ôi: 0.0008, ▁đ: 0.1115, ị: 0.6311, t: 0.0325, ▁con: 0.2819, ▁mẹ: 0.0053, ▁bú: 0.0023, ▁quả: 0.0036, ▁fame: 0.0001, ▁cho: 0.047, ▁đến: 0.0146, ▁khi: 0.0175, ▁c: 0.0428, ạ: 0.0101, n: 0.0277, ▁sạch: 0.0009, ▁à: 0.0094, ▁ch: 1.2612, ử: 0.0202, i: 0.0335, ▁Mỹ: 9.4488, ▁Hàn: 10.4625, ▁thì: 0.0323, ▁đ: 0.0352, ị: 0.8935, t: 0.0521, ▁mẹ: 0.3595, ▁cũng: 0.0511, ▁phải: 0.017, ▁ch: 0.0084, ử: 0.0059, i: 0.0247, ▁hội: 0.0041, </s>: 11.7436",1.4568,11.7436
9295,"Mai liệu camera nhà Huy comeback thr nx k, t thấy linh nyc khôi cback r","Mai liệu camera nhà Huy comeback threads nữa không, tôi thấy Linh người yêu cũ Khôi comeback rồi","<s>: 0.0144, ▁Mai: 0.014, ▁liệu: 0.0564, ▁camera: 0.0079, ▁nhà: 0.0536, ▁Huy: 0.0017, ▁come: 0.0004, back: 0.0009, ▁thread: 7.1296, s: 6.7705, ▁nữa: 0.0869, ▁không: 0.0546, ,: 0.1172, ▁tôi: 0.149, ▁thấy: 0.0306, ▁Linh: 6.3864, ▁người: 0.013, ▁yêu: 0.0458, ▁cũ: 0.0581, ▁Kh: 11.6388, ôi: 1.6217, ▁come: 2.0505, back: 0.0009, ▁rồi: 0.0238, </s>: 0.0727",1.456,11.6388
3618,T cx saved đók nhg b t mak hỏi câu z là lên Tik search Cafe + địa điểm liền :),Tôi cũng lưu đó nhưng bạn tôi mà hỏi câu thế là lên Tiktok search Cafe + địa điểm liền :),"<s>: 0.0149, ▁Tôi: 0.1683, ▁cũng: 0.0882, ▁lưu: 13.8149, ▁đó: 9.9312, ▁nhưng: 0.1254, ▁bạn: 0.0205, ▁tôi: 0.127, ▁mà: 0.0373, ▁hỏi: 0.0083, ▁câu: 0.0106, ▁thế: 0.7889, ▁là: 0.0976, ▁lên: 0.055, ▁Tik: 0.0003, tok: 9.307, ▁search: 0.007, ▁Cafe: 0.0251, ▁+: 0.0354, ▁địa: 0.0255, ▁điểm: 0.0313, ▁liền: 0.0038, <unk>: 0.1552, </s>: 0.0532",1.4555,13.8149
3494,Luyện mọi tình huống màk bọn n định var mik,Luyện mọi tình huống mà bọn nó định va chạm mình,"<s>: 0.0161, ▁Lu: 0.0051, y: 0.2202, ệ: 0.0077, n: 0.059, ▁mọi: 0.0426, ▁tình: 0.0249, ▁huống: 0.014, ▁mà: 0.0508, ▁bọn: 0.0037, ▁nó: 0.0196, ▁định: 0.0432, ▁va: 8.0453, ▁chạm: 13.5475, ▁mình: 1.0744, </s>: 0.0887",1.4539,13.5475
1520,Acc này là b thân bà Ngọc,Tài khoản này là bạn thân bà Ngọc,"<s>: 0.0143, ▁Tài: 14.0376, ▁khoản: 0.0122, ▁này: 0.1232, ▁là: 0.0663, ▁bạn: 0.131, ▁thân: 0.0089, ▁bà: 0.0215, ▁Ngọc: 0.0015, </s>: 0.081",1.4498,14.0376
8214,Zạ hnay hoa cs giá 1.250k/10 cành ạk.,Dạ hôm nay hoa có giá 1.250.000/10 cành ạ.,"<s>: 0.0168, ▁Dạ: 0.0183, ▁hôm: 0.2069, ▁nay: 0.0829, ▁hoa: 0.0133, ▁có: 0.0628, ▁giá: 0.043, ▁1.2: 9.1363, 50.000: 11.9739, /10: 0.0088, ▁c: 0.0277, ành: 0.0005, ▁ạ: 0.011, .: 0.0754, </s>: 0.0683",1.4497,11.9739
4899,"100m ở VN cx cs mak, Axon, mckinsey, worldquant vẫn 5k-8k","100 triệu ở Việt Nam cũng có mà, Axon, McKinsey, WorldQuant vẫn 5k-8k","<s>: 0.0143, ▁100: 0.0042, ▁triệu: 3.0538, ▁ở: 0.0988, ▁Việt: 0.1229, ▁Nam: 0.0282, ▁cũng: 0.0828, ▁có: 0.1004, ▁mà: 0.0198, ,: 0.1363, ▁A: 0.0331, xon: 0.0, ,: 0.0769, ▁Mc: 9.0829, K: 6.6164, in: 3.8656, sey: 0.0001, ,: 0.0746, ▁World: 3.3292, Quan: 11.895, t: 0.1917, ▁vẫn: 0.0542, ▁5: 0.0284, k: 0.0362, -8: 0.0074, k: 0.069, </s>: 0.0511",1.4472,11.895
3605,Cho xin list lẩu vs phở zới b,Cho xin danh sách lẩu với phở với bạn,"<s>: 0.0167, ▁Cho: 0.0198, ▁xin: 0.0213, ▁danh: 9.9763, ▁sách: 9.7335, ▁l: 0.1635, ẩ: 0.0233, u: 0.0544, ▁với: 0.0331, ▁ph: 0.0162, ở: 0.0022, ▁với: 0.0406, ▁bạn: 0.0435, </s>: 0.1031",1.4462,9.9763
7737,"Ă đù, cuối cùng ngày này đã đến","A đù, cuối cùng ngày này đã đến","<s>: 0.0153, ▁A: 11.4988, ▁đ: 5.4165, ù: 0.0102, ,: 0.1187, ▁cuối: 0.0089, ▁cùng: 0.0265, ▁ngày: 0.025, ▁này: 0.0866, ▁đã: 0.0364, ▁đến: 0.0157, </s>: 0.0613",1.4433,11.4988
5314,"bn va y tnao v ậy , hd mik vs đc k bn ơi","bạn vay thế nào vậy , hướng dẫn mình với được không bạn ơi","<s>: 0.0141, ▁bạn: 0.0638, ▁vay: 9.8523, ▁thế: 5.055, ▁nào: 0.2648, ▁vậy: 0.0661, ▁: 0.1482, ,: 0.388, ▁hướng: 8.1392, ▁dẫn: 0.0052, ▁mình: 0.1321, ▁với: 0.0858, ▁được: 0.0657, ▁không: 0.0675, ▁bạn: 0.0528, ▁ơi: 0.0253, </s>: 0.0875",1.442,9.8523
2586,Ovtk thay cho vk sau sinh 🤣🤣,Overthinking thay cho vợ sau sinh 🤣🤣,"<s>: 0.0156, ▁Over: 10.1998, think: 1.6667, ing: 6.4076, ▁thay: 0.0126, ▁cho: 0.0396, ▁vợ: 0.013, ▁sau: 0.0503, ▁sinh: 0.035, ▁: 0.0831, <unk>: 0.0908, <unk>: 0.0684, </s>: 0.0564",1.4415,10.1998
3644,Tôi xin list quán đồ Hàn vs ăn vặt dko bác ơii,Tôi xin danh sách quán đồ Hàn với ăn vặt được không bác ơi,"<s>: 0.0139, ▁Tôi: 0.0304, ▁xin: 0.0234, ▁danh: 9.7579, ▁sách: 12.1442, ▁quán: 0.061, ▁đồ: 0.0419, ▁Hàn: 0.012, ▁với: 0.0404, ▁ăn: 0.0385, ▁vặt: 0.004, ▁được: 0.1943, ▁không: 0.0244, ▁bác: 0.0317, ▁ơi: 0.0902, </s>: 0.5398",1.4405,12.1442
5686,Nghĩ zị cái nhẹ hẳn lun khởi snghi,Nghĩ vậy cái nhẹ hẳn luôn khỏi suy nghĩ,"<s>: 0.0147, ▁Ngh: 0.0072, ĩ: 0.1193, ▁vậy: 0.1114, ▁cái: 0.04, ▁nhẹ: 0.0021, ▁hẳn: 0.003, ▁luôn: 0.0522, ▁khỏi: 16.7984, ▁suy: 0.0139, ▁nghĩ: 0.0377, </s>: 0.0849",1.4404,16.7984
1747,T nghĩ là t bèo giống chêm,Tôi nghĩ là tôi bèo giống James,"<s>: 0.0159, ▁Tôi: 0.2017, ▁nghĩ: 0.0204, ▁là: 0.0463, ▁tôi: 0.1331, ▁bè: 0.0003, o: 0.0307, ▁giống: 0.0277, ▁James: 13.5159, </s>: 0.3509",1.4343,13.5159
8843,Chụp lại nào book gửi admin,Chụp lại nào đặt gửi admin,"<s>: 0.0176, ▁Ch: 0.0547, ụ: 0.0066, p: 0.0475, ▁lại: 0.1152, ▁nào: 0.0432, ▁đặt: 13.7573, ▁gửi: 0.1955, ▁admin: 0.0021, </s>: 0.0832",1.4323,13.7573
4464,qtrong là mẹ khoẻ ebe khoẻ còn chuyện cân nặng cứ từ từ,quan trọng là mẹ khỏe em bé khỏe còn chuyện cân nặng cứ từ từ,"<s>: 0.0171, ▁quan: 0.1063, ▁trọng: 0.0092, ▁là: 0.0963, ▁mẹ: 0.0331, <unk>: 11.9191, ▁em: 0.0478, ▁bé: 0.2568, <unk>: 11.1015, ▁còn: 0.6123, ▁chuyện: 0.0136, ▁cân: 0.0044, ▁nặng: 0.0014, ▁cứ: 0.0059, ▁từ: 0.0198, ▁từ: 0.0267, </s>: 0.0637",1.4315,11.9191
634,Shao mặt thg cu này giống thg j cop naruto đồ hoạ fifai nhỉ tôi quên mất tên n rùi,Sao mặt thằng cu này giống thằng gì copy naruto đồ hoạ free fire nhỉ tôi quên mất tên nó rồi,"<s>: 0.0161, ▁Sao: 0.0248, ▁mặt: 0.02, ▁thằng: 0.1483, ▁cu: 0.7594, ▁này: 0.0221, ▁giống: 0.0083, ▁thằng: 0.7829, ▁gì: 0.0305, ▁copy: 8.2352, <unk>: 0.865, to: 0.0106, ▁đồ: 0.0023, ▁ho: 0.0121, ạ: 0.0239, ▁free: 14.5929, ▁fire: 9.9313, ▁nhỉ: 0.0757, ▁tôi: 0.0349, ▁quên: 0.0012, ▁mất: 0.0225, ▁tên: 0.0086, ▁nó: 0.0389, ▁rồi: 0.0396, </s>: 0.0596",1.4307,14.5929
424,'em quên ah baoh' :)))) trl v ik cho ảnh cs tí mơ mộng viễn vong,'em quên anh bao giờ' :)))) trả lời vậy đi cho ảnh có tí mơ mộng viển vông,"<s>: 0.014, ▁': 0.1392, em: 0.1967, ▁quên: 0.0017, ▁anh: 0.3978, ▁bao: 0.0076, ▁giờ: 0.1089, ': 0.0403, <unk>: 0.1588, ): 0.035, ▁trả: 0.3832, ▁lời: 0.0046, ▁vậy: 0.0638, ▁đi: 0.0462, ▁cho: 0.0743, ▁ảnh: 0.4092, ▁có: 0.1717, ▁tí: 0.0045, ▁mơ: 0.0068, ▁mộng: 0.0027, ▁v: 15.049, iển: 9.3903, ▁v: 3.8752, ông: 5.0717, </s>: 0.1044",1.4303,15.049
9091,K ghen mak móc mỉa ah Ngưn quài dị mèo =)))),Không ghen mà móc mỉa anh Ngân hoài vậy mèo =)))),"<s>: 0.0155, ▁Không: 0.1549, ▁gh: 0.0062, en: 0.0293, ▁mà: 0.0558, ▁móc: 0.0006, ▁m: 0.0855, ỉ: 0.0108, a: 0.0226, ▁anh: 1.1306, ▁Ngân: 11.6018, ▁h: 6.9528, oài: 0.6344, ▁vậy: 6.251, ▁mè: 0.0077, o: 0.0405, ▁=: 0.0126, <unk>: 0.0363, </s>: 0.0529",1.4264,11.6018
7310,Ib Ju nek💕 R xem chi tiết lắm,Inbox Ju nè💕 Reader xem chi tiết lắm,"<s>: 0.015, ▁In: 0.0714, box: 0.0829, ▁Ju: 0.0032, ▁nè: 4.3387, <unk>: 0.1767, ▁Reader: 12.3068, ▁xem: 0.0082, ▁chi: 0.0084, ▁tiết: 0.0084, ▁lắm: 0.026, </s>: 0.0628",1.4257,12.3068
7022,"Cô Liên , 52 văn yên nhé.","Cô Liên , 52 Văn Yên nhé.","<s>: 0.0144, ▁Cô: 0.023, ▁Liên: 0.0012, ▁: 0.1841, ,: 0.093, ▁52: 0.0165, ▁Văn: 6.2538, ▁Yên: 8.8475, ▁nhé: 0.0202, .: 0.0939, </s>: 0.0666",1.4195,8.8475
6917,B về xã thái xuyên thái bình mk chỉ cô xem bói cực chuẩn lun í,Bạn về xã Thái Xuyên Thái Bình mình chỉ cô xem bói cực chuẩn luôn ý,"<s>: 0.0153, ▁Bạn: 0.1302, ▁về: 0.0777, ▁xã: 0.0181, ▁Thái: 7.8173, ▁Xu: 11.4865, yên: 1.2051, ▁Thái: 2.1072, ▁Bình: 4.4455, ▁mình: 0.1492, ▁chỉ: 0.0959, ▁cô: 0.0578, ▁xem: 0.0116, ▁bó: 0.0012, i: 0.0407, ▁cực: 0.0072, ▁chuẩn: 0.004, ▁luôn: 0.0609, ▁ý: 0.5874, </s>: 0.0628",1.4191,11.4865
5833,Zạ tịm tuyển parttime thui nek,Dạ tiệm tuyển part-time thôi nè,"<s>: 0.0181, ▁Dạ: 0.0782, ▁t: 0.4558, iệm: 7.4082, ▁tuyển: 0.0346, ▁part: 0.0005, -: 3.5584, time: 0.0501, ▁thôi: 0.0572, ▁nè: 3.7915, </s>: 0.1271",1.4163,7.4082
5783,"Hnay 8/3 mìh đã cbi một món quà nho nhỏ cho em, i hope she likes it🤍","Hôm nay mùng 8 tháng 3 mình đã chuẩn bị một món quà nho nhỏ cho em, I hope she likes it🤍","<s>: 0.0157, ▁Hôm: 0.1481, ▁nay: 0.0919, ▁m: 14.1353, ùng: 2.3597, ▁8: 0.0927, ▁tháng: 6.4101, ▁3: 11.1954, ▁mình: 0.0522, ▁đã: 0.0822, ▁chuẩn: 0.0171, ▁bị: 0.0086, ▁một: 0.1213, ▁món: 0.0147, ▁quà: 0.0097, ▁n: 0.5245, ho: 0.0122, ▁nhỏ: 0.0115, ▁cho: 0.0796, ▁em: 0.0965, ,: 0.1227, ▁I: 5.103, ▁hope: 0.0309, ▁she: 0.072, ▁like: 0.0094, s: 0.0376, ▁it: 0.0259, <unk>: 0.0739, </s>: 0.0487",1.4139,14.1353
1493,Đời còn dài và giai còn nh Em!,Đời còn dài và trai còn nhiều em!,"<s>: 0.0139, ▁Đời: 0.0321, ▁còn: 0.0353, ▁dài: 0.0133, ▁và: 0.0819, ▁trai: 12.0793, ▁còn: 0.0394, ▁nhiều: 0.0239, ▁em: 3.1291, !: 0.0295, </s>: 0.0607",1.4126,12.0793
2006,cần tìm sub hoặc slv máu M,cần tìm sub hoặc slave máu M,"<s>: 0.0141, ▁cần: 0.0236, ▁tìm: 0.0255, ▁sub: 0.0141, ▁hoặc: 0.0358, ▁slave: 12.3498, ▁máu: 0.0009, ▁M: 0.0977, </s>: 0.0982",1.4066,12.3498
8884,Tui mê Soobin vs nc hoa lâm,Tui mê Soobin với nước hoa lắm,"<s>: 0.0144, ▁Tu: 0.1084, i: 0.0724, ▁mê: 0.0134, ▁Soo: 0.0003, bin: 0.0066, ▁với: 0.0626, ▁nước: 0.0206, ▁hoa: 0.0333, ▁lắm: 15.0399, </s>: 0.0778",1.4045,15.0399
7270,cin vía huhu,xin vía huhu,"<s>: 0.0172, ▁xin: 7.9917, ▁vía: 0.0355, ▁: 0.3058, huhu: 0.0027, </s>: 0.0722",1.4042,7.9917
4522,B oiz cho tớ xin jb,Bạn ơi cho tớ xin job,"<s>: 0.0148, ▁Bạn: 0.1014, ▁ơi: 2.4812, ▁cho: 0.0684, ▁tớ: 0.0219, ▁xin: 0.0129, ▁job: 8.4201, </s>: 0.1113",1.404,8.4201
3635,=(( Rấc cần các list ăn uống ợ HCM ạk,=(( Rất cần các danh sách ăn uống ở Hồ Chí Minh ạ,"<s>: 0.0157, ▁=: 0.0264, (: 0.0274, (: 0.0423, ▁R: 0.0155, ấ: 0.0118, t: 3.6117, ▁cần: 0.0158, ▁các: 0.0528, ▁danh: 10.072, ▁sách: 8.054, ▁ăn: 0.0249, ▁uống: 0.0037, ▁ở: 3.2132, ▁Hồ: 1.3107, ▁Chí: 0.0076, ▁Minh: 0.0337, ▁ạ: 0.0446, </s>: 0.0835",1.4035,10.072
4239,Mấy bé Fwee Phấn má 300k Son pónk 150k/c Son hũ 200k/c,Mấy bé Fwee Phấn má 300k Son bóng 150k/cây Son hũ 200k/cây,"<s>: 0.0158, ▁M: 0.0368, ấ: 0.0133, y: 0.0099, ▁bé: 0.0195, ▁F: 0.02, we: 0.0043, e: 0.0148, ▁Ph: 0.0065, ấ: 0.0105, n: 0.0272, ▁má: 0.0041, ▁300: 0.0122, k: 0.0245, ▁Son: 0.0004, ▁bóng: 8.0053, ▁150: 0.0466, k: 0.0227, /: 0.0158, c: 0.088, ây: 22.3598, ▁Son: 1.8906, ▁h: 0.023, ũ: 0.0031, ▁200: 0.0037, k: 0.0139, /: 0.009, c: 0.0536, ây: 9.1293, </s>: 0.2172",1.4034,22.3598
226,Pub cả tên cty lun,Public cả tên công ty luôn,"<s>: 0.0144, ▁Public: 10.7524, ▁cả: 0.1279, ▁tên: 0.0256, ▁công: 0.1424, ▁ty: 0.0439, ▁luôn: 0.016, </s>: 0.0875",1.4013,10.7524
2143,"j s toan ng quen tke, NGẠI QÁ NHÉ!","gì sao toàn người quen thế, NGẠI QUÁ NHÉ!","<s>: 0.0154, ▁gì: 0.1734, ▁sao: 0.5656, ▁toàn: 8.0251, ▁người: 0.0401, ▁quen: 0.0092, ▁thế: 11.4096, ,: 1.3204, ▁NG: 0.4731, Ạ: 0.022, I: 0.1665, ▁QU: 1.4069, Á: 0.0287, ▁NH: 0.0576, É: 0.0025, !: 0.0194, </s>: 0.0635",1.3999,11.4096
3787,Các nhóm nam NW cx quậy wa tr quậy.,Các nhóm nam Nextway cũng quậy quá trời quậy.,"<s>: 0.0154, ▁Các: 0.0415, ▁nhóm: 0.0175, ▁nam: 0.0252, ▁Next: 9.4299, way: 11.2145, ▁cũng: 0.0773, ▁qu: 0.0075, ậy: 0.0013, ▁quá: 0.0078, ▁trời: 0.0077, ▁qu: 0.01, ậy: 0.0053, .: 0.053, </s>: 0.0701",1.3989,11.2145
8161,thík gái thẳng cùng trg (ep cuối),thích gái thẳng cùng trường (tập cuối),"<s>: 0.0157, ▁thích: 0.0422, ▁gái: 0.0176, ▁thẳng: 0.0008, ▁cùng: 0.0122, ▁trường: 2.8397, ▁(: 0.063, t: 11.0079, ập: 2.2382, ▁cuối: 0.369, ): 0.0609, </s>: 0.0763",1.3953,11.0079
4543,Haha còn ten xíu ch vẫn tuyển bth nka…,Haha content xíu chứ vẫn tuyển bình thường nha…,"<s>: 0.0145, ▁Haha: 0.0006, ▁content: 10.9212, ▁x: 0.6378, íu: 0.0151, ▁chứ: 6.325, ▁vẫn: 0.0591, ▁tuyển: 0.0034, ▁bình: 0.0441, ▁thường: 0.0213, ▁nha: 0.0131, ...: 0.0252, </s>: 0.0584",1.3953,10.9212
7056,"Tuỳ nhà tuỳ cụ thui, nh nhà k bik thờ cúng, cs nhà thì gia tiên zo dụng","Tùy nhà tùy cụ thôi, nhiều nhà không biết thờ cúng, có nhà thì gia tiên vô dụng","<s>: 0.0146, <unk>: 12.37, ▁nhà: 9.1394, <unk>: 9.5092, ▁cụ: 0.2558, ▁thôi: 0.0469, ,: 0.0665, ▁nhiều: 0.0305, ▁nhà: 0.0182, ▁không: 0.042, ▁biết: 0.0069, ▁thờ: 0.0339, ▁cú: 0.0069, ng: 0.0476, ,: 0.0888, ▁có: 0.0913, ▁nhà: 0.0272, ▁thì: 0.0641, ▁gia: 0.0087, ▁tiên: 0.0132, ▁vô: 0.0631, ▁dụng: 0.0512, </s>: 0.0644",1.3939,12.37
1366,màk nếu đúng như nhx j bà ns thì mẻ pmg thiec=)),mà nếu đúng như những gì bà nói thì mẻ pick me girl thật=)),"<s>: 0.0142, ▁mà: 0.1127, ▁nếu: 0.044, ▁đúng: 0.0179, ▁như: 0.0198, ▁những: 0.0549, ▁gì: 0.0082, ▁bà: 0.0506, ▁nói: 0.0553, ▁thì: 0.0547, ▁m: 0.5569, ẻ: 0.0022, ▁pick: 11.64, ▁me: 5.3019, ▁girl: 7.3151, ▁thật: 2.3797, =: 0.0022, ): 0.0777, ): 0.094, </s>: 0.0387",1.392,11.64
110,t hdan lm nhenn,tôi hướng dẫn làm nhen,"<s>: 0.016, ▁tôi: 0.2625, ▁hướng: 8.3822, ▁dẫn: 0.0069, ▁làm: 1.9797, ▁nh: 0.1727, en: 0.0057, </s>: 0.298",1.3904,8.3822
9239,đúng t3 luỵ vc,đúng tháng 3 lụy vãi chưởng,"<s>: 0.0154, ▁đúng: 0.0053, ▁tháng: 7.512, ▁3: 0.127, ▁l: 3.3373, ụ: 2.5033, y: 0.9632, ▁v: 2.9247, ã: 0.0719, i: 0.0356, ▁ch: 0.4928, ưởng: 0.0134, </s>: 0.0604",1.3894,7.512
4112,Em đã nhắn ms Thư r nhé.,Em đã nhắn Miss Thư rồi nhé.,"<s>: 0.0142, ▁Em: 0.0785, ▁đã: 0.0719, ▁nhắn: 0.0075, ▁Miss: 13.3553, ▁Thư: 0.1521, ▁rồi: 0.0295, ▁nhé: 0.0312, .: 0.0895, </s>: 0.0642",1.3894,13.3553
8991,hèn vầy mạnh dạn ảo gây ik,hèn vậy mạnh dạn ảo gay đi,"<s>: 0.0144, ▁hè: 0.0008, n: 0.1319, ▁vậy: 4.2957, ▁mạnh: 0.0023, ▁dạ: 0.0065, n: 0.0921, ▁ảo: 0.0029, ▁gay: 10.5794, ▁đi: 0.0473, </s>: 0.0696",1.3857,10.5794
8727,Uh Đọc xog lại ghec nyc thêm Djtcmm,Uh Đọc xong lại ghét người yêu cũ thêm Địt con mẹ mày,"<s>: 0.0155, ▁Uh: 0.0055, ▁Đọc: 0.0092, ▁xong: 0.0172, ▁lại: 0.028, ▁ghé: 9.4691, t: 2.8037, ▁người: 0.0255, ▁yêu: 0.0568, ▁cũ: 0.0887, ▁thêm: 0.03, ▁Đ: 7.614, ị: 1.5019, t: 0.0084, ▁con: 0.6789, ▁mẹ: 0.0115, ▁mày: 2.4595, </s>: 0.1001",1.3846,9.4691
6519,"Tuỳ ct th bn, thg cty nào đông nlđ thì khi nào nhận yêu cầu HR ms gửi","Tùy công ty thôi bạn, thường công ty nào đông người lao động thì khi nào nhận yêu cầu HR mới gửi","<s>: 0.0145, <unk>: 11.4824, ▁công: 12.7887, ▁ty: 1.6886, ▁thôi: 0.0586, ▁bạn: 0.0189, ,: 0.0722, ▁thường: 0.3109, ▁công: 0.083, ▁ty: 0.0757, ▁nào: 0.0167, ▁đông: 0.0046, ▁người: 2.7153, ▁la: 5.0779, o: 1.2684, ▁động: 0.0431, ▁thì: 0.0264, ▁khi: 0.046, ▁nào: 0.0236, ▁nhận: 0.0116, ▁yêu: 0.0062, ▁cầu: 0.0258, ▁HR: 0.0093, ▁mới: 0.0307, ▁gửi: 0.0128, </s>: 0.077",1.3842,12.7887
4674,💚 NV CSKH (PART-TIME/FULL-TIME) 💚 TTS TUYỂN DỤNG (PART-TIME) 💚 TTS SOCIAL CONTENT MARKETING (FULL-TIME),💚 NHÂN VIÊN CHĂM SÓC KHÁCH HÀNG (PART-TIME/FULL-TIME) 💚 THỰC TẬP SINH TUYỂN DỤNG (PART-TIME) 💚 THỰC TẬP SINH SOCIAL CONTENT MARKETING (FULL-TIME),"<s>: 0.0131, ▁: 0.062, <unk>: 0.0101, ▁NHÂN: 0.3589, ▁V: 0.0258, IÊN: 0.0077, ▁CH: 2.7576, Ă: 7.2374, M: 1.4747, ▁S: 3.3932, Ó: 3.84, C: 2.3908, ▁KH: 1.7228, Á: 2.3596, CH: 1.7248, ▁HÀNG: 6.2943, ▁(: 0.1118, PART: 0.002, -: 0.0031, T: 0.0134, IME: 0.0013, /: 0.0428, FU: 0.0002, LL: 0.0026, -: 0.0064, T: 0.0229, IME: 0.0006, ): 0.0361, ▁: 0.0388, <unk>: 0.0111, ▁TH: 0.8002, Ự: 4.9512, C: 0.1505, ▁T: 0.8458, Ậ: 3.7203, P: 3.0129, ▁SIN: 9.7402, H: 0.0121, ▁TU: 1.5264, Y: 0.0184, Ể: 0.0029, N: 0.0252, ▁DỤNG: 0.0042, ▁(: 0.0842, PART: 0.0017, -: 0.0055, T: 0.0216, IME: 0.0028, ): 0.0241, ▁: 0.0444, <unk>: 0.0108, ▁TH: 0.3334, Ự: 1.2196, C: 0.1104, ▁T: 0.4073, Ậ: 1.4629, P: 0.7303, ▁SIN: 1.0215, H: 0.0048, <unk>: 3.4234, ▁: 0.1604, CONT: 0.0, ENT: 0.0005, </s>: 20.4409",1.3795,20.4409
9152,btw s cs mấy cmt bảo ghen vs chỉ đồ nhỉ hài vãi=))))))))))))))))))))),by the way sao có mấy comment bảo ghen với chị đồ nhỉ hài vãi =))))))))))))))))))))),"<s>: 0.014, ▁by: 14.176, ▁the: 5.9203, ▁way: 0.4956, ▁sao: 0.2337, ▁có: 0.0827, ▁mấy: 0.0072, ▁comment: 0.3642, ▁bảo: 0.0289, ▁gh: 0.0036, en: 0.0445, ▁với: 0.0669, ▁chị: 5.8076, ▁đồ: 0.8997, ▁nhỉ: 0.0096, ▁hài: 0.0001, ▁v: 0.0766, ã: 0.0029, i: 0.031, ▁=: 5.9259, ))): 0.0074, <unk>: 0.0855, <unk>: 0.0577, <unk>: 0.0722, </s>: 0.0351",1.3779,14.176
9227,j t toàn ghost ngta:)) t t7,gì tôi toàn ghost người ta :)) tôi tháng 7,"<s>: 0.0168, ▁gì: 0.0907, ▁tôi: 0.1102, ▁toàn: 0.0139, ▁g: 0.0389, host: 0.0001, ▁người: 0.0669, ▁ta: 0.0455, <unk>: 11.1893, ▁tôi: 0.1427, ▁tháng: 5.8982, ▁7: 0.176, </s>: 0.1075",1.3767,11.1893
2824,Lố 4kg gòi!,Lố 4 ký rồi!,"<s>: 0.0154, ▁L: 0.0601, ố: 0.024, ▁4: 0.0156, ▁ký: 10.5302, ▁rồi: 0.2797, !: 0.0182, </s>: 0.0673",1.3763,10.5302
7191,"Hôm ik Sấm gặp 1 chj gái Kingdom phát fibi trg zone cầu vồng, và trộm vía mk ở zone hoà bình cx mói đc fibi.","Hôm đi Sấm gặp 1 chị gái Kingdom phát freebie trong zone cầu vồng, và trộm vía mình ở zone hòa bình cũng mót được freebie.","<s>: 0.0126, ▁Hôm: 0.0122, ▁đi: 0.0827, ▁S: 0.0278, ấ: 0.0103, m: 0.0236, ▁gặp: 0.0141, ▁1: 0.1013, ▁chị: 0.0716, ▁gái: 0.022, ▁Kingdom: 0.0004, ▁phát: 0.008, ▁free: 11.6083, bie: 2.4905, ▁trong: 0.0351, ▁zone: 0.0008, ▁cầu: 0.0334, ▁v: 0.1108, ồng: 0.015, ,: 0.1043, ▁và: 0.0776, ▁trộm: 0.0, ▁vía: 0.0, ▁mình: 0.1577, ▁ở: 0.1, ▁zone: 0.0014, <unk>: 9.8897, ▁bình: 2.7017, ▁cũng: 0.1153, ▁mót: 13.9696, ▁được: 0.4682, ▁free: 3.5832, bie: 2.1584, .: 0.0881, </s>: 0.0468",1.3755,13.9696
1794,Tưởng xem doremon😔,Tưởng xem Doraemon😔,"<s>: 0.0153, ▁T: 0.0166, ưởng: 0.0075, ▁xem: 0.0226, ▁Dora: 10.7019, emon: 0.0041, <unk>: 0.1364, </s>: 0.0674",1.3715,10.7019
767,"3qg,2 tỉnh ,9,5 hoá thì gia sư tầm 50/h ổn ko ạk","3 quốc gia,2 tỉnh ,9,5 hoá thì gia sư tầm 50k/giờ ổn không ạ","<s>: 0.0159, ▁3: 0.0327, ▁quốc: 4.2283, ▁gia: 0.1145, ,: 0.1348, 2: 0.2823, ▁tỉnh: 0.0036, ▁: 0.1602, ,: 0.0672, 9,5: 0.154, ▁hoá: 0.0205, ▁thì: 0.0957, ▁gia: 0.0105, ▁sư: 0.0235, ▁tầm: 0.0006, ▁50: 0.002, k: 12.4782, /: 12.1381, gi: 2.7112, ờ: 0.0595, ▁ổn: 0.0026, ▁không: 0.0649, ▁ạ: 0.0178, </s>: 0.0762",1.3706,12.4782
3852,Confirm là ngol nhắm ạaa.,Confirm là ngon lắm ạ.,"<s>: 0.0153, ▁Con: 0.0189, firm: 0.0, ▁là: 0.0796, ▁ngon: 0.0735, ▁lắm: 11.1923, ▁ạ: 0.0543, .: 0.8109, </s>: 0.0726",1.3686,11.1923
7538,Các s này nằm ở cung mệnh hay quan ạk,Các sao này nằm ở cung Mệnh hay Quan ạ,"<s>: 0.0144, ▁Các: 0.067, ▁sao: 0.3208, ▁này: 0.0908, ▁nằm: 0.019, ▁ở: 0.0422, ▁cung: 0.0129, ▁M: 13.0507, ệ: 1.7737, nh: 0.4424, ▁hay: 0.0369, ▁Quan: 3.1021, ▁ạ: 0.0237, </s>: 0.0907",1.3634,13.0507
6180,Em cs nộp cty unipax lun rùi í hjc,Em có nộp công ty Unipax luôn rồi ý hic,"<s>: 0.0151, ▁Em: 0.0575, ▁có: 0.0576, ▁nộp: 0.0075, ▁công: 0.6469, ▁ty: 0.1133, ▁Uni: 8.6325, pa: 2.0427, x: 0.0384, ▁luôn: 0.0712, ▁rồi: 0.0635, ▁ý: 0.5191, ▁hic: 6.6974, </s>: 0.1082",1.3622,8.6325
5103,"a hd em v ay vs ạk , e bí qa caanf vay 1tr ạk","anh hướng dẫn em vay với ạ , em bí quá cần vay 1 triệu ạ","<s>: 0.0155, ▁anh: 0.1338, ▁hướng: 3.6147, ▁dẫn: 0.004, ▁em: 0.0832, ▁vay: 10.309, ▁với: 1.6327, ▁ạ: 0.0113, ▁: 0.0752, ,: 0.0958, ▁em: 0.0692, ▁bí: 0.0106, ▁quá: 0.0029, ▁cần: 9.4496, ▁vay: 0.0154, ▁1: 0.0197, ▁triệu: 0.2416, ▁ạ: 0.0119, </s>: 0.0709",1.3614,10.309
4586,"Zạ ún cafe thì ới em nka Shop ơiii, cafe nguyên chất đăk lăk nhà trồng ạk 🥰","Dạ uống cà phê thì ới em nha Shop ơi, cà phê nguyên chất Đắk Lắk nhà trồng ạ 🥰","<s>: 0.0161, ▁Dạ: 0.0551, ▁uống: 0.2299, ▁cà: 6.6003, ▁phê: 0.2123, ▁thì: 0.0683, ▁: 1.5722, ới: 0.3744, ▁em: 0.0937, ▁nha: 0.0217, ▁Shop: 0.0234, ▁ơi: 0.018, ,: 0.4332, ▁cà: 6.0646, ▁phê: 2.4022, ▁nguyên: 0.0046, ▁chất: 0.0109, ▁Đ: 5.9323, ắ: 4.5029, k: 0.6365, ▁L: 7.3942, ắ: 1.6354, k: 0.8794, ▁nhà: 0.0414, ▁trồng: 0.0117, ▁ạ: 0.0187, ▁: 0.0443, <unk>: 0.0509, </s>: 0.0439",1.3584,7.3942
4494,Túi vinamilk xanh mua ở đâu z mom,Túi Vinamilk xanh mua ở đâu vậy mom,"<s>: 0.0138, ▁Tú: 0.0214, i: 0.0431, ▁Vin: 7.3269, ami: 6.7916, lk: 3.0822, ▁xanh: 0.005, ▁mua: 0.0167, ▁ở: 0.0388, ▁đâu: 0.0231, ▁vậy: 0.1853, ▁mom: 0.0048, </s>: 0.0822",1.3565,7.3269
7659,Năm này t hc nh thiệc bà ạk,Năm này tui học nhiều thiệt bà ạ,"<s>: 0.0139, ▁Năm: 0.049, ▁này: 0.1203, ▁tui: 4.8499, ▁học: 0.0574, ▁nhiều: 0.1253, ▁thiệt: 8.0811, ▁bà: 0.1395, ▁ạ: 0.0272, </s>: 0.0923",1.3556,8.0811
4644,Tuyển CSKH tiếng trung nka,Tuyển chăm sóc khách hàng tiếng Trung nha,"<s>: 0.0141, ▁Tuyển: 0.0366, ▁chăm: 8.342, ▁sóc: 0.0018, ▁khách: 0.5159, ▁hàng: 0.0312, ▁tiếng: 0.0323, ▁Trung: 4.454, ▁nha: 0.0208, </s>: 0.0827",1.3531,8.342
8742,Hỏng shao đâu bà khuyên r thì thui bà để b bà tự trãi qua tgian thui r tự tỉnh ah Hong shaooo thgian đầu nên còn màu hằm Và cũg mong là b bà gặp đúng cờ xanh ik nhe Ng thì cx cs ng 6 ng tốt nèk,Không sao đâu bà khuyên rồi thì thôi bà để bạn bà tự trải qua thời gian thôi rồi tự tỉnh à không sao thời gian đầu nên còn màu hồng và cũng mong là bạn bà gặp đúng cờ xanh đi nhé người thì cũng có người xấu người tốt nè,"<s>: 0.017, ▁Không: 4.1156, ▁sao: 0.0059, ▁đâu: 0.0173, ▁bà: 0.0394, ▁khuyên: 0.0074, ▁rồi: 0.0428, ▁thì: 0.0519, ▁thôi: 0.0205, ▁bà: 0.0329, ▁để: 0.0397, ▁bạn: 0.1737, ▁bà: 0.0516, ▁tự: 0.027, ▁trải: 6.2009, ▁qua: 0.0938, ▁thời: 0.0229, ▁gian: 0.0444, ▁thôi: 0.1017, ▁rồi: 0.046, ▁tự: 0.0154, ▁tỉnh: 0.0026, ▁à: 0.9529, ▁không: 13.0624, ▁sao: 0.0081, ▁thời: 0.4627, ▁gian: 0.0821, ▁đầu: 0.0807, ▁nên: 0.0425, ▁còn: 0.0169, ▁màu: 0.0067, ▁hồng: 10.7846, ▁và: 3.6848, ▁cũng: 0.0103, ▁mong: 0.0142, ▁là: 0.0239, ▁bạn: 0.109, ▁bà: 0.0607, ▁gặp: 0.0062, ▁đúng: 0.0097, ▁cờ: 0.0017, ▁xanh: 0.0013, ▁đi: 0.0135, ▁nhé: 2.2011, ▁người: 3.248, ▁thì: 0.1287, ▁cũng: 0.0528, ▁có: 0.0374, ▁người: 0.0353, ▁xấu: 13.1573, ▁người: 1.0166, ▁tốt: 4.7448, ▁nè: 7.3868, </s>: 0.1004",1.3466,13.1573
4298,T thấy cgai vn mìnk chs game V cg nh màk 🤨,Tôi thấy con gái Việt Nam mình chơi game Valorant cũng nhiều mà 🤨,"<s>: 0.0148, ▁Tôi: 0.171, ▁thấy: 0.025, ▁con: 0.0729, ▁gái: 0.0341, ▁Việt: 1.2971, ▁Nam: 0.0426, ▁mình: 0.0516, ▁chơi: 0.0095, ▁game: 0.0248, ▁Valor: 9.3161, ant: 12.7879, ▁cũng: 0.0626, ▁nhiều: 0.07, ▁mà: 0.0461, ▁: 0.0935, <unk>: 0.0551, </s>: 0.0577",1.3462,12.7879
3713,Mak đã v mẹ Cá còn là ủma nx =))))) chứng tỏ ủma Ziệt mạnh vl !,Mà đã vậy mẹ Cá còn là ARMY nữa =))))) chứng tỏ ARMY Việt mạnh vãi lồn !,"<s>: 0.0159, ▁Mà: 0.0146, ▁đã: 0.0279, ▁vậy: 0.0297, ▁mẹ: 0.0257, ▁Cá: 0.0019, ▁còn: 0.0865, ▁là: 0.0546, ▁ARM: 12.2537, Y: 6.7429, ▁nữa: 0.0303, ▁=): 0.0074, <unk>: 0.032, ▁chứng: 0.0039, ▁tỏ: 0.012, ▁ARM: 7.7573, Y: 0.0557, ▁Việt: 5.5679, ▁mạnh: 0.0214, ▁v: 0.1146, ã: 1.8422, i: 0.0375, ▁lồ: 0.0303, n: 0.1004, ▁!: 0.0146, </s>: 0.0857",1.3449,12.2537
9034,Đã buồn r chớ😭😭,Đã buồn rồi chứ 😭😭,"<s>: 0.014, ▁Đã: 0.0103, ▁buồn: 0.012, ▁rồi: 0.0558, ▁chứ: 0.9715, ▁: 7.714, <unk>: 0.05, <unk>: 3.1536, </s>: 0.08",1.3401,7.714
8466,căm bách vs chiếc máy thân iu =))))) hứa ko phản bội,comeback với chiếc máy thân yêu =))))) hứa không phản bội,"<s>: 0.0145, ▁come: 14.1197, back: 6.8127, ▁với: 0.061, ▁chiếc: 0.0493, ▁máy: 0.0151, ▁thân: 0.0023, ▁yêu: 0.0338, ▁=): 0.0027, <unk>: 0.0618, ▁hứa: 0.0011, ▁không: 0.0694, ▁phản: 0.004, ▁bộ: 0.0164, i: 0.0567, </s>: 0.0874",1.338,14.1197
3508,C KẢM ƠN BỐ TI ĐÃ CHOA C SUỘC ÂU IK CỰC XINHH!!,CON CẢM ƠN BỐ TI ĐÃ CHO CON SUỘC AUDI CỰC XINH!!,"<s>: 0.016, ▁CON: 1.9072, ▁C: 5.2094, Ả: 0.4671, M: 0.1023, ▁: 0.1895, Ơ: 0.0095, N: 0.0827, ▁B: 0.0212, Ố: 0.0044, ▁TI: 0.0697, ▁Đ: 0.1877, Ã: 0.0668, ▁CHO: 0.0103, ▁CON: 4.8014, ▁SU: 0.1331, Ộ: 0.013, C: 0.0942, ▁A: 9.4356, UDI: 6.4832, ▁C: 5.8996, Ự: 0.0099, C: 0.143, ▁XI: 0.0037, NH: 0.0043, !!: 0.634, </s>: 0.0725",1.336,9.4356
5523,Hồi đók tui ik thực tập ở toà thấy mấy nh kiện khách hàng thiếu nợ đồ í,Hồi đó tui đi thực tập ở tòa thấy mấy ngân hàng kiện khách hàng thiếu nợ đồ ý,"<s>: 0.0137, ▁Hồ: 0.0069, i: 0.0963, ▁đó: 0.0154, ▁tui: 0.1952, ▁đi: 0.0396, ▁thực: 0.0038, ▁tập: 0.0079, ▁ở: 0.0626, <unk>: 7.3247, ▁thấy: 0.0382, ▁mấy: 0.0241, ▁ngân: 10.2864, ▁hàng: 0.0119, ▁kiện: 9.7606, ▁khách: 0.0281, ▁hàng: 0.0469, ▁thiếu: 0.0021, ▁nợ: 0.0034, ▁đồ: 0.0131, ▁ý: 1.3385, </s>: 0.0678",1.3358,10.2864
5304,Bọn monecat vs tieno :)) n đéo đòi đc tiền là bdau giả dạng bên khác nt doạ dẫm,Bọn MoneyCat với tieno :)) nó đéo đòi được tiền là bắt đầu giả dạng bên khác nhắn tin dọa dẫm,"<s>: 0.014, ▁B: 0.0881, ọ: 0.0245, n: 0.1112, ▁Money: 14.9489, Cat: 2.1977, ▁với: 0.0537, ▁tien: 0.0297, o: 0.0121, <unk>: 0.8632, ▁nó: 0.0278, ▁đ: 0.0131, é: 0.0046, o: 0.0103, ▁đòi: 0.0021, ▁được: 0.103, ▁tiền: 0.0124, ▁là: 0.0725, ▁bắt: 0.0658, ▁đầu: 0.0048, ▁giả: 0.0012, ▁dạng: 0.0028, ▁bên: 0.041, ▁khác: 0.0234, ▁nhắn: 0.2096, ▁tin: 0.0322, <unk>: 9.4348, ▁d: 5.8592, ẫ: 7.041, m: 0.0275, </s>: 0.0661",1.3354,14.9489
6082,qua trang mìnk tham khảo Jd nka,qua trang mình tham khảo JD nha,"<s>: 0.0143, ▁qua: 0.1049, ▁trang: 0.0312, ▁mình: 0.0182, ▁tham: 0.0122, ▁khảo: 0.0263, ▁: 7.8579, JD: 5.1723, ▁nha: 0.0059, </s>: 0.0646",1.3308,7.8579
306,Ib nhé ng ep,Inbox nhé người đẹp,"<s>: 0.0148, ▁In: 0.0334, box: 0.0151, ▁nhé: 0.0456, ▁người: 0.0799, ▁đẹp: 8.9187, </s>: 0.2058",1.3305,8.9187
9001,Ah bn ik du hc berlin về hả,Anh bạn đi du học Berlin về hả,"<s>: 0.0159, ▁Anh: 0.0321, ▁bạn: 0.0563, ▁đi: 0.0284, ▁du: 0.0181, ▁học: 0.0213, ▁Berlin: 12.996, ▁về: 0.0363, ▁hả: 0.0194, </s>: 0.0678",1.3292,12.996
1119,Là mk ph đem hành ik lm fibi p hông…,Là mình phải đem hành đi làm freebie phải không…,"<s>: 0.0139, ▁Là: 0.1095, ▁mình: 0.077, ▁phải: 0.0197, ▁đem: 0.0023, ▁hành: 0.0167, ▁đi: 0.0298, ▁làm: 0.054, ▁free: 12.2495, bie: 3.6614, ▁phải: 2.2273, ▁không: 0.0757, ...: 0.0109, </s>: 0.0591",1.3291,12.2495
4636,Tui đăng tin chi tiêt bên fb nka,Tôi đăng tin chi tiết bên facebook nha,"<s>: 0.0146, ▁Tôi: 2.9948, ▁đăng: 0.0067, ▁tin: 0.018, ▁chi: 0.0421, ▁tiết: 8.8343, ▁bên: 0.0254, ▁facebook: 1.2599, ▁nha: 0.0114, </s>: 0.0675",1.3275,8.8343
1550,T tg nv thì sẽ dễ move on hơn :)),Tôi tưởng như vậy thì sẽ dễ move on hơn :)),"<s>: 0.0161, ▁Tôi: 0.2493, ▁tưởng: 11.8254, ▁như: 4.0688, ▁vậy: 0.6494, ▁thì: 0.0873, ▁sẽ: 0.0923, ▁dễ: 0.0114, ▁move: 0.0003, ▁on: 0.0056, ▁hơn: 0.0619, <unk>: 0.1001, </s>: 0.0647",1.3256,11.8254
4459,T m63 màk 68kg đây :))),Tôi 1m63 mà 68kg đây :))),"<s>: 0.0159, ▁Tôi: 0.1935, ▁1: 9.6654, m: 4.3618, 63: 0.0183, ▁mà: 0.0876, ▁68: 0.0147, kg: 0.0199, ▁đây: 0.0146, <unk>: 0.1039, </s>: 0.0691",1.324,9.6654
2861,Cno cần ng phục zụ cơm nc đỡ cho mẹ cno =)) chắc lúc chx lấy vk thì cả lò què cụt :) M thw mẹ m thì lm đỡ cho mẹ chứ k ph thg = cách đùn ziệc cho zk K bik các nhà ntn chứ nhà t cúng Tết đơn giản để còn ik chs,Chúng nó cần người phục vụ cơm nước đỡ cho mẹ chúng nó =)) chắc lúc chưa lấy vợ thì cả lò què cụt :) Mày thương mẹ mày thì làm đỡ cho mẹ chứ không phải thương bằng cách đùn việc cho vợ Không biết các nhà như thế nào chứ nhà tôi cúng Tết đơn giản để còn đi chơi,"<s>: 0.0147, ▁Chúng: 0.1309, ▁nó: 0.1982, ▁cần: 0.0208, ▁người: 0.0314, ▁phục: 0.0041, ▁vụ: 0.0075, ▁cơm: 0.022, ▁nước: 0.0101, ▁đỡ: 0.0036, ▁cho: 0.0491, ▁mẹ: 0.0243, ▁chúng: 0.0182, ▁nó: 0.0455, ▁=): 0.0011, ): 0.0181, ▁chắc: 0.004, ▁lúc: 0.0171, ▁chưa: 0.0301, ▁lấy: 0.002, ▁vợ: 0.0102, ▁thì: 0.0313, ▁cả: 0.0176, ▁l: 0.0567, ò: 0.0119, ▁què: 0.0, ▁cụ: 0.0022, t: 0.0364, <unk>: 0.6279, ▁Mà: 1.1509, y: 7.9934, ▁thương: 0.0016, ▁mẹ: 0.0075, ▁mày: 0.0131, ▁thì: 0.0245, ▁làm: 0.0665, ▁đỡ: 0.0044, ▁cho: 0.0327, ▁mẹ: 0.0173, ▁chứ: 0.0055, ▁không: 0.0743, ▁phải: 0.0178, ▁thương: 2.3799, ▁bằng: 9.1442, ▁cách: 1.4979, ▁đ: 0.0141, ù: 0.0086, n: 0.101, ▁việc: 0.0241, ▁cho: 0.039, ▁vợ: 0.0144, ▁Không: 0.3208, ▁biết: 0.0054, ▁các: 9.6836, ▁nhà: 8.1602, ▁như: 5.5488, ▁thế: 0.3596, ▁nào: 0.041, ▁chứ: 5.5994, ▁nhà: 8.3926, ▁tôi: 3.8695, ▁cú: 10.6353, ng: 4.6137, </s>: 3.2775",1.3217,10.6353
447,dcu ước vl ước,địt cụ ước vãi lồn ước,"<s>: 0.0157, ▁đ: 1.7461, ị: 0.995, t: 0.0324, ▁cụ: 12.3315, ▁ước: 0.0798, ▁v: 0.0708, ã: 1.614, i: 0.0617, ▁lồ: 0.03, n: 0.0762, ▁ước: 0.0072, </s>: 0.1052",1.3204,12.3315
1569,Ê chắc tuỳ as !,Ê chắc tùy á !,"<s>: 0.0183, ▁Ê: 0.0008, ▁chắc: 0.0065, <unk>: 8.7373, ▁á: 0.3496, ▁!: 0.0079, </s>: 0.1138",1.3192,8.7373
3885,"ôi tr ưi thw z hicc, bà cs lm to ko","ôi trời ơi thương thế hức, bà có làm to không","<s>: 0.015, ▁: 0.0495, ôi: 0.0052, ▁trời: 0.0122, ▁ơi: 0.9525, ▁thương: 0.0205, ▁thế: 0.4068, ▁h: 11.6973, ức: 6.664, ,: 0.8188, ▁bà: 0.053, ▁có: 0.0939, ▁làm: 0.0517, ▁to: 0.0483, ▁không: 0.1088, </s>: 0.0906",1.318,11.6973
8219,Zì mak rủ t lên SG dễ dậy chờiii~~~~~🥹🥹🥹,Gì mà rủ tao lên Sài Gòn dễ vậy trời~~~~~🥹🥹🥹,"<s>: 0.016, ▁G: 3.5805, ì: 0.0019, ▁mà: 0.0539, ▁r: 0.0476, ủ: 0.0143, ▁tao: 2.9319, ▁lên: 0.0887, ▁Sài: 0.0378, ▁Gòn: 0.0008, ▁dễ: 0.0105, ▁vậy: 13.1506, ▁trời: 0.948, <unk>: 0.077, <unk>: 0.0668, </s>: 0.048",1.3171,13.1506
6778,T tìm ng ko hoàn hảo giống t nên ms khó đók,Tui tìm người không hoàn hảo giống tui nên mới khó đó,"<s>: 0.0146, ▁Tu: 7.4115, i: 7.8596, ▁tìm: 0.0174, ▁người: 0.0699, ▁không: 0.0425, ▁hoàn: 0.0103, ▁hảo: 0.0072, ▁giống: 0.0226, ▁tui: 4.0791, ▁nên: 0.058, ▁mới: 0.0188, ▁khó: 0.043, ▁đó: 0.0295, </s>: 0.0658",1.3166,7.8596
8864,3 trận là nnao dị,Ba trận là như nào vậy,"<s>: 0.0167, ▁Ba: 9.1876, ▁trận: 0.0223, ▁là: 0.081, ▁như: 0.162, ▁nào: 0.1535, ▁vậy: 0.8294, </s>: 0.0683",1.3151,9.1876
5810,Lương Fulltime từ 7tr-10tr++,Lương Fulltime từ 7 triệu - 10 triệu++,"<s>: 0.0145, ▁Lương: 0.0093, ▁Full: 0.0868, time: 0.5444, ▁từ: 0.0159, ▁7: 0.0072, ▁triệu: 0.267, ▁-: 11.372, ▁10: 3.131, ▁triệu: 0.1978, ++: 0.0063, </s>: 0.0766",1.3107,11.372
6942,hạn về đổ máo bà kiu ik hiến máo mak tui ko đủ đkien hiến thì s bà 😞,hạn về đổ máu bà kêu đi hiến máu mà tui không đủ điều kiện hiến thì sao bà 😞,"<s>: 0.0143, ▁hạn: 0.0045, ▁về: 0.0608, ▁đổ: 0.0027, ▁máu: 11.699, ▁bà: 0.0426, ▁kêu: 6.9055, ▁đi: 0.0829, ▁hiến: 0.0026, ▁máu: 9.2424, ▁mà: 0.0372, ▁tui: 0.2909, ▁không: 0.0553, ▁đủ: 0.0085, ▁điều: 0.0948, ▁kiện: 0.006, ▁hiến: 0.0022, ▁thì: 0.04, ▁sao: 0.0187, ▁bà: 0.0309, <unk>: 0.0799, </s>: 0.0571",1.3081,11.699
8245,t pr quả thread m mấy vid r đấy=))),tao PR quả threads mày mấy video rồi đấy=))),"<s>: 0.0145, ▁tao: 1.9794, ▁PR: 4.4038, ▁quả: 0.0073, ▁thread: 0.0001, s: 10.6897, ▁mày: 0.0529, ▁mấy: 0.0275, ▁video: 0.9837, ▁rồi: 0.0308, ▁đấy: 0.0091, =: 0.0173, ))): 0.0176, </s>: 0.076",1.3078,10.6897
2730,Lm như bán hàng đa cấp dấu giá,Làm như bán hàng đa cấp giấu giá,"<s>: 0.0153, ▁Làm: 0.035, ▁như: 0.0477, ▁bán: 0.0267, ▁hàng: 0.0096, ▁đa: 0.0049, ▁cấp: 0.0049, ▁giấu: 12.7564, ▁giá: 0.0727, </s>: 0.096",1.3069,12.7564
9156,Khiếp lun đấy😭😭,Khiếp luôn đấy 😭😭,"<s>: 0.0168, ▁K: 0.0378, hiếp: 0.0028, ▁luôn: 0.0399, ▁đấy: 0.0063, ▁: 7.5998, <unk>: 0.0613, <unk>: 3.8557, </s>: 0.0763",1.2997,7.5998
7725,còn iêu mak nma t thấy knang là bà í bỏ r,còn yêu mà nhưng mà tôi thấy khả năng là bà ý bỏ rồi,"<s>: 0.0162, ▁còn: 0.1345, ▁yêu: 7.1539, ▁mà: 0.0501, ▁nhưng: 0.321, ▁mà: 0.0322, ▁tôi: 0.1364, ▁thấy: 0.0312, ▁khả: 11.5061, ▁năng: 0.1591, ▁là: 0.8673, ▁bà: 0.0471, ▁ý: 0.1923, ▁bỏ: 0.0056, ▁rồi: 0.0354, </s>: 0.0725",1.2976,11.5061
8868,yêu xa nên mỗi lần gặp nhau là 1 ngày 3 trận,Yêu xa nên mỗi lần gặp nhau là một ngày ba trận,"<s>: 0.0147, ▁Yêu: 4.8364, ▁xa: 0.0244, ▁nên: 0.064, ▁mỗi: 0.018, ▁lần: 0.0245, ▁gặp: 0.0075, ▁nhau: 0.0262, ▁là: 0.0628, ▁một: 4.1944, ▁ngày: 0.01, ▁ba: 8.7856, ▁trận: 0.0139, </s>: 0.0771",1.2971,8.7856
2241,Túi mk đứt quai mất tiu rùi,Túi mình đứt quai mất tiêu rồi,"<s>: 0.0156, ▁Tú: 0.0266, i: 0.0372, ▁mình: 0.1311, ▁đ: 0.0568, ứ: 0.0052, t: 0.0732, ▁qua: 0.2478, i: 0.0523, ▁mất: 0.0062, ▁tiêu: 16.0484, ▁rồi: 0.0565, </s>: 0.0805",1.2952,16.0484
958,xích lây chờ thì cứ như ảnh 2 màk quất nka môm🫰🏻,signature thì cứ như ảnh 2 mà quất nha mom🫰🏻,"<s>: 0.0148, ▁signature: 12.1006, ▁thì: 4.8593, ▁cứ: 0.0049, ▁như: 0.0185, ▁ảnh: 0.1536, ▁2: 0.1383, ▁mà: 0.0635, ▁qu: 0.0069, ấ: 0.0092, t: 0.0116, ▁nha: 0.0082, ▁mom: 3.0688, <unk>: 0.1088, <unk>: 0.0632, </s>: 0.0482",1.2924,12.1006
2178,Yobae đọc thạch trang như reading ielts luonn màk=)))) mấy hsau lm vid chữa lành ngay🤡,Yobae đọc Thạch Trang như reading IELTS luôn mà=)))) mấy hôm sau làm video chữa lành ngay🤡,"<s>: 0.0154, ▁Yo: 0.3675, ba: 0.0329, e: 0.0178, ▁đọc: 0.0075, ▁Th: 12.1268, ạch: 2.9748, ▁Trang: 4.2519, ▁như: 0.0792, ▁reading: 0.0142, ▁IELTS: 5.9218, ▁luôn: 0.908, ▁mà: 0.055, =: 0.012, <unk>: 0.0453, ▁mấy: 0.0081, ▁hôm: 2.1429, ▁sau: 0.0726, ▁làm: 0.1005, ▁video: 2.715, ▁chữa: 0.0029, ▁lành: 0.0097, ▁ngay: 0.0172, <unk>: 0.2427, </s>: 0.0558",1.2879,12.1268
695,Xin cip vs ạk,Xin clip với ạ,"<s>: 0.0151, ▁Xin: 0.0108, ▁clip: 7.5326, ▁với: 0.0535, ▁ạ: 0.0154, </s>: 0.0946",1.287,7.5326
5000,Chs cbm k nợ nần nhg sợ bị tt sống trg lo sợ 3th r🙂‍↕️,Chơi cờ bạc mạng không nợ nần nhưng sợ bị thanh tra sống trong lo sợ 3 tháng rồi🙂‍↕️,"<s>: 0.0158, ▁C: 2.7338, hơ: 1.1009, i: 0.003, ▁cờ: 9.4663, ▁bạc: 3.2503, ▁mạng: 7.6412, ▁không: 0.8402, ▁nợ: 0.0036, ▁n: 0.0681, ầ: 0.0089, n: 0.0262, ▁nhưng: 0.0454, ▁sợ: 0.0259, ▁bị: 0.057, ▁thanh: 3.5611, ▁tra: 4.6359, ▁sống: 0.2289, ▁trong: 1.7332, ▁lo: 0.0124, ▁sợ: 0.0069, ▁3: 0.0136, ▁tháng: 1.2746, ▁rồi: 0.0703, <unk>: 0.3189, ▁: 0.0388, <unk>: 0.0424, <unk>: 0.0646, </s>: 0.027",1.2867,9.4663
9170,"E ở chỗ nào pt, c cx ng pt🙂","Em ở chỗ nào Phú Thọ, chị cũng người Phú Thọ 🙂","<s>: 0.0149, ▁Em: 0.1108, ▁ở: 0.0892, ▁chỗ: 0.0203, ▁nào: 0.0325, ▁Phú: 9.6766, ▁Th: 3.0469, ọ: 1.0103, ,: 0.1879, ▁chị: 0.5737, ▁cũng: 0.124, ▁người: 0.066, ▁Phú: 6.3184, ▁Th: 0.0267, ọ: 0.2712, <unk>: 0.2391, </s>: 0.0594",1.2863,9.6766
5046,"T năm nay 25 t cs vay đc k , hd mìnk v ay dzới b","Tôi năm nay 25 tuổi có vay được không , hướng dẫn mình vay với bạn","<s>: 0.0147, ▁Tôi: 0.2079, ▁năm: 0.015, ▁nay: 0.0408, ▁25: 0.0036, ▁tuổi: 5.3357, ▁có: 0.4615, ▁vay: 0.0153, ▁được: 0.0958, ▁không: 0.054, ▁: 0.1488, ,: 0.109, ▁hướng: 7.1414, ▁dẫn: 0.0035, ▁mình: 0.159, ▁vay: 10.084, ▁với: 0.451, ▁bạn: 0.0232, </s>: 0.0692",1.286,10.084
520,lúc ấy mấy ảnh rain nghe sướng vl luonn ấy:)))))),lúc ấy mấy ảnh rên nghe sướng vãi lồn luôn ấy:)))))),"<s>: 0.0139, ▁lúc: 0.0228, ▁ấy: 0.0169, ▁mấy: 0.0055, ▁ảnh: 0.4282, ▁: 11.3588, rên: 10.573, ▁nghe: 0.493, ▁sướng: 0.0008, ▁v: 0.0144, ã: 0.8859, i: 0.0836, ▁lồ: 0.2367, n: 0.078, ▁luôn: 0.0006, ▁ấy: 0.0114, :: 0.0382, <unk>: 0.0538, </s>: 0.0683",1.2834,11.3588
4399,"Nếu đã chỉnh bỉm đúng chuẩn và chọn đúng size rùi thì mom thử mua mấy loại vách chống tràn cao chút xem shao ạk: Momorabbit, Nature love mere, Elparirie","Nếu đã chỉnh bỉm đúng chuẩn và chọn đúng size rồi thì mom thử mua mấy loại vách chống tràn cao chút xem sao ạ: Momo Rabbit, Nature Love Mere, Elprairie","<s>: 0.0144, ▁Nếu: 0.0186, ▁đã: 0.0495, ▁chỉnh: 0.0015, ▁b: 0.0452, ỉ: 0.034, m: 0.0214, ▁đúng: 0.0123, ▁chuẩn: 0.0086, ▁và: 0.097, ▁chọn: 0.0255, ▁đúng: 0.0197, ▁size: 0.0068, ▁rồi: 0.0299, ▁thì: 0.0582, ▁mom: 0.0052, ▁thử: 0.0191, ▁mua: 0.0947, ▁mấy: 0.0323, ▁loại: 0.0165, ▁v: 0.1922, ách: 0.0221, ▁chống: 0.0013, ▁tràn: 0.0006, ▁cao: 0.0431, ▁chút: 0.0692, ▁xem: 0.0235, ▁sao: 0.0045, ▁ạ: 0.0196, :: 0.0569, ▁Mo: 0.0313, mo: 6.764, ▁Rabbi: 14.2366, t: 0.0878, ,: 0.0724, ▁Nature: 0.0003, ▁Love: 4.5248, ▁Mere: 4.068, ,: 0.0943, ▁El: 0.0045, pra: 15.8341, i: 9.6093, rie: 0.0011, </s>: 0.0851",1.2831,15.8341
8848,nhaaaa siêu ấm áp cozy đúng bài Room tui ở là Yên 1 nka cs thêm cái ban côg siêu chill ọ,Nha siêu ấm áp cozy đúng bài phòng tui ở là Yên 1 nha có thêm cái ban công siêu chill ạ,"<s>: 0.0149, ▁Nha: 9.6628, ▁siêu: 0.2255, ▁ấm: 0.0245, ▁áp: 0.0029, ▁co: 1.5933, zy: 0.0029, ▁đúng: 0.0044, ▁bài: 0.0075, ▁phòng: 14.7253, ▁tui: 0.5682, ▁ở: 0.1344, ▁là: 0.1775, ▁Yên: 0.0004, ▁1: 0.074, ▁nha: 0.015, ▁có: 0.08, ▁thêm: 0.0243, ▁cái: 0.0535, ▁ban: 0.0039, ▁công: 0.102, ▁siêu: 0.0072, ▁chill: 0.0001, ▁ạ: 4.4815, </s>: 0.0857",1.2829,14.7253
9175,Chào b đồng hương nhé😊,Chào bạn đồng hương nhé 😊,"<s>: 0.0148, ▁Chào: 0.0372, ▁bạn: 0.0651, ▁đồng: 0.0642, ▁hương: 0.0099, ▁nhé: 0.0298, ▁: 9.6275, <unk>: 1.6059, </s>: 0.0908",1.2828,9.6275
1450,Gảnk k cs j lm t cug hay stalk list nyc của ny t lắm 😆,Rảnh không có gì làm tôi cũng hay stalk danh sách người yêu cũ của người yêu tôi lắm 😆,"<s>: 0.0165, ▁R: 6.4999, ả: 0.0251, nh: 0.1688, ▁không: 0.0538, ▁có: 0.0676, ▁gì: 0.0363, ▁làm: 0.0435, ▁tôi: 0.0906, ▁cũng: 0.0285, ▁hay: 0.0819, ▁stal: 0.0011, k: 0.0508, ▁danh: 10.7637, ▁sách: 14.8124, ▁người: 0.0069, ▁yêu: 0.0257, ▁cũ: 0.0429, ▁của: 0.1599, ▁người: 0.0058, ▁yêu: 0.0266, ▁tôi: 0.1688, ▁lắm: 0.0114, ▁: 0.043, <unk>: 0.0528, </s>: 0.0518",1.2822,14.8124
6364,Ch kịp chào HR xoá moẹ khỏi nhóm 🤡🤞,Chưa kịp chào HR xóa mẹ khỏi nhóm 🤡🤞,"<s>: 0.0158, ▁Chưa: 0.0098, ▁kịp: 0.0299, ▁chào: 0.0053, ▁HR: 0.0013, <unk>: 9.5293, ▁mẹ: 6.6375, ▁khỏi: 0.0722, ▁nhóm: 0.0181, ▁: 0.0713, <unk>: 0.0938, <unk>: 0.0692, </s>: 0.0675",1.2785,9.5293
9204,"Chỗ post nta đg zui, ở đâu lòi ra tk khùm này vị mấy bà :))) ai kí đầu n cái","Chỗ bài đăng người ta đang vui, ở đâu lòi ra thằng khùng này vậy mấy bà :))) ai ký đầu nó cái","<s>: 0.0149, ▁Ch: 0.0308, ỗ: 0.0036, ▁bài: 11.3767, ▁đăng: 6.7453, ▁người: 1.9132, ▁ta: 0.2322, ▁đang: 0.09, ▁vui: 0.013, ,: 0.0712, ▁ở: 0.025, ▁đâu: 0.0079, ▁l: 0.0581, ò: 0.0071, i: 0.037, ▁ra: 0.0258, ▁thằng: 0.0085, ▁kh: 3.3274, ùng: 1.5697, ▁này: 0.0203, ▁vậy: 8.5736, ▁mấy: 0.0037, ▁bà: 0.0212, <unk>: 1.5685, ▁ai: 0.0124, ▁ký: 2.4378, ▁đầu: 0.013, ▁nó: 0.0419, ▁cái: 0.018, </s>: 0.0852",1.2784,11.3767
8906,Em iu Trạm lémmmmm cho em gặp ôg xã Sibun nhaaaa Em mua đủ vé cả 4 Trạm rùiiiii,Em yêu Trạm lắm cho em gặp ông xã Soobin nha Em mua đủ vé cả 4 Trạm rồi,"<s>: 0.0146, ▁Em: 0.0353, ▁yêu: 0.1194, ▁Tr: 0.0988, ạ: 0.0183, m: 0.0511, ▁lắm: 4.4587, ▁cho: 5.7774, ▁em: 0.0971, ▁gặp: 0.012, ▁ông: 0.02, ▁xã: 0.0039, ▁Soo: 12.9977, bin: 1.18, ▁nha: 1.3399, ▁Em: 0.0285, ▁mua: 0.0114, ▁đủ: 0.03, ▁vé: 0.0036, ▁cả: 0.0318, ▁4: 0.0102, ▁Tr: 0.0293, ạ: 0.0041, m: 0.0457, ▁rồi: 0.025, </s>: 6.7695",1.2774,12.9977
5931,Mk cug đg trên làn ranh giữa ziệc ik hay ở lại.,Mình cũng đang trên lằn ranh giữa việc đi hay ở lại.,"<s>: 0.0135, ▁Mình: 0.0526, ▁cũng: 0.083, ▁đang: 0.0397, ▁trên: 0.0168, ▁l: 11.8363, ằ: 4.8497, n: 5.7581, ▁ran: 0.0005, h: 0.0131, ▁giữa: 0.0102, ▁việc: 0.0136, ▁đi: 0.0502, ▁hay: 0.0407, ▁ở: 0.0268, ▁lại: 0.0352, .: 0.0711, </s>: 0.0663",1.2765,11.8363
7877,Hài dcd dm lần đầu tiên em gặp dc ng c gái hài hước như c…,Hài diệu kỳ luôn địt mẹ lần đầu tiên em gặp được người con gái hài hước như chị…,"<s>: 0.0152, ▁Hà: 0.0227, i: 0.0301, ▁d: 2.2124, iệu: 7.4542, ▁kỳ: 6.1388, ▁luôn: 7.9979, ▁đ: 8.2222, ị: 0.2703, t: 0.012, ▁mẹ: 0.299, ▁lần: 0.0684, ▁đầu: 0.079, ▁tiên: 0.0504, ▁em: 0.0687, ▁gặp: 0.0187, ▁được: 0.0547, ▁người: 0.0606, ▁con: 0.0779, ▁gái: 0.0051, ▁hài: 0.0005, ▁h: 0.0096, ước: 0.005, ▁như: 0.0305, ▁chị: 1.1876, ...: 0.0123, </s>: 0.047",1.2759,8.2222
9164,hợp vibe lãng tử mùa đông ớ kkkk,hợp vibe lãng tử mùa đông á kaka,"<s>: 0.014, ▁hợp: 0.0108, ▁vi: 0.0694, be: 0.017, ▁lãng: 0.0016, ▁tử: 0.0053, ▁mùa: 0.0112, ▁đông: 0.0424, ▁á: 3.78, ▁kaka: 9.9261, </s>: 0.1498",1.2752,9.9261
8394,Tin sáu từ tập 1 đến tập cuối kkkk,Tin Sáu từ tập 1 đến tập cuối kkkk,"<s>: 0.0145, ▁Tin: 0.01, ▁Sá: 6.6623, u: 9.5083, ▁từ: 0.0254, ▁tập: 0.0078, ▁1: 0.0204, ▁đến: 0.0446, ▁tập: 0.0154, ▁cuối: 0.0233, ▁: 1.4108, kk: 0.0196, kk: 0.0051, </s>: 0.081",1.2749,9.5083
9315,K cs kim ngưu là đúng r đấy hâhha.,Không có Kim Ngưu là đúng rồi đấy haha.,"<s>: 0.0147, ▁Không: 0.1347, ▁có: 0.0885, ▁Kim: 8.1313, ▁Ng: 2.2964, ư: 0.0019, u: 0.0424, ▁là: 0.0785, ▁đúng: 0.0189, ▁rồi: 0.0101, ▁đấy: 0.0089, ▁haha: 6.4585, .: 0.4774, </s>: 0.0805",1.2745,8.1313
2469,Cs pháp y tống từ cx ok la nhg sang bộ thời niên thiếu lại ch đủ wow.,Có Pháp y Tống Từ cũng ok la nhưng sang bộ thời niên thiếu lại chưa đủ wow.,"<s>: 0.0135, ▁Có: 0.1066, ▁Pháp: 7.557, ▁y: 0.1669, ▁T: 11.1531, ống: 1.9718, ▁Từ: 6.3407, ▁cũng: 0.1157, ▁ok: 0.0015, ▁la: 0.0977, ▁nhưng: 0.0832, ▁sang: 0.0203, ▁bộ: 0.0432, ▁thời: 0.0319, ▁niên: 0.0071, ▁thiếu: 0.0059, ▁lại: 0.0466, ▁chưa: 0.0897, ▁đủ: 0.0115, ▁wow: 0.0001, .: 0.0787, </s>: 0.0634",1.273,11.1531
42,Hoa xjnk hay ng chụp xinhhhh,Hoa xinh hay người chụp xinh,"<s>: 0.0149, ▁Hoa: 0.0197, ▁xinh: 0.0094, ▁hay: 0.0142, ▁người: 0.0377, ▁chụp: 0.0099, ▁xinh: 8.1086, </s>: 1.97",1.273,8.1086
1970,👤: cho mk nc ép dưa lưới 🗣️: mk nc ép dái WTF DCM M GỌI CÁI ĐÉO G V,👤: cho mình nước ép dưa lưới 🗣️: mình nước ép dái What the fuck Địt con mẹ mày gọi cái đéo gì vậy,"<s>: 0.0138, ▁: 0.0765, <unk>: 0.0428, :: 0.0736, ▁cho: 0.0796, ▁mình: 0.1048, ▁nước: 0.384, ▁ép: 0.0003, ▁dư: 0.0014, a: 0.0194, ▁lưới: 0.0011, ▁: 0.0729, <unk>: 0.0391, <unk>: 0.0704, :: 0.0396, ▁mình: 0.1447, ▁nước: 0.2285, ▁ép: 0.0004, ▁dá: 0.7958, i: 0.0216, ▁What: 9.7767, ▁the: 0.8189, <unk>: 6.2071, ▁Đ: 4.5937, ị: 3.2951, t: 0.367, ▁con: 0.267, ▁mẹ: 0.0184, ▁mày: 0.9327, ▁gọi: 11.1459, ▁cái: 4.275, ▁đ: 1.6542, é: 0.2097, o: 0.2493, ▁gì: 0.6781, ▁vậy: 0.2788, </s>: 0.0826",1.2719,11.1459
2687,Chj hok tui cs trang trại ngựa nên cho tui hc riêng mk ên lun,Chị học tôi có trang trại ngựa nên cho tôi học riêng mình tôi luôn,"<s>: 0.0164, ▁Chị: 0.1121, ▁học: 0.2455, ▁tôi: 1.6101, ▁có: 0.0925, ▁trang: 0.0119, ▁trại: 0.0133, ▁ngựa: 0.0098, ▁nên: 0.079, ▁cho: 0.0773, ▁tôi: 0.9078, ▁học: 0.0407, ▁riêng: 0.0108, ▁mình: 0.0879, ▁tôi: 12.0648, ▁luôn: 6.0947, </s>: 0.1271",1.2707,12.0648
3428,"Vội qá hả em🤭... th nào TongTai hợp tác dzới hãng c mua nx, để dành xài tiếp em 🤭","Vội quá hả em🤭... thôi nào Tống Tài hợp tác với hãng chị mua nữa, để dành xài tiếp em 🤭","<s>: 0.0152, ▁V: 0.0404, ội: 0.0059, ▁quá: 0.0146, ▁hả: 0.0025, ▁em: 0.0644, <unk>: 0.1693, ...: 0.0445, ▁thôi: 3.0046, ▁nào: 0.0194, ▁T: 12.1539, ống: 5.3061, ▁Tài: 6.834, ▁hợp: 10.1239, ▁tác: 0.0277, ▁với: 0.059, ▁hãng: 0.0046, ▁chị: 0.8731, ▁mua: 0.0212, ▁nữa: 0.0746, ,: 0.0816, ▁để: 0.0836, ▁dành: 0.0061, ▁x: 0.0341, à: 0.0328, i: 0.0268, ▁tiếp: 0.0159, ▁em: 0.0689, ▁: 0.0815, <unk>: 0.0582, </s>: 0.0354",1.2704,12.1539
4264,"Ngày Elpraire, bỉm đêm lomoms nka ạk","Ngày Elprairie, bỉm đêm lomoms nha ạ","<s>: 0.0145, ▁Ngày: 0.0195, ▁El: 0.0191, pra: 0.0256, i: 10.7457, rie: 9.8492, ,: 0.1315, ▁b: 0.0929, ỉ: 0.0167, m: 0.0315, ▁đêm: 0.0117, ▁lo: 0.0106, mom: 0.4021, s: 0.0495, ▁nha: 0.0176, ▁ạ: 0.0272, </s>: 0.0656",1.2665,10.7457
736,Cj chụp ở đnang k ạk,Chị chụp ở đà nẵng không ạ,"<s>: 0.015, ▁Chị: 0.0439, ▁chụp: 0.0082, ▁ở: 0.0605, ▁đà: 7.6543, ▁n: 5.7677, ẵ: 0.1194, ng: 0.113, ▁không: 0.0527, ▁ạ: 0.0205, </s>: 0.0693",1.2659,7.6543
8459,Nhìn sâu vào mắt n m sẽ thấy zô hồn và creepy.,Nhìn sâu vào mắt nó mày sẽ thấy vô hồn và rùng rợn.,"<s>: 0.0145, ▁Nhìn: 0.0137, ▁sâu: 0.0047, ▁vào: 0.0291, ▁mắt: 0.0244, ▁nó: 0.0545, ▁mày: 0.1229, ▁sẽ: 0.0485, ▁thấy: 0.0259, ▁vô: 0.0546, ▁hồn: 0.0134, ▁và: 0.1705, ▁r: 18.8397, ùng: 1.3973, ▁r: 0.9192, ợ: 1.8402, n: 0.3144, .: 0.082, </s>: 0.0707",1.2653,18.8397
8187,Cs 1 bài nhất quyết hông tim,Có 1 bài nhất quyết không thả tim,"<s>: 0.0158, ▁Có: 0.04, ▁1: 0.0522, ▁bài: 0.0045, ▁nhất: 0.0099, ▁quyết: 0.0071, ▁không: 0.0259, ▁thả: 12.3354, ▁tim: 0.0455, </s>: 0.0865",1.2623,12.3354
991,"Vision 1 chăm , bth đổ cs 70 thui🫠","Vision 1 trăm , bình thường đổ có 70 thôi🫠","<s>: 0.016, ▁Vision: 0.0003, ▁1: 0.0444, ▁trăm: 16.2489, ▁: 0.9066, ,: 0.0702, ▁bình: 0.0333, ▁thường: 0.0167, ▁đổ: 0.0005, ▁có: 0.1413, ▁70: 0.0094, ▁thôi: 0.0535, <unk>: 0.0636, </s>: 0.0656",1.2622,16.2489
6247,"Zạ 3.5 cá, phở Gân ạk 😘","Dạ 35 cá, phở gân ạ 😘","<s>: 0.0166, ▁Dạ: 0.0355, ▁35: 10.9386, ▁cá: 0.1299, ,: 0.1016, ▁ph: 0.0394, ở: 0.0036, ▁g: 4.9273, ân: 0.0113, ▁ạ: 0.0152, ▁: 0.0503, <unk>: 0.0646, </s>: 0.0683",1.2617,10.9386
9080,Vid đâu z a?,Video đâu vậy anh?,"<s>: 0.0145, ▁Video: 8.0465, ▁đâu: 0.0413, ▁vậy: 0.2429, ▁anh: 0.2973, ?: 0.0851, </s>: 0.0757",1.2576,8.0465
8911,Bà cho t tham khảo cái set list của sibun để t mạnh dạn up zone nào 🙏,Bà cho tôi tham khảo cái set list của Soobin để tôi mạnh dạn nâng zone nào 🙏,"<s>: 0.0128, ▁Bà: 0.0481, ▁cho: 0.0349, ▁tôi: 0.1219, ▁tham: 0.0087, ▁khảo: 0.0374, ▁cái: 0.0457, ▁set: 0.0004, ▁list: 0.0108, ▁của: 0.0816, ▁Soo: 12.9464, bin: 0.3731, ▁để: 0.0357, ▁tôi: 0.1242, ▁mạnh: 0.0016, ▁dạ: 0.0057, n: 0.0296, ▁nâng: 14.3607, ▁zone: 0.4141, ▁nào: 0.0308, ▁: 0.0761, <unk>: 0.0691, </s>: 0.0474",1.2573,14.3607
1878,mong bn tin vào kảm quan và snghi tc của b. mk cug là dhs nên mk hiểu cho b nam và cả b. hơn nx ngành y mik từng tìm hiểu là ph hok rất nh trực rất nh lại còn ph ik lm nx nếu cs quên 1-2 lần thì đừng trách vội.,mong bạn tin vào cảm quan và suy nghĩ tình cảm của bạn. mình cũng là du học sinh nên mình hiểu cho bạn nam và cả bạn. hơn nữa ngành y mình từng tìm hiểu là phải học rất nhiều trực rất nhiều lại còn phải đi làm nữa nếu có quên 1-2 lần thì đừng trách vội.,"<s>: 0.014, ▁mong: 0.0162, ▁bạn: 0.0384, ▁tin: 0.0744, ▁vào: 0.0388, ▁cảm: 0.0604, ▁quan: 0.0943, ▁và: 0.0822, ▁suy: 0.105, ▁nghĩ: 0.0498, ▁tình: 0.6276, ▁cảm: 0.1666, ▁của: 0.0503, ▁bạn: 0.0248, .: 0.081, ▁mình: 0.0594, ▁cũng: 0.0597, ▁là: 0.0441, ▁du: 5.6004, ▁học: 0.0538, ▁sinh: 0.0081, ▁nên: 0.0556, ▁mình: 0.1041, ▁hiểu: 0.0078, ▁cho: 0.0443, ▁bạn: 0.0177, ▁nam: 0.01, ▁và: 0.0945, ▁cả: 0.0233, ▁bạn: 0.0345, .: 0.0678, ▁hơn: 0.0055, ▁nữa: 0.0278, ▁ngành: 0.0044, ▁y: 0.0243, ▁mình: 0.0188, ▁từng: 0.0147, ▁tìm: 0.0113, ▁hiểu: 0.0081, ▁là: 0.0823, ▁phải: 0.0047, ▁học: 0.0196, ▁rất: 0.0049, ▁nhiều: 0.0249, ▁trực: 0.0042, ▁rất: 0.1422, ▁nhiều: 0.0353, ▁lại: 0.1084, ▁còn: 0.1686, ▁phải: 0.0042, ▁đi: 0.0113, ▁làm: 0.0482, ▁nữa: 0.0163, ▁nếu: 11.759, ▁có: 5.51, ▁quên: 11.4868, ▁1-2: 9.1888, ▁lần: 3.8592, ▁thì: 4.3181, ▁đừng: 7.1035, ▁trách: 4.8892, ▁vội: 9.1048, .: 4.5473, </s>: 0.086",1.2571,11.759
5312,"trc vay c moneveo n d ọa suốt , sau t c hặn luonn , bực cả mk","trước vay con Moneveo nó dọa suốt , sau tôi chặn luôn , bực cả mình","<s>: 0.0141, ▁trước: 0.0851, ▁vay: 0.0215, ▁con: 0.1297, ▁Mon: 6.1668, eve: 0.0118, o: 0.0607, ▁nó: 0.0168, <unk>: 8.9059, ▁suốt: 0.3344, ▁: 0.0727, ,: 0.0662, ▁sau: 0.0261, ▁tôi: 0.1257, ▁chặn: 12.3482, ▁luôn: 0.0034, ▁: 0.0993, ,: 0.0648, ▁b: 0.0206, ực: 0.003, ▁cả: 0.0239, ▁mình: 0.099, </s>: 0.1137",1.2528,12.3482
8345,Zạ hãy bth ziệc em cs cmt an ủi fan oner hay keria Vì lúc guma bị chửi em cg buồn và cg nhận đk lời động viên nvay,Dạ hãy bình thường việc em có comment an ủi fan Oner hay Keria Vì lúc Guma bị chửi em cũng buồn và cũng nhận được lời động viên như vậy,"<s>: 0.015, ▁Dạ: 0.043, ▁hãy: 0.0148, ▁bình: 0.1479, ▁thường: 0.3265, ▁việc: 0.0437, ▁em: 0.0683, ▁có: 0.0828, ▁comment: 0.0796, ▁an: 0.068, ▁: 0.1121, ủ: 0.0094, i: 0.0464, ▁fan: 0.0067, ▁On: 7.7686, er: 0.0072, ▁hay: 0.0192, ▁Ke: 8.982, ria: 10.856, ▁Vì: 0.0471, ▁lúc: 0.0163, ▁Gum: 14.861, a: 5.4272, ▁bị: 0.1207, ▁ch: 0.0239, ử: 0.0121, i: 0.0194, ▁em: 0.0713, ▁cũng: 0.0543, ▁buồn: 0.0156, ▁và: 0.1025, ▁cũng: 0.0925, ▁nhận: 0.0218, ▁được: 0.0378, ▁lời: 0.0128, ▁động: 0.0236, ▁viên: 0.0127, ▁như: 0.0105, ▁vậy: 0.1743, </s>: 0.1215",1.2494,14.861
8193,Gấu Peo mùa 3 cbi up size.,Gấu Peo mùa 3 chuẩn bị nâng cỡ.,"<s>: 0.0159, ▁G: 0.0303, ấ: 0.0113, u: 0.0608, ▁Pe: 0.0482, o: 0.0699, ▁mùa: 0.0061, ▁3: 0.0369, ▁chuẩn: 0.4656, ▁bị: 0.0076, ▁nâng: 10.8626, ▁cỡ: 5.696, .: 0.1023, </s>: 0.0736",1.2491,10.8626
9110,mẹ n shipdom đã ít hơn dân số lai châu r vẫn cố bẻ cho đc dcu,mẹ nó shipdom đã ít hơn dân số Lai Châu rồi vẫn cố bẻ cho được địt cụ,"<s>: 0.0159, ▁mẹ: 0.027, ▁nó: 0.1072, ▁ship: 0.0005, dom: 0.0006, ▁đã: 0.0417, ▁ít: 0.0092, ▁hơn: 0.0313, ▁dân: 0.0096, ▁số: 0.0092, ▁Lai: 8.4652, ▁Châu: 3.0457, ▁rồi: 0.0153, ▁vẫn: 0.0251, ▁cố: 0.0056, ▁b: 0.0608, ẻ: 0.0011, ▁cho: 0.1618, ▁được: 0.0894, ▁đ: 4.6837, ị: 2.1776, t: 0.0453, ▁cụ: 10.8875, </s>: 0.0628",1.2491,10.8875
9104,thiếu ke đến v thì chju r,thiếu ke đến vậy thì chịu rồi,"<s>: 0.0155, ▁thiếu: 0.0184, ▁ke: 1.1693, ▁đến: 0.0587, ▁vậy: 0.0227, ▁thì: 0.0702, ▁chịu: 9.5479, ▁rồi: 0.2186, </s>: 0.0959",1.2464,9.5479
8556,"Nhân quả sẽ đến, quả thói trên cây sẽ tự rụng.","Nhân quả sẽ đến, quả thối trên cây sẽ tự rụng.","<s>: 0.0141, ▁Nhân: 0.0017, ▁quả: 0.0053, ▁sẽ: 0.045, ▁đến: 0.0174, ,: 0.0653, ▁quả: 0.0095, ▁th: 15.5315, ối: 3.9091, ▁trên: 0.0395, ▁cây: 0.0222, ▁sẽ: 0.044, ▁tự: 0.0631, ▁rụng: 0.0036, .: 0.0939, </s>: 0.0763",1.2463,15.5315
1295,11ruoi đêm lun đók,11rưỡi đêm luôn đó,"<s>: 0.0171, ▁11: 0.0096, r: 9.2351, ư: 2.7974, ỡ: 0.1219, i: 0.1033, ▁đêm: 0.0102, ▁luôn: 0.047, ▁đó: 0.0215, </s>: 0.0636",1.2427,9.2351
8234,hữu duyên gặp dhs thấy cả yt cả fb=))),hữu duyên gặp đéo hiểu sao thấy cả YouTube cả Facebook=))),"<s>: 0.0153, ▁hữu: 0.0009, ▁du: 0.0065, yên: 0.0112, ▁gặp: 0.0092, ▁đ: 8.194, é: 0.1514, o: 0.0319, ▁hiểu: 0.1131, ▁sao: 0.0718, ▁thấy: 0.0123, ▁cả: 0.0364, ▁YouTube: 10.8564, ▁cả: 0.523, ▁Facebook: 2.2377, =: 0.0051, ))): 0.0221, </s>: 0.0683",1.2426,10.8564
7023,"Cô xem nhẹ nhàng, ko doạ hay bắt lm lễ j, phí tuỳ tâm","Cô xem nhẹ nhàng, không dọa hay bắt làm lễ gì, phí tùy tâm","<s>: 0.0133, ▁Cô: 0.0209, ▁xem: 0.0158, ▁nhẹ: 0.0056, ▁nhàng: 0.0156, ,: 0.1049, ▁không: 0.0697, <unk>: 9.1493, ▁hay: 0.0593, ▁bắt: 0.0043, ▁làm: 0.0354, ▁lễ: 0.0057, ▁gì: 0.0319, ,: 0.1342, ▁phí: 0.0082, <unk>: 9.9654, ▁tâm: 2.605, </s>: 0.0709",1.2397,9.9654
6786,Giá tuỳ tâm nên nhen.,Giá tùy tâm nên nhen.,"<s>: 0.0155, ▁Giá: 0.035, <unk>: 9.3743, ▁tâm: 1.3519, ▁nên: 0.0525, ▁nh: 0.1136, en: 0.0154, .: 0.1082, </s>: 0.0883",1.2394,9.3743
4289,"bản chất cộng đồng valorant là 1 cộng đồng game FPS nên là ko cs chỗ cho các mẹ bỉm đâu, dù valo ít toxic hơn cs","bản chất cộng đồng Valorant là 1 cộng đồng game FPS nên là không có chỗ cho các mẹ bỉm đâu, dù Valorant ít toxic hơn CS:GO","<s>: 0.0139, ▁bản: 0.0122, ▁chất: 0.0367, ▁cộng: 0.0022, ▁đồng: 0.0148, ▁Valor: 8.8989, ant: 0.0015, ▁là: 0.04, ▁1: 0.1266, ▁cộng: 0.0017, ▁đồng: 0.0089, ▁game: 0.0173, ▁FPS: 0.0013, ▁nên: 0.0433, ▁là: 0.0854, ▁không: 0.1238, ▁có: 0.0825, ▁chỗ: 0.0081, ▁cho: 0.0632, ▁các: 0.0917, ▁mẹ: 0.0077, ▁b: 0.079, ỉ: 0.0278, m: 0.0354, ▁đâu: 0.0251, ,: 0.1373, ▁dù: 0.0267, ▁Valor: 9.8869, ant: 0.8035, ▁ít: 0.0137, ▁: 1.0842, toxic: 0.0, ▁hơn: 0.0596, ▁CS: 11.1585, :: 4.509, GO: 8.1023, </s>: 0.2132",1.239,11.1585
1831,Cs partime kh ạ,Có part-time không ạ,"<s>: 0.0159, ▁Có: 0.0459, ▁part: 7.3773, -: 2.1465, time: 0.1698, ▁không: 0.0445, ▁ạ: 0.0211, </s>: 0.0768",1.2372,7.3773
8290,đã đến vs nhau rùi nhen hêhhehe,đã đến với nhau rồi nhen hê hế,"<s>: 0.0146, ▁đã: 0.1032, ▁đến: 0.0473, ▁với: 0.0845, ▁nhau: 0.0159, ▁rồi: 0.0433, ▁nh: 0.3811, en: 0.0223, ▁hê: 0.1167, ▁: 8.5672, hế: 5.2677, </s>: 0.1542",1.2348,8.5672
6518,Này đúng ra Hr p lm r gửi cho nld chứ 😅,Này đúng ra HR phải làm rồi gửi cho người lao động chứ 😅,"<s>: 0.0156, ▁: 0.0817, Này: 0.0027, ▁đúng: 0.0122, ▁ra: 0.0117, ▁HR: 8.7613, ▁phải: 0.0231, ▁làm: 0.0603, ▁rồi: 0.0208, ▁gửi: 0.0099, ▁cho: 0.1607, ▁người: 4.6061, ▁la: 8.4633, o: 0.9962, ▁động: 0.0368, ▁chứ: 0.0285, ▁: 0.0656, <unk>: 0.0433, </s>: 0.0567",1.2346,8.7613
5760,Bệnh viện mik tuyển dc HCNS r ạk.,Bệnh viện mình tuyển được Hành chính nhân sự rồi ạ.,"<s>: 0.0133, ▁Bệnh: 0.0674, ▁viện: 0.037, ▁mình: 0.0265, ▁tuyển: 0.0128, ▁được: 0.0684, ▁Hành: 8.8058, ▁chính: 1.8102, ▁nhân: 4.3194, ▁sự: 1.9042, ▁rồi: 0.0323, ▁ạ: 0.0152, .: 0.0775, </s>: 0.0675",1.2327,8.8058
5118,"Cầm quyền đảng cs lm ziệc qa yếu kém, đưa đất nc tới đg cùng","Cầm quyền Đảng Cộng sản làm việc quá yếu kém, đưa đất nước tới đường cùng","<s>: 0.0141, ▁C: 0.0492, ầ: 0.0047, m: 0.018, ▁quyền: 0.0102, ▁Đảng: 5.2608, ▁Cộng: 11.8491, ▁sản: 3.7133, ▁làm: 4.5005, ▁việc: 0.0354, ▁quá: 0.0053, ▁yếu: 0.0036, ▁kém: 0.0045, ,: 0.0848, ▁đưa: 0.0022, ▁đất: 0.0106, ▁nước: 0.0499, ▁tới: 0.0384, ▁đường: 0.1345, ▁cùng: 0.0174, </s>: 0.0742",1.2324,11.8491
2680,Mời ng về nhà dạy.,- Mời người về nhà dạy.,"<s>: 0.0147, ▁-: 11.8488, ▁M: 0.1049, ời: 0.0028, ▁người: 0.1068, ▁về: 0.0453, ▁nhà: 0.0441, ▁dạy: 0.0026, .: 0.0935, </s>: 0.0605",1.2324,11.8488
3570,book bàn trc qua đây đk k bn?,đặt bàn trước qua đây được không bạn?,"<s>: 0.0139, ▁đặt: 12.9993, ▁bàn: 0.0104, ▁trước: 0.0466, ▁qua: 0.0783, ▁đây: 0.0495, ▁được: 0.0281, ▁không: 0.0877, ▁bạn: 0.0578, ?: 0.0895, </s>: 0.0827",1.2313,12.9993
3115,"uiii ảnh mặp lên đúng hăm, cặp má kìa iu qá ik mấtttt","ui ảnh mập lên đúng không, cặp má kìa yêu quá đi mất","<s>: 0.0155, ▁u: 0.049, i: 0.0255, ▁ảnh: 4.1887, ▁m: 0.1844, ập: 10.8458, ▁lên: 1.9887, ▁đúng: 0.0067, ▁không: 3.6672, ,: 0.1063, ▁cặp: 0.0114, ▁má: 0.0031, ▁kì: 0.0165, a: 0.017, ▁yêu: 0.0379, ▁quá: 0.041, ▁đi: 0.0224, ▁mất: 0.003, </s>: 2.1449",1.2303,10.8458
7197,Fibi ph dùng ht gaihome ch ht🤣.,Freebie phải dùng hết gaihome chưa hết🤣.,"<s>: 0.0137, ▁Free: 10.7908, bie: 4.6934, ▁phải: 0.029, ▁dùng: 0.0206, ▁hết: 0.0049, ▁gai: 0.0016, home: 0.001, ▁chưa: 0.0597, ▁hết: 0.0233, <unk>: 0.1621, .: 0.1044, </s>: 0.0693",1.2288,10.7908
6524,Chắc xin 1 sì lot dô cty bn lm q.,Chắc xin 1 slot vô công ty bạn làm quá.,"<s>: 0.0147, ▁C: 0.0944, hắc: 0.003, ▁xin: 0.0149, ▁1: 0.0337, ▁slot: 7.2268, ▁vô: 4.7527, ▁công: 4.5712, ▁ty: 0.0824, ▁bạn: 0.0232, ▁làm: 0.0386, ▁quá: 0.1694, .: 0.0797, </s>: 0.0624",1.2262,7.2268
6313,nên tìm cho chú 1 c.v bv ở BHX hoặc các cửa hàng j đók cho khoẻ vị trí cố định cs chỗ mát chú cs tuổi r,nên tìm cho chú 1 công việc bảo vệ ở Bách Hóa Xanh hoặc các cửa hàng gì đó cho khỏe vị trí cố định có chỗ mát chú có tuổi rồi,"<s>: 0.0134, ▁nên: 0.0389, ▁tìm: 0.0313, ▁cho: 0.0314, ▁chú: 0.0128, ▁1: 0.1037, ▁công: 1.4824, ▁việc: 0.1506, ▁bảo: 4.9856, ▁vệ: 0.6024, ▁ở: 0.2146, ▁B: 1.7515, ách: 0.721, <unk>: 10.1771, ▁Xan: 12.1952, h: 0.0207, ▁hoặc: 0.0176, ▁các: 0.0385, ▁cửa: 0.0035, ▁hàng: 0.0163, ▁gì: 0.0106, ▁đó: 0.03, ▁cho: 0.0323, <unk>: 11.01, ▁vị: 0.0414, ▁trí: 0.0223, ▁cố: 0.0023, ▁định: 0.0145, ▁có: 0.1445, ▁chỗ: 0.0248, ▁mát: 0.0029, ▁chú: 0.0119, ▁có: 0.0835, ▁tuổi: 0.0084, ▁rồi: 0.0348, </s>: 0.0559",1.2261,12.1952
8992,Oii tr cái góc này🫣,Ôi trời cái góc này 🫣,"<s>: 0.0157, ▁Ô: 1.6305, i: 0.1246, ▁trời: 0.0062, ▁cái: 0.0156, ▁góc: 0.0014, ▁này: 0.0217, ▁: 8.6067, <unk>: 1.756, </s>: 0.0779",1.2256,8.6067
6545,E xin jb vs ạk,Em xin job với ạ,"<s>: 0.0154, ▁Em: 0.1281, ▁xin: 0.0251, ▁job: 8.2326, ▁với: 0.0731, ▁ạ: 0.0156, </s>: 0.0888",1.2255,8.2326
6339,còn cty đồ thì nếu cs cv vận động ik lại nhẹ nhà trg toà nhà thì đỡ chứ ngồi ngoài nắng nhanh mệt sinh bệnh lắm.,còn công ty đồ thì nếu có công việc vận động đi lại nhẹ nhàng trong tòa nhà thì đỡ chứ ngồi ngoài nắng nhanh mệt sinh bệnh lắm.,"<s>: 0.0129, ▁còn: 0.0577, ▁công: 0.0677, ▁ty: 0.0745, ▁đồ: 0.0059, ▁thì: 0.0825, ▁nếu: 0.0548, ▁có: 0.0548, ▁công: 0.0206, ▁việc: 0.2294, ▁vận: 0.0042, ▁động: 0.0155, ▁đi: 0.0501, ▁lại: 0.013, ▁nhẹ: 0.0021, ▁nhàng: 9.8515, ▁trong: 6.7411, <unk>: 6.7303, ▁nhà: 6.7197, ▁thì: 7.8317, ▁đỡ: 0.0028, ▁chứ: 0.0065, ▁ngồi: 0.0036, ▁ngoài: 0.1235, ▁nắng: 0.0029, ▁nhanh: 0.0046, ▁mệt: 0.0119, ▁sinh: 0.0678, ▁bệnh: 0.0192, ▁lắm: 0.0095, .: 0.1025, </s>: 0.0586",1.2198,9.8515
3658,Hẹ hẹ tks pà iu,Hẹ hẹ thanks bà yêu,"<s>: 0.0182, ▁H: 0.1918, ẹ: 0.0697, ▁h: 0.0645, ẹ: 0.0682, ▁thanks: 9.4599, ▁bà: 0.8192, ▁yêu: 0.1907, </s>: 0.0798",1.218,9.4599
8418,lỡ cs zề thì n cx sẵn sàng lên tiếng chửi nc mih vì nuóc n thui chứ cs bênh đây màk shaooo lắm đứa bênh tụi idol Tung dzữ,lỡ có gì thì nó cũng sẵn sàng lên tiếng chửi nước mình vì nước nó thôi chứ có bênh đâu mà sao lắm đứa bênh tụi idol Trung dữ,"<s>: 0.0132, ▁l: 0.1083, ỡ: 0.0107, ▁có: 0.074, ▁gì: 0.029, ▁thì: 0.0969, ▁nó: 0.0214, ▁cũng: 0.1194, ▁sẵn: 0.002, ▁sàng: 0.0156, ▁lên: 0.0259, ▁tiếng: 0.0389, ▁ch: 0.0245, ử: 0.0107, i: 0.0202, ▁nước: 0.3718, ▁mình: 0.0517, ▁vì: 0.0264, ▁nước: 9.8649, ▁nó: 0.0718, ▁thôi: 0.0209, ▁chứ: 0.0045, ▁có: 0.0767, ▁bên: 0.0156, h: 0.0363, ▁đâu: 9.1802, ▁mà: 0.0735, ▁sao: 0.0017, ▁lắm: 0.0088, ▁đứa: 0.0133, ▁bên: 0.012, h: 0.0308, ▁tụ: 0.0078, i: 0.05, ▁idol: 0.0015, ▁Trung: 15.6708, ▁dữ: 9.9815, </s>: 0.0797",1.2174,15.6708
4660,[FLYER - Cau Giay] Tuyển dụng Intern - CTV 🎓 Halo cả nhà,[FLYER - Cau Giay] Tuyển dụng Intern - Cộng tác viên 🎓 Hello cả nhà,"<s>: 0.0149, ▁[: 0.0255, FL: 0.0002, YER: 0.0007, ▁-: 0.031, ▁Cau: 0.0012, ▁Gia: 0.0003, y: 0.0171, ]: 0.0621, ▁Tuyển: 0.0234, ▁dụng: 0.0498, ▁Inter: 0.0031, n: 0.0626, ▁-: 0.0501, ▁Cộng: 5.8074, ▁tác: 5.7972, ▁viên: 0.0199, ▁: 1.3522, <unk>: 0.0255, ▁Hello: 14.5204, ▁cả: 0.073, ▁nhà: 0.0226, </s>: 0.0382",1.2173,14.5204
5537,inbox mik hỗ trợ gom nợ vay bank lãi suất thấp kì bn dài nhee zalo: 0931132206 nek,inbox mình hỗ trợ gom nợ vay bank lãi suất thấp kỳ hạn dài nhé Zalo: 0931132206 nè,"<s>: 0.0141, ▁in: 0.0671, box: 0.0016, ▁mình: 0.0128, ▁hỗ: 0.0092, ▁trợ: 0.0606, ▁go: 0.0029, m: 0.0451, ▁nợ: 0.0051, ▁vay: 0.0068, ▁bank: 0.0254, ▁lãi: 0.0091, ▁suất: 0.0156, ▁thấp: 0.011, ▁kỳ: 1.3843, ▁hạn: 12.6067, ▁dài: 7.071, ▁nhé: 2.1348, ▁Za: 4.4592, lo: 0.0106, :: 0.0787, ▁09: 0.0009, 31: 0.0079, 132: 0.036, 206: 0.004, ▁nè: 4.6439, </s>: 0.1157",1.2163,12.6067
7073,đat lich ntn as b?,đặt lịch như thế nào á bạn?,"<s>: 0.0147, ▁đặt: 9.5206, ▁lịch: 1.9617, ▁như: 0.1836, ▁thế: 0.0308, ▁nào: 0.0406, ▁á: 0.1876, ▁bạn: 0.0596, ?: 0.0885, </s>: 0.0675",1.2155,9.5206
7717,Mak ôg R vẫn đánh game ngol lành từ quen bã lâu đến h r. Thì cũg thấy zề tranh cãi =))) còn ziệc như b gái (chưa cf ckhai) như của C ms tranh cãi đạo đức,Mà ông Ruler vẫn đánh game ngon lành từ quen bả lâu đến giờ rồi. Thì cũng thấy gì tranh cãi =))) còn việc như bạn gái (chưa confirm công khai) như của Chovy mới tranh cãi đạo đức,"<s>: 0.0131, ▁Mà: 0.0433, ▁ông: 0.0285, ▁Ru: 11.3719, ler: 13.2163, ▁vẫn: 0.0342, ▁đánh: 0.0057, ▁game: 0.0085, ▁ngon: 0.0274, ▁lành: 0.0004, ▁từ: 0.0305, ▁quen: 0.0028, ▁b: 0.0343, ả: 7.9436, ▁lâu: 0.0282, ▁đến: 0.0329, ▁giờ: 0.0282, ▁rồi: 0.0621, .: 0.0441, ▁T: 0.0327, hì: 0.0123, ▁cũng: 0.0147, ▁thấy: 0.0227, ▁gì: 0.1878, ▁tranh: 0.0065, ▁cãi: 0.0008, ▁=: 0.0244, ))): 0.0041, ▁còn: 0.0294, ▁việc: 0.0314, ▁như: 0.0299, ▁bạn: 0.0315, ▁gái: 0.0055, ▁(: 0.1038, ch: 0.0101, ư: 0.0097, a: 0.0104, ▁confirm: 10.6511, ▁công: 0.3587, ▁khai: 0.0365, ): 0.0497, ▁như: 0.0167, ▁của: 0.0539, ▁Cho: 8.5362, vy: 7.9715, ▁mới: 0.5666, ▁tranh: 0.0064, ▁cãi: 0.0007, ▁đạo: 0.0155, ▁đức: 0.011, </s>: 0.0674",1.2131,13.2163
3394,Đẻ đứa nx ik chứ.,- Đẻ đứa nữa đi chứ.,"<s>: 0.0157, ▁-: 11.7568, ▁Đ: 0.0844, ẻ: 0.0044, ▁đứa: 0.0096, ▁nữa: 0.0596, ▁đi: 0.027, ▁chứ: 0.0078, .: 0.1057, </s>: 0.0595",1.213,11.7568
2436,Cho t đổi qua bn nam châm vs lỡ bấm lộn hdammechong ròiiiii:)),Cho tôi đổi qua bạn nam châm với lỡ bấm lộn hiếp dâm mẹ chồng rồi:)),"<s>: 0.0146, ▁Cho: 0.0325, ▁tôi: 0.1728, ▁đổi: 0.0051, ▁qua: 0.0399, ▁bạn: 0.055, ▁nam: 0.0039, ▁châ: 0.0002, m: 0.0106, ▁với: 0.0431, ▁l: 0.0454, ỡ: 0.0184, ▁b: 0.1109, ấ: 0.0128, m: 0.0275, ▁lộ: 0.0006, n: 0.0208, ▁: 10.6114, hiếp: 7.5397, ▁dâm: 1.2669, ▁mẹ: 8.0285, ▁chồng: 0.0897, ▁rồi: 0.1019, :)): 1.9708, </s>: 0.0632",1.2115,10.6114
8231,trc gặp câu chuyện của c trên phở bò nhma che id lm em ph tìm mãi ms ra acc để đọc chuyện tình này hhh đág yêu vccc🙈,trước gặp câu chuyện của chị trên Facebook nhưng mà che ID làm em phải tìm mãi mới ra account để đọc chuyện tình này hihi đáng yêu vãi cả chưởng🙈,"<s>: 0.0145, ▁trước: 0.0801, ▁gặp: 0.0284, ▁câu: 0.0133, ▁chuyện: 0.017, ▁của: 0.124, ▁chị: 0.93, ▁trên: 0.0402, ▁Facebook: 13.6065, ▁nhưng: 0.055, ▁mà: 0.0879, ▁che: 0.0043, ▁ID: 4.9646, ▁làm: 0.0609, ▁em: 0.1156, ▁phải: 0.0134, ▁tìm: 0.012, ▁mãi: 0.0099, ▁mới: 0.0074, ▁ra: 0.0163, ▁account: 9.3442, ▁để: 0.1049, ▁đọc: 0.0174, ▁chuyện: 0.014, ▁tình: 0.0256, ▁này: 0.081, ▁hihi: 6.0949, ▁đáng: 0.0016, ▁yêu: 0.0281, ▁v: 4.5564, ã: 0.4431, i: 0.0239, ▁cả: 1.3853, ▁ch: 2.2851, ưởng: 0.04, <unk>: 0.0989, </s>: 0.0601",1.211,13.6065
8852,"ik ạk, ik date 1 mk nhg ở đók cs cả netflix, ps5 nx hay lắm as","Đi ạ, đi date một mình nhưng ở đó có cả Netflix, PS5 nữa hay lắm á","<s>: 0.014, ▁Đi: 5.7464, ▁ạ: 0.038, ,: 0.0728, ▁đi: 0.0569, ▁date: 0.0011, ▁một: 3.4264, ▁mình: 0.0304, ▁nhưng: 0.0736, ▁ở: 0.0672, ▁đó: 0.0613, ▁có: 0.1283, ▁cả: 0.0537, ▁Netflix: 11.5744, ,: 0.0563, ▁PS: 4.96, 5: 0.0846, ▁nữa: 0.0802, ▁hay: 0.0091, ▁lắm: 0.0063, ▁á: 0.0187, </s>: 0.0663",1.2103,11.5744
8170,mng gia nhập cộng đồng hây cn yêu thw 2 em yuha ian nhé,mọi người gia nhập cộng đồng hây con yêu thương hai em Yuha Ian nhé,"<s>: 0.0149, ▁mọi: 0.0631, ▁người: 0.0722, ▁gia: 0.0242, ▁nhập: 0.0214, ▁cộng: 0.007, ▁đồng: 0.0228, ▁hâ: 0.0028, y: 0.0322, ▁con: 0.3442, ▁yêu: 0.0326, ▁thương: 0.0372, ▁hai: 3.7331, ▁em: 0.0462, ▁Yu: 7.5551, ha: 0.0727, ▁Ian: 10.815, ▁nhé: 0.0131, </s>: 0.0819",1.2101,10.815
661,Ph kể nh hơn ms nx đc chứ.,Phải kể nhiều hơn mới nhận xét được chứ.,"<s>: 0.0154, ▁Phải: 0.0027, ▁kể: 0.0044, ▁nhiều: 0.0474, ▁hơn: 0.0217, ▁mới: 0.0127, ▁nhận: 9.8455, ▁xét: 4.2276, ▁được: 0.1367, ▁chứ: 0.0091, .: 0.1091, </s>: 0.0769",1.2091,9.8455
4110,nhìn pro file đ cs tấm nào là tự chụp =)),nhìn profile đéo có tấm nào là tự chụp =)),"<s>: 0.0142, ▁nhìn: 0.0167, ▁profile: 15.8349, ▁đ: 1.197, é: 0.6479, o: 0.0201, ▁có: 0.097, ▁tấm: 0.0122, ▁nào: 0.0276, ▁là: 0.0588, ▁tự: 0.0843, ▁chụp: 0.0036, ▁=): 0.0019, ): 0.0449, </s>: 0.0703",1.2088,15.8349
2030,hôy t bóc đc mò 👉🏻👈🏻,thôi tôi bóc được mà 👉🏻👈🏻,"<s>: 0.0153, ▁thôi: 6.6666, ▁tôi: 0.247, ▁bó: 0.0011, c: 0.0278, ▁được: 0.126, ▁mà: 7.9651, ▁: 0.0716, <unk>: 0.0447, <unk>: 0.0562, <unk>: 0.0555, <unk>: 0.319, </s>: 0.1131",1.2084,7.9651
1954,Sốp ra giá nayd thì sốp nào đỡ dk,Shop ra giá này thì shop nào đỡ được,"<s>: 0.0146, ▁Shop: 0.1889, ▁ra: 0.0716, ▁giá: 0.0232, ▁này: 8.5051, ▁thì: 0.0497, ▁shop: 0.2475, ▁nào: 0.0269, ▁đỡ: 0.0043, ▁được: 1.6756, </s>: 2.4491",1.2051,8.5051
3601,list cf cho bác nào sắp Nam tiến nhé =)))),danh sách cà phê cho bác nào sắp Nam tiến nhé =)))),"<s>: 0.0144, ▁danh: 10.192, ▁sách: 5.9518, ▁cà: 1.6396, ▁phê: 0.0073, ▁cho: 0.0322, ▁bác: 0.0206, ▁nào: 0.0211, ▁sắp: 0.0097, ▁Nam: 0.0113, ▁tiến: 0.0013, ▁nhé: 0.0391, ▁=: 0.0207, <unk>: 0.0383, </s>: 0.0744",1.2049,10.192
1090,Ủa tôi tưởng ik xe nhà V k tốn tiền xăng??,Ủa tôi tưởng đi xe nhà Vinfast không tốn tiền xăng??,"<s>: 0.0155, ▁: 0.0983, Ủ: 0.0059, a: 0.0423, ▁tôi: 0.0403, ▁tưởng: 0.0065, ▁đi: 0.0268, ▁xe: 0.0166, ▁nhà: 0.0426, ▁Vin: 8.7773, fast: 12.2778, ▁không: 0.1072, ▁tố: 0.0116, n: 0.0187, ▁tiền: 0.0168, ▁xăng: 0.0014, <unk>: 0.0945, </s>: 0.0607",1.2034,12.2778
1371,mingyu mảng nào v b..,Mingyu mảng nào vậy bạn..,"<s>: 0.0151, ▁M: 8.5743, ing: 5.2182, yu: 0.2013, ▁m: 0.1131, ảng: 0.0189, ▁nào: 0.0242, ▁vậy: 0.0082, ▁bạn: 0.062, .: 0.0775, .: 0.0508, </s>: 0.0748",1.2032,8.5743
5830,Đọc muốn ik lm luền,Đọc muốn đi làm liền,"<s>: 0.0148, ▁Đọc: 0.0159, ▁muốn: 0.0244, ▁đi: 0.0733, ▁làm: 0.0431, ▁liền: 8.1525, </s>: 0.0849",1.2013,8.1525
8323,AS đù ôg shipper spx phát hiện t gửi hàng bên vtp rùi 🥲 Chuyện là ng nhà t mang đơn ra cho ổng lấy,A đù ông shipper Shopee Express phát hiện tôi gửi hàng bên Viettel Post rồi 🥲 Chuyện là người nhà tôi mang đơn ra cho ổng lấy,"<s>: 0.0138, ▁A: 6.2201, ▁đ: 0.3976, ù: 0.0053, ▁ông: 0.0183, ▁shi: 0.0035, pper: 0.0032, ▁Shop: 7.059, ee: 5.8819, ▁Express: 9.6448, ▁phát: 0.7922, ▁hiện: 0.0745, ▁tôi: 0.2496, ▁gửi: 0.0042, ▁hàng: 0.02, ▁bên: 0.0252, ▁Vi: 6.4634, ettel: 1.5065, ▁Post: 2.5557, ▁rồi: 0.3127, ▁: 0.0397, <unk>: 0.1042, ▁Chuyện: 0.0149, ▁là: 0.0364, ▁người: 0.0477, ▁nhà: 0.0466, ▁tôi: 0.0791, ▁mang: 0.006, ▁đơn: 0.0043, ▁ra: 0.0719, ▁cho: 0.0288, ▁ổn: 0.1273, g: 0.0859, ▁lấy: 0.0071, </s>: 0.0827",1.201,9.6448
6645,Em xin JD vị trí Ecom executive và Digital mkt vs ạk,Em xin JD vị trí E-commerce executive và Digital marketing với ạ,"<s>: 0.0153, ▁Em: 0.0563, ▁xin: 0.0231, ▁: 0.1595, JD: 0.0003, ▁vị: 0.0128, ▁trí: 0.0401, ▁E: 0.0839, -: 12.7792, commerce: 6.872, ▁executive: 0.0086, ▁và: 0.0657, ▁Digital: 0.0139, ▁marketing: 0.1372, ▁với: 0.0386, ▁ạ: 0.0158, </s>: 0.0709",1.1996,12.7792
4295,cộng đồng Val này bthan ng xem cg nh ng chs game vì cs chs xem ms hiểu z nên n đỡ bị dở hơi như bên LOL,cộng đồng Valorant này bản thân người xem cũng nhiều người chơi game vì có chơi xem mới hiểu thế nên nó đỡ bị dở hơi như bên LoL,"<s>: 0.0147, ▁cộng: 0.0043, ▁đồng: 0.0148, ▁Valor: 9.8308, ant: 11.1526, ▁này: 0.0188, ▁bản: 0.264, ▁thân: 0.0058, ▁người: 0.0382, ▁xem: 0.0172, ▁cũng: 0.0299, ▁nhiều: 0.0397, ▁người: 0.0297, ▁chơi: 0.0078, ▁game: 0.0249, ▁vì: 0.0435, ▁có: 0.04, ▁chơi: 0.0382, ▁xem: 0.0285, ▁mới: 0.0222, ▁hiểu: 0.0127, ▁thế: 0.3857, ▁nên: 0.061, ▁nó: 0.0246, ▁đỡ: 0.0053, ▁bị: 0.0456, ▁d: 0.0442, ở: 0.002, ▁hơi: 0.0002, ▁như: 0.0681, ▁bên: 0.0194, ▁Lo: 16.3495, L: 1.9032, </s>: 0.1844",1.1992,16.3495
6205,KCN6 Nhơn Trạch Ko xe đưa rước mghen,Khu công nghiệp 6 Nhơn Trạch Không xe đưa rước nghen,"<s>: 0.0145, ▁Khu: 2.8398, ▁công: 1.2427, ▁nghiệp: 0.153, ▁6: 1.0596, ▁N: 0.0259, hơ: 0.0047, n: 0.0565, ▁Tr: 0.0195, ạch: 0.0021, ▁Không: 0.1365, ▁xe: 0.0399, ▁đưa: 0.0032, ▁r: 0.0903, ước: 0.0012, ▁nghe: 14.7882, n: 1.0209, </s>: 0.0802",1.1988,14.7882
8168,Dm lậy bố cười toác lz😭,Địt mẹ lạy bố cười toác lồn😭,"<s>: 0.0171, ▁Đ: 0.4114, ị: 0.0513, t: 0.0216, ▁mẹ: 0.025, ▁lạ: 8.7497, y: 6.6096, ▁bố: 0.032, ▁cười: 0.0108, ▁to: 0.0673, ác: 0.0008, ▁lồ: 1.4768, n: 0.0399, <unk>: 0.3772, </s>: 0.0832",1.1982,8.7497
7746,Đúng mak k cần xem thì xưa h t cung lam y hệt v nh khi còn kín hơn nx 🤣 nhx ng co nội lực mạnh hiểu mìnk muốn j cần j sẽ y hệt nz k bao h chia sẽ nhg viêc cá nhân vs ng khác đời này luc khổ thi ng khac chê cười luc vinh quang thi họ ghen ghét,Đúng mà không cần xem thì xưa giờ tôi cũng làm y hệt vậy nhiều khi còn kín hơn nữa 🤣 những người có nội lực mạnh hiểu mình muốn gì cần gì sẽ y hệt như vậy không bao giờ chia sẻ những việc cá nhân với người khác đời này lúc khổ thì người khác chê cười lúc vinh quang thì họ ghen ghét,"<s>: 0.0132, ▁Đ: 0.055, ú: 0.0427, ng: 0.0261, ▁mà: 0.0558, ▁không: 0.0712, ▁cần: 0.0176, ▁xem: 0.0085, ▁thì: 0.0539, ▁xưa: 0.0024, ▁giờ: 0.0282, ▁tôi: 0.1356, ▁cũng: 9.0873, ▁làm: 0.4766, ▁y: 0.0095, ▁hệ: 0.0228, t: 0.0282, ▁vậy: 0.0699, ▁nhiều: 0.0206, ▁khi: 0.0393, ▁còn: 0.018, ▁kín: 0.0006, ▁hơn: 0.0327, ▁nữa: 0.0348, ▁: 0.0577, <unk>: 0.0885, ▁những: 0.1694, ▁người: 0.0392, ▁có: 0.6957, ▁nội: 0.0048, ▁lực: 0.0097, ▁mạnh: 0.0065, ▁hiểu: 0.0068, ▁mình: 0.0449, ▁muốn: 0.017, ▁gì: 0.0212, ▁cần: 0.0431, ▁gì: 0.0157, ▁sẽ: 0.024, ▁y: 0.0165, ▁hệ: 0.0152, t: 0.0282, ▁như: 1.4617, ▁vậy: 1.5373, ▁không: 0.9801, ▁bao: 0.009, ▁giờ: 0.0073, ▁chia: 0.0042, ▁sẻ: 3.6911, ▁những: 7.3798, ▁việc: 1.6736, ▁cá: 0.0343, ▁nhân: 0.0439, ▁với: 0.0309, ▁người: 0.0383, ▁khác: 0.0081, ▁đời: 12.6643, ▁này: 5.271, ▁lúc: 10.4236, ▁khổ: 10.1912, ▁thì: 3.973, ▁người: 4.4654, ▁khác: 0.5133, </s>: 0.5789",1.1974,12.6643
9047,Nạp lần đầu lên hẳn vip 10,Nạp lần đầu lên hẳn VIP 10,"<s>: 0.0174, ▁N: 0.03, ạp: 0.0067, ▁lần: 0.0419, ▁đầu: 0.0558, ▁lên: 0.0197, ▁hẳn: 0.0021, ▁VIP: 11.7341, ▁10: 0.0055, </s>: 0.0568",1.197,11.7341
8291,Ui thề t đọc xog nhìn lên acc t b cười vl,Ui thề tôi đọc xong nhìn lên account tôi buồn cười vãi lồn,"<s>: 0.0173, ▁U: 0.0588, i: 0.0525, ▁th: 0.0961, ề: 0.0097, ▁tôi: 0.1801, ▁đọc: 0.0069, ▁xong: 0.0027, ▁nhìn: 0.0056, ▁lên: 0.0457, ▁account: 9.274, ▁tôi: 0.1244, ▁buồn: 8.3819, ▁cười: 4.106, ▁v: 0.012, ã: 1.2747, i: 0.0597, ▁lồ: 0.0616, n: 0.0632, </s>: 0.0732",1.1953,9.274
8613,Duma lm nhớ cái zụ chn đồn ah F cs vk cs c năm ngoái😀😀,Địt mẹ làm nhớ cái vụ chúng nó đồn anh Faker có vợ có con năm ngoái 😀😀,"<s>: 0.0157, ▁Đ: 4.648, ị: 0.3419, t: 0.0168, ▁mẹ: 0.107, ▁làm: 1.741, ▁nhớ: 0.1137, ▁cái: 0.0449, ▁vụ: 0.0681, ▁chúng: 5.0825, ▁nó: 0.2025, ▁đồ: 0.005, n: 0.031, ▁anh: 0.0655, ▁Fa: 8.487, ker: 8.5087, ▁có: 0.04, ▁vợ: 0.0063, ▁có: 0.0567, ▁con: 0.0355, ▁năm: 0.0177, ▁ngoái: 0.036, <unk>: 0.1283, <unk>: 0.0461, </s>: 0.0332",1.1952,8.5087
5111,Em cần vay pk,Em cần vay phải không,"<s>: 0.0153, ▁Em: 0.0646, ▁cần: 0.0428, ▁vay: 0.0059, ▁phải: 7.4908, ▁không: 0.5933, </s>: 0.1471",1.1943,7.4908
2513,Qtam sức khoẻ thì món này,Quan tâm sức khỏe thì món này,"<s>: 0.017, ▁Quan: 0.2475, ▁tâm: 0.7043, ▁sức: 0.0089, <unk>: 9.3582, ▁thì: 0.2589, ▁món: 0.0089, ▁này: 0.0372, </s>: 0.0857",1.1918,9.3582
8542,nhg tht sự là t bị mồ côi bn thảm chí để ngkh ko dị nghị mak t đã tạo một acc colone để nc vs mk 🥹🤌,nhưng thật sự là tôi bị mồ côi bạn thậm chí để người khác không dị nghị mà tôi đã tạo một account clone để nói chuyện với mình 🥹🤌,"<s>: 0.0133, ▁nhưng: 0.0605, ▁thật: 0.0366, ▁sự: 0.094, ▁là: 0.0756, ▁tôi: 0.1218, ▁bị: 0.0712, ▁mồ: 0.0003, ▁cô: 0.084, i: 0.0526, ▁bạn: 0.0578, ▁thậm: 11.4962, ▁chí: 0.0006, ▁để: 0.1399, ▁người: 0.1362, ▁khác: 0.0581, ▁không: 0.0555, ▁dị: 0.0277, ▁nghị: 0.0388, ▁mà: 0.0629, ▁tôi: 0.0797, ▁đã: 0.1007, ▁tạo: 0.0047, ▁một: 0.0803, ▁account: 10.6652, ▁clo: 11.8009, ne: 5.317, ▁để: 0.1141, ▁nói: 0.1512, ▁chuyện: 0.0114, ▁với: 0.1809, ▁mình: 0.2561, ▁: 0.1138, <unk>: 0.0654, </s>: 0.0687",1.1913,11.8009
4732,em năm nay 25t hiện đg nợ khoảng 70 tr cả tiền nh và app đen nh em nợ fe momo app đen nợ cây vàng monveo vnd,em năm nay 25 tuổi hiện đang nợ khoảng 70 triệu cả tiền ngân hàng và app đen ngân hàng em nợ FE MoMo app đen nợ cây vàng monveo vnd,"<s>: 0.0148, ▁em: 0.1322, ▁năm: 0.0137, ▁nay: 0.0272, ▁25: 0.0024, ▁tuổi: 0.0464, ▁hiện: 0.1142, ▁đang: 0.0353, ▁nợ: 0.0042, ▁khoảng: 0.0459, ▁70: 0.0066, ▁triệu: 1.2675, ▁cả: 0.0835, ▁tiền: 0.0297, ▁ngân: 8.9424, ▁hàng: 0.0227, ▁và: 0.1788, ▁app: 0.0181, ▁đen: 0.0187, ▁ngân: 10.2253, ▁hàng: 0.0119, ▁em: 2.5049, ▁nợ: 0.0017, ▁FE: 9.3257, ▁Mo: 7.814, Mo: 2.0143, ▁app: 0.0253, ▁đen: 0.0116, ▁nợ: 0.006, ▁cây: 0.0033, ▁vàng: 0.0019, ▁mon: 0.011, ve: 0.003, o: 0.0149, ▁v: 0.3201, nd: 0.6004, </s>: 0.0777",1.1886,10.2253
806,5lit vào ziệc,5 lít vào việc,"<s>: 0.0157, ▁5: 0.0334, ▁lí: 8.1495, t: 0.0282, ▁vào: 0.0185, ▁việc: 0.0135, </s>: 0.0556",1.1878,8.1495
8348,Thấy thw z chèn,Thấy thương vậy trời,"<s>: 0.0156, ▁Th: 0.0179, ấ: 0.0118, y: 0.0392, ▁thương: 0.0167, ▁vậy: 1.2876, ▁trời: 7.8867, </s>: 0.2232",1.1874,7.8867
1356,Ng tội nhất là th H,Người tội nhất là thằng Hiếu,"<s>: 0.0161, ▁Người: 0.0607, ▁tội: 0.0146, ▁nhất: 0.0295, ▁là: 0.0905, ▁thằng: 0.757, ▁Hi: 7.5078, ếu: 2.0917, </s>: 0.1057",1.1859,7.5078
8640,Diển viên z chắc cx okla nhỉ,Diễn viên thế chắc cũng ok nhỉ,"<s>: 0.0172, ▁Diễn: 9.8248, ▁viên: 0.011, ▁thế: 0.4773, ▁chắc: 0.0109, ▁cũng: 0.1165, ▁ok: 0.0973, ▁nhỉ: 0.0098, </s>: 0.0785",1.1826,9.8248
7275,em xin noti tối xem ạk,em xin notification tối xem ạ,"<s>: 0.0149, ▁em: 0.1376, ▁xin: 0.0201, ▁notification: 9.1286, ▁tối: 0.0157, ▁xem: 0.0298, ▁ạ: 0.0125, </s>: 0.0877",1.1809,9.1286
4705,Cs tuyển part time khong ạk,Có tuyển part-time không ạ,"<s>: 0.0153, ▁Có: 0.0397, ▁tuyển: 0.0119, ▁part: 0.0008, -: 7.2002, time: 3.1842, ▁không: 0.0395, ▁ạ: 0.0371, </s>: 0.0817",1.1789,7.2002
8235,đọc bl mak thấy ngu tht sự😀,đọc bình luận mà thấy ngu thật sự😀,"<s>: 0.0139, ▁đọc: 0.0202, ▁bình: 7.3654, ▁luận: 5.2913, ▁mà: 0.0516, ▁thấy: 0.0393, ▁ngu: 0.0013, ▁thật: 0.0285, ▁sự: 0.0229, <unk>: 0.0627, </s>: 0.0661",1.1785,7.3654
6927,"Zạ chuyện hài hước qá, cj cho em chia sẻ lên newfeed nhé","Dạ chuyện hài hước quá, chị cho em chia sẻ lên news feed nhé","<s>: 0.0163, ▁Dạ: 0.0442, ▁chuyện: 0.0174, ▁hài: 0.001, ▁h: 0.017, ước: 0.0115, ▁quá: 0.0145, ,: 0.0848, ▁chị: 0.0341, ▁cho: 0.0509, ▁em: 0.0781, ▁chia: 0.0263, ▁sẻ: 0.029, ▁lên: 0.0631, ▁news: 15.1793, ▁feed: 5.46, ▁nhé: 0.0122, </s>: 0.0657",1.1781,15.1793
5661,Hoàng Đạo Thuý - Thanh Xuân nka e,Hoàng Đạo Thúy - Thanh Xuân nha em,"<s>: 0.0161, ▁Hoàng: 0.0085, ▁Đạo: 0.0088, ▁Thú: 10.4597, y: 2.2229, ▁-: 0.051, ▁Thanh: 0.0162, ▁Xuân: 0.002, ▁nha: 0.0193, ▁em: 0.0518, </s>: 0.0711",1.1752,10.4597
1720,Tất cả chỉ là hỉu lầmmm,Tất cả chỉ là hiểu lầm,"<s>: 0.0156, ▁Tất: 0.0058, ▁cả: 0.0373, ▁chỉ: 0.0616, ▁là: 0.0692, ▁hiểu: 9.1218, ▁lầm: 0.0032, </s>: 0.0846",1.1749,9.1218
6194,"Em cứ mạnh dạng apply ik, cs tiếng Ah, ngoại ngữ thêm chút cố gắng và mạnh dạng nx sẽ dc th.","Em cứ mạnh dạn apply đi, có tiếng Anh, ngoại ngữ thêm chút cố gắng và mạnh dạn nữa sẽ được thôi.","<s>: 0.0137, ▁Em: 0.0776, ▁cứ: 0.012, ▁mạnh: 0.0098, ▁dạ: 13.5374, n: 6.2992, ▁apply: 0.0126, ▁đi: 0.0345, ,: 0.0837, ▁có: 0.0926, ▁tiếng: 0.0113, ▁Anh: 0.019, ,: 0.1093, ▁ngoại: 0.0159, ▁ngữ: 0.0481, ▁thêm: 0.0055, ▁chút: 0.01, ▁cố: 0.0047, ▁gắng: 0.0062, ▁và: 0.1, ▁mạnh: 0.0079, ▁dạ: 12.3411, n: 0.4595, ▁nữa: 0.3037, ▁sẽ: 0.0829, ▁được: 0.0913, ▁thôi: 0.0118, .: 0.0946, </s>: 0.0526",1.1706,13.5374
3613,b cs ik ăn ở ô chợ dừa thì kphai hàng của cô.Hàng đók là do cô nghỉ chăm ck,bạn có đi ăn ở Ô Chợ Dừa thì không phải hàng của cô. Hàng đó là do cô nghỉ chăm chồng,"<s>: 0.014, ▁bạn: 0.0764, ▁có: 0.1181, ▁đi: 0.0532, ▁ăn: 0.0471, ▁ở: 0.0442, ▁Ô: 6.0995, ▁Ch: 8.8678, ợ: 1.2152, ▁D: 4.3418, ừ: 0.4221, a: 0.15, ▁thì: 0.0208, ▁không: 0.0579, ▁phải: 0.0328, ▁hàng: 0.0683, ▁của: 0.1086, ▁cô: 0.0957, .: 0.0784, ▁Hàng: 10.4695, ▁đó: 0.0672, ▁là: 0.076, ▁do: 0.0365, ▁cô: 0.0719, ▁nghỉ: 0.0069, ▁chăm: 0.0032, ▁chồng: 0.0106, </s>: 0.1171",1.1704,10.4695
5342,T cug 29 mất 1ty2 đg nợ laii 700tr mệt zô cùng.,Tôi cũng 29 mất 1 tỷ 2 đang nợ lại 700 triệu mệt vô cùng.,"<s>: 0.0154, ▁Tôi: 0.1638, ▁cũng: 0.1116, ▁29: 0.0032, ▁mất: 0.015, ▁1: 0.1048, ▁tỷ: 9.6115, ▁2: 0.2417, ▁đang: 0.2474, ▁nợ: 0.005, ▁lại: 9.6825, ▁700: 0.0046, ▁triệu: 0.6452, ▁mệt: 0.0018, ▁vô: 0.0139, ▁cùng: 0.0104, .: 0.0911, </s>: 0.0685",1.1687,9.6825
8990,VCL CÚ SỐC NGAY KHI VỀ NHÀ AS ĐÙ,VÃI CẢ LỒN CÚ SỐC NGAY KHI VỀ NHÀ A ĐÙ,"<s>: 0.0144, ▁V: 0.0336, Ã: 6.5946, I: 0.4038, ▁C: 0.2329, Ả: 7.1853, ▁L: 4.668, Ồ: 4.2079, N: 0.5229, ▁C: 0.21, Ú: 0.0277, ▁S: 0.0604, Ố: 0.0037, C: 0.0601, ▁N: 0.0863, GAY: 0.0021, ▁K: 0.2041, HI: 0.009, ▁VỀ: 0.0151, ▁NHÀ: 0.008, ▁A: 3.3891, ▁Đ: 0.0403, Ù: 0.0113, </s>: 0.0445",1.1681,7.1853
2604,Đág eo v mng ơi??,Đáng yêu vậy mọi người ơi??,"<s>: 0.0156, ▁Đá: 0.0018, ng: 0.4875, ▁yêu: 10.8217, ▁vậy: 0.0633, ▁mọi: 0.0268, ▁người: 0.101, ▁ơi: 0.0356, <unk>: 0.0283, </s>: 0.0637",1.1645,10.8217
9263,chà mơ tệ vại s🫂,chà mơ tệ vậy sao 🫂,"<s>: 0.016, ▁chà: 0.0099, ▁mơ: 0.0075, ▁tệ: 0.0256, ▁vậy: 2.8077, ▁sao: 0.1369, ▁: 7.3087, <unk>: 0.0958, </s>: 0.071",1.1644,7.3087
8282,"VL CHÚG M ƠI CÍU TAO LMS TỎ TÌNH CRUSH MAK KH NS LÀ : ""EM THIK AH""/""LÀM NY EM NHÉ"" Z??","VÃI LỒN CHÚNG MÀY ƠI CỨU TAO LÀM SAO TỎ TÌNH CRUSH MÀ KHÔNG NÓI LÀ : ""EM THÍCH ANH""/""LÀM NGƯỜI YÊU EM NHÉ"" THẾ??","<s>: 0.0157, ▁V: 0.7864, Ã: 5.0271, I: 0.3155, ▁L: 3.8716, Ồ: 4.1636, N: 0.4045, ▁CH: 0.092, Ú: 0.0171, NG: 1.2542, ▁M: 0.3626, À: 1.5928, Y: 3.7707, ▁: 0.347, Ơ: 0.0041, I: 0.0356, ▁C: 0.0717, Ứ: 3.8795, U: 0.1822, ▁TA: 0.0189, O: 0.0189, ▁L: 0.0735, À: 2.424, M: 4.8456, ▁SA: 8.5461, O: 0.0712, ▁T: 0.0406, Ỏ: 0.0048, ▁T: 0.0244, Ì: 0.004, NH: 0.0028, ▁C: 0.1687, RUS: 0.002, H: 0.0415, ▁M: 3.143, À: 0.3667, ▁KHÔNG: 0.1967, ▁N: 2.8255, Ó: 2.7482, I: 0.278, ▁L: 0.4822, À: 0.0073, ▁:: 0.1098, ▁"": 0.0325, EM: 0.0063, ▁TH: 0.0273, ÍCH: 1.2552, ▁A: 1.9068, NH: 6.2224, "": 0.0657, /: 0.0103, "": 0.0335, L: 0.0466, À: 0.0046, M: 0.0352, ▁NGƯỜI: 2.2749, ▁Y: 0.1954, Ê: 0.0241, U: 0.0315, ▁EM: 0.8237, ▁NH: 0.0148, É: 0.0044, "": 0.0346, </s>: 8.7452",1.163,8.7452
84,Nghĩ shao mấy ng này cs fan này nok,Nghĩ sao mấy người này có fan này nọ,"<s>: 0.0153, ▁Ngh: 0.0067, ĩ: 0.0929, ▁sao: 0.002, ▁mấy: 0.0051, ▁người: 0.0652, ▁này: 0.026, ▁có: 0.0802, ▁fan: 0.0039, ▁này: 0.0381, ▁n: 11.9682, ọ: 2.3133, </s>: 0.4934",1.1623,11.9682
9045,Lên bài típ ik bà,Lên bài tiếp đi bà,"<s>: 0.0142, ▁Lê: 0.0059, n: 0.1483, ▁bài: 0.017, ▁tiếp: 8.9726, ▁đi: 0.0304, ▁bà: 0.0245, </s>: 0.0706",1.1604,8.9726
3656,Xin info set áo dài và khăn ik bà,Xin thông tin set áo dài và khăn đi bà,"<s>: 0.014, ▁Xin: 0.0185, ▁thông: 13.5041, ▁tin: 0.0983, ▁set: 0.0017, ▁áo: 0.0101, ▁dài: 0.0032, ▁và: 0.1291, ▁khăn: 0.0018, ▁đi: 0.0297, ▁bà: 0.0294, </s>: 0.0843",1.1603,13.5041
8572,t6 này gặp rùi màk cn ms ht chắc tui khók lun 💔👈🏿,Thứ 6 này gặp rồi mà Chủ Nhật mới hết chắc tui khóc luôn 💔👈🏿,"<s>: 0.0145, ▁Thứ: 6.3292, ▁6: 0.2335, ▁này: 0.0203, ▁gặp: 0.0165, ▁rồi: 0.0411, ▁mà: 0.0962, ▁Chủ: 10.0005, ▁Nhật: 5.3639, ▁mới: 0.2781, ▁hết: 0.0508, ▁chắc: 0.0061, ▁tui: 0.2657, ▁khóc: 0.1209, ▁luôn: 0.0573, ▁: 0.0821, <unk>: 0.0633, <unk>: 0.0521, <unk>: 0.0466, </s>: 0.0332",1.1586,10.0005
3907,1 c mằm ngửa bên cạnh và 1 cn nằm dưới chân =))))))))))))) k cn nào lm phiền c nào gất iêu,một con nằm ngửa bên cạnh và một con nằm dưới chân =))))))))))))) không con nào làm phiền con nào rất yêu,"<s>: 0.0144, ▁một: 5.7989, ▁con: 0.0622, ▁nằm: 6.0306, ▁ng: 0.0864, ử: 0.0211, a: 0.0132, ▁bên: 0.0428, ▁cạnh: 0.0353, ▁và: 0.0682, ▁một: 3.6718, ▁con: 0.0319, ▁nằm: 0.0074, ▁dưới: 0.0105, ▁chân: 0.0066, ▁=): 0.0016, <unk>: 0.0435, <unk>: 0.1193, ▁không: 0.0622, ▁con: 0.1176, ▁nào: 0.0213, ▁làm: 0.0239, ▁phiền: 0.001, ▁con: 0.2251, ▁nào: 0.0174, ▁rất: 8.8441, ▁yêu: 6.8396, </s>: 0.1689",1.1567,8.8441
3612,Ờm thì:))))Quán miến trộn hiền béo h chuyển qua khâm thiên r,Ờm thì:)))) Quán miến trộn hiền béo giờ chuyển qua Khâm Thiên rồi,"<s>: 0.0185, ▁: 0.0895, Ờ: 0.0034, m: 0.1356, ▁thì: 0.0631, :: 0.0468, <unk>: 0.1083, ▁Quá: 8.809, n: 7.5355, ▁mi: 0.0608, ến: 0.0404, ▁trộn: 0.0004, ▁h: 0.0635, iền: 0.0329, ▁béo: 0.0013, ▁giờ: 0.0552, ▁chuyển: 0.0079, ▁qua: 0.0634, ▁Kh: 5.7261, âm: 0.0015, ▁Thiên: 3.6411, ▁rồi: 0.0142, </s>: 0.0666",1.1559,8.809
351,Hnhu cs xe khách cấm ng ct nyc 5 năm hsy,Hình như có xe khách cấm người chia tay người yêu cũ 5 năm hay sao ý,"<s>: 0.0168, ▁Hình: 0.0456, ▁như: 0.0074, ▁có: 0.1066, ▁xe: 0.0267, ▁khách: 0.0048, ▁cấm: 0.0129, ▁người: 0.077, ▁chia: 0.2059, ▁tay: 0.0161, ▁người: 0.0088, ▁yêu: 1.3523, ▁cũ: 0.1079, ▁5: 0.05, ▁năm: 0.0168, ▁hay: 11.0543, ▁sao: 0.0521, ▁ý: 8.7068, </s>: 0.0565",1.154,11.0543
8877,Hỗ trợ giá như dzới nc nka bà lô,Hỗ trợ giá như với nước nha bà Lô,"<s>: 0.0139, ▁Hỗ: 0.0477, ▁trợ: 0.0196, ▁giá: 0.0354, ▁như: 0.1034, ▁với: 0.1873, ▁nước: 0.0225, ▁nha: 0.0805, ▁bà: 0.0224, ▁L: 10.5089, ô: 2.6599, </s>: 0.0923",1.1495,10.5089
648,"Suộc nét căng zậy lun, má ơi ảnh đtrai","Source nét căng vậy luôn, má ơi ảnh đẹp trai","<s>: 0.0154, ▁Source: 13.7507, ▁nét: 0.0027, ▁căng: 0.0002, ▁vậy: 0.1528, ▁luôn: 0.0413, ,: 0.1509, ▁má: 0.0025, ▁ơi: 0.0349, ▁ảnh: 0.3048, ▁đẹp: 0.4051, ▁trai: 0.0023, </s>: 0.0551",1.1476,13.7507
9049,"Vl, nạp vip ak","Vãi lồn, nạp VIP à","<s>: 0.0151, ▁V: 0.2505, ã: 2.1168, i: 0.0565, ▁lồ: 0.0543, n: 0.0688, ,: 0.1575, ▁nạ: 0.0009, p: 0.0119, ▁VIP: 10.6882, ▁à: 0.2682, </s>: 0.0717",1.1467,10.6882
5329,b ơi m liều vay c áp cây vàng ở đây đc 500k vs c monveo đc 1 củ cs xù dc k ạk,bạn ơi mình liều vay con app cây vàng ở đây được 500k với con Moneveo được 1 củ có xù được không ạ,"<s>: 0.0163, ▁bạn: 0.0734, ▁ơi: 0.0155, ▁mình: 1.079, ▁l: 0.0306, iều: 0.0035, ▁vay: 0.016, ▁con: 0.3472, ▁app: 14.3143, ▁cây: 0.0068, ▁vàng: 0.0031, ▁ở: 0.0556, ▁đây: 0.0317, ▁được: 0.0512, ▁500: 0.0105, k: 0.0599, ▁với: 0.0827, ▁con: 0.0733, ▁Mon: 5.4811, eve: 13.0155, o: 0.0991, ▁được: 0.0437, ▁1: 0.0654, ▁củ: 0.0013, ▁có: 0.1149, ▁x: 0.163, ù: 0.0052, ▁được: 0.0772, ▁không: 0.0875, ▁ạ: 0.0237, </s>: 0.0933",1.1465,14.3143
5083,Nam Mô Đại Nguyên Địa Tạng Vương Bồ Tát 🙏🏻🙏🏻🙏🏻,Nam Mô Đại Nguyện Địa Tạng Vương Bồ Tát 🙏🏻🙏🏻🙏🏻,"<s>: 0.0148, ▁Nam: 0.0131, ▁Mô: 0.0054, ▁Đại: 0.0029, ▁Ngu: 13.4602, y: 2.5688, ệ: 9.27, n: 0.1063, ▁Địa: 0.0625, ▁T: 0.0588, ạ: 0.0751, ng: 0.0222, ▁Vương: 0.0021, ▁Bồ: 0.0052, ▁Tá: 0.0095, t: 0.0333, ▁: 0.0929, <unk>: 0.0537, <unk>: 0.0516, <unk>: 0.048, <unk>: 0.0411, <unk>: 0.0684, <unk>: 1.3401, </s>: 0.097",1.146,13.4602
4164,sinh mổ 20tr TMW Quân đội 108: 22-31tr sinh thg sinh mổ 38-54tr Thu Cúc: sinh thg 21-42 triệu sinh mổ 39 8-80tr Tâm Ank: sinh thg 22 6-41 triệu,sinh mổ 20 triệu Trung Ương Quân đội 108: 22-31 triệu sinh thường sinh mổ 38-54 triệu Thu Cúc: sinh thường 21-42 triệu sinh mổ 39.8-80 triệu Tâm Anh: sinh thường 22.6-41 triệu,"<s>: 0.0166, ▁sinh: 0.0198, ▁m: 0.0927, ổ: 0.0408, ▁20: 0.0073, ▁triệu: 0.2088, ▁Trung: 0.9699, ▁: 5.7431, Ư: 0.4901, ơ: 0.0568, ng: 0.0494, ▁Quân: 0.5665, ▁đội: 0.0541, ▁108: 0.0008, :: 0.0509, ▁22: 0.0055, -31: 0.0648, ▁triệu: 0.2368, ▁sinh: 0.0187, ▁thường: 0.0937, ▁sinh: 0.0224, ▁m: 0.0503, ổ: 0.0738, ▁38: 0.0028, -: 0.0431, 54: 0.0027, ▁triệu: 0.1354, ▁Thu: 0.0093, ▁C: 0.0763, úc: 0.0012, :: 0.0449, ▁sinh: 0.0078, ▁thường: 0.05, ▁21: 0.0084, -42: 0.0074, ▁triệu: 0.0016, ▁sinh: 0.0081, ▁m: 0.0255, ổ: 0.0599, ▁39: 0.002, .: 14.4118, 8: 6.4307, -80: 0.0208, ▁triệu: 0.6206, ▁Tâm: 0.0008, ▁Anh: 1.2247, :: 0.0234, ▁sinh: 0.0084, ▁thường: 0.0588, ▁22.: 9.759, 6-4: 8.1883, 1: 11.5848, ▁triệu: 0.002, </s>: 0.1064",1.1456,14.4118
5487,Vào đòi nợ màk giống cái rhs day2 chú Pháp nka Kiều🤣 triển vọng lắm đấy,Vào đòi nợ mà giống cái rehearsal day 2 chú Pháp nha Kiều🤣 triển vọng lắm đấy,"<s>: 0.0148, ▁Và: 0.0034, o: 0.0578, ▁đòi: 0.0011, ▁nợ: 0.0036, ▁mà: 0.0882, ▁giống: 0.0155, ▁cái: 0.0232, ▁re: 12.6406, hear: 4.7165, sal: 5.5806, ▁day: 0.0021, ▁2: 2.1699, ▁chú: 0.0101, ▁Pháp: 0.0057, ▁nha: 0.0114, ▁Kiều: 0.0004, <unk>: 0.8483, ▁triển: 0.002, ▁vọng: 0.0078, ▁lắm: 0.0216, ▁đấy: 0.0037, </s>: 0.0592",1.1429,12.6406
8823,Thử mak 30 phút ik là lên ns ảnh ysl rùi,Thử mà 30 phút đi là lên nói ảnh yếu sinh lý rồi,"<s>: 0.0169, ▁Th: 0.0093, ử: 0.018, ▁mà: 0.0251, ▁30: 0.0077, ▁phút: 0.0059, ▁đi: 0.0269, ▁là: 0.0563, ▁lên: 0.0687, ▁nói: 0.0641, ▁ảnh: 0.2105, ▁yếu: 9.8103, ▁sinh: 2.8117, ▁lý: 4.863, ▁rồi: 0.2088, </s>: 0.0784",1.1426,9.8103
5190,uh ha =)))) chắc còn ten bẩn chứ ai như lày,uh ha =)))) chắc content bẩn chứ ai như này,"<s>: 0.0169, ▁uh: 0.0019, ▁ha: 0.0302, ▁=: 0.0133, <unk>: 0.0764, ▁chắc: 0.0039, ▁content: 11.4006, ▁b: 0.012, ẩ: 0.0099, n: 0.0251, ▁chứ: 0.0271, ▁ai: 0.0287, ▁như: 0.0866, ▁này: 5.3192, </s>: 0.0852",1.1425,11.4006
5167,Spaylater n chỉ dành cho ai cs thu nhập vững đều thì hãng :)) Nh b h cứ mở ra rùi nghĩ ds là tiền của mìnk tiêu ko nhìn thì chịu luonn đấy .,SPayLater nó chỉ dành cho ai có thu nhập vững đều thì hãng :)) Nhiều bạn giờ cứ mở ra rồi nghĩ đó là tiền của mình tiêu không nhìn thì chịu luôn đấy .,"<s>: 0.0138, ▁S: 11.6294, Pay: 13.0553, La: 13.2675, ter: 5.9403, ▁nó: 0.0512, ▁chỉ: 0.0749, ▁dành: 0.0059, ▁cho: 0.0471, ▁ai: 0.0203, ▁có: 0.0736, ▁thu: 0.062, ▁nhập: 0.0729, ▁vững: 0.0127, ▁đều: 0.0151, ▁thì: 0.0974, ▁hãng: 0.0144, <unk>: 1.0406, ▁Nhiều: 0.159, ▁bạn: 0.0237, ▁giờ: 0.2643, ▁cứ: 0.0356, ▁mở: 0.0015, ▁ra: 0.0611, ▁rồi: 0.0569, ▁nghĩ: 0.0165, ▁đó: 0.0175, ▁là: 0.0746, ▁tiền: 0.0162, ▁của: 0.0883, ▁mình: 0.0273, ▁tiêu: 0.0443, ▁không: 0.1092, ▁nhìn: 0.0259, ▁thì: 0.1034, ▁chịu: 0.0033, ▁luôn: 0.0005, ▁đấy: 0.0044, ▁: 0.078, .: 0.035, </s>: 0.0372",1.1409,13.2675
529,"T mê ⚡️gây ở tq vcl, nwngs đ chịu đc💦","Tôi mê ⚡️gây ở trung quốc vãi cả lồn, nứng đéo chịu được💦","<s>: 0.0142, ▁Tôi: 0.2156, ▁mê: 0.0064, ▁: 0.6736, <unk>: 0.0437, <unk>: 0.0682, gâ: 0.003, y: 0.0206, ▁ở: 0.1033, ▁trung: 0.373, ▁quốc: 6.1811, ▁v: 0.0768, ã: 2.5256, i: 0.066, ▁cả: 0.6993, ▁lồ: 0.2455, n: 0.042, ,: 0.1003, ▁n: 4.6221, ứ: 12.405, ng: 0.4412, ▁đ: 2.6418, é: 0.0807, o: 0.0756, ▁chịu: 0.0032, ▁được: 0.0402, <unk>: 0.0581, </s>: 0.0432",1.1382,12.405
3042,zạ tụi mìh dạng photobooth ó chớ hem phại stu,dạ tụi mình dạng photobooth đó chứ không phải studio,"<s>: 0.0157, ▁dạ: 0.0994, ▁tụ: 0.0109, i: 0.0428, ▁mình: 0.0268, ▁dạng: 0.013, ▁photo: 0.0002, boot: 0.0012, h: 0.0066, ▁đó: 6.3996, ▁chứ: 0.581, ▁không: 0.217, ▁phải: 0.0948, ▁studio: 9.4915, </s>: 0.0665",1.1378,9.4915
9359,"ảnh flo cs 500 ng hà, mak chuỗi em thì ah k đăng tik..","ảnh follow có 500 người hà, mà chuỗi em thì anh không đăng TikTok..","<s>: 0.0139, ▁ảnh: 0.2501, ▁follow: 11.9765, ▁có: 0.0661, ▁500: 0.01, ▁người: 0.0696, ▁hà: 0.0031, ,: 0.0541, ▁mà: 0.0342, ▁chuỗi: 0.0004, ▁em: 0.0891, ▁thì: 0.1114, ▁anh: 0.053, ▁không: 0.0909, ▁đăng: 0.0043, ▁Tik: 6.1265, T: 3.8279, ok: 0.9057, .: 0.0802, .: 0.0634, </s>: 0.0609",1.1377,11.9765
9144,ê t đúng nể cj này lun í tr ơi😭😭hơn t 1t màk giỏi kinh khủng khiếp,ê tôi đúng nể chị này luôn ý trời ơi 😭😭 hơn tôi 1 tuổi mà giỏi kinh khủng khiếp,"<s>: 0.0154, ▁ê: 0.0005, ▁tôi: 0.123, ▁đúng: 0.0051, ▁n: 0.0758, ể: 0.004, ▁chị: 0.0897, ▁này: 0.0964, ▁luôn: 0.0329, ▁ý: 0.3987, ▁trời: 0.0189, ▁ơi: 0.0403, ▁: 7.4127, <unk>: 0.4125, <unk>: 11.3792, ▁hơn: 8.3294, ▁tôi: 0.0979, ▁1: 0.0251, ▁tuổi: 0.7457, ▁mà: 0.0729, ▁giỏi: 0.0017, ▁kinh: 0.0027, ▁khủng: 0.0018, ▁k: 0.1125, hiếp: 0.0035, </s>: 0.0625",1.1369,11.3792
9288,tr ơi siêu cưng😭!!!!,trời ơi siêu cưng 😭!!!!,"<s>: 0.014, ▁trời: 0.0168, ▁ơi: 0.041, ▁siêu: 0.0011, ▁cư: 0.0007, ng: 0.0372, ▁: 7.5357, <unk>: 0.0753, <unk>: 3.5604, </s>: 0.0823",1.1365,7.5357
6251,"Tui 28 tủi, tui bán Phở.","Tui 28 tuổi, tui bán phở.","<s>: 0.0145, ▁Tu: 0.0758, i: 0.099, ▁28: 0.0059, ▁tuổi: 9.2631, ,: 0.0828, ▁tui: 0.1135, ▁bán: 0.0455, ▁ph: 3.7683, ở: 0.0009, .: 0.0884, </s>: 0.0743",1.136,9.2631
2620,Cuti đuyên lunnn ý,Cute điên luôn ý,"<s>: 0.0148, ▁Cu: 0.0581, te: 0.1829, ▁điên: 7.5699, ▁luôn: 0.0095, ▁ý: 0.0105, </s>: 0.0762",1.1317,7.5699
982,Giữ nguyên giá để bảo vệ khách hàng?,- Giữ nguyên giá để bảo vệ khách hàng?,"<s>: 0.0145, ▁-: 12.6512, ▁Gi: 1.7588, ữ: 0.0133, ▁nguyên: 0.0125, ▁giá: 0.0251, ▁để: 0.0567, ▁bảo: 0.007, ▁vệ: 0.0133, ▁khách: 0.0192, ▁hàng: 0.0339, ?: 0.0468, </s>: 0.0542",1.1313,12.6512
7872,riel ko nhớ lắm rùi,real không nhớ lắm rồi,"<s>: 0.0159, ▁real: 7.6862, ▁không: 0.0871, ▁nhớ: 0.019, ▁lắm: 0.0128, ▁rồi: 0.0279, </s>: 0.0622",1.1301,7.6862
4070,bé nhà mik ăn meiji bị ik ngoài phân nhầy cs bọt nên mk đổi qua similac thấy khá oke,bé nhà mình ăn Meiji bị đi ngoài phân nhầy có bọt nên mình đổi qua Similac thấy khá ok,"<s>: 0.0146, ▁bé: 0.0225, ▁nhà: 0.112, ▁mình: 0.0202, ▁ăn: 0.0348, ▁Mei: 10.7734, ji: 0.4902, ▁bị: 0.0592, ▁đi: 0.0852, ▁ngoài: 0.0197, ▁phân: 0.003, ▁nh: 0.1151, ầ: 0.0027, y: 0.0253, ▁có: 0.1605, ▁b: 0.0228, ọ: 0.0109, t: 0.0528, ▁nên: 0.0882, ▁mình: 0.1437, ▁đổi: 0.0064, ▁qua: 0.045, ▁Si: 8.6955, mi: 4.1882, lac: 7.4248, ▁thấy: 0.0222, ▁khá: 0.0049, ▁ok: 0.0182, </s>: 0.0753",1.1289,10.7734
8831,đợt đók bọn t ik đà lạt mak bị dính mưa cug mần nhau cả ngày trg homestay lun đók,Đợt đó bọn tao đi Đà Lạt mà bị dính mưa cũng mần nhau cả ngày trong homestay luôn đó,"<s>: 0.0135, ▁Đ: 12.0319, ợ: 1.7157, t: 0.0832, ▁đó: 0.0971, ▁bọn: 0.0083, ▁tao: 3.1603, ▁đi: 0.0461, ▁Đà: 12.8587, ▁Lạt: 0.5739, ▁mà: 0.0696, ▁bị: 0.0708, ▁dí: 0.0006, nh: 0.0144, ▁mưa: 0.0049, ▁cũng: 0.073, ▁m: 0.0345, ầ: 0.0047, n: 0.046, ▁nhau: 0.0229, ▁cả: 0.0594, ▁ngày: 0.0153, ▁trong: 0.4638, ▁homes: 0.0002, tay: 0.0008, ▁luôn: 0.0326, ▁đó: 0.0207, </s>: 0.0562",1.1278,12.8587
3089,dcm cô vs mẹ t còn joke lét trc mặt t😔,địt con mẹ cô với mẹ tôi còn joke loét trước mặt tôi😔,"<s>: 0.0144, ▁đ: 0.9317, ị: 0.473, t: 0.0139, ▁con: 0.0716, ▁mẹ: 0.1184, ▁cô: 0.2001, ▁với: 0.064, ▁mẹ: 0.0221, ▁tôi: 0.1367, ▁còn: 0.0717, <unk>: 0.6898, ▁lo: 14.0799, ét: 3.8609, ▁trước: 0.3991, ▁mặt: 0.0188, ▁tôi: 0.111, <unk>: 0.0703, </s>: 0.0786",1.1277,14.0799
6620,Lương ko thoả đág thì sớm muộn cg byeee,Lương không thỏa đáng thì sớm muộn cũng bye,"<s>: 0.0138, ▁Lương: 0.0145, ▁không: 0.0731, <unk>: 7.699, ▁đáng: 0.1838, ▁thì: 0.0595, ▁sớm: 0.0024, ▁muộn: 0.0101, ▁cũng: 0.1132, ▁by: 0.004, e: 0.0072, </s>: 5.3472",1.1273,7.699
8867,haizz bí kíp giữ lửa là zì v = :))) tôi thì 1 năm hơn r nhma came thấy chán,Haizz bí kíp giữ lửa là gì vậy = :))) tôi thì một năm hơn rồi nhưng mà cảm thấy chán,"<s>: 0.0146, ▁Hai: 7.3329, zz: 0.0001, ▁bí: 0.0164, ▁kí: 0.0377, p: 0.0316, ▁giữ: 0.004, ▁lửa: 0.0039, ▁là: 0.0797, ▁gì: 0.0944, ▁vậy: 0.0134, ▁=: 0.0127, <unk>: 0.0374, ▁tôi: 0.0311, ▁thì: 0.045, ▁một: 5.5085, ▁năm: 0.0223, ▁hơn: 0.052, ▁rồi: 0.0456, ▁nhưng: 0.0447, ▁mà: 0.0646, ▁cảm: 13.5858, ▁thấy: 0.9569, ▁chán: 0.002, </s>: 0.085",1.1249,13.5858
1074,Chắc chắn là xăng 92 :) Chứ cs cốn lài màk cs 95 màk giá 25k,Chắc chắn là xăng 92 :) Chứ có cái lồn mà có 95 mà giá 25k,"<s>: 0.0145, ▁C: 0.07, hắc: 0.0041, ▁chắn: 0.0148, ▁là: 0.0745, ▁xăng: 0.0028, ▁92: 0.0006, <unk>: 0.2969, ▁Ch: 0.1388, ứ: 0.0283, ▁có: 0.0563, ▁cái: 13.0473, ▁lồ: 3.9999, n: 0.0399, ▁mà: 6.5044, ▁có: 0.1537, ▁95: 0.0057, ▁mà: 0.0411, ▁giá: 0.0519, ▁25: 0.0015, k: 0.0465, </s>: 0.0781",1.1214,13.0473
2095,"Đấy, mấy thồn lằng vs mấy c nốn lừng tôn thờ tư tưởng ""vk ck cãi nhau c c* lm hòa"" thấy cảnh ch?","Đấy, mấy thằng lồn với mấy con nứng lồn tôn thờ tư tưởng ""vợ chồng cãi nhau con cặc làm hòa"" thấy cảnh chưa?","<s>: 0.0148, ▁Đ: 0.0476, ấ: 0.0337, y: 0.0477, ,: 0.0952, ▁mấy: 0.0079, ▁thằng: 1.9037, ▁lồ: 6.4032, n: 0.0239, ▁với: 1.9362, ▁mấy: 0.0118, ▁con: 0.1197, ▁n: 0.0251, ứ: 12.4787, ng: 4.7668, ▁lồ: 7.7187, n: 0.0345, ▁tôn: 0.0002, ▁thờ: 0.0118, ▁tư: 0.0125, ▁tưởng: 0.0098, ▁"": 0.0799, v: 0.0837, ợ: 0.0669, ▁chồng: 0.0016, ▁cãi: 0.0017, ▁nhau: 0.0077, ▁con: 0.2774, ▁c: 3.7098, ặc: 1.331, ▁làm: 0.233, <unk>: 0.9034, "": 0.0252, ▁thấy: 0.009, ▁cảnh: 0.0054, ▁chưa: 0.0345, ?: 0.0681, </s>: 0.0448",1.1207,12.4787
3600,Lẩu bonus nướng lun nka bác maps.app.goo.gl/7GCbx…,Lẩu tặng thêm nướng luôn nha bác maps.app.goo.gl/7GCbx…,"<s>: 0.0149, ▁L: 0.0971, ẩ: 0.0296, u: 0.0331, ▁tặng: 11.7686, ▁thêm: 14.0933, ▁nướng: 0.0527, ▁luôn: 0.3279, ▁nha: 0.0059, ▁bác: 0.0063, ▁map: 0.0003, s: 0.0125, .: 0.048, app: 0.0151, .: 0.0677, goo: 0.0003, .: 0.0602, gl: 0.0008, /7: 0.0485, GC: 0.0766, b: 0.0437, x: 0.026, ...: 0.0105, </s>: 0.047",1.1203,14.0933
5403,Mik có đủ ttin ck.,Mình có đủ thông tin chuyển khoản.,"<s>: 0.0155, ▁Mình: 0.0368, ▁có: 0.0603, ▁đủ: 0.0457, ▁thông: 0.0226, ▁tin: 0.075, ▁chuyển: 9.8107, ▁khoản: 0.8251, .: 0.2368, </s>: 0.061",1.1189,9.8107
8000,Bà ib mnf cho t zới,Bà inbox manifest cho tôi với,"<s>: 0.0148, ▁Bà: 0.0554, ▁in: 0.0489, box: 0.0346, ▁manifest: 9.5825, ▁cho: 0.069, ▁tôi: 0.1297, ▁với: 0.0384, </s>: 0.089",1.118,9.5825
6694,"Nma 8tr thì Fsoft cg trả đk màk bác, fresher n offer tôi 8 triệu.","Nhưng mà 8 triệu thì FPT Software cũng trả được mà bác, fresher nó offer tôi 8 triệu.","<s>: 0.0162, ▁Nhưng: 0.0419, ▁mà: 0.0517, ▁8: 0.0164, ▁triệu: 0.1092, ▁thì: 0.0741, ▁F: 0.0158, PT: 12.8815, ▁Software: 12.7923, ▁cũng: 0.0944, ▁trả: 0.0269, ▁được: 0.1336, ▁mà: 0.1121, ▁bác: 0.0548, ,: 0.1057, ▁fresh: 0.0004, er: 0.0034, ▁nó: 0.0368, ▁offer: 0.0017, ▁tôi: 0.0799, ▁8: 0.0114, ▁triệu: 0.0065, .: 0.0848, </s>: 0.0661",1.1174,12.8815
5562,acc ms tạo thì hiểu r,account mới tạo thì hiểu rồi,"<s>: 0.0145, ▁account: 8.6536, ▁mới: 0.0413, ▁tạo: 0.0098, ▁thì: 0.0622, ▁hiểu: 0.0092, ▁rồi: 0.0492, </s>: 0.0899",1.1162,8.6536
5226,zạ chỗ này em v ay c moneveo đc 1tr cs xù đc k ah,dạ chỗ này em vay con Moneveo được 1 triệu có xù được không anh,"<s>: 0.0171, ▁dạ: 0.0914, ▁chỗ: 0.0173, ▁này: 0.0286, ▁em: 0.1156, ▁vay: 12.4, ▁con: 1.8882, ▁Mon: 5.9854, eve: 0.011, o: 0.0232, ▁được: 0.0439, ▁1: 0.0237, ▁triệu: 0.2018, ▁có: 0.1583, ▁x: 0.3404, ù: 0.0018, ▁được: 0.0906, ▁không: 0.058, ▁anh: 0.7462, </s>: 0.0734",1.1158,12.4
5682,acc clone của JWY hả,account clone của JWY hả,"<s>: 0.0147, ▁account: 9.7403, ▁clo: 0.0004, ne: 0.0033, ▁của: 0.0865, ▁J: 0.1189, WY: 0.0, ▁hả: 0.007, </s>: 0.0693",1.1156,9.7403
4890,2 kiểu này cực kì khác biệt ah,Hai kiểu này cực kỳ khác biệt ạ,"<s>: 0.0148, ▁Hai: 7.4092, ▁kiểu: 0.0102, ▁này: 0.0461, ▁cực: 0.007, ▁kỳ: 1.6513, ▁khác: 0.01, ▁biệt: 0.0308, ▁ạ: 1.8845, </s>: 0.084",1.1148,7.4092
4227,Cx nh cty hàn lắm as,Cũng nhiều công ty Hàn lắm á,"<s>: 0.0148, ▁: 0.2522, Cũng: 0.0242, ▁nhiều: 0.0349, ▁công: 0.2577, ▁ty: 0.0491, ▁Hàn: 10.2596, ▁lắm: 0.1532, ▁á: 0.0186, </s>: 0.0752",1.1139,10.2596
5674,bữa te te chạy ra VT chs 1m về bị côg an tóm phạt ht 1tr4 (do xin zới bỏ túi nên ms dc giá ds :))))) khok nc mũi chảy tèm lem về khoe vs mng hên wa cs tr4 dư tiền để đóng :)) chứ nghèo nghèo kẹt kẹt là dzừa buồn còn dzừa nhục :)),bữa te te chạy ra Vũng Tàu chơi 1 mình về bị công an tóm phạt hết 1 triệu 4 (do xin với bỏ túi nên mới được giá đó :))))) khóc nước mũi chảy tèm lem về khoe với mọi người hên quá có triệu 4 dư tiền để đóng :)) chứ nghèo nghèo kẹt kẹt là vừa buồn còn vừa nhục :)),"<s>: 0.0142, ▁bữa: 0.003, ▁te: 0.2988, ▁te: 0.2215, ▁chạy: 0.0056, ▁ra: 0.0223, ▁Vũ: 2.0167, ng: 0.0106, ▁Tàu: 0.0053, ▁chơi: 0.0102, ▁1: 0.0571, ▁mình: 0.4284, ▁về: 0.0703, ▁bị: 0.0529, ▁công: 0.0467, ▁an: 0.0147, ▁tóm: 0.0002, ▁phạt: 0.0064, ▁hết: 0.0209, ▁1: 0.0353, ▁triệu: 0.219, ▁4: 1.2795, ▁(: 0.0359, do: 0.3172, ▁xin: 0.0064, ▁với: 0.0772, ▁bỏ: 0.0007, ▁túi: 0.0007, ▁nên: 0.0482, ▁mới: 0.0217, ▁được: 0.0566, ▁giá: 0.0264, ▁đó: 0.0139, <unk>: 0.1451, <unk>: 0.1321, ▁khóc: 0.0418, ▁nước: 0.0717, ▁mũi: 0.0017, ▁chảy: 0.0004, ▁tè: 0.0001, m: 0.0217, ▁le: 0.4877, m: 0.0221, ▁về: 0.046, ▁kho: 0.0076, e: 0.0302, ▁với: 0.0303, ▁mọi: 0.0302, ▁người: 0.051, ▁: 0.3031, hên: 0.0002, ▁quá: 0.0038, ▁có: 0.0568, ▁triệu: 4.5701, ▁4: 0.1365, ▁dư: 0.0008, ▁tiền: 10.6189, ▁để: 7.4304, ▁đóng: 5.3643, <unk>: 5.5605, ▁chứ: 11.2574, ▁nghèo: 10.2569, ▁nghèo: 7.9667, </s>: 1.1543",1.1132,11.2574
4377,Đt: Dùng chế độ Pro nếu cs: S: 1/250 ISO: 400–1600 WB: auto Ưu tiên chế độ 2x,Điện thoại: Dùng chế độ Pro nếu có: Shutter: 1/250 ISO: 400–1600 White balance: auto Ưu tiên chế độ 2x,"<s>: 0.0152, ▁Điện: 1.8583, ▁thoại: 0.0312, :: 0.0331, ▁Dùng: 0.0268, ▁chế: 0.0134, ▁độ: 0.0149, ▁Pro: 0.0068, ▁nếu: 0.0495, ▁có: 0.0732, :: 0.0652, ▁Shu: 9.903, tter: 4.3055, :: 3.3924, ▁1/2: 0.02, 50: 0.0017, ▁ISO: 0.0027, :: 0.0364, ▁400: 0.002, –: 0.4452, 1600: 0.0191, ▁White: 7.153, ▁balance: 7.7729, :: 0.0991, ▁auto: 0.0014, ▁Ưu: 0.0023, ▁tiên: 0.0362, ▁chế: 0.0114, ▁độ: 0.0308, ▁2: 0.0151, x: 0.0583, </s>: 0.0913",1.1121,9.903
2463,Hay đọc Pháp y tần minh ch bà?,Hay đọc Pháp y Tần Minh chưa bà?,"<s>: 0.015, ▁Hay: 0.022, ▁đọc: 0.0213, ▁Pháp: 0.0098, ▁y: 0.0718, ▁Tần: 9.4173, ▁Minh: 2.2861, ▁chưa: 0.1452, ▁bà: 0.0544, ?: 0.0947, </s>: 0.0717",1.1099,9.4173
8457,Fact: C thỏ cắn rất đau n ko cs khái niệm trung thành,Sự thật: Con thỏ cắn rất đau nó không có khái niệm trung thành,"<s>: 0.0156, ▁Sự: 18.3921, ▁thật: 0.8593, :: 3.1158, ▁Con: 0.1117, ▁th: 0.0894, ỏ: 0.0284, ▁c: 0.1075, ắ: 0.0712, n: 0.0411, ▁rất: 0.0173, ▁đau: 0.0077, ▁nó: 0.0407, ▁không: 0.1407, ▁có: 0.0898, ▁khá: 0.0005, i: 0.0475, ▁niệm: 0.0059, ▁trung: 0.0137, ▁thành: 0.0121, </s>: 0.093",1.1096,18.3921
3733,Ko ai hỏi nma fact là trg số các bài vượt lên thì phần lớn đều là fc từng ăn cắp method stream của army 🥰 bảo s ảmu ghét mấy c bật gốc,Không ai hỏi nhưng mà thực tế là trong số các bài vượt lên thì phần lớn đều là fan club từng ăn cắp method stream của ARMY 🥰 bảo sao ARMY ghét mấy con bật gốc,"<s>: 0.0139, ▁Không: 0.0781, ▁ai: 0.0438, ▁hỏi: 0.0167, ▁nhưng: 0.0464, ▁mà: 0.06, ▁thực: 13.4634, ▁tế: 3.5867, ▁là: 0.2873, ▁trong: 0.0202, ▁số: 0.0183, ▁các: 0.0407, ▁bài: 0.0034, ▁vượt: 0.0008, ▁lên: 0.0158, ▁thì: 0.0374, ▁phần: 0.0126, ▁lớn: 0.0243, ▁đều: 0.0124, ▁là: 0.0391, ▁fan: 2.2104, ▁club: 4.4864, ▁từng: 0.0231, ▁ăn: 0.0027, ▁c: 0.0259, ắ: 0.0066, p: 0.008, ▁method: 0.0222, ▁stream: 0.0005, ▁của: 0.0799, ▁ARM: 7.9669, Y: 4.9713, ▁: 0.088, <unk>: 0.0811, ▁bảo: 0.0114, ▁sao: 0.0068, ▁ARM: 10.3064, Y: 1.4059, ▁ghé: 0.0113, t: 0.0259, ▁mấy: 0.0047, ▁con: 0.2907, ▁bật: 0.0002, ▁gốc: 0.0005, </s>: 0.0627",1.1093,13.4634
8916,Full nhóm lun đúng hong bà🥹,Full nhóm luôn đúng không bà 🥹,"<s>: 0.0151, ▁Full: 0.0623, ▁nhóm: 0.0336, ▁luôn: 0.0256, ▁đúng: 0.0215, ▁không: 0.0598, ▁bà: 0.0273, ▁: 8.7784, <unk>: 1.9699, </s>: 0.0772",1.1071,8.7784
3333,Gđình cần pass 8Cat1B - 1 FZB Ank ce gần xa cần vé để thưởng thức 1 buổi hoà nhạc quành tráng,Gia đình cần pass 8Cat1B - 1 FZB Anh chị em gần xa cần vé để thưởng thức một buổi hòa nhạc hoành tráng,"<s>: 0.0182, ▁Gia: 0.0603, ▁đình: 0.0549, ▁cần: 0.0308, ▁pass: 0.0005, ▁8: 0.0113, Cat: 0.2987, 1: 0.0128, B: 0.0327, ▁-: 0.0451, ▁1: 0.0276, ▁: 1.599, FZ: 0.0064, B: 0.0463, ▁Anh: 0.1615, ▁chị: 0.2261, ▁em: 7.6035, ▁gần: 0.0512, ▁xa: 0.0255, ▁cần: 0.0186, ▁vé: 0.0118, ▁để: 0.0878, ▁thưởng: 0.0018, ▁thức: 0.0582, ▁một: 3.4456, ▁buổi: 0.0026, <unk>: 10.2208, ▁nhạc: 0.0126, ▁hoàn: 5.6596, h: 6.5902, ▁trá: 0.0019, ng: 0.0241, </s>: 0.0792",1.1069,10.2208
4132,Ms check tnhan chờ trên ins của mk nka 😍,Miss check tin nhắn chờ trên Instagram của mình nha 😍,"<s>: 0.0148, ▁Miss: 13.0377, ▁check: 0.1473, ▁tin: 0.0112, ▁nhắn: 0.0089, ▁chờ: 0.0088, ▁trên: 0.0299, ▁Instagram: 1.8312, ▁của: 0.1059, ▁mình: 0.0677, ▁nha: 0.0136, ▁: 0.0776, <unk>: 0.0575, </s>: 0.0546",1.1048,13.0377
6689,Lm dev 8-12 màk bác theo em bjk là z,Làm developer 8-12 mà bác theo em biết là thế,"<s>: 0.0159, ▁Làm: 0.0782, ▁developer: 13.1662, ▁8: 0.0081, -12: 0.0096, ▁mà: 0.0876, ▁bác: 0.0165, ▁theo: 0.0283, ▁em: 0.1065, ▁biết: 0.0322, ▁là: 0.0707, ▁thế: 0.6479, </s>: 0.0856",1.1041,13.1662
5100,"ah ơi shao em v ay đc mỗi c moneveo z ạk , a hd em vs ạk","anh ơi sao em vay được mỗi con Moneveo vậy ạ , anh hướng dẫn em với ạ","<s>: 0.0141, ▁anh: 0.0791, ▁ơi: 0.0213, ▁sao: 0.0016, ▁em: 0.0497, ▁vay: 12.7892, ▁được: 0.3273, ▁mỗi: 0.0277, ▁con: 0.1577, ▁Mon: 5.1351, eve: 0.019, o: 0.0447, ▁vậy: 0.5901, ▁ạ: 0.0037, ▁: 0.0656, ,: 0.0726, ▁anh: 0.1427, ▁hướng: 5.5806, ▁dẫn: 0.0028, ▁em: 0.1268, ▁với: 0.0266, ▁ạ: 0.0068, </s>: 0.0986",1.1036,12.7892
1830,Ớt ti cũg thỉnh thoảng zô hỏi thăm tình hình cb dnay s rùi màk 😆,Ét Ti cũng thỉnh thoảng vô hỏi thăm tình hình các bạn dạo này sao rồi mà 😆,"<s>: 0.0144, ▁É: 12.489, t: 5.8739, ▁Ti: 7.355, ▁cũng: 0.4621, ▁th: 0.0073, ỉnh: 0.0012, ▁tho: 0.0589, ảng: 0.0109, ▁vô: 0.0088, ▁hỏi: 0.0355, ▁thăm: 0.0991, ▁tình: 0.0095, ▁hình: 0.0692, ▁các: 0.108, ▁bạn: 0.1007, ▁dạ: 0.4671, o: 0.0016, ▁này: 0.0882, ▁sao: 0.0372, ▁rồi: 0.0304, ▁mà: 0.0503, ▁: 0.0716, <unk>: 0.0763, </s>: 0.0648",1.1036,12.489
7849,Muốn tạo tt riêng up cho Long mak t lười up vid qá🫠,Muốn tạo TikTok riêng up cho Long mà tôi lười up video quá🫠,"<s>: 0.0153, ▁Muốn: 0.0174, ▁tạo: 0.0062, ▁Tik: 8.0757, T: 6.822, ok: 4.1501, ▁riêng: 0.0081, ▁up: 0.0035, ▁cho: 0.0893, ▁Long: 0.0007, ▁mà: 0.0629, ▁tôi: 0.1912, ▁l: 0.0723, ười: 0.0041, ▁up: 0.0107, ▁video: 1.3139, ▁quá: 0.0203, <unk>: 0.0422, </s>: 0.0578",1.1034,8.0757
4477,"M67, 67kg mầm phì nỗi j?","1m67, 67kg mầm phì nỗi gì?","<s>: 0.0153, ▁1: 11.6702, m: 4.8214, 67: 0.0551, ,: 0.1226, ▁67: 0.0113, kg: 0.0162, ▁m: 0.1172, ầ: 0.0048, m: 0.0166, ▁p: 0.5654, hì: 0.0034, ▁nỗi: 0.0015, ▁gì: 0.0306, ?: 0.0733, </s>: 0.064",1.0993,11.6702
6948,"- Nếu là hoạ đổ 🩸, thì cứ ik hiến máo trc he he","- Nếu là họa đổ 🩸, thì cứ đi hiến máu trước he he","<s>: 0.015, ▁-: 0.0332, ▁Nếu: 0.0262, ▁là: 0.0539, <unk>: 8.0167, ▁đổ: 0.0205, ▁: 0.2297, <unk>: 0.0763, ,: 0.1485, ▁thì: 0.0741, ▁cứ: 0.0167, ▁đi: 0.0462, ▁hiến: 0.001, ▁máu: 10.7413, ▁trước: 0.121, ▁he: 0.0074, ▁he: 0.0037, </s>: 0.1166",1.0971,10.7413
3183,"theo cái sơ đồ này thì yêu nhau đc :)))) chạ niên quan huyết thống, 2 bên thông gia hoy","theo cái sơ đồ này thì yêu nhau được :)))) chẳng liên quan huyết thống, hai bên thông gia thôi","<s>: 0.0141, ▁theo: 0.0359, ▁cái: 0.0356, ▁sơ: 0.0008, ▁đồ: 0.0052, ▁này: 0.0384, ▁thì: 0.0595, ▁yêu: 0.0273, ▁nhau: 0.0098, ▁được: 0.0808, <unk>: 0.3678, ): 0.0318, ▁chẳng: 9.9196, ▁liên: 1.5718, ▁quan: 0.0105, ▁huyết: 0.0038, ▁thống: 0.0053, ,: 0.1613, ▁hai: 4.6537, ▁bên: 0.0139, ▁thông: 0.0017, ▁gia: 0.0174, ▁thôi: 9.1735, </s>: 0.0833",1.0968,9.9196
1571,g tui cs ngiu ms cmnl mak n vẫn stalk :)) ( hồi đók nhỏ ds còn gây war zới tui ),giờ tui có người yêu mới con mẹ nó luôn mà nó vẫn stalk :)) ( hồi đó nhỏ đó còn gây war với tui ),"<s>: 0.0145, ▁giờ: 0.053, ▁tui: 0.0931, ▁có: 0.082, ▁người: 0.0285, ▁yêu: 0.1477, ▁mới: 0.0038, ▁con: 7.4205, ▁mẹ: 2.6085, ▁nó: 0.3231, ▁luôn: 7.7298, ▁mà: 12.2389, ▁nó: 0.0346, ▁vẫn: 0.0225, ▁stal: 0.0022, k: 0.0796, <unk>: 0.2913, ▁(: 0.0344, ▁hồi: 0.0062, ▁đó: 0.023, ▁nhỏ: 0.0087, ▁đó: 0.035, ▁còn: 0.0531, ▁gây: 0.0046, ▁war: 0.0121, ▁với: 0.0456, ▁tui: 0.3086, ▁): 0.0131, </s>: 0.0888",1.0968,12.2389
1955,"Đã ha bà ther, cs thể là lỗ lun","Đã hả bà thơ, có thể là lỗ luôn","<s>: 0.0146, ▁Đã: 0.0092, ▁hả: 2.9305, ▁bà: 0.048, ▁thơ: 9.7101, ,: 0.1613, ▁có: 0.1, ▁thể: 0.0184, ▁là: 0.0407, ▁lỗ: 0.0006, ▁luôn: 0.0333, </s>: 0.0932",1.0967,9.7101
3435,da e là da dầu nhạy kảm dễ kích ứng nên dùng g cx cân nhắc đấy c ạk Cerave là ok nhất ạk,da em là da dầu nhạy cảm dễ kích ứng nên dùng gì cũng cân nhắc đấy chị ạ CeraVe là ok nhất ạ,"<s>: 0.014, ▁da: 0.017, ▁em: 0.1032, ▁là: 0.0685, ▁da: 0.0281, ▁dầu: 0.0043, ▁nhạy: 0.0006, ▁cảm: 0.0039, ▁dễ: 0.0232, ▁kích: 0.0006, ▁ứng: 0.0684, ▁nên: 0.0636, ▁dùng: 0.0311, ▁gì: 0.7544, ▁cũng: 0.0645, ▁cân: 0.0008, ▁nhắc: 0.0058, ▁đấy: 0.0099, ▁chị: 0.164, ▁ạ: 0.033, ▁Cer: 12.1889, a: 9.7973, Ve: 6.9513, ▁là: 0.0791, ▁ok: 0.0035, ▁nhất: 0.0583, ▁ạ: 0.0165, </s>: 0.1206",1.0955,12.1889
3628,tui đăng lại lun r chỉ sợ mất acc,tôi đăng lại luôn rồi chỉ sợ mất tài khoản,"<s>: 0.0138, ▁tôi: 2.5817, ▁đăng: 0.0052, ▁lại: 0.0705, ▁luôn: 0.0326, ▁rồi: 0.02, ▁chỉ: 0.0374, ▁sợ: 0.0162, ▁mất: 0.0083, ▁tài: 10.2248, ▁khoản: 0.0575, </s>: 0.0762",1.0954,10.2248
5448,Đã hiền còn dzai đẹp gái nũa🫶,Đã hiền còn đẹp trai đẹp gái nữa🫶,"<s>: 0.0168, ▁Đã: 0.0103, ▁h: 0.0537, iền: 0.0023, ▁còn: 0.0566, ▁đẹp: 1.7496, ▁trai: 2.3333, ▁đẹp: 7.857, ▁gái: 0.1623, ▁nữa: 0.706, <unk>: 0.093, </s>: 0.0682",1.0924,7.857
5007,Nên bỏ ik nếu cầm tiền nhớ đến tx thì mua đồ cho bthan hoặc ng thân,Nên bỏ đi nếu cầm tiền nhớ đến tài xỉu thì mua đồ cho bản thân hoặc người thân,"<s>: 0.0141, ▁Nên: 0.0107, ▁bỏ: 0.0188, ▁đi: 0.031, ▁nếu: 0.0487, ▁cầm: 0.0091, ▁tiền: 0.0231, ▁nhớ: 0.0243, ▁đến: 0.0257, ▁tài: 6.8751, ▁x: 7.3207, ỉ: 6.3754, u: 3.9599, ▁thì: 0.0521, ▁mua: 0.016, ▁đồ: 0.0157, ▁cho: 0.0527, ▁bản: 0.0033, ▁thân: 0.038, ▁hoặc: 0.0197, ▁người: 0.0837, ▁thân: 0.0163, </s>: 0.0847",1.0921,7.3207
8748,Hên xui mò.,Hên xui mà.,"<s>: 0.017, ▁H: 0.1299, ên: 0.0074, ▁xu: 0.0056, i: 0.049, ▁mà: 8.3306, .: 0.1294, </s>: 0.0652",1.0918,8.3306
1542,Tsb nyc t ct 2 năm r vẫn còn để recap2025 mặt t^^ xg dnay th chập chờn đấy stalk ig t nx.,Tiên sư bố người yêu cũ tôi chia tay 2 năm rồi vẫn còn để recap 2025 mặt tôi^^ xong dạo này thằng chập chờn đấy stalk instagram tôi nữa.,"<s>: 0.0151, ▁Tiên: 13.9423, ▁sư: 9.3091, ▁bố: 4.1214, ▁người: 0.011, ▁yêu: 0.017, ▁cũ: 0.0203, ▁tôi: 0.1111, ▁chia: 0.016, ▁tay: 0.0098, ▁2: 0.027, ▁năm: 0.0208, ▁rồi: 0.0304, ▁vẫn: 0.019, ▁còn: 0.0255, ▁để: 0.0337, <unk>: 1.3139, ▁2025: 5.3602, ▁mặt: 0.019, ▁tôi: 0.1056, <unk>: 2.205, ▁xong: 0.1625, ▁dạ: 1.0179, o: 0.0011, ▁này: 0.0685, ▁thằng: 2.1349, ▁ch: 0.023, ập: 0.0025, ▁chờ: 0.0034, n: 0.0674, ▁đấy: 0.0238, ▁stal: 0.0006, k: 0.046, ▁instagram: 0.7951, ▁tôi: 0.1491, ▁nữa: 0.0631, .: 0.0633, </s>: 0.0751",1.0903,13.9423
2533,SQ kiểu này tước quân tịch lun,Sĩ quan kiểu này tước quân tịch luôn,"<s>: 0.0156, ▁S: 1.0321, ĩ: 10.8945, ▁quan: 0.6698, ▁kiểu: 0.2718, ▁này: 0.0299, ▁t: 0.036, ước: 0.0029, ▁quân: 0.0035, ▁tịch: 0.0012, ▁luôn: 0.0226, </s>: 0.0854",1.0888,10.8945
3929,"- ĐƯƠNG NHIÊN LÀ KO, ZAI THẲNG THÌ CƯỚI 🆑 ZÌ","- ĐƯƠNG NHIÊN LÀ KHÔNG, TRAI THẲNG THÌ CƯỚI CÁI LỒN GÌ","<s>: 0.0152, ▁-: 0.0451, ▁Đ: 0.0289, ƯƠNG: 0.0247, ▁NH: 0.011, IÊN: 0.0008, ▁L: 0.1241, À: 0.031, ▁KHÔNG: 0.5341, ,: 0.0407, ▁TRA: 6.7609, I: 0.0484, ▁TH: 0.023, Ẳ: 0.006, NG: 0.0291, ▁TH: 0.0388, Ì: 0.0053, ▁C: 0.0366, Ư: 0.0107, Ớ: 0.0122, I: 0.0836, ▁C: 7.5332, Á: 4.6122, I: 0.4158, ▁L: 4.7453, Ồ: 3.3359, N: 1.4326, ▁G: 2.6092, Ì: 0.0062, </s>: 0.0535",1.0885,7.5332
6345,ba em nay tìm đc ziệc rùi cũg gần nhà ...hẹ hẹ .,ba em nay tìm được việc rồi cũng gần nhà ...hehe .,"<s>: 0.0141, ▁ba: 0.054, ▁em: 0.1111, ▁nay: 0.0128, ▁tìm: 0.0253, ▁được: 0.0692, ▁việc: 0.0089, ▁rồi: 0.13, ▁cũng: 0.0462, ▁gần: 0.0204, ▁nhà: 0.0485, ▁...: 0.1028, hehe: 10.9728, ▁: 5.6492, .: 0.0526, </s>: 0.0684",1.0866,10.9728
7555,"API gemini mk dùng Rag để tích hợp luận giải, lá số là mk tự an bằng kthuc của mik.","API Gemini mình dùng RAG để tích hợp luận giải, lá số là mình tự an bằng kiến thức của mình.","<s>: 0.0123, ▁API: 0.0604, ▁Ge: 4.5133, mini: 0.0011, ▁mình: 0.08, ▁dùng: 0.0282, ▁RA: 17.5469, G: 5.9557, ▁để: 0.0504, ▁tích: 0.0022, ▁hợp: 0.0618, ▁luận: 0.0068, ▁giải: 0.0086, ,: 0.1134, ▁lá: 0.0026, ▁số: 0.0046, ▁là: 0.0705, ▁mình: 0.0756, ▁tự: 0.0204, ▁an: 0.0035, ▁bằng: 0.0118, ▁kiến: 0.37, ▁thức: 0.046, ▁của: 0.1301, ▁mình: 0.0103, .: 0.0795, </s>: 0.0506",1.0858,17.5469
1820,"🤣🤣🤣 bộ t bỏ lỡ dzề hả, twa ngủ sớm.","🤣🤣🤣 bộ tôi bỏ lỡ gì hả, tối qua ngủ sớm.","<s>: 0.0155, ▁: 0.1111, <unk>: 0.0252, <unk>: 0.062, <unk>: 0.1136, ▁bộ: 0.0154, ▁tôi: 0.1771, ▁bỏ: 0.0056, ▁l: 0.0767, ỡ: 0.0103, ▁gì: 0.0351, ▁hả: 0.0065, ,: 0.0909, ▁tối: 10.8315, ▁qua: 8.8995, ▁ngủ: 0.0121, ▁sớm: 0.0081, .: 0.07, </s>: 0.0606",1.0856,10.8315
8648,còn Guma t-thì s ạk...,còn Guma thì sao ạ...,"<s>: 0.0155, ▁còn: 0.094, ▁Gum: 0.0011, a: 0.0976, ▁thì: 9.4, ▁sao: 0.0352, ▁ạ: 0.0278, ...: 0.032, </s>: 0.0636",1.0852,9.4
9153,Ph lòng chỉ r☺️🤌,Phải lòng chị rồi ☺️🤌,"<s>: 0.0169, ▁Phải: 0.0309, ▁lòng: 0.0028, ▁chị: 3.0101, ▁rồi: 0.1543, ▁: 7.1826, <unk>: 0.0475, <unk>: 0.0479, <unk>: 0.2694, </s>: 0.078",1.084,7.1826
2664,"Kảm ơn b, xin phép đây sẽ là tư liệu vt tiểu thuyết của mìn, sia sịa :v","Cảm ơn bạn, xin phép đây sẽ là tư liệu viết tiểu thuyết của mình, xin xỏ :v","<s>: 0.0149, ▁Cảm: 0.0342, ▁ơn: 0.0164, ▁bạn: 0.0438, ,: 0.0815, ▁xin: 0.0175, ▁phép: 0.0047, ▁đây: 0.02, ▁sẽ: 0.0375, ▁là: 0.0461, ▁tư: 0.0071, ▁liệu: 0.0054, ▁viết: 0.0706, ▁tiểu: 0.0038, ▁thuyết: 0.0127, ▁của: 0.0959, ▁mình: 0.0748, ,: 0.1056, ▁xin: 10.2208, ▁x: 4.3808, ỏ: 7.54, ▁:: 3.0565, v: 0.0487, </s>: 0.0622",1.0834,10.2208
3597,Mik đã saved khoảng ~900 điểm ăn uống và ~450 quán cf cs tiếng (hoặc ko :D ) ở tất cả các quận Hà Nội để ik kiểm thử,Mình đã lưu khoảng gần 900 điểm ăn uống và gần 450 quán cà phê có tiếng (hoặc không :D ) ở tất cả các quận Hà Nội để đi kiểm thử,"<s>: 0.015, ▁Mình: 0.0389, ▁đã: 0.0334, ▁lưu: 10.2888, ▁khoảng: 3.8776, ▁gần: 11.0889, ▁900: 1.7898, ▁điểm: 0.0143, ▁ăn: 0.0232, ▁uống: 0.013, ▁và: 0.0693, ▁gần: 10.2418, ▁450: 0.6771, ▁quán: 0.0128, ▁cà: 1.2087, ▁phê: 0.0018, ▁có: 0.0377, ▁tiếng: 0.0028, ▁(: 0.0417, ho: 0.1093, ặc: 0.038, ▁không: 0.026, ▁:: 0.0033, D: 0.0333, ▁): 0.0229, ▁ở: 0.0391, ▁tất: 0.0138, ▁cả: 0.0281, ▁các: 0.0425, ▁quận: 0.0035, ▁Hà: 0.0132, ▁Nội: 0.0136, ▁để: 0.0464, ▁đi: 0.0409, ▁kiểm: 0.0016, ▁thử: 0.0195, </s>: 0.081",1.0825,11.0889
8998,Ơ Z LÀ NẮM TAY ÀH???????,Ơ THẾ LÀ NẮM TAY À???????,"<s>: 0.0167, ▁: 0.0752, Ơ: 0.0063, ▁TH: 7.0326, Ế: 5.5969, ▁L: 2.1042, À: 0.0148, ▁N: 0.0244, Ắ: 0.1402, M: 0.1033, ▁: 0.5435, TAY: 0.0032, ▁À: 0.0278, <unk>: 0.4554, </s>: 0.0875",1.0821,7.0326
7666,Tư vi cần các thông tìn nhỉ b ưii,Tử vi cần các thông tin nhỉ bạn ơi,"<s>: 0.0151, ▁Tử: 10.2021, ▁vi: 0.0309, ▁cần: 0.0395, ▁các: 0.0961, ▁thông: 0.0042, ▁tin: 0.5844, ▁nhỉ: 0.3764, ▁bạn: 0.0518, ▁ơi: 0.4058, </s>: 0.0755",1.0802,10.2021
3602,ở long biên thì đừng quên quán nem nướng hoa béo vs bánh tráng khánh bếu nhé,ở Long Biên thì đừng quên quán nem nướng hoa béo với bánh tráng khánh béo nhé,"<s>: 0.0134, ▁ở: 0.2169, ▁Long: 4.8646, ▁Biên: 0.5849, ▁thì: 0.0592, ▁đừng: 0.006, ▁quên: 0.0031, ▁quán: 0.0136, ▁nem: 0.0068, ▁nướng: 0.0007, ▁hoa: 0.0414, ▁béo: 0.0075, ▁với: 0.0401, ▁bánh: 0.0068, ▁trá: 0.0004, ng: 0.035, ▁khá: 0.0017, nh: 0.0767, ▁béo: 16.6134, ▁nhé: 0.008, </s>: 0.0667",1.0794,16.6134
5152,uho shopee tới tận nhà cái bọn kiểu này cho cno bt điều.,ủng hộ Shopee tới tận nhà cái bọn kiểu này cho chúng nó biết điều.,"<s>: 0.0161, ▁ủng: 12.4542, ▁hộ: 1.0536, ▁Shop: 6.1691, ee: 0.0001, ▁tới: 0.0381, ▁tận: 0.0097, ▁nhà: 0.0265, ▁cái: 0.0617, ▁bọn: 0.0041, ▁kiểu: 0.0157, ▁này: 0.0384, ▁cho: 0.0525, ▁chúng: 0.0173, ▁nó: 0.23, ▁biết: 0.064, ▁điều: 0.0519, .: 0.0951, </s>: 0.0889",1.0782,12.4542
8873,GIÁ NHƯ + BẬT N LÊN,GIÁ NHƯ + BẬT NÓ LÊN,"<s>: 0.0163, ▁GIÁ: 0.0043, ▁NH: 0.0385, Ư: 0.0049, ▁+: 0.0294, ▁B: 0.0373, Ậ: 0.0039, T: 0.1168, ▁N: 0.175, Ó: 9.0252, ▁L: 4.5015, ÊN: 0.001, </s>: 0.0554",1.0777,9.0252
3637,Save lại sẵn luonn năm sau về tìm khó,Lưu lại sẵn luôn năm sau về tìm khó,"<s>: 0.0152, ▁Lưu: 11.4898, ▁lại: 0.0721, ▁sẵn: 0.0022, ▁luôn: 0.002, ▁năm: 0.0166, ▁sau: 0.0549, ▁về: 0.047, ▁tìm: 0.0237, ▁khó: 0.0509, </s>: 0.0796",1.0776,11.4898
8914,Lô hỗ trợ suộc 8k cho zone online hsau lunnn nka Lô🥹,Lô hỗ trợ source 8k cho zone online hôm sau luôn nha Lô 🥹,"<s>: 0.0148, ▁L: 0.0923, ô: 0.074, ▁hỗ: 0.0034, ▁trợ: 0.0171, ▁source: 10.999, ▁8: 0.0616, k: 0.08, ▁cho: 0.0588, ▁zone: 0.0001, ▁online: 0.0016, ▁hôm: 0.0571, ▁sau: 0.0418, ▁luôn: 0.0317, ▁nha: 0.0071, ▁L: 0.032, ô: 0.0433, ▁: 7.9312, <unk>: 1.8849, </s>: 0.054",1.0743,10.999
3266,Bộ giữ phù hợp ra mắt giỗ chạp hơn,Bộ giữa phù hợp ra mắt giỗ chạp hơn,"<s>: 0.0154, ▁Bộ: 0.0124, ▁giữa: 13.5335, ▁phù: 0.0301, ▁hợp: 0.041, ▁ra: 0.0472, ▁mắt: 0.0323, ▁gi: 0.0143, ỗ: 0.0058, ▁ch: 0.0885, ạp: 0.0134, ▁hơn: 0.0464, </s>: 0.0848",1.0742,13.5335
1572,Stalk cx cs thay đôie đc j đâu,Stalk cũng có thay đổi được gì đâu,"<s>: 0.0147, ▁Stal: 0.0332, k: 0.2139, ▁cũng: 0.101, ▁có: 0.0808, ▁thay: 0.0241, ▁đổi: 11.0542, ▁được: 0.1449, ▁gì: 0.0287, ▁đâu: 0.0225, </s>: 0.0642",1.0711,11.0542
8963,Nhà ở ngoại thành ( thanh oai) ngày nào cg ik lm ở láng hạ 27-28km bạc mặt ra,Nhà ở ngoại thành ( Thanh Oai ) ngày nào cũng đi làm ở Láng Hạ 27-28km bạc mặt ra,"<s>: 0.0146, ▁Nhà: 0.0572, ▁ở: 0.0493, ▁ngoại: 0.0167, ▁thành: 0.0199, ▁(: 0.045, ▁Thanh: 6.0991, ▁O: 1.3292, ai: 0.0022, ▁): 8.9023, ▁ngày: 0.0152, ▁nào: 0.015, ▁cũng: 0.0426, ▁đi: 0.0325, ▁làm: 0.106, ▁ở: 0.0332, ▁Lá: 5.5677, ng: 0.0154, ▁Hạ: 5.3123, ▁27: 0.0023, -28: 0.0255, km: 0.0223, ▁bạc: 0.0, ▁mặt: 0.0154, ▁ra: 0.0454, </s>: 0.0535",1.0708,8.9023
9116,Hay là 🙄con Quỳnh 👩🏻nó sai m quyến rũ🫦 thk Kiên?,Hay là con Quỳnh nó sai mày quyến rũ thằng Kiên?,"<s>: 0.0157, ▁Hay: 0.0147, ▁là: 0.0339, ▁con: 4.127, ▁Qu: 0.0036, ỳ: 0.0045, nh: 0.0092, ▁nó: 9.5248, ▁sai: 0.0321, ▁mày: 0.106, ▁quyến: 0.0031, ▁rũ: 0.0016, ▁thằng: 4.1917, ▁Ki: 0.0052, ên: 0.0108, ?: 0.0462, </s>: 0.0719",1.0707,9.5248
9044,vuýp dị bà🙂‍↕️,vip vậy bà 🙂‍↕️,"<s>: 0.0162, ▁vip: 7.1456, ▁vậy: 2.0301, ▁bà: 0.027, <unk>: 0.1495, ▁: 0.0657, <unk>: 0.0622, <unk>: 0.0706, </s>: 0.0644",1.0702,7.1456
7904,Sớm ms kiu ảnh chở về dùm cái ảnh mượnn mền 40 k,Sớm mới kêu ảnh chở về giùm cái ảnh mượn mền 40k,"<s>: 0.0158, ▁S: 0.0153, ớ: 0.0044, m: 0.0576, ▁mới: 0.014, ▁kêu: 8.7393, ▁ảnh: 0.7115, ▁chở: 0.0058, ▁về: 0.0859, ▁gi: 5.8842, ù: 0.0084, m: 0.0911, ▁cái: 0.0731, ▁ảnh: 0.2336, ▁m: 0.0355, ượn: 0.0033, ▁m: 3.8299, ề: 0.0174, n: 0.1032, ▁40: 0.003, k: 3.4256, </s>: 0.0877",1.0657,8.7393
676,📢 UPDATE: TRƯƠNG LĂNG HÁCH GỬI LỜI XINLOI TRG BÀI ĐĂNG MS NHẤT TRÊN INSTAGRAM.,📢 UPDATE: TRƯƠNG LĂNG HÁCH GỬI LỜI XIN LỖI TRONG BÀI ĐĂNG MỚI NHẤT TRÊN INSTAGRAM.,"<s>: 0.0147, ▁: 0.0779, <unk>: 0.0354, <unk>: 0.0493, :: 0.0468, ▁TR: 0.009, ƯƠNG: 0.0096, ▁L: 0.066, Ă: 0.0134, NG: 0.0205, ▁H: 0.0368, Á: 0.063, CH: 0.0505, ▁G: 0.035, Ử: 0.0363, I: 0.0393, ▁L: 0.0367, Ờ: 0.007, I: 0.0703, ▁X: 7.7582, IN: 1.6091, ▁L: 5.7607, Ỗ: 7.1781, I: 0.096, ▁TR: 11.6689, ONG: 3.1217, ▁B: 0.0303, ÀI: 0.0018, ▁Đ: 0.0296, Ă: 0.0134, NG: 0.0328, ▁MỚI: 4.1925, ▁NHẤT: 0.0706, ▁TR: 0.1419, ÊN: 0.0024, ▁INS: 0.0001, TAG: 0.0001, RAM: 0.002, .: 0.0716, </s>: 0.0719",1.0643,11.6689
5345,Kco j kiếm tiền nh bằnng,Không có gì kiếm tiền nhiều bằng,"<s>: 0.0153, ▁Không: 0.0826, ▁có: 0.1312, ▁gì: 0.0391, ▁kiếm: 0.0099, ▁tiền: 0.0141, ▁nhiều: 0.0471, ▁bằng: 8.9489, </s>: 0.2834",1.0635,8.9489
5367,Mik đg tíh tối dkí chạy grab đêm nèk b,Mình đang tính tối đăng ký chạy Grab đêm nè bạn,"<s>: 0.0143, ▁Mình: 0.0479, ▁đang: 0.0766, ▁tính: 0.0047, ▁tối: 0.0066, ▁đăng: 3.2951, ▁ký: 0.0205, ▁chạy: 0.0111, ▁Grab: 10.1424, ▁đêm: 0.0161, ▁nè: 0.0477, ▁bạn: 0.0423, </s>: 0.0837",1.0622,10.1424
8465,=))))))) hê hê llab tặng quà 8/3 cuối ngày cho nên tôi đã quên ik nhx bức ảnh sương lens kia=))) tất cả là qkhu r,=))))))) hê hê llab tặng quà mùng 8 tháng 3 cuối ngày cho nên tôi đã quên đi những bức ảnh sương lens kia=))) tất cả là quá khứ rồi,"<s>: 0.0154, ▁=): 0.0013, <unk>: 0.0266, ▁hê: 0.0275, ▁hê: 0.0162, ▁: 4.1126, llab: 0.9325, ▁tặng: 0.0052, ▁quà: 0.0079, ▁m: 14.4018, ùng: 2.3722, ▁8: 0.0748, ▁tháng: 6.1171, ▁3: 7.0835, ▁cuối: 0.035, ▁ngày: 0.0438, ▁cho: 0.0868, ▁nên: 0.0456, ▁tôi: 0.0595, ▁đã: 0.062, ▁quên: 0.0014, ▁đi: 0.0275, ▁những: 0.0606, ▁bức: 0.0203, ▁ảnh: 0.0415, ▁s: 0.0376, ương: 0.0005, ▁len: 0.0001, s: 0.0149, ▁kia: 0.029, =: 0.011, ))): 0.0189, ▁tất: 0.005, ▁cả: 0.0148, ▁là: 0.0384, ▁quá: 2.2555, ▁khứ: 3.1641, ▁rồi: 0.0153, </s>: 0.1144",1.0615,14.4018
5188,Giúp em vs mn hiện tại em bị nợ spaylater 1 tháng r😭 bên đấy cứ nhắn cho ng nhà em em cs thiện chí trả nhg hiện tại em ko đủ khả năng,Giúp em với mọi người hiện tại em bị nợ SPayLater 1 tháng rồi😭 bên đấy cứ nhắn cho người nhà em em có thiện chí trả nhưng hiện tại em không đủ khả năng,"<s>: 0.0151, ▁Gi: 0.0252, úp: 0.0486, ▁em: 0.0358, ▁với: 0.0254, ▁mọi: 0.0165, ▁người: 0.0414, ▁hiện: 0.0101, ▁tại: 0.0339, ▁em: 0.0271, ▁bị: 0.0647, ▁nợ: 0.0056, ▁S: 13.3845, Pay: 11.4277, La: 13.1769, ter: 4.2926, ▁1: 0.0157, ▁tháng: 0.0223, ▁rồi: 0.0631, <unk>: 0.9167, ▁bên: 0.0254, ▁đấy: 0.0203, ▁cứ: 0.0084, ▁nhắn: 0.0142, ▁cho: 0.0871, ▁người: 0.084, ▁nhà: 0.0495, ▁em: 0.0544, ▁em: 0.1376, ▁có: 0.0913, ▁thiện: 0.0031, ▁chí: 0.0124, ▁trả: 0.0196, ▁nhưng: 0.0557, ▁hiện: 0.0262, ▁tại: 0.0192, ▁em: 0.0426, ▁không: 0.0437, ▁đủ: 0.0166, ▁khả: 0.0072, ▁năng: 0.0205, </s>: 0.077",1.0611,13.3845
4620,• Tgian: 7h-16h (nghỉ giữa ca 1h),• Thời gian: 7 giờ - 16 giờ (nghỉ giữa ca 1 giờ),"<s>: 0.0185, ▁•: 0.0027, ▁Thời: 0.0672, ▁gian: 0.0384, :: 0.0433, ▁7: 0.0086, ▁giờ: 3.3224, ▁-: 14.0798, ▁16: 1.3411, ▁giờ: 0.9866, ▁(: 0.0263, ng: 0.0078, h: 0.0255, ỉ: 0.0016, ▁giữa: 0.0192, ▁ca: 0.032, ▁1: 0.0189, ▁giờ: 1.0628, ): 0.0371, </s>: 0.078",1.0609,14.0798
8945,b zai em ik mua kem cho em rùi ạk!,- bạn trai em đi mua kem cho em rồi ạ!,"<s>: 0.0151, ▁-: 14.052, ▁bạn: 0.126, ▁trai: 0.0499, ▁em: 0.1351, ▁đi: 0.0283, ▁mua: 0.0286, ▁kem: 0.003, ▁cho: 0.1279, ▁em: 0.0563, ▁rồi: 0.0867, ▁ạ: 0.0204, !: 0.0388, </s>: 0.0655",1.0596,14.052
8984,tui ship cà hai nhma post nay tui cs tag chiều cp í….,tui ship cả hai nhưng mà post này tui có tag chiều couple ý….,"<s>: 0.0141, ▁tui: 0.0886, ▁ship: 0.0056, ▁cả: 12.0218, ▁hai: 0.0726, ▁nhưng: 0.0307, ▁mà: 0.0439, ▁post: 0.0032, ▁này: 3.6596, ▁tui: 0.1251, ▁có: 0.0743, ▁tag: 0.0002, ▁chiều: 0.0096, ▁couple: 2.2671, ▁ý: 0.4689, .: 0.1065, ...: 0.0181, </s>: 0.0547",1.0591,12.0218
5258,"1: Bùng VAYVND : thì cs bị lên nợ xấu, cic k?","1: Bùng VayVND : thì có bị lên nợ xấu, CIC không?","<s>: 0.0155, ▁1:: 0.0209, ▁B: 0.0179, ùng: 0.0037, ▁Va: 6.7403, y: 3.7646, VN: 0.2258, D: 0.051, ▁:: 0.0335, ▁thì: 0.0742, ▁có: 0.0965, ▁bị: 0.091, ▁lên: 0.1812, ▁nợ: 0.0042, ▁xấu: 0.0027, ,: 0.1383, ▁C: 8.4661, IC: 2.0871, ▁không: 0.0951, ?: 0.0527, </s>: 0.0691",1.0586,8.4661
5499,đào lửa đừng tìm em 🥹 Ai uy tín thì ib em zới ạk Em kảm ơn mn nh 🫶🏻,lừa đảo đừng tìm em 🥹 Ai uy tín thì inbox em với ạ Em cảm ơn mọi người nhiều 🫶🏻,"<s>: 0.0144, ▁lừa: 13.3668, ▁đảo: 13.6427, ▁đừng: 0.0152, ▁tìm: 0.0159, ▁em: 0.0407, ▁: 0.0455, <unk>: 0.0416, ▁Ai: 0.0782, ▁uy: 0.0014, ▁tín: 0.019, ▁thì: 0.1195, ▁in: 0.3882, box: 0.0621, ▁em: 0.0915, ▁với: 0.035, ▁ạ: 0.0086, ▁Em: 0.026, ▁cảm: 0.1126, ▁ơn: 0.0311, ▁mọi: 0.0817, ▁người: 0.0718, ▁nhiều: 0.0172, ▁: 0.0877, <unk>: 0.0701, <unk>: 0.048, </s>: 0.0352",1.0581,13.6427
9141,"ê lm fan Tongtai nhà mik sướng kinh khủng, toàn nhận quà khủng í","ê làm fan Tổng tài nhà mình sướng kinh khủng, toàn nhận quà khủng ý","<s>: 0.0156, ▁ê: 0.0012, ▁làm: 0.0177, ▁fan: 0.0062, ▁Tổng: 15.0136, ▁tài: 3.0148, ▁nhà: 0.2609, ▁mình: 0.0162, ▁sướng: 0.0008, ▁kinh: 0.0042, ▁khủng: 0.0064, ,: 0.1075, ▁toàn: 0.0142, ▁nhận: 0.0382, ▁quà: 0.0035, ▁khủng: 0.0009, ▁ý: 0.4609, </s>: 0.06",1.0579,15.0136
9062,z gay that khog để biet,thế gay thật không để biết,"<s>: 0.0148, ▁thế: 0.2887, ▁gay: 0.0002, ▁thật: 7.5006, ▁không: 0.1702, ▁để: 0.1245, ▁biết: 0.2865, </s>: 0.0755",1.0576,7.5006
4587,Cs cần kính nghiệm ko ạk,Có cần kinh nghiệm không ạ,"<s>: 0.0163, ▁Có: 0.0542, ▁cần: 0.0379, ▁kinh: 8.0755, ▁nghiệm: 0.0082, ▁không: 0.1334, ▁ạ: 0.0357, </s>: 0.0852",1.0558,8.0755
72,Ghét cái c mẹ này nhất influencers tt💘 lan fake news cho ngt 44 r coi thg chiến tranh mạng sống ngt nx😵‍💫,Ghét cái con mẹ này nhất influencers tiktok💘 lan fake news cho người ta tự tử rồi coi thường chiến tranh mạng sống người ta nữa😵‍💫,"<s>: 0.0143, ▁Gh: 0.0031, ét: 0.0196, ▁cái: 0.0274, ▁con: 0.221, ▁mẹ: 0.0106, ▁này: 0.0417, ▁nhất: 0.01, ▁influence: 0.0141, rs: 0.0107, ▁tik: 9.4464, tok: 0.0006, <unk>: 0.4892, ▁lan: 0.0033, ▁fake: 0.0002, ▁news: 0.006, ▁cho: 0.0483, ▁người: 0.0376, ▁ta: 0.6773, ▁tự: 16.5509, ▁tử: 6.6337, ▁rồi: 1.6254, ▁coi: 0.0053, ▁thường: 0.1548, ▁chiến: 0.0129, ▁tranh: 0.0039, ▁mạng: 0.005, ▁sống: 0.0156, ▁người: 0.0285, ▁ta: 0.3278, ▁nữa: 0.1291, <unk>: 0.2052, ▁: 0.0883, <unk>: 0.0503, </s>: 0.0341",1.0558,16.5509
8229,ik du hok xjnk gái chanh sảa vi ci eo =))),đi du học xinh gái chanh sả vãi cả lồn =))),"<s>: 0.0152, ▁đi: 0.0557, ▁du: 0.0295, ▁học: 0.0091, ▁xinh: 0.9284, ▁gái: 0.0086, ▁chan: 0.0005, h: 0.0311, ▁s: 0.0668, ả: 0.0218, ▁v: 10.6196, ã: 2.6256, i: 0.1848, ▁cả: 2.4664, ▁lồ: 0.6934, n: 0.0951, ▁=: 2.1298, ))): 0.0238, </s>: 0.0518",1.0556,10.6196
5106,Cuối tháng cmnr mak k bk xoay đâu đc 5m đóng xiền nhà .,Cuối tháng con mẹ nó rồi mà không biết xoay đâu được 5 triệu đóng tiền nhà .,"<s>: 0.0153, ▁Cuối: 0.0163, ▁tháng: 0.014, ▁con: 5.2905, ▁mẹ: 1.8876, ▁nó: 0.5948, ▁rồi: 8.8912, ▁mà: 0.0444, ▁không: 0.0897, ▁biết: 0.2661, ▁xoay: 0.0, ▁đâu: 0.0187, ▁được: 0.0759, ▁5: 0.0095, ▁triệu: 0.6326, ▁đóng: 0.0015, ▁tiền: 3.9607, ▁nhà: 0.0545, ▁: 0.1304, .: 0.0596, </s>: 0.0731",1.0536,8.8912
7457,xog ở dưới thêm 1 loạt nickclone vào seeding là “ ui chuẩn qá mk xem bên chỗ này ig : xxxx siêu chuẩn” ê dm bây thấy ai ik cmt về chỗ ngta từng xem tht màk ns kiểu như chat gpt ig còn hai chấm cẩn thận nvay ch =))))))))) màk 1 loạt cmt y nhau ở mấy vid cs KOC seeding màk mấy má cũg tin cho dc.,xong ở dưới thêm 1 loạt nick clone vào seeding là “ ui chuẩn quá mình xem bên chỗ này Instagram : xxxx siêu chuẩn” ê địt mẹ bây thấy ai đi comment về chỗ người ta từng xem thật mà nói kiểu như ChatGPT Instagram còn hai chấm cẩn thận như vậy chưa =))))))))) mà 1 loạt comment y nhau ở mấy video có KOC seeding mà mấy má cũng tin cho được.,"<s>: 0.0145, ▁xong: 1.5847, ▁ở: 0.0649, ▁dưới: 0.0141, ▁thêm: 0.0243, ▁1: 0.0767, ▁loạt: 0.0034, ▁nick: 0.0008, ▁clo: 3.9304, ne: 0.0043, ▁vào: 0.0386, ▁see: 0.0, ding: 0.0004, ▁là: 0.0663, ▁“: 0.0199, ▁u: 0.0105, i: 0.0453, ▁chuẩn: 0.0008, ▁quá: 0.0109, ▁mình: 0.2116, ▁xem: 0.0309, ▁bên: 0.0065, ▁chỗ: 0.0114, ▁này: 0.0175, ▁Instagram: 4.0209, ▁:: 0.024, ▁xxx: 0.0005, x: 0.0107, ▁siêu: 0.0006, ▁chuẩn: 0.0015, ”: 0.0094, ▁ê: 0.0012, ▁đ: 1.0451, ị: 0.3266, t: 0.0168, ▁mẹ: 0.0703, ▁bây: 0.0035, ▁thấy: 0.0192, ▁ai: 0.0159, ▁đi: 0.0247, ▁comment: 0.2257, ▁về: 0.0407, ▁chỗ: 0.0083, ▁người: 0.0868, ▁ta: 0.0284, ▁từng: 0.0212, ▁xem: 0.0109, ▁thật: 0.0417, ▁mà: 0.0785, ▁nói: 0.0799, ▁kiểu: 0.0031, ▁như: 0.0203, ▁Chat: 5.8701, G: 4.7106, PT: 0.1991, ▁Instagram: 3.7468, ▁còn: 0.2119, ▁hai: 11.4645, ▁chấm: 6.1682, ▁cẩn: 11.7244, ▁thận: 0.1928, ▁như: 6.6063, ▁vậy: 2.6226, </s>: 1.4767",1.0534,11.7244
8961,CS GHEN ĐÂU CS ZÌ MÀK PH GHEN😒,CÓ GHEN ĐÂU CÓ GÌ MÀ PHẢI GHEN 😒,"<s>: 0.0153, ▁C: 1.9575, Ó: 0.0976, ▁G: 0.1289, HEN: 0.0021, ▁Đ: 0.0283, Â: 0.0354, U: 0.1345, ▁C: 1.192, Ó: 0.4904, ▁G: 2.7529, Ì: 0.007, ▁M: 0.0768, À: 0.0043, ▁PH: 0.2545, Ả: 4.5479, I: 1.0248, ▁G: 0.2536, HEN: 0.0005, ▁: 8.2291, <unk>: 1.8466, </s>: 0.0661",1.0521,8.2291
8059,ảnh chở tui đến quán đók mak còn kphai là ăn uống đắt đỏ nka( tổng bill hôm ds ht 340k) v mak ảnh vẫn bảo tui share tiền ds :)) đến đók r ảnh ns v chẳng nhẽ lại ik về xog đến nơi tỏ tình tui :) r tui bị bùa mê thuốc lú zề vẫn ngậm ngùi đồng ý đók bà,ảnh chở tui đến quán đó mà còn không phải là ăn uống đắt đỏ nha( tổng bill hôm đó hết 340k) vậy mà ảnh vẫn bảo tui share tiền đó :)) đến đó rồi ảnh nói vậy chẳng nhẽ lại đi về xong đến nơi tỏ tình tui :) rồi tui bị bùa mê thuốc lú gì vẫn ngậm ngùi đồng ý đó bà,"<s>: 0.0132, ▁ảnh: 0.6478, ▁chở: 0.0045, ▁tui: 0.2046, ▁đến: 0.0609, ▁quán: 0.0171, ▁đó: 0.0613, ▁mà: 0.1038, ▁còn: 0.0112, ▁không: 0.0173, ▁phải: 0.0771, ▁là: 0.0298, ▁ăn: 0.0167, ▁uống: 0.0086, ▁đắt: 0.0088, ▁đỏ: 0.0124, ▁nha: 0.0584, (: 0.0487, ▁tổng: 0.0049, ▁bill: 0.0, ▁hôm: 0.0043, ▁đó: 0.0041, ▁hết: 0.0364, ▁340: 0.0068, k: 0.0171, ): 0.0252, ▁vậy: 0.1364, ▁mà: 0.0139, ▁ảnh: 0.328, ▁vẫn: 0.0188, ▁bảo: 0.0089, ▁tui: 0.3106, ▁share: 0.0004, ▁tiền: 0.0169, ▁đó: 0.0285, <unk>: 1.3561, ▁đến: 0.0212, ▁đó: 0.0273, ▁rồi: 0.016, ▁ảnh: 0.5593, ▁nói: 0.0313, ▁vậy: 0.0253, ▁chẳng: 0.0038, ▁nh: 0.4985, ẽ: 0.0075, ▁lại: 0.1431, ▁đi: 0.0388, ▁về: 0.2005, ▁xong: 1.5115, ▁đến: 0.0556, ▁nơi: 0.0084, ▁tỏ: 0.0004, ▁tình: 0.0172, ▁tui: 0.2594, <unk>: 0.6697, ▁rồi: 10.1547, ▁tui: 5.8659, ▁bị: 7.1498, ▁bù: 10.3609, a: 2.5832, ▁mê: 5.8907, ▁thuốc: 6.6481, ▁lú: 5.6103, </s>: 5.0602",1.049,10.3609
6996,Ib Ju nèk💕 R siêu nhiệt tình lun ạk,Inbox Ju nè💕 Reader siêu nhiệt tình luôn ạ,"<s>: 0.0154, ▁In: 0.0686, box: 0.1059, ▁Ju: 0.0033, ▁nè: 0.066, <unk>: 0.129, ▁Reader: 13.0377, ▁siêu: 0.013, ▁nhiệt: 0.0019, ▁tình: 0.0174, ▁luôn: 0.06, ▁ạ: 0.0273, </s>: 0.0883",1.0487,13.0377
9208,chj lm trg ngành nào và title job chj hướng đến là zề ạk,chị làm trong ngành nào và chức danh công việc chị hướng đến là gì ạ,"<s>: 0.0146, ▁chị: 0.0427, ▁làm: 0.0985, ▁trong: 0.1146, ▁ngành: 0.0077, ▁nào: 0.0755, ▁và: 0.0706, ▁chức: 11.5688, ▁danh: 2.7961, ▁công: 3.5953, ▁việc: 0.0332, ▁chị: 0.1714, ▁hướng: 0.0023, ▁đến: 0.035, ▁là: 0.0807, ▁gì: 0.0324, ▁ạ: 0.0358, </s>: 0.0881",1.048,11.5688
3651,T ph dùng acc clone để hỏi.,Tôi phải dùng tài khoản clone để hỏi.,"<s>: 0.0146, ▁Tôi: 0.2255, ▁phải: 0.0292, ▁dùng: 0.0306, ▁tài: 12.0047, ▁khoản: 0.0185, ▁clo: 0.0002, ne: 0.0034, ▁để: 0.055, ▁hỏi: 0.0308, .: 0.078, </s>: 0.0702",1.0467,12.0047
9371,vcl t còn move on n trg lúc yêu r cơ😔 ctay xog t dỡn trêu luỵ luỵ tí tđn đến tai n n lên nguyên 1 cái tus đ zì kêu t cs ng yêu kêu t bám dính n ưtf cái lồn jv 💆🏽‍♀️🥀,vãi cả lồn tôi còn move on nó trong lúc yêu rồi cơ 😔 chia tay xong tôi giỡn trêu lụy lụy tí thế đéo nào đến tai nó nó lên nguyên một cái status đéo gì kêu tôi có người yêu kêu tôi bám dính nó utf cái lồn gì vậy 💆🏽‍♀️🥀,"<s>: 0.0135, ▁v: 0.0711, ã: 0.0927, i: 0.0987, ▁cả: 0.3175, ▁lồ: 0.2094, n: 0.0992, ▁tôi: 0.1592, ▁còn: 0.0326, ▁move: 0.0002, ▁on: 0.0107, ▁nó: 0.0448, ▁trong: 0.065, ▁lúc: 0.0152, ▁yêu: 0.0354, ▁rồi: 0.076, ▁cơ: 0.0026, ▁: 8.7495, <unk>: 2.4251, ▁chia: 0.0028, ▁tay: 0.0289, ▁xong: 0.0566, ▁tôi: 0.0675, ▁gi: 3.689, ỡ: 0.0029, n: 0.1461, ▁tr: 0.0289, ê: 0.0383, u: 0.0723, ▁l: 4.146, ụ: 2.5146, y: 1.3915, ▁l: 4.6957, ụ: 5.4583, y: 3.3437, ▁tí: 0.0029, ▁thế: 2.3735, ▁đ: 1.2212, é: 0.0304, o: 0.0725, ▁nào: 0.9171, ▁đến: 0.0213, ▁tai: 0.0191, ▁nó: 0.0366, ▁nó: 0.0153, ▁lên: 0.0179, ▁nguyên: 0.0048, ▁một: 3.8846, ▁cái: 0.0302, ▁status: 1.9017, ▁đ: 0.0503, é: 0.0313, o: 0.0705, ▁gì: 0.0765, ▁kêu: 0.0018, ▁tôi: 0.087, ▁có: 0.0679, ▁người: 0.0345, ▁yêu: 0.0128, ▁kêu: 0.0086, ▁tôi: 0.0754, ▁bá: 0.0003, m: 0.055, </s>: 17.6383",1.0463,17.6383
832,Phim tn của mẹ hẹn thêm tuần nx sẽ post.,- Phim tốt nghiệp của mẹ hẹn thêm tuần nữa sẽ post.,"<s>: 0.0138, ▁-: 14.1214, ▁Phi: 0.0167, m: 0.0308, ▁tốt: 2.0858, ▁nghiệp: 0.0122, ▁của: 0.0854, ▁mẹ: 0.0256, ▁hẹn: 0.0041, ▁thêm: 0.0205, ▁tuần: 0.0142, ▁nữa: 0.0734, ▁sẽ: 0.0622, ▁post: 0.0045, .: 0.0929, </s>: 0.074",1.0461,14.1214
1518,Tht ra thì Suya là streamer của Gen nên chuyện dc mời ik xem giải và lên chụp ảnh giao lưu là bth :v bn ý cg hay stream xem Gen bắn giải cổ vũ các kiểu nên t thấy cái luận điểm này k áp dụng đc trg trg hợp này b ạk :v t ns dưới góc độ là 1 fan Chovy theo dõi sự ziệc và k ghét bỏ g nhé,Thật ra thì Suya là streamer của GenG nên chuyện được mời đi xem giải và lên chụp ảnh giao lưu là bình thường :v bạn ấy cũng hay stream xem GenG bắn giải cổ vũ các kiểu nên tôi thấy cái luận điểm này không áp dụng được trong trường hợp này bạn ạ :v tôi nói dưới góc độ là 1 fan Chovy theo dõi sự việc và không ghét bỏ gì nhé,"<s>: 0.0142, ▁Thật: 0.0743, ▁ra: 0.0678, ▁thì: 0.0616, ▁Su: 0.0154, ya: 0.0121, ▁là: 0.0671, ▁stream: 0.0011, er: 0.018, ▁của: 0.1043, ▁Gen: 0.0004, G: 14.2301, ▁nên: 0.4799, ▁chuyện: 0.0149, ▁được: 0.044, ▁mời: 0.007, ▁đi: 0.0585, ▁xem: 0.0243, ▁giải: 0.0161, ▁và: 0.0735, ▁lên: 0.0483, ▁chụp: 0.0027, ▁ảnh: 0.027, ▁giao: 0.0024, ▁lưu: 0.0258, ▁là: 0.0634, ▁bình: 0.0153, ▁thường: 0.0287, ▁:: 0.0209, v: 0.0193, ▁bạn: 0.0482, ▁ấy: 12.0647, ▁cũng: 8.7591, ▁hay: 0.022, ▁stream: 0.001, ▁xem: 0.03, ▁Gen: 0.0005, G: 13.4509, ▁bắn: 0.0074, ▁giải: 0.007, ▁cổ: 0.0033, ▁vũ: 0.0016, ▁các: 0.0394, ▁kiểu: 0.0059, ▁nên: 0.0372, ▁tôi: 0.1097, ▁thấy: 0.0112, ▁cái: 0.0111, ▁luận: 0.0008, ▁điểm: 0.0171, ▁này: 0.0819, ▁không: 0.5762, ▁áp: 0.0181, ▁dụng: 0.0118, ▁được: 0.0663, ▁trong: 0.2289, ▁trường: 0.04, ▁hợp: 0.0068, ▁này: 0.0205, ▁bạn: 0.0387, ▁ạ: 6.268, ▁:: 8.8956, v: 0.2597, </s>: 0.1627",1.046,14.2301
8319,mak gửi bên vtp xog nhận hàng đặt spx ổng hỏi t là “ dnay ko gửi đơn nx hả “ Lúc ds để mấy chục đơn trg p nên ổng ko thấy,mà gửi bên Viettel Post xong nhận hàng đặt Shopee Express ổng hỏi tôi là “ dạo này không gửi đơn nữa hả “ Lúc đó để mấy chục đơn trong phòng nên ổng không thấy,"<s>: 0.0137, ▁mà: 0.0252, ▁gửi: 0.0072, ▁bên: 0.021, ▁Vi: 6.7219, ettel: 2.2061, ▁Post: 6.3019, ▁xong: 1.3433, ▁nhận: 0.0309, ▁hàng: 0.0275, ▁đặt: 0.0138, ▁Shop: 7.8064, ee: 0.2238, ▁Express: 10.6115, ▁ổn: 7.3036, g: 0.0548, ▁hỏi: 0.0304, ▁tôi: 0.1426, ▁là: 0.0508, ▁“: 0.0235, ▁dạ: 0.1232, o: 0.0006, ▁này: 0.0915, ▁không: 0.0813, ▁gửi: 0.0056, ▁đơn: 0.005, ▁nữa: 0.0123, ▁hả: 0.0017, ▁“: 0.0147, ▁Lúc: 0.0809, ▁đó: 0.0079, ▁để: 0.0365, ▁mấy: 0.0087, ▁chục: 0.0004, ▁đơn: 0.0039, ▁trong: 1.0349, ▁phòng: 0.125, ▁nên: 0.0375, ▁ổn: 0.0468, g: 0.0745, ▁không: 0.0691, ▁thấy: 0.0177, </s>: 0.0676",1.0443,10.6115
9136,"Coi mấy bả khoe nhẫn zới dây chuyền của style màk tui muốn khók một dòng sông, hóng ank về hcm quáaaaaa","Coi mấy bà khoe nhẫn với dây chuyền của STYLE mà tôi muốn khóc một dòng sông, hóng anh về Hồ Chí Minh quá","<s>: 0.0136, ▁Co: 0.0706, i: 0.0639, ▁mấy: 0.0135, ▁bà: 5.0068, ▁kho: 0.0046, e: 0.0571, ▁nhẫn: 0.0005, ▁với: 0.1081, ▁dây: 0.0032, ▁chuyền: 0.0021, ▁của: 0.1411, ▁: 12.8582, STYLE: 2.1881, ▁mà: 0.0744, ▁tôi: 1.5282, ▁muốn: 0.0345, ▁khóc: 0.0123, ▁một: 0.0807, ▁dòng: 0.0046, ▁sông: 0.002, ,: 0.1305, ▁hó: 0.0002, ng: 0.0461, ▁anh: 0.0643, ▁về: 0.0937, ▁Hồ: 2.9954, ▁Chí: 0.0213, ▁Minh: 0.0234, ▁quá: 0.0303, </s>: 6.608",1.0413,12.8582
6186,Unipax kcn amata nèk bà apply thử ik,Unipax Khu công nghiệp Amata nè bà apply thử đi,"<s>: 0.0144, ▁Uni: 0.0403, pa: 0.0155, x: 0.0919, ▁Khu: 7.5482, ▁công: 5.1368, ▁nghiệp: 0.378, ▁A: 2.2179, mata: 0.0003, ▁nè: 0.0268, ▁bà: 0.0443, ▁apply: 0.0023, ▁thử: 0.0092, ▁đi: 0.0226, </s>: 0.0621",1.0407,7.5482
2951,"Zạ sốp pass theo đợt và up story IG, nàng follow IG Muse upd nhaaa 💕","Dạ shop pass theo đợt và up story instagram, nàng follow instagram Muse update nha 💕","<s>: 0.0166, ▁Dạ: 0.0549, ▁shop: 0.0862, ▁pass: 0.0003, ▁theo: 0.0289, ▁đợt: 0.0026, ▁và: 0.105, ▁up: 0.0041, ▁story: 0.0053, ▁instagram: 6.2852, ,: 0.1101, ▁nàng: 0.0146, ▁follow: 0.0007, ▁instagram: 4.6015, ▁Muse: 0.0001, ▁update: 8.1487, ▁nha: 0.8934, ▁: 0.3656, <unk>: 0.0505, </s>: 0.0384",1.0406,8.1487
7295,"Hiểu s ank bình trg lui kêu béo r đók, to z cơ mak","Hiểu sao anh Bình trưởng lui kêu béo rồi đó, to thế cơ mà","<s>: 0.0141, ▁Hiểu: 0.0063, ▁sao: 0.0091, ▁anh: 0.0817, ▁Bình: 7.8476, ▁trưởng: 8.6744, ▁lui: 0.0515, ▁kêu: 0.0065, ▁béo: 0.0079, ▁rồi: 0.0465, ▁đó: 0.0139, ,: 0.0812, ▁to: 0.0239, ▁thế: 0.7209, ▁cơ: 0.0054, ▁mà: 0.0207, </s>: 0.0696",1.0401,8.6744
7826,Đứa nào cười là go to hello ht,Đứa nào cười là go to hell hết,"<s>: 0.0153, ▁Đ: 0.0688, ứ: 0.0084, a: 0.0297, ▁nào: 0.018, ▁cười: 0.0065, ▁là: 0.0616, ▁go: 0.0027, ▁to: 0.0041, ▁hell: 0.0002, ▁hết: 12.1712, </s>: 0.0819",1.039,12.1712
7200,mẹ đồ bnh tiền cho quả mv này z 🤸🤸🤸,mẹ đổ bao nhiêu tiền cho quả MV này vậy 🤸🤸🤸,"<s>: 0.0144, ▁mẹ: 0.0357, ▁đổ: 11.7753, ▁bao: 0.0003, ▁nhiêu: 0.038, ▁tiền: 0.0175, ▁cho: 0.097, ▁quả: 0.0015, ▁MV: 2.0986, ▁này: 0.0266, ▁vậy: 0.1979, ▁: 0.0862, <unk>: 0.0784, </s>: 0.0731",1.0386,11.7753
184,Sang m n Campuchia mak lm,Sang mẹ nó Campuchia mà làm,"<s>: 0.0152, ▁Sang: 0.0769, ▁mẹ: 7.9612, ▁nó: 0.0503, ▁Campuchia: 0.0179, ▁mà: 0.0392, ▁làm: 0.0519, </s>: 0.0894",1.0378,7.9612
1543,Sợ kh dám public lunnn.,Sợ không dám công khai luôn.,"<s>: 0.0152, ▁S: 0.021, ợ: 0.0228, ▁không: 0.094, ▁dám: 0.0094, ▁công: 10.0017, ▁khai: 0.0106, ▁luôn: 0.0183, .: 0.0911, </s>: 0.0816",1.0366,10.0017
7735,ns j z k hỉu =)))),nói gì vậy không hiểu =)))),"<s>: 0.016, ▁nói: 0.057, ▁gì: 0.0356, ▁vậy: 0.3371, ▁không: 0.097, ▁hiểu: 8.6504, ▁=: 0.0072, <unk>: 0.0464, </s>: 0.0801",1.0363,8.6504
8821,chắc t khó tíh hoặc là cổ hủ nên thấy chuyện qhtd bg bị xem nhẹ.,Chắc tôi khó tính hoặc là cổ hủ nên thấy chuyện quan hệ tình dục bây giờ bị xem nhẹ.,"<s>: 0.0145, ▁C: 14.2781, hắc: 0.3856, ▁tôi: 0.1456, ▁khó: 0.0118, ▁tính: 0.0024, ▁hoặc: 0.033, ▁là: 0.0474, ▁cổ: 0.0021, ▁h: 0.0091, ủ: 0.008, ▁nên: 0.0694, ▁thấy: 0.0302, ▁chuyện: 0.013, ▁quan: 0.1209, ▁hệ: 1.3463, ▁tình: 4.0745, ▁dục: 2.0824, ▁bây: 2.9424, ▁giờ: 0.0057, ▁bị: 0.0688, ▁xem: 0.0075, ▁nhẹ: 0.0026, .: 0.092, </s>: 0.0813",1.035,14.2781
9311,Ờm tui TB nhma tui dễ move on =)))),Ờm tui Thiên Bình nhưng mà tôi dễ move on =)))),"<s>: 0.0162, ▁: 0.1656, Ờ: 0.0068, m: 0.0872, ▁tui: 0.2165, ▁Thiên: 12.3334, ▁Bình: 1.6284, ▁nhưng: 0.0644, ▁mà: 0.0527, ▁tôi: 1.8316, ▁dễ: 0.0094, ▁move: 0.0006, ▁on: 0.0045, ▁=: 0.0183, <unk>: 0.0394, </s>: 0.0578",1.0333,12.3334
8113,Valentines ik ăn xiên bẩn hok bờ rô?,Valentines đi ăn xiên bẩn không bro?,"<s>: 0.0149, ▁Valentine: 0.0044, s: 0.113, ▁đi: 0.0364, ▁ăn: 0.0288, ▁xi: 0.0355, ên: 0.0402, ▁b: 0.0064, ẩ: 0.0133, n: 0.0318, ▁không: 0.9075, ▁bro: 13.0516, ?: 0.0793, </s>: 0.0826",1.0318,13.0516
8720,em cs hỏi ny thì ny em bảo b kia là lé biên thì cs bất thg kh hay do em nhạy kảm ta!,em có hỏi người yêu thì người yêu em bảo bạn kia là les thì có bất thường không hay do em nhạy cảm ta!,"<s>: 0.0152, ▁em: 0.1061, ▁có: 0.0529, ▁hỏi: 0.0111, ▁người: 0.0139, ▁yêu: 0.1186, ▁thì: 0.1314, ▁người: 0.002, ▁yêu: 0.0798, ▁em: 0.0377, ▁bảo: 0.0401, ▁bạn: 0.0877, ▁kia: 0.0402, ▁là: 0.104, ▁les: 9.3192, ▁thì: 17.7776, ▁có: 0.1205, ▁bất: 0.0059, ▁thường: 0.3837, ▁không: 0.0359, ▁hay: 0.1077, ▁do: 0.0581, ▁em: 0.1195, ▁nhạy: 0.0002, ▁cảm: 0.0056, ▁ta: 0.0254, !: 0.028, </s>: 0.0566",1.0316,17.7776
3255,Úc kco xklđ 2.,Úc không có xuất khẩu lao động 2.,"<s>: 0.0154, ▁Úc: 0.0168, ▁không: 0.0445, ▁có: 0.0647, ▁xuất: 8.0325, ▁khẩu: 0.2227, ▁la: 2.6776, o: 0.1593, ▁động: 0.023, ▁2.: 0.0226, </s>: 0.0671",1.0315,8.0325
5650,Vp ở Hoàng Đạo Thuý - Thanh Xuân nka,Văn phòng ở Hoàng Đạo Thúy - Thanh Xuân nha,"<s>: 0.0154, ▁Văn: 0.7974, ▁phòng: 0.157, ▁ở: 0.0633, ▁Hoàng: 0.0061, ▁Đạo: 0.0146, ▁Thú: 10.0397, y: 2.0633, ▁-: 0.0364, ▁Thanh: 0.0231, ▁Xuân: 0.0027, ▁nha: 0.0499, </s>: 0.075",1.0264,10.0397
757,giá cũg tầm 150-170k/90’ tuỳ onl hay off th ạk.,giá cũng tầm 150-170k/90 phút tuỳ online hay offline thôi ạ.,"<s>: 0.0144, ▁giá: 0.1166, ▁cũng: 0.0385, ▁tầm: 0.0031, ▁150: 0.0231, -: 0.022, 170: 0.0275, k: 0.0098, /: 0.0101, 90: 0.0217, ▁phút: 8.2397, ▁tu: 0.1975, ỳ: 0.0049, ▁online: 6.467, ▁hay: 0.0554, ▁offline: 5.0705, ▁thôi: 0.0484, ▁ạ: 0.0145, .: 0.0759, </s>: 0.0628",1.0262,8.2397
8788,Tại t thík động vật thui m. Gửi ig hay tele cx dc màk,Tại tao thích động vật thôi mày. Gửi Instagram hay Telegram cũng được mà,"<s>: 0.0141, ▁Tại: 0.0219, ▁tao: 3.0743, ▁thích: 0.0056, ▁động: 0.0547, ▁vật: 0.0071, ▁thôi: 0.0332, ▁mày: 0.0497, .: 0.0725, ▁Gửi: 0.0123, ▁Instagram: 3.0404, ▁hay: 0.0204, ▁Telegram: 10.7273, ▁cũng: 0.0979, ▁được: 0.0827, ▁mà: 0.0436, </s>: 0.0807",1.0258,10.7273
6246,Kảm ơn bà cùng giàuu nheee ❤️❤️❤️,Cảm ơn bà cùng giàu nhe ❤️❤️❤️,"<s>: 0.0155, ▁Cảm: 0.0444, ▁ơn: 0.0294, ▁bà: 0.067, ▁cùng: 0.0545, ▁giàu: 0.0061, ▁nh: 8.7813, e: 4.6599, <unk>: 0.2537, <unk>: 0.0492, <unk>: 0.0435, <unk>: 0.0361, <unk>: 0.0718, <unk>: 1.1418, </s>: 0.1171",1.0247,8.7813
6119,"Nhà vía cho mấy bà thất nghiệp nek, t5 pv t6 nhận offer, t2 onboard.","Nhả vía cho mấy bà thất nghiệp nè, thứ 5 phỏng vấn thứ 6 nhận offer, thứ 2 onboard.","<s>: 0.014, ▁Nh: 12.2433, ả: 2.8014, ▁vía: 6.1084, ▁cho: 0.1452, ▁mấy: 0.0225, ▁bà: 0.0224, ▁thất: 0.0123, ▁nghiệp: 0.0645, ▁nè: 0.5413, ,: 0.1006, ▁thứ: 0.5739, ▁5: 0.3439, ▁phỏng: 2.6915, ▁vấn: 0.0068, ▁thứ: 0.3675, ▁6: 0.1119, ▁nhận: 0.0192, ▁offer: 0.0012, ,: 0.1354, ▁thứ: 0.0584, ▁2: 0.1135, ▁on: 0.0019, board: 0.0006, .: 0.0846, </s>: 0.0527",1.0246,12.2433
1974,"hnhu n giống nc ép táo đúng k b, táo dai","hình như nó giống nước ép táo đúng không bạn, táo dứa","<s>: 0.0155, ▁hình: 0.0102, ▁như: 0.0143, ▁nó: 0.0263, ▁giống: 0.0135, ▁nước: 0.0711, ▁ép: 0.0002, ▁tá: 0.001, o: 0.0303, ▁đúng: 0.0082, ▁không: 0.0426, ▁bạn: 0.0334, ,: 0.1234, ▁tá: 0.0006, o: 0.0534, ▁d: 11.6923, ứ: 6.2262, a: 0.4709, </s>: 0.6155",1.0236,11.6923
8410,cùng lắm thì kiểu thik thik 1 tí r coi phim để hc tiếng thui😭 đu idol hàn thì còn đu chứ,cùng lắm thì kiểu thích thích một tí rồi coi phim để học tiếng thôi 😭 đu idol Hàn thì còn đu chứ,"<s>: 0.0152, ▁cùng: 0.0257, ▁lắm: 0.0179, ▁thì: 0.0568, ▁kiểu: 0.002, ▁thích: 0.021, ▁thích: 0.025, ▁một: 3.6057, ▁tí: 0.0142, ▁rồi: 0.0483, ▁coi: 0.0178, ▁phim: 0.0095, ▁để: 0.0759, ▁học: 0.0409, ▁tiếng: 0.0175, ▁thôi: 0.0157, ▁: 7.2055, <unk>: 8.1161, ▁: 0.0602, đu: 0.0026, ▁idol: 0.0008, ▁Hàn: 8.384, ▁thì: 0.645, ▁còn: 0.0315, ▁: 0.0796, đu: 0.0014, ▁chứ: 0.006, </s>: 0.0913",1.0226,8.384
5484,Hai bà kia đánh bà cổ dũ hay s,Hai bà kia đánh bà cổ vũ hay sao,"<s>: 0.0154, ▁Hai: 0.0911, ▁bà: 0.0366, ▁kia: 0.0115, ▁đánh: 0.0085, ▁bà: 0.0377, ▁cổ: 0.0025, ▁vũ: 10.9359, ▁hay: 0.0151, ▁sao: 0.0183, </s>: 0.0698",1.022,10.9359
3951,"và nhạc hay lắm, jeong ian thì xinhh khỏi ns as bà ơi!","và nhạc hay lắm, Jeong Ian thì xinh khỏi nói á bà ơi!","<s>: 0.0145, ▁và: 0.1416, ▁nhạc: 0.0176, ▁hay: 0.0135, ▁lắm: 0.0137, ,: 0.085, ▁Je: 7.1748, ong: 0.001, ▁Ian: 10.6238, ▁thì: 0.048, ▁xinh: 0.0029, ▁khỏi: 0.0286, ▁nói: 0.0273, ▁á: 0.0124, ▁bà: 0.0548, ▁ơi: 0.0374, !: 0.0237, </s>: 0.0587",1.0211,10.6238
6184,Ê 2k2 ng Long Thành nek về LT BH đồ đa số cty mak thiên về sản xuất hk ak,Ê 2k2 người Long Thành nè về Long Thành Biên Hòa đồ đa số công ty mà thiên về sản xuất không à,"<s>: 0.0157, ▁Ê: 0.0005, ▁2: 0.0096, k: 0.1347, 2: 0.0154, ▁người: 0.0927, ▁Long: 0.0027, ▁Thành: 0.0008, ▁nè: 3.6686, ▁về: 0.0643, ▁Long: 8.0284, ▁Thành: 0.0266, ▁Biên: 7.7582, <unk>: 6.3143, ▁đồ: 0.0176, ▁đa: 0.0221, ▁số: 0.1395, ▁công: 0.3447, ▁ty: 0.0712, ▁mà: 0.0309, ▁thiên: 0.0005, ▁về: 0.0382, ▁sản: 0.0126, ▁xuất: 0.0481, ▁không: 0.1795, ▁à: 0.4574, </s>: 0.0585",1.0205,8.0284
4303,"=)))) chs nh đâu cs nghĩa là xem đâu ô, tôi chỉ xem t1LoL th, còn val lâu lâu xem tí chứ cg ko fan phủng j","=)))) chơi nhiều đâu có nghĩa là xem đâu ông, tôi chỉ xem T1 LoL thôi, còn Valorant lâu lâu xem tí chứ cũng không fan phủng gì","<s>: 0.0136, ▁=: 0.0076, <unk>: 0.0336, ▁chơi: 0.0391, ▁nhiều: 0.0629, ▁đâu: 0.0327, ▁có: 0.046, ▁nghĩa: 0.0088, ▁là: 0.0277, ▁xem: 0.0215, ▁đâu: 0.0295, ▁ông: 1.856, ,: 0.1027, ▁tôi: 0.0383, ▁chỉ: 0.0499, ▁xem: 0.0234, ▁T: 4.2992, 1: 0.0379, ▁Lo: 5.2897, L: 0.1096, ▁thôi: 0.0116, ,: 0.097, ▁còn: 0.0326, ▁Valor: 10.642, ant: 14.4446, ▁lâu: 0.0076, ▁lâu: 0.0238, ▁xem: 0.0233, ▁tí: 0.013, ▁chứ: 0.0196, ▁cũng: 0.09, ▁không: 0.0622, ▁fan: 0.0041, ▁phủ: 0.0045, ng: 0.0338, ▁gì: 0.0246, </s>: 0.0898",1.0204,14.4446
9287,"êu ơi như cục bông trắng trắng mềm mềm, xg cười hehe giống loopy=)))).","yêu ơi như cục bông trắng trắng mềm mềm, xong cười hehe giống Loopy =)))).","<s>: 0.0146, ▁yêu: 8.6207, ▁ơi: 0.0466, ▁như: 0.0265, ▁cục: 0.0032, ▁bông: 0.0005, ▁trắng: 0.0021, ▁trắng: 0.0027, ▁mềm: 0.0016, ▁mềm: 0.0024, ,: 0.0545, ▁xong: 0.0795, ▁cười: 0.007, ▁hehe: 0.0014, ▁giống: 0.0125, ▁Loop: 6.6671, y: 0.0168, ▁=: 5.6241, <unk>: 0.0672, .: 0.0574, </s>: 0.0969",1.0193,8.6207
691,Cha eun woo tui sớt ko ra tên kia chắc tên này,Cha eun woo tui search không ra tên kia chắc tên này,"<s>: 0.0164, ▁Cha: 0.022, ▁e: 5.9208, un: 0.0168, ▁wo: 0.0196, o: 0.0245, ▁tui: 0.1364, ▁search: 9.6907, ▁không: 0.2445, ▁ra: 0.0202, ▁tên: 0.0119, ▁kia: 0.0322, ▁chắc: 0.0073, ▁tên: 0.0305, ▁này: 0.0327, </s>: 0.0802",1.0192,9.6907
846,Đà nẵng cs ziệc j lm khong ạk E tn nh ra màk thất nghiệp qá :((((,Đà Nẵng có việc gì làm không ạ Em tốt nghiệp ngân hàng ra mà thất nghiệp quá :((((,"<s>: 0.0144, ▁Đà: 0.0055, ▁Nẵng: 3.2793, ▁có: 0.1211, ▁việc: 0.0204, ▁gì: 0.0164, ▁làm: 0.0591, ▁không: 0.0474, ▁ạ: 0.0341, ▁Em: 0.0592, ▁tốt: 0.1356, ▁nghiệp: 0.0085, ▁ngân: 9.9423, ▁hàng: 0.0037, ▁ra: 8.3848, ▁mà: 0.0696, ▁thất: 0.0024, ▁nghiệp: 0.0154, ▁quá: 0.0288, <unk>: 0.0778, <unk>: 0.0502, </s>: 0.0389",1.0189,9.9423
1006,AB bao nhiu các sốp ơi 🙂 tình hình là nhấp nháy từ hqua r,Air Blade bao nhiêu các shop ơi 🙂 tình hình là nhấp nháy từ hôm qua rồi,"<s>: 0.0151, ▁Air: 11.186, ▁Blade: 9.5147, ▁bao: 0.0632, ▁nhiêu: 0.6208, ▁các: 0.1031, ▁shop: 0.1635, ▁ơi: 0.0241, <unk>: 0.1853, ▁tình: 0.0033, ▁hình: 0.0375, ▁là: 0.0667, ▁nh: 0.0067, ấ: 0.012, p: 0.0102, ▁nhá: 0.0001, y: 0.0736, ▁từ: 0.1245, ▁hôm: 0.0157, ▁qua: 0.0689, ▁rồi: 0.0342, </s>: 0.079",1.0186,11.186
6164,Bà chủ tốt bụng wa Sởi lởi tr cho,Bà chủ tốt bụng quá Xởi lởi trời cho,"<s>: 0.0148, ▁Bà: 0.0363, ▁chủ: 0.0219, ▁tốt: 0.0119, ▁bụng: 0.0033, ▁quá: 0.0032, ▁X: 12.8621, ở: 1.6673, i: 0.0706, ▁l: 0.1976, ở: 0.0017, i: 0.0735, ▁trời: 0.1238, ▁cho: 0.097, </s>: 0.0836",1.0179,12.8621
8563,Đcm đ nhé!😭,Địt con mẹ đéo nhé! 😭,"<s>: 0.0151, ▁Đ: 0.257, ị: 3.4291, t: 0.0101, ▁con: 0.1505, ▁mẹ: 0.0117, ▁đ: 0.2666, é: 0.0994, o: 0.0874, ▁nhé: 0.1482, !: 0.0469, ▁: 8.909, <unk>: 0.7211, </s>: 0.0963",1.0178,8.909
2170,Shao t ghét c mụ TT quáaaaa kiểu n cứ trơ cái mặt ra ý 😇,Sao tôi ghét con mụ Thạch Trang quá kiểu nó cứ trơ cái mặt ra ý 😇,"<s>: 0.0154, ▁Sao: 0.0112, ▁tôi: 0.1731, ▁ghé: 0.0068, t: 0.0397, ▁con: 0.065, ▁m: 0.0996, ụ: 0.0069, ▁Th: 6.7401, ạch: 5.8979, ▁Trang: 9.6195, ▁quá: 0.0387, ▁kiểu: 0.3842, ▁nó: 0.0322, ▁cứ: 0.0169, ▁trơ: 0.0, ▁cái: 0.0272, ▁mặt: 0.0061, ▁ra: 0.0246, ▁ý: 0.0073, ▁: 0.0707, <unk>: 0.0602, </s>: 0.0577",1.0174,9.6195
3107,Khi bn của b là họ hàng của quang hùng kiểuuuu (Toi đăng trên tik trc nên đây hơi muộn😭),Khi bạn của bạn là họ hàng của Quang Hùng kiểu (Tôi đăng trên tiktok trước nên đây hơi muộn😭),"<s>: 0.0131, ▁Khi: 0.0202, ▁bạn: 0.0504, ▁của: 0.1285, ▁bạn: 0.0213, ▁là: 0.0524, ▁họ: 0.0115, ▁hàng: 0.0265, ▁của: 0.0771, ▁Quang: 7.794, ▁Hùng: 6.2956, ▁kiểu: 0.0393, ▁(: 10.7239, Tôi: 0.6209, ▁đăng: 0.004, ▁trên: 0.0178, ▁tik: 0.0082, tok: 0.046, ▁trước: 0.0841, ▁nên: 0.067, ▁đây: 0.014, ▁hơi: 0.0104, ▁muộn: 0.0037, <unk>: 0.1631, ): 0.0255, </s>: 0.0564",1.0144,10.7239
3346,bb mak chỉ đơn giản là fan nhg TỰ Ý đến chúc tết ở nhà nghệ sĩ thì cs ph là ssf hum ạk 🥰,bạn bè mà chỉ đơn giản là fan nhưng TỰ Ý đến chúc tết ở nhà nghệ sĩ thì có phải là sasaeng fan không ạ 🥰,"<s>: 0.0141, ▁bạn: 0.4155, ▁bè: 0.8814, ▁mà: 0.0465, ▁chỉ: 0.0413, ▁đơn: 0.0147, ▁giản: 0.0132, ▁là: 0.0318, ▁fan: 0.0054, ▁nhưng: 0.1361, ▁T: 0.0711, Ự: 0.0072, ▁Ý: 0.0162, ▁đến: 0.043, ▁chúc: 0.0048, ▁tế: 0.0269, t: 0.0983, ▁ở: 0.1052, ▁nhà: 0.0475, ▁nghệ: 0.0165, ▁sĩ: 0.0987, ▁thì: 0.0626, ▁có: 0.0948, ▁phải: 0.0615, ▁là: 0.0697, ▁sasa: 9.0194, eng: 7.3882, ▁fan: 11.9869, ▁không: 2.4903, ▁ạ: 0.0187, ▁: 0.0494, <unk>: 0.0476, </s>: 0.0446",1.0142,11.9869
3770,"Hi b, b cs ở kv TPHCM k as","Chào bạn, bạn có ở khu vực Thành phố Hồ Chí Minh không á","<s>: 0.0181, ▁Chào: 10.2418, ▁bạn: 0.0561, ,: 0.0868, ▁bạn: 0.0432, ▁có: 0.0913, ▁ở: 0.1046, ▁khu: 2.6917, ▁vực: 0.0292, ▁Thành: 3.062, ▁phố: 0.0932, ▁Hồ: 0.0796, ▁Chí: 0.0176, ▁Minh: 0.0566, ▁không: 0.1076, ▁á: 0.4043, </s>: 0.0584",1.0142,10.2418
4240,"Thỏi Chanel vỏ thuỷ tinh này đắt nhất trg các dòng son Chanel, mua tầm 4tr2-4tr5 zề ấy.","Thỏi Chanel vỏ thủy tinh này đắt nhất trong các dòng son Chanel, mua tầm 4 triệu 2-4 triệu 5 gì ấy.","<s>: 0.0153, ▁Th: 0.008, ỏ: 0.0107, i: 0.0544, ▁Chanel: 0.0033, ▁vỏ: 0.001, <unk>: 9.3206, ▁tinh: 4.7534, ▁này: 0.0323, ▁đắt: 0.0059, ▁nhất: 0.0161, ▁trong: 0.0106, ▁các: 0.0353, ▁dòng: 0.0055, ▁son: 0.001, ▁Chanel: 0.0003, ,: 0.0785, ▁mua: 0.0221, ▁tầm: 0.0009, ▁4: 0.0106, ▁triệu: 0.2727, ▁2-4: 9.3477, ▁triệu: 0.6289, ▁5: 3.5673, ▁gì: 0.0219, ▁ấy: 0.0182, .: 0.0926, </s>: 0.0577",1.014,9.3477
5043,Mik vào đây đki đc c monveo đc 1tr cs xủ đc k b,Mình vào đây đăng ký được con Monveo được 1 triệu có xù được không bạn,"<s>: 0.0164, ▁Mình: 0.0527, ▁vào: 0.0281, ▁đây: 0.0603, ▁đăng: 1.3186, ▁ký: 0.0423, ▁được: 0.082, ▁con: 0.3803, ▁Mon: 5.2878, ve: 0.0059, o: 0.0096, ▁được: 0.0482, ▁1: 0.0162, ▁triệu: 0.2708, ▁có: 0.1595, ▁x: 0.5664, ù: 12.6994, ▁được: 0.079, ▁không: 0.0424, ▁bạn: 0.0324, </s>: 0.0786",1.0132,12.6994
1689,cho mk xin JD cụ thể job Marketing Executive vs ạk,cho mình xin Job Description cụ thể job Marketing Executive với ạ,"<s>: 0.0143, ▁cho: 0.1324, ▁mình: 0.0405, ▁xin: 0.0128, ▁Job: 6.2509, ▁Description: 7.1819, ▁cụ: 0.2537, ▁thể: 0.023, ▁job: 0.0052, ▁Marketing: 0.0777, ▁Executive: 0.0129, ▁với: 0.0337, ▁ạ: 0.0203, </s>: 0.0845",1.0103,7.1819
776,nên b tìm gia sư thì nên only k7 hoặc ac sư phạm gv .,nên bạn tìm gia sư thì nên only 2k7 hoặc anh chị sư phạm giáo viên .,"<s>: 0.0145, ▁nên: 0.0507, ▁bạn: 0.0301, ▁tìm: 0.0244, ▁gia: 0.0113, ▁sư: 0.0148, ▁thì: 0.0683, ▁nên: 0.0269, ▁only: 0.0071, ▁2: 10.8635, k: 3.1057, 7: 0.0453, ▁hoặc: 0.011, ▁anh: 2.9429, ▁chị: 2.745, ▁sư: 1.1003, ▁phạm: 0.0027, ▁giáo: 0.8497, ▁viên: 0.1046, ▁: 0.0523, .: 0.0588, </s>: 0.0617",1.0087,10.8635
823,Mốt ghi dòng cuối hoy nhe =))))),Mốt ghi dòng cuối thôi nhe =))))),"<s>: 0.0167, ▁M: 0.0215, ốt: 0.012, ▁ghi: 0.008, ▁dòng: 0.0064, ▁cuối: 0.0197, ▁thôi: 9.4811, ▁nh: 2.3422, e: 0.0111, ▁=): 0.0061, <unk>: 0.077, </s>: 0.0662",1.0057,9.4811
6213,Cty t dàn manager toàn từ biên hoà vs sài gòn xuống .,Công ty tôi dàn manager toàn từ Biên Hòa với Sài Gòn xuống .,"<s>: 0.0138, ▁Công: 0.1593, ▁ty: 0.0501, ▁tôi: 0.1312, ▁dà: 0.0021, n: 0.0418, ▁manager: 0.0289, ▁toàn: 0.0111, ▁từ: 0.0281, ▁Biên: 3.8492, <unk>: 10.3027, ▁với: 0.0403, ▁Sài: 2.8656, ▁Gòn: 0.2372, ▁xuống: 0.1229, ▁: 0.0939, .: 0.0451, </s>: 0.0613",1.0047,10.3027
2581,cj ấy còn chx nghĩ tới khúc đấy màk ôg ck đã nghĩ ra đc =)) bà lmj để ổng âu vờ thing king zữ vị,chị ấy còn chưa nghĩ tới khúc đấy mà ông chồng đã nghĩ ra được =)) bà làm gì để ông overthinking dữ vậy,"<s>: 0.0131, ▁chị: 0.0861, ▁ấy: 0.0184, ▁còn: 0.0596, ▁chưa: 0.0505, ▁nghĩ: 0.0042, ▁tới: 0.0403, ▁khúc: 0.0032, ▁đấy: 0.0342, ▁mà: 0.0422, ▁ông: 0.0289, ▁chồng: 0.0059, ▁đã: 0.0747, ▁nghĩ: 0.0114, ▁ra: 0.0769, ▁được: 0.0622, ▁=): 0.0025, ): 0.0224, ▁bà: 0.0497, ▁làm: 0.0331, ▁gì: 0.0527, ▁để: 0.0599, ▁ông: 1.0874, ▁over: 18.0372, think: 0.213, ing: 0.557, ▁dữ: 0.4913, ▁vậy: 7.855, </s>: 0.0588",1.0045,18.0372
5600,Ê bây t thấy bên trang t toàn mấy ôg bà đăng là vay nợ bên VayVND-moneycat-.. mấy app đen as rùi ổng bà ns bùng tiền dc do app đen ngta ko lmj đòi mik đc.10 bài thì ht 10b đều ns v..có khi nào lùa gà k bây..(đg cần tiền as màk k dám vay) viral,Ê bây tôi thấy bên trang tôi toàn mấy ông bà đăng là vay nợ bên VayVND-MoneyCat-.. mấy app đen á rồi ổng bà nói bùng tiền được do app đen người ta không làm gì đòi mình được.10 bài thì hết 10 bài đều nói vậy..có khi nào lùa gà không bây..(đang cần tiền á mà không dám vay) viral,"<s>: 0.0146, ▁Ê: 0.0011, ▁bây: 0.0091, ▁tôi: 0.109, ▁thấy: 0.0256, ▁bên: 0.0153, ▁trang: 0.007, ▁tôi: 0.1178, ▁toàn: 0.0066, ▁mấy: 0.0226, ▁ông: 0.0055, ▁bà: 0.0153, ▁đăng: 0.0071, ▁là: 0.0614, ▁vay: 0.004, ▁nợ: 0.0027, ▁bên: 0.0346, ▁Va: 0.0019, y: 0.0033, VN: 0.077, D: 0.0397, -: 0.0098, Mo: 13.1928, ney: 8.5615, Cat: 6.1758, -: 0.0306, .: 0.012, .: 0.0188, ▁mấy: 0.0109, ▁app: 0.0072, ▁đen: 0.0049, ▁á: 0.0234, ▁rồi: 0.0698, ▁ổn: 0.3398, g: 0.0384, ▁bà: 0.03, ▁nói: 0.0556, ▁b: 0.0118, ùng: 0.0028, ▁tiền: 0.0179, ▁được: 0.0601, ▁do: 0.0878, ▁app: 0.0013, ▁đen: 0.008, ▁người: 0.0287, ▁ta: 0.0244, ▁không: 0.0652, ▁làm: 2.2403, ▁gì: 0.0267, ▁đòi: 0.0017, ▁mình: 0.0401, ▁được: 0.0614, .: 0.0919, 10: 0.108, ▁bài: 0.0088, ▁thì: 0.048, ▁hết: 3.4485, ▁10: 6.9524, ▁bài: 0.6141, ▁đều: 8.3024, ▁nói: 3.8814, ▁vậy: 5.4019, .: 3.4869, </s>: 0.0898",1.0043,13.1928
7152,Bunzieu hịn quớ,Bunzieu xịn quá,"<s>: 0.0167, ▁Bun: 0.2463, zie: 0.0508, u: 0.0376, ▁x: 7.1587, ị: 0.0149, n: 0.0637, ▁quá: 1.3836, </s>: 0.0596",1.0035,7.1587
4829,Ko ns e lấy T đâu ra,Không nói em lấy tiền đâu ra,"<s>: 0.0156, ▁Không: 0.1439, ▁nói: 0.0695, ▁em: 0.0985, ▁lấy: 0.0063, ▁tiền: 8.4304, ▁đâu: 0.1544, ▁ra: 0.0416, </s>: 0.0716",1.0035,8.4304
357,V hả ank mm cũ của em cx hà nam,Vậy hả anh mập mờ cũ của em cũng Hà Nam,"<s>: 0.0152, ▁Vậy: 0.6938, ▁hả: 0.0048, ▁anh: 0.0631, ▁m: 2.3412, ập: 0.0472, ▁mờ: 0.0029, ▁cũ: 0.0077, ▁của: 0.1078, ▁em: 0.0753, ▁cũng: 0.1159, ▁Hà: 7.0385, ▁Nam: 3.4397, </s>: 0.0881",1.0029,7.0385
3385,đã cs ny sắp cưới r kìa” “ko cưới sớm ik bm ko cs cháu bế” ctct thì mệt lắm 🐸,đã có người yêu sắp cưới rồi kìa” “không cưới sớm đi bố mẹ không có cháu bế” vân vân mây mây thì mệt lắm 🐸,"<s>: 0.0144, ▁đã: 0.0939, ▁có: 0.0662, ▁người: 0.0088, ▁yêu: 0.0241, ▁sắp: 0.0285, ▁cưới: 0.0036, ▁rồi: 0.0102, ▁kì: 0.0116, a: 0.0334, ”: 0.0222, ▁“: 0.0392, không: 1.5295, ▁cưới: 0.0053, ▁sớm: 0.0155, ▁đi: 0.038, ▁bố: 0.6802, ▁mẹ: 0.0905, ▁không: 0.1051, ▁có: 0.0804, ▁cháu: 0.0107, ▁bế: 0.0008, ”: 0.0079, ▁vân: 17.6049, ▁vân: 0.1884, ▁mâ: 9.2778, y: 0.1023, ▁mâ: 4.6575, y: 0.0138, ▁thì: 0.1199, ▁mệt: 0.0022, ▁lắm: 0.0084, ▁: 0.07, <unk>: 0.053, </s>: 0.0688",1.0025,17.6049
8682,Bộ đã have6 r màk b vs ny ch baoh nc hay bàn luận về n hở,Bộ đã quan hệ rồi mà bạn với người yêu chưa bao giờ nói chuyện hay bàn luận về nó hả,"<s>: 0.0148, ▁Bộ: 0.0253, ▁đã: 0.0724, ▁quan: 9.563, ▁hệ: 4.3359, ▁rồi: 3.2366, ▁mà: 0.1109, ▁bạn: 0.0145, ▁với: 0.1219, ▁người: 0.0241, ▁yêu: 0.0871, ▁chưa: 0.0682, ▁bao: 0.0182, ▁giờ: 0.1373, ▁nói: 0.0523, ▁chuyện: 0.1535, ▁hay: 0.0669, ▁bàn: 0.0213, ▁luận: 0.0051, ▁về: 0.0373, ▁nó: 0.0482, ▁hả: 4.7558, </s>: 0.0708",1.0018,9.563
4000,"Neu hệ tc tầm 100tr/4 năm, hệ cao nhất cx cs tầm 250tr/4 năm thui","NEU hệ tiêu chuẩn tầm 100 triệu/4 năm, hệ cao nhất cũng có tầm 250 triệu/4 năm thôi","<s>: 0.0158, ▁N: 11.9241, EU: 1.4095, ▁hệ: 0.0147, ▁tiêu: 6.8516, ▁chuẩn: 2.2108, ▁tầm: 0.0018, ▁100: 0.0085, ▁triệu: 0.4678, /4: 0.0041, ▁năm: 0.0338, ,: 0.0939, ▁hệ: 0.0139, ▁cao: 0.0121, ▁nhất: 0.0276, ▁cũng: 0.1001, ▁có: 0.1057, ▁tầm: 0.0008, ▁250: 0.0036, ▁triệu: 0.6353, /4: 0.0058, ▁năm: 0.0271, ▁thôi: 0.0204, </s>: 0.0522",1.0017,11.9241
7706,Ý là vs t R là tt top tier ik asiad 2 lần sự nghiệp nvay cống hiến bằng lá cờ tổ quốc lunnn v màk về yêu cô bé bán quạt😇 n cứ kiểu..... khó ns í,Ý là với tôi Ruler là tuyển thủ top tier đi ASIAD 2 lần sự nghiệp như vậy cống hiến bằng lá cờ tổ quốc luôn vậy mà về yêu cô bé bán quạt😇 nó cứ kiểu..... khó nói ý,"<s>: 0.0148, ▁Ý: 0.0056, ▁là: 0.0459, ▁với: 0.0421, ▁tôi: 0.1255, ▁Ru: 9.2129, ler: 11.9569, ▁là: 0.0889, ▁tuyển: 5.7683, ▁thủ: 2.6398, ▁top: 0.0362, ▁: 1.427, tier: 0.0016, ▁đi: 0.0477, ▁: 5.8699, ASI: 4.012, AD: 4.219, ▁2: 0.0429, ▁lần: 0.0191, ▁sự: 0.0208, ▁nghiệp: 0.0346, ▁như: 0.0656, ▁vậy: 0.1477, ▁cố: 0.0012, ng: 0.0089, ▁hiến: 0.0028, ▁bằng: 0.0272, ▁lá: 0.0029, ▁cờ: 0.0006, ▁tổ: 0.0194, ▁quốc: 0.0255, ▁luôn: 0.0353, ▁vậy: 0.0423, ▁mà: 0.0458, ▁về: 0.015, ▁yêu: 0.0106, ▁cô: 0.0309, ▁bé: 0.0034, ▁bán: 0.0052, ▁qu: 0.0068, ạt: 0.0024, <unk>: 1.8205, ▁nó: 0.0385, ▁cứ: 0.0039, ▁kiểu: 0.0041, .....: 0.1138, ▁khó: 0.0099, ▁nói: 0.0312, ▁ý: 1.8199, </s>: 0.0939",1.0013,11.9569
7087,hj klq lắm nhma cs ai bit infor vòng tay đen đen kia của Cường hăm ạaa,hi không liên quan lắm nhưng mà có ai biết info vòng tay đen đen kia của Cường không ạ,"<s>: 0.0148, ▁hi: 10.2234, ▁không: 4.1286, ▁liên: 0.2545, ▁quan: 0.0237, ▁lắm: 0.0047, ▁nhưng: 0.0692, ▁mà: 0.0332, ▁có: 0.19, ▁ai: 0.0196, ▁biết: 1.1404, ▁info: 4.4629, ▁vòng: 0.0043, ▁tay: 0.0143, ▁đen: 0.0047, ▁đen: 0.0057, ▁kia: 0.0093, ▁của: 0.1342, ▁C: 0.2934, ường: 0.0016, ▁không: 1.6051, ▁ạ: 0.0225, </s>: 0.3",0.9983,10.2234
9307,Điêng cái đầu lắm 🙃,Điên cái đầu lắm 🙃,"<s>: 0.0149, ▁Đi: 0.002, ên: 8.6886, ▁cái: 0.0706, ▁đầu: 0.0148, ▁lắm: 0.0107, ▁: 0.0555, <unk>: 0.056, </s>: 0.0689",0.998,8.6886
8820,trc yêu xa đây k gặp 1 tháng 3 ngày ht 8 cái bcs rùi ý :),Trước yêu xa đây không gặp 1 tháng 3 ngày hết 8 cái bao cao su rồi ý :),"<s>: 0.0153, ▁Trước: 4.8643, ▁yêu: 0.0716, ▁xa: 0.0107, ▁đây: 0.0371, ▁không: 0.0933, ▁gặp: 0.026, ▁1: 0.0319, ▁tháng: 0.0069, ▁3: 0.0185, ▁ngày: 0.0254, ▁hết: 0.0319, ▁8: 0.0076, ▁cái: 0.0137, ▁bao: 3.0293, ▁cao: 9.6498, ▁su: 2.8254, ▁rồi: 0.0651, ▁ý: 0.0072, <unk>: 0.0596, </s>: 0.0502",0.9972,9.6498
4950,Thiết Tha Thiết Thực khoẻ chứ bác 😁,Thiết Tha Thiết Thực khỏe chứ bác 😁,"<s>: 0.0153, ▁Thiết: 0.0109, ▁Tha: 0.0033, ▁Thiết: 0.019, ▁Thực: 0.0201, <unk>: 10.5602, ▁chứ: 0.1233, ▁bác: 0.0127, ▁: 0.0809, <unk>: 0.0484, </s>: 0.0709",0.9968,10.5602
6201,Trc tui cũg ở biên hoà chạy xuống đây lm as.,Trước tui cũng ở Biên Hòa chạy xuống đây làm á.,"<s>: 0.0153, ▁Trước: 0.0298, ▁tui: 0.1028, ▁cũng: 0.0296, ▁ở: 0.0273, ▁Biên: 3.3935, <unk>: 10.0073, ▁chạy: 0.0042, ▁xuống: 0.0174, ▁đây: 0.0241, ▁làm: 0.0958, ▁á: 0.0235, .: 0.1038, </s>: 0.0717",0.9962,10.0073
8836,Nào dzô cx dc mò,Nào vô cũng được mà,"<s>: 0.0174, ▁N: 0.0412, à: 0.0113, o: 0.0794, ▁vô: 0.0092, ▁cũng: 0.0751, ▁được: 0.0462, ▁mà: 8.5863, </s>: 0.0878",0.9949,8.5863
887,"15 này b cần hình ảnh thì lh mk nhé, c cx chụo concept TN ạk","15 này bạn cần hình ảnh thì liên hệ mình nhé, chị cũng chụp concept Tốt nghiệp ạ","<s>: 0.0148, ▁15: 0.0098, ▁này: 0.0349, ▁bạn: 0.0373, ▁cần: 0.036, ▁hình: 0.0298, ▁ảnh: 0.0187, ▁thì: 0.1024, ▁liên: 0.2635, ▁hệ: 0.0154, ▁mình: 0.0834, ▁nhé: 0.0219, ,: 0.0774, ▁chị: 1.5304, ▁cũng: 0.0959, ▁chụp: 6.9843, ▁concept: 0.003, ▁T: 7.9609, ốt: 4.3205, ▁nghiệp: 0.1364, ▁ạ: 0.0258, </s>: 0.0747",0.9944,7.9609
5091,Nam Mô Đại nguyện Địa Tạng Vương Bồ Tát Ma Ha Tat,Nam Mô Đại nguyện Địa Tạng Vương Bồ Tát Ma Ha Tát,"<s>: 0.0153, ▁Nam: 0.0184, ▁Mô: 0.0063, ▁Đại: 0.0027, ▁nguyện: 0.0052, ▁Địa: 0.0023, ▁T: 0.0596, ạ: 0.0812, ng: 0.0463, ▁Vương: 0.0039, ▁Bồ: 0.0023, ▁Tá: 0.0039, t: 0.0569, ▁Ma: 0.081, ▁Ha: 0.0129, ▁Tá: 17.2674, t: 0.1613, </s>: 0.0489",0.9931,17.2674
7433,Mệnh vũ khúc nhưg cung thân lại là cung khác thì tíh s ạk,Mệnh Vũ Khúc nhưng cung thân lại là cung khác thì tính sao ạ,"<s>: 0.0154, ▁M: 0.0586, ệ: 0.0257, nh: 0.0445, ▁Vũ: 7.1045, ▁Kh: 10.73, úc: 0.4462, ▁nhưng: 0.0591, ▁cung: 0.0146, ▁thân: 0.0088, ▁lại: 0.0687, ▁là: 0.0779, ▁cung: 0.0165, ▁khác: 0.0115, ▁thì: 0.0415, ▁tính: 0.0068, ▁sao: 0.0154, ▁ạ: 0.0278, </s>: 0.0873",0.9927,10.73
6511,Cs thể HR trg tháng 3 sẽ bận để quyết toán cho nlđ cs uỷ quyền trc,Có thể HR trong tháng 3 sẽ bận để quyết toán cho người lao động có ủy quyền trước,"<s>: 0.0164, ▁Có: 0.1063, ▁thể: 0.0183, ▁HR: 0.003, ▁trong: 0.309, ▁tháng: 0.0104, ▁3: 0.0428, ▁sẽ: 0.0229, ▁bận: 0.0012, ▁để: 0.0565, ▁quyết: 0.0032, ▁toán: 0.0081, ▁cho: 0.0504, ▁người: 1.5342, ▁la: 7.1144, o: 0.7583, ▁động: 0.0385, ▁có: 0.1183, <unk>: 8.8171, ▁quyền: 2.7148, ▁trước: 0.0109, </s>: 0.0649",0.9918,8.8171
9115,B zaiiii em dzừa ik mua kem cho em r ạk!,- Bạn trai em vừa đi mua kem cho em rồi ạ!,"<s>: 0.0148, ▁-: 11.7877, ▁Bạn: 0.8356, ▁trai: 1.736, ▁em: 0.0434, ▁vừa: 0.0311, ▁đi: 0.049, ▁mua: 0.0321, ▁kem: 0.0032, ▁cho: 0.1256, ▁em: 0.0649, ▁rồi: 0.0424, ▁ạ: 0.0136, !: 0.0218, </s>: 0.0737",0.9916,11.7877
8199,Zạ trg khoảng cách 24h thì cs thể ship ạk.,Dạ trong khoảng cách 24 giờ thì có thể giao hàng ạ.,"<s>: 0.0168, ▁Dạ: 0.036, ▁trong: 0.2045, ▁khoảng: 0.0037, ▁cách: 0.0159, ▁24: 0.0048, ▁giờ: 1.9587, ▁thì: 0.0734, ▁có: 0.1056, ▁thể: 0.0543, ▁giao: 9.3369, ▁hàng: 2.8971, ▁ạ: 0.0318, .: 0.069, </s>: 0.0644",0.9915,9.3369
9000,Du hs Đức đấy bn ạk,Du học sinh Đức đấy bạn ạ,"<s>: 0.0148, ▁Du: 0.0598, ▁học: 0.0394, ▁sinh: 8.6103, ▁Đức: 0.0027, ▁đấy: 0.0126, ▁bạn: 0.0475, ▁ạ: 0.0367, </s>: 0.0902",0.9904,8.6103
2256,Thành ra ko thể hoà hợp thui.,Thành ra không thể hòa hợp thôi.,"<s>: 0.0164, ▁Thành: 0.0057, ▁ra: 0.0215, ▁không: 0.0733, ▁thể: 0.0427, <unk>: 9.4678, ▁hợp: 0.0259, ▁thôi: 0.0688, .: 0.1035, </s>: 0.0695",0.9895,9.4678
3660,Cho m xin info wedding planner của b dc k?,Cho mình xin thông tin wedding planner của bạn được không?,"<s>: 0.0137, ▁Cho: 0.0407, ▁mình: 0.1931, ▁xin: 0.0087, ▁thông: 14.11, ▁tin: 0.0548, ▁wedding: 0.0008, ▁plan: 0.0006, ner: 0.0042, ▁của: 0.0786, ▁bạn: 0.0576, ▁được: 0.0463, ▁không: 0.0455, ?: 0.1221, </s>: 0.0544",0.9887,14.11
2673,B lh 0941.321.070 sốp gửi JD chi tiết nhenn,Bạn liên hệ 0941.321.070 shop gửi Job Description chi tiết nhen,"<s>: 0.0135, ▁Bạn: 0.0445, ▁liên: 0.2454, ▁hệ: 0.0271, ▁09: 0.0009, 41: 0.024, .: 0.0525, 321: 0.0077, .: 0.035, 070: 0.0179, ▁shop: 0.3629, ▁gửi: 0.0152, ▁Job: 10.4696, ▁Description: 6.9112, ▁chi: 0.0243, ▁tiết: 0.0165, ▁nh: 0.2518, en: 0.0162, </s>: 0.2417",0.9883,10.4696
3696,Bà cs bt fan thái mang cái tư tưởng là inter tụi bây s hiểu đc tư duy fan thái tụi tao hông,Bà có biết fan Thái mang cái tư tưởng là international tụi bây sao hiểu được tư duy fan Thái tụi tao không,"<s>: 0.0136, ▁Bà: 0.0291, ▁có: 0.0446, ▁biết: 0.083, ▁fan: 0.0027, ▁Thái: 8.5604, ▁mang: 0.0104, ▁cái: 0.058, ▁tư: 0.006, ▁tưởng: 0.0093, ▁là: 0.0853, ▁international: 8.5029, ▁tụ: 0.0087, i: 0.1535, ▁bây: 0.0533, ▁sao: 0.0973, ▁hiểu: 0.0226, ▁được: 0.0545, ▁tư: 0.0107, ▁duy: 0.0032, ▁fan: 0.0018, ▁Thái: 8.4981, ▁tụ: 0.0086, i: 0.1609, ▁tao: 0.0339, ▁không: 0.0269, </s>: 0.0833",0.986,8.5604
3945,p ơi check ib t nka,bạn ơi check inbox tôi nha,"<s>: 0.0146, ▁bạn: 8.1694, ▁ơi: 0.0144, ▁check: 0.0235, ▁in: 0.1104, box: 0.236, ▁tôi: 0.1985, ▁nha: 0.0152, </s>: 0.0724",0.9838,8.1694
1487,Kk rất là hân hạnh nka 🫶,Kaka rất là hân hạnh nha 🫶,"<s>: 0.0161, ▁Kaka: 10.0078, ▁rất: 0.0107, ▁là: 0.0727, ▁: 0.4159, hân: 0.0049, ▁hạnh: 0.0076, ▁nha: 0.0199, ▁: 0.1172, <unk>: 0.0619, </s>: 0.082",0.9833,10.0078
1867,Lm thiệt mak nhà đài hỏng cho 😖,Làm thật mà nhà đài không cho 😖,"<s>: 0.0152, ▁Làm: 0.026, ▁thật: 0.9395, ▁mà: 0.0452, ▁nhà: 0.0436, ▁đài: 0.0076, ▁không: 9.3432, ▁cho: 0.1306, ▁: 0.1153, <unk>: 0.0466, </s>: 0.0791",0.9811,9.3432
8047,z nên ms bảo ph trốn trg tối ăn cứt nhg ra ngoài vẫn p bảo cái nâu nâu dính trên mép là si cu la =)),thế nên mới bảo phải trốn trong tối ăn cứt nhưng ra ngoài vẫn phải bảo cái nâu nâu dính trên mép là socola =)),"<s>: 0.0131, ▁thế: 0.4083, ▁nên: 0.0261, ▁mới: 0.0061, ▁bảo: 0.0193, ▁phải: 0.0174, ▁trốn: 0.0025, ▁trong: 0.1313, ▁tối: 0.0253, ▁ăn: 0.0598, ▁cứ: 0.003, t: 0.0173, ▁nhưng: 0.0642, ▁ra: 0.015, ▁ngoài: 0.0233, ▁vẫn: 0.0186, ▁phải: 0.0376, ▁bảo: 0.0299, ▁cái: 0.0648, ▁nâu: 0.001, ▁nâu: 0.0032, ▁dí: 0.0018, nh: 0.0227, ▁trên: 0.0226, ▁mé: 0.0008, p: 0.0888, ▁là: 0.0638, ▁so: 10.6357, cola: 11.2603, ▁=): 8.23, ): 0.0312, </s>: 0.0436",0.9809,11.2603
1813,Choioi chào mừng bae gia nhập hội kẹp đàn 🫰🫂🫶🏻,Trời ơi chào mừng bae gia nhập hội kẹp đàn 🫰🫂🫶🏻,"<s>: 0.0174, ▁Trời: 8.7982, ▁ơi: 5.6549, ▁chào: 0.0356, ▁mừng: 0.0151, ▁ba: 0.0552, e: 2.6181, ▁gia: 0.0159, ▁nhập: 0.022, ▁hội: 0.0165, ▁k: 0.0317, ẹ: 0.0128, p: 0.0774, ▁đàn: 0.0013, ▁: 0.0785, <unk>: 0.077, <unk>: 0.0708, </s>: 0.0429",0.9801,8.7982
3912,Đỉnk cao hoà bình z giới.,Đỉnh cao hòa bình thế giới.,"<s>: 0.0172, ▁Đ: 0.1108, ỉnh: 0.1203, ▁cao: 0.0193, <unk>: 9.0255, ▁bình: 0.1745, ▁thế: 0.103, ▁giới: 0.0478, .: 0.106, </s>: 0.0748",0.9799,9.0255
6638,bên mìnk cs tuyển part time ko ạk,bên mình có tuyển part-time không ạ,"<s>: 0.0149, ▁bên: 0.0676, ▁mình: 0.0121, ▁có: 0.0843, ▁tuyển: 0.0097, ▁part: 0.0011, -: 7.824, time: 2.5532, ▁không: 0.0883, ▁ạ: 0.0351, </s>: 0.0773",0.9789,7.824
8183,"Rất nh lần V lỡ mồm gọi jagiya, honey nx cơ.","Rất nhiều lần Viper lỡ mồm gọi jagiya, honey nữa cơ.","<s>: 0.0154, ▁R: 0.0454, ấ: 0.0218, t: 0.0183, ▁nhiều: 0.0349, ▁lần: 0.022, ▁Vi: 6.1086, per: 13.2756, ▁l: 0.3718, ỡ: 0.0099, ▁mồ: 0.0044, m: 0.1539, ▁gọi: 0.0068, ▁jag: 0.1643, iya: 0.0085, ,: 0.095, ▁honey: 0.0009, ▁nữa: 0.0484, ▁cơ: 0.0085, .: 0.0866, </s>: 0.0498",0.9786,13.2756
296,đcm h t cs bị trap bởi 1 thg như tk sơn hoàng thì t cx chấp nhậnnnnnnnnnnnnn huhuuuuuuuuuuuuuuuu,địt con mẹ giờ tôi có bị trap bởi 1 thằng như thằng sơn hoàng thì tôi cũng chấp nhận huhu,"<s>: 0.0144, ▁đ: 0.0633, ị: 1.7188, t: 0.0169, ▁con: 0.248, ▁mẹ: 0.0086, ▁giờ: 1.8586, ▁tôi: 0.1408, ▁có: 0.0867, ▁bị: 0.0414, ▁trap: 0.0011, ▁bởi: 0.0776, ▁1: 0.1223, ▁thằng: 0.006, ▁như: 1.4372, ▁thằng: 0.0611, ▁sơn: 0.0032, ▁hoàng: 0.0016, ▁thì: 0.0687, ▁tôi: 0.1139, ▁cũng: 0.0922, ▁chấp: 0.0092, ▁nhận: 0.094, ▁: 8.8354, huhu: 6.8932, </s>: 3.397",0.9774,8.8354
2031,Bác vào mess hoặc ig để tách tạo nhãn dán là đc ạk,Bác vào messenger hoặc instagram để tách tạo nhãn dán là được ạ,"<s>: 0.0141, ▁Bác: 0.0104, ▁vào: 0.0529, ▁messenger: 11.2622, ▁hoặc: 3.7219, ▁instagram: 0.073, ▁để: 0.0364, ▁tác: 0.0016, h: 0.1045, ▁tạo: 0.0036, ▁nhãn: 0.0023, ▁dán: 0.0006, ▁là: 0.157, ▁được: 0.0697, ▁ạ: 0.0232, </s>: 0.0992",0.977,11.2622
5112,"s tui vay đc cón 2tr cn moneveo và moneycat zậy bn ơi , hd mk thêm đc k ạk","sao tui vay được có 2 triệu con Moneveo và MoneyCat vậy bạn ơi , hướng dẫn mình thêm được không ạ","<s>: 0.0138, ▁sao: 0.0405, ▁tui: 0.1151, ▁vay: 0.0139, ▁được: 0.0559, ▁có: 0.1239, ▁2: 1.7419, ▁triệu: 0.199, ▁con: 0.1576, ▁Mon: 6.337, eve: 0.0075, o: 0.0367, ▁và: 0.0971, ▁Money: 4.6284, Cat: 4.9256, ▁vậy: 0.0873, ▁bạn: 0.0482, ▁ơi: 0.0109, ▁: 0.0791, ,: 0.0579, ▁hướng: 7.9488, ▁dẫn: 0.0054, ▁mình: 0.404, ▁thêm: 0.0259, ▁được: 0.0462, ▁không: 0.0465, ▁ạ: 0.0079, </s>: 0.0865",0.9767,7.9488
8033,"mk gửi c nhen, hoặc c cs thể kiếm full từng bài trên spotify/youtube của Hoàng Dũng ạk","mình gửi chị nhen, hoặc chị có thể kiếm full từng bài trên Spotify/YouTube của Hoàng Dũng ạ","<s>: 0.0143, ▁mình: 0.0967, ▁gửi: 0.0293, ▁chị: 0.637, ▁nh: 0.4828, en: 0.0206, ,: 0.0786, ▁hoặc: 0.0226, ▁chị: 0.28, ▁có: 0.0644, ▁thể: 0.0312, ▁kiếm: 0.004, ▁full: 0.0021, ▁từng: 0.0204, ▁bài: 0.0101, ▁trên: 0.028, ▁Spotify: 11.1484, /: 4.0693, YouTube: 6.0423, ▁của: 0.1769, ▁Hoàng: 0.015, ▁Dũng: 0.0004, ▁ạ: 0.0614, </s>: 0.0884",0.976,11.1484
6197,"Cty tui dg tuyển nvien kinh doanh k p sale dạng như mer as k yc kn, dzô đc đào tạo nek.","Công ty tui đang tuyển nhân viên kinh doanh không phải sale dạng như merchandiser á không yêu cầu kinh nghiệm, vô được đào tạo nè.","<s>: 0.0143, ▁Công: 0.1318, ▁ty: 0.0358, ▁tui: 0.1324, ▁đang: 0.019, ▁tuyển: 0.0192, ▁nhân: 0.0077, ▁viên: 0.008, ▁kinh: 0.0138, ▁doanh: 0.0248, ▁không: 0.0999, ▁phải: 0.0489, ▁sale: 0.0012, ▁dạng: 0.0062, ▁như: 0.0361, ▁mer: 0.0003, cha: 13.8908, ndis: 7.0329, er: 1.4023, ▁á: 0.0861, ▁không: 0.1363, ▁yêu: 5.0886, ▁cầu: 1.4016, ▁kinh: 0.0558, ▁nghiệm: 0.1837, ,: 0.0575, ▁vô: 0.008, ▁được: 0.0511, ▁đào: 0.0053, ▁tạo: 0.0096, ▁nè: 1.9848, .: 0.0832, </s>: 0.0551",0.9737,13.8908
1386,Stalk kỉu g hay z bà,Stalk kiểu gì hay vậy bà,"<s>: 0.0156, ▁Stal: 0.0207, k: 0.1494, ▁kiểu: 7.7763, ▁gì: 0.0137, ▁hay: 0.0729, ▁vậy: 0.5957, ▁bà: 0.0382, </s>: 0.0737",0.9729,7.7763
1744,"T coi stream ah Bằng cổ tay riết t ns chữ ""iem"" ik chang ổng hoặc hơn z là ra đg toàn ""đồ kì đố ki"" :)))) Ngoài ra thì t cs cái kiểu kể chuyện vs nhấn giọng khá giống Bray tại cái ngữ điệu khi nch của ảnh khá hay as","Tôi coi stream anh Bằng cổ tay riết tôi nói chữ ""em"" y chang ổng hoặc hơn thế là ra đường toàn ""đồ kỳ đố kỵ"" :)))) Ngoài ra thì tôi có cái kiểu kể chuyện với nhấn giọng khá giống B-Ray tại cái ngữ điệu khi nói chuyện của ảnh khá hay á","<s>: 0.0149, ▁Tôi: 0.2881, ▁coi: 0.0103, ▁stream: 0.001, ▁anh: 1.6296, ▁Bằng: 0.0065, ▁cổ: 0.0022, ▁tay: 0.013, ▁ri: 0.0072, ết: 0.0048, ▁tôi: 0.0927, ▁nói: 0.1419, ▁chữ: 0.0117, ▁"": 0.087, em: 2.0913, "": 0.0546, ▁y: 10.9694, ▁: 1.2513, chang: 0.0039, ▁ổn: 0.1266, g: 0.0669, ▁hoặc: 0.0505, ▁hơn: 0.0137, ▁thế: 0.372, ▁là: 0.0731, ▁ra: 0.0346, ▁đường: 0.0323, ▁toàn: 0.0227, ▁"": 0.1569, đ: 0.0267, ồ: 0.0049, ▁kỳ: 1.3711, ▁đ: 0.0484, ố: 0.0077, ▁k: 5.7725, ỵ: 10.235, "": 0.5438, <unk>: 0.1657, ): 0.0472, ▁Ngoài: 0.0264, ▁ra: 0.0288, ▁thì: 0.0415, ▁tôi: 0.0685, ▁có: 0.0658, ▁cái: 0.0206, ▁kiểu: 0.0053, ▁kể: 0.0017, ▁chuyện: 0.0085, ▁với: 0.0599, ▁nhấn: 0.0004, ▁giọng: 0.0018, ▁khá: 0.0121, ▁giống: 0.0059, ▁B: 11.485, -: 6.9455, Ray: 6.898, ▁tại: 0.3666, ▁cái: 0.0331, ▁ngữ: 0.0036, ▁điệu: 0.0047, ▁khi: 0.0521, ▁nói: 0.0175, ▁chuyện: 0.0302, </s>: 0.2147",0.9727,11.485
4291,thứ nhất là bên Val nh đội cạnh tranh từ nh khu vực chứ ko bị 1 màu như bên LoL,thứ nhất là bên Valorant nhiều đội cạnh tranh từ nhiều khu vực chứ không bị 1 màu như bên LoL,"<s>: 0.0149, ▁thứ: 0.0116, ▁nhất: 0.0965, ▁là: 0.0606, ▁bên: 0.0193, ▁Valor: 10.3316, ant: 12.9318, ▁nhiều: 0.0468, ▁đội: 0.008, ▁cạnh: 0.0024, ▁tranh: 0.0052, ▁từ: 0.0684, ▁nhiều: 0.0516, ▁khu: 0.021, ▁vực: 0.0062, ▁chứ: 0.0221, ▁không: 0.1076, ▁bị: 0.0514, ▁1: 0.1255, ▁màu: 0.0029, ▁như: 0.0586, ▁bên: 0.0286, ▁Lo: 0.0994, L: 0.0464, </s>: 0.0694",0.9715,12.9318
4445,Zạ màu xanh lá mang cgiac binh yên và hoà dịu lại kảm xúc as b ne,Dạ màu xanh lá mang cảm giác bình yên và hòa dịu lại cảm xúc á bạn nè,"<s>: 0.0171, ▁Dạ: 0.0344, ▁màu: 0.0058, ▁xanh: 0.0028, ▁lá: 0.0047, ▁mang: 0.0204, ▁cảm: 0.0041, ▁giác: 0.1, ▁bình: 8.4821, ▁yên: 0.0035, ▁và: 0.1214, <unk>: 9.3244, ▁dịu: 0.0004, ▁lại: 0.0269, ▁cảm: 0.0291, ▁xúc: 0.0207, ▁á: 0.0252, ▁bạn: 0.0501, ▁nè: 1.061, </s>: 0.0903",0.9712,9.3244
5013,"dĩa huông qa , chúc hai cj hp nhen","dễ thương quá , chúc hai chị hạnh phúc nhen","<s>: 0.014, ▁dễ: 12.2082, ▁thương: 0.0112, ▁quá: 0.0006, ▁: 0.1052, ,: 0.1372, ▁chúc: 0.0085, ▁hai: 0.036, ▁chị: 0.0982, ▁hạnh: 0.081, ▁phúc: 0.0107, ▁nh: 0.7775, en: 0.0268, </s>: 0.0716",0.9705,12.2082
4382,"em kảm ơn ạk, em dùng lr mak kb cs lộn chỗ nào ko màk nh lúc ảnh bị vỡ qa","em cảm ơn ạ, em dùng Lightroom mà không biết có lộn chỗ nào không mà nhiều lúc ảnh bị vỡ quá","<s>: 0.0142, ▁em: 0.0921, ▁cảm: 0.1175, ▁ơn: 0.032, ▁ạ: 0.0128, ,: 0.1145, ▁em: 0.0674, ▁dùng: 0.0131, ▁Light: 9.2868, room: 9.1541, ▁mà: 0.0702, ▁không: 0.0267, ▁biết: 4.7549, ▁có: 1.835, ▁lộ: 0.0004, n: 0.0418, ▁chỗ: 0.015, ▁nào: 0.0207, ▁không: 0.0686, ▁mà: 0.0317, ▁nhiều: 0.0156, ▁lúc: 0.0152, ▁ảnh: 0.2668, ▁bị: 0.0556, ▁vỡ: 0.0015, ▁quá: 0.0027, </s>: 0.0684",0.9702,9.2868
5102,ZẠ MAY CS ANK CHỈ K TÝ NX EM BỊ GIẢ DANH NH LỪA AH ẠK,DẠ MAY CÓ ANH CHỈ KHÔNG TÝ NỮA EM BỊ GIẢ DANH NGÂN HÀNG LỪA ANH Ạ,"<s>: 0.0163, ▁D: 3.5585, Ạ: 0.0056, ▁MAY: 0.0738, ▁C: 1.3053, Ó: 0.0557, ▁A: 0.1608, NH: 1.3875, ▁CH: 0.0477, Ỉ: 0.0071, ▁KHÔNG: 0.5932, ▁T: 0.0486, Ý: 0.0437, ▁N: 1.585, Ữ: 3.0772, A: 0.7546, ▁EM: 0.1727, ▁B: 0.0197, Ị: 0.0104, ▁GI: 0.0047, Ả: 0.0153, ▁DAN: 0.0024, H: 0.1888, ▁NG: 8.5582, ÂN: 3.5094, ▁HÀNG: 3.859, ▁L: 0.114, Ừ: 0.0215, A: 0.2591, ▁A: 2.1682, NH: 0.9532, ▁: 0.2497, Ạ: 0.0106, </s>: 0.1502",0.9702,8.5582
7920,Ôm ngoài đời y b oii,Ôm ngoài đời yêu bạn ơi,"<s>: 0.0151, ▁Ô: 0.013, m: 0.0417, ▁ngoài: 0.0404, ▁đời: 0.016, ▁yêu: 8.3558, ▁bạn: 0.0568, ▁ơi: 0.1059, </s>: 0.0801",0.9694,8.3558
9101,Chửi um lên cho t😭,Chửi um lên cho tôi 😭,"<s>: 0.0167, ▁Ch: 0.0871, ử: 0.0196, i: 0.0422, ▁um: 0.003, ▁lên: 0.0443, ▁cho: 0.0756, ▁tôi: 0.3441, ▁: 8.7732, <unk>: 1.1757, </s>: 0.0778",0.969,8.7732
4035,Zạ để mk nghiêm cíu nhennnn 🙇🏻‍♂️🙇🏻‍♂️🙇🏻‍♂️,Dạ để mình nghiên cứu nhen 🙇🏻‍♂️🙇🏻‍♂️🙇🏻‍♂️,"<s>: 0.0151, ▁Dạ: 0.0302, ▁để: 0.0407, ▁mình: 0.069, ▁nghiên: 13.9144, ▁cứu: 0.0005, ▁nh: 0.4064, en: 0.0206, ▁: 3.2525, <unk>: 0.0232, <unk>: 0.0375, ▁: 0.0666, <unk>: 0.0269, <unk>: 0.0374, <unk>: 0.0943, <unk>: 2.1484, ▁: 0.0437, <unk>: 0.0263, <unk>: 0.0389, <unk>: 0.0643, <unk>: 1.6784, ▁: 0.0783, <unk>: 0.029, <unk>: 0.0409, </s>: 2.0209",0.9682,13.9144
4343,White balance: Auto hoặc Kelvin ~3200–4200 tuỳ màu đèn.,White balance: Auto hoặc Kelvin ~3200–4200 tùy màu đèn.,"<s>: 0.0139, ▁White: 0.0055, ▁balance: 0.0242, :: 0.1099, ▁Auto: 0.0044, ▁hoặc: 0.0335, ▁Kel: 0.0001, vin: 0.0002, ▁~: 0.0207, 3: 0.047, 200: 0.0042, –: 0.2018, 4: 0.0582, 200: 0.0024, <unk>: 10.1891, ▁màu: 7.4591, ▁đèn: 0.0054, .: 0.1161, </s>: 0.0837",0.9673,10.1891
9196,"Chỗ post nta đg zui, ở đâu lòi ra tk khùm này vị mấy bà :))) ai kí đầu n cái, n bjk đọc hiểu khum ta 🤭","Chỗ bài đăng người ta đang vui, ở đâu lòi ra thằng khùng này vậy mấy bà :))) ai ký đầu nó cái, nó biết đọc hiểu không ta 🤭","<s>: 0.0138, ▁Ch: 0.0322, ỗ: 0.0041, ▁bài: 11.2354, ▁đăng: 6.5721, ▁người: 2.0062, ▁ta: 0.1475, ▁đang: 0.1039, ▁vui: 0.0139, ,: 0.0688, ▁ở: 0.0225, ▁đâu: 0.0078, ▁l: 0.06, ò: 0.0098, i: 0.0381, ▁ra: 0.0273, ▁thằng: 0.0087, ▁kh: 3.0681, ùng: 1.4819, ▁này: 0.0225, ▁vậy: 8.1597, ▁mấy: 0.0058, ▁bà: 0.0212, <unk>: 1.4212, ▁ai: 0.013, ▁ký: 2.5405, ▁đầu: 0.0127, ▁nó: 0.0342, ▁cái: 0.0294, ,: 0.0945, ▁nó: 0.0591, ▁biết: 0.0303, ▁đọc: 0.0066, ▁hiểu: 0.0044, ▁không: 0.1254, ▁ta: 0.0509, ▁: 0.0655, <unk>: 0.0448, </s>: 0.0369",0.9667,11.2354
380,nay nổ 4 pốt ae thấy đã chx,nay nổ 4 post anh em thấy đã chưa,"<s>: 0.0155, ▁nay: 0.0206, ▁nổ: 0.0068, ▁4: 0.0251, ▁post: 7.3696, ▁anh: 0.1703, ▁em: 2.7367, ▁thấy: 0.0215, ▁đã: 0.0389, ▁chưa: 0.1338, </s>: 0.0668",0.9642,7.3696
8375,"cứ bảo htram ơi hnhu e get nhầm map, uh nhầm mệ tht tại block bố n r thấy đếch nào dc sự hãm l ấy 😁😁😁","cứ bảo huyền trâm ơi hình như em get nhầm map, ừ nhầm mẹ thật tại block bố nó rồi thấy đếch nào được sự hãm lồn ấy 😁😁😁","<s>: 0.0142, ▁cứ: 0.0157, ▁bảo: 0.0195, ▁huyền: 11.2442, ▁tr: 7.7225, âm: 3.0432, ▁ơi: 0.0387, ▁hình: 0.1873, ▁như: 0.0116, ▁em: 0.0804, ▁get: 0.0391, ▁nhầm: 0.0037, ▁map: 0.0021, ,: 0.0854, ▁: 10.0039, ừ: 1.7369, ▁nhầm: 0.0008, ▁mẹ: 4.2996, ▁thật: 0.055, ▁tại: 0.0632, ▁block: 0.0001, ▁bố: 0.0212, ▁nó: 0.0817, ▁rồi: 0.0211, ▁thấy: 0.0555, ▁đế: 0.0009, ch: 0.0827, ▁nào: 0.0436, ▁được: 0.0546, ▁sự: 0.0224, ▁: 0.1012, hã: 0.0017, m: 0.0171, ▁lồ: 0.0908, n: 0.0254, ▁ấy: 0.0148, ▁: 0.0545, <unk>: 0.0393, <unk>: 0.0379, <unk>: 0.0477, </s>: 0.0213",0.9635,11.2442
8643,T vẫn chx ht sốc zụ guma-)) guma yêu cái bà lululuv j đấy tht ak mng;) t tưởng bà đấy nyc youngjae vs willer là đủ r chứ;),Tôi vẫn chưa hết sốc vụ Guma-)) Guma yêu cái bà lululuv gì đấy thật à mọi người;) tôi tưởng bà đấy người yêu cũ Youngjae với Willer là đủ rồi chứ;),"<s>: 0.0129, ▁Tôi: 0.2774, ▁vẫn: 0.0181, ▁chưa: 0.0316, ▁hết: 0.0653, ▁số: 0.009, c: 0.0042, ▁vụ: 0.043, ▁Gum: 13.6002, a: 6.1273, -: 0.8686, ): 0.0916, ): 0.0549, ▁Gum: 12.5046, a: 0.4211, ▁yêu: 0.0487, ▁cái: 0.0234, ▁bà: 0.0257, ▁: 2.3987, lulu: 0.0001, luv: 0.0015, ▁gì: 0.0215, ▁đấy: 0.018, ▁thật: 0.0722, ▁à: 0.1117, ▁mọi: 0.0075, ▁người: 0.0734, ;: 0.0646, ): 0.0407, ▁tôi: 0.1691, ▁tưởng: 0.0053, ▁bà: 0.0323, ▁đấy: 0.0153, ▁người: 0.0107, ▁yêu: 0.0364, ▁cũ: 0.0612, ▁Young: 3.2599, ja: 0.0228, e: 0.0052, ▁với: 0.0692, ▁Will: 6.1898, er: 0.012, ▁là: 0.0979, ▁đủ: 0.0054, ▁rồi: 0.0097, ▁chứ: 0.011, ;: 0.0695, ): 0.0484, </s>: 0.0274",0.9632,13.6002
988,BN LGI KHI GIÁ XĂNG DẦU TĂNG?,BẠN LÀM GÌ KHI GIÁ XĂNG DẦU TĂNG?,"<s>: 0.0163, ▁B: 3.4319, ẠN: 0.0436, ▁L: 0.273, À: 4.7844, M: 0.7708, ▁G: 1.1754, Ì: 0.1985, ▁K: 7.5259, HI: 0.0083, ▁GIÁ: 0.0062, ▁X: 0.5239, Ă: 0.0273, NG: 0.0404, ▁D: 0.0418, Ầ: 0.0231, U: 0.2335, ▁: 1.8813, TĂ: 0.0008, NG: 0.0685, ?: 0.0426, </s>: 0.0557",0.9624,7.5259
9388,"tiếc là 2 mẻ này lỡ duyên, lần đầu đã nch đã ờ chuồng gà dự báo tương lai r:)))","tiếc là hai mẻ này lỡ duyên, lần đầu đã nói chuyện đã ở chuồng gà dự báo tương lai rồi :)))","<s>: 0.0138, ▁tiếc: 0.0018, ▁là: 0.0355, ▁hai: 4.102, ▁m: 0.571, ẻ: 0.0018, ▁này: 0.0465, ▁l: 0.0734, ỡ: 0.0148, ▁du: 0.0078, yên: 0.0285, ,: 0.0757, ▁lần: 0.0097, ▁đầu: 0.0519, ▁đã: 0.0567, ▁nói: 0.0446, ▁chuyện: 0.0313, ▁đã: 0.0843, ▁ở: 6.6848, ▁chu: 0.1462, ồng: 0.0148, ▁gà: 0.001, ▁dự: 0.0087, ▁báo: 0.0466, ▁tương: 0.0018, ▁lai: 0.0352, ▁rồi: 0.0254, <unk>: 8.2737, </s>: 7.4193",0.9624,8.2737
5306,Đcu cno tưởng bịp đc ai .,Địt con cu chúng nó tưởng bịp được ai .,"<s>: 0.0156, ▁Đ: 0.4007, ị: 2.927, t: 0.0309, ▁con: 0.2813, ▁cu: 10.4255, ▁chúng: 0.6665, ▁nó: 0.0426, ▁tưởng: 0.0126, ▁bị: 0.1286, p: 0.0693, ▁được: 0.0903, ▁ai: 0.0734, ▁: 0.0983, .: 0.0642, </s>: 0.0694",0.9623,10.4255
9255,Cmt kn và rất chính xác hiii,Comment kinh nghiệm và rất chính xác hiii,"<s>: 0.015, ▁Comment: 8.4269, ▁kinh: 0.0651, ▁nghiệm: 0.1836, ▁và: 0.0871, ▁rất: 0.0229, ▁chính: 0.0164, ▁xác: 0.0207, <unk>: 1.3816, i: 0.2783, </s>: 0.067",0.9604,8.4269
4071,"Enfamil enspire mom, dưới 1y nhen Trên đók thì t cho sữa tươi xen kẽ sct Optimum Gold của VNM","Enfamil Enspire mom, dưới 1 tuổi nhen Trên đó thì tôi cho sữa tươi xen kẽ sữa công thức Optimum Gold của Vinamilk","<s>: 0.0156, ▁En: 0.0052, fa: 0.0075, mil: 0.0305, ▁En: 5.5614, spire: 0.0, ▁mom: 0.0033, ,: 0.1066, ▁dưới: 0.0083, ▁1: 0.0137, ▁tuổi: 8.1188, ▁nh: 1.1151, en: 0.0179, ▁Trên: 0.0055, ▁đó: 0.0271, ▁thì: 0.0751, ▁tôi: 0.1351, ▁cho: 0.0436, ▁sữa: 0.0156, ▁tươi: 0.002, ▁xen: 0.0003, ▁k: 0.0311, ẽ: 0.0008, ▁sữa: 3.5724, ▁công: 4.4894, ▁thức: 0.1878, ▁Optim: 0.0001, um: 0.0091, ▁Gold: 0.0046, ▁của: 0.0753, ▁Vin: 6.5241, ami: 1.9525, lk: 0.3988, </s>: 0.0839",0.9599,8.1188
5525,Nên tui tưởng apply zô lm TTS thu hồi nợ là lm ziệc zới bên toà zạy thui 🥲hoá ra ph ik đòi nợ nx,Nên tui tưởng apply vô làm thực tập sinh thu hồi nợ là làm việc với bên tòa vậy thôi 🥲hóa ra phải đi đòi nợ nữa,"<s>: 0.0147, ▁Nên: 0.0375, ▁tui: 0.0597, ▁tưởng: 0.008, ▁apply: 0.0018, ▁vô: 0.0048, ▁làm: 0.0484, ▁thực: 2.8437, ▁tập: 0.0231, ▁sinh: 0.0047, ▁thu: 0.3491, ▁hồi: 0.0048, ▁nợ: 0.0011, ▁là: 0.065, ▁làm: 0.0692, ▁việc: 0.0187, ▁với: 0.0658, ▁bên: 0.1179, <unk>: 8.0186, ▁vậy: 5.882, ▁thôi: 0.0444, ▁: 0.0733, <unk>: 0.0363, hó: 9.0096, a: 3.7163, ▁ra: 0.0218, ▁phải: 0.0059, ▁đi: 0.0087, ▁đòi: 0.0023, ▁nợ: 0.0013, ▁nữa: 0.0298, </s>: 0.0754",0.9582,9.0096
7850,Iem lụyyyyy ank ơiii 😭 mìn cuay lại vói nkau nka ank 🫰,Em lụy anh ơi 😭 mình quay lại với nhau nha anh 🫰,"<s>: 0.0158, ▁Em: 1.2858, ▁l: 0.081, ụ: 0.0024, y: 0.0224, ▁anh: 3.807, ▁ơi: 0.016, ▁: 0.4337, <unk>: 0.0315, ▁mình: 0.3589, ▁quay: 2.4859, ▁lại: 0.0293, ▁với: 0.3392, ▁nhau: 9.0569, ▁nha: 0.0143, ▁anh: 0.0672, ▁: 0.0527, <unk>: 0.0454, </s>: 0.0529",0.9578,9.0569
8915,cf cs Phú Ôg - Kép Nhí để dụ tui ik,confirm có Phú Ông - Kép Nhí để dụ tôi đi,"<s>: 0.0152, ▁confirm: 10.3367, ▁có: 0.3369, ▁Phú: 0.0002, ▁Ông: 1.0207, ▁-: 0.0209, ▁Kép: 0.0026, ▁Nh: 0.0442, í: 0.0149, ▁để: 0.0748, ▁dụ: 0.004, ▁tôi: 1.4211, ▁đi: 0.038, </s>: 0.0765",0.9576,10.3367
3801,nay nghe 7 đọc tn sếp màk cười bò “đừng qá điên rồ nvay”🤣,nay nghe Bảy đọc tin nhắn sếp mà cười bò “đừng quá điên rồ như vậy”🤣,"<s>: 0.0145, ▁nay: 0.0167, ▁nghe: 0.0259, ▁B: 11.4786, ả: 7.9514, y: 2.3065, ▁đọc: 0.0143, ▁tin: 0.2529, ▁nhắn: 2.0648, ▁s: 0.2602, ếp: 0.0082, ▁mà: 0.0708, ▁cười: 0.0047, ▁bò: 0.0018, ▁“: 0.0449, đ: 0.0223, ừng: 0.0018, ▁quá: 0.0178, ▁điên: 0.0001, ▁r: 0.0757, ồ: 0.003, ▁như: 0.0168, ▁vậy: 0.0658, ”: 0.0069, <unk>: 0.0809, </s>: 0.055",0.9562,11.4786
9316,tb yêu ai tht lòng ms luỵ th ☺️☺️,Thiên Bình yêu ai thật lòng mới lụy thôi ☺️☺️,"<s>: 0.0162, ▁Thiên: 9.5346, ▁Bình: 0.622, ▁yêu: 0.9316, ▁ai: 0.0678, ▁thật: 0.0393, ▁lòng: 0.0127, ▁mới: 0.0276, ▁l: 2.773, ụ: 2.2752, y: 0.359, ▁thôi: 0.0689, ▁: 0.0497, <unk>: 0.0522, <unk>: 0.0527, <unk>: 0.0509, <unk>: 0.1941, </s>: 0.0722",0.9555,9.5346
821,Cái quang trọng là kênh YouTube nào để port thì chỉ hổng ns 😂😂😂thôi ráng chờ,Cái quan trọng là kênh YouTube nào để post thì chỉ không nói 😂😂😂thôi ráng chờ,"<s>: 0.0137, ▁Cái: 0.0173, ▁quan: 7.2793, ▁trọng: 0.0083, ▁là: 0.1008, ▁kênh: 0.0024, ▁YouTube: 0.003, ▁nào: 0.0488, ▁để: 0.0665, ▁post: 8.6389, ▁thì: 0.0902, ▁chỉ: 0.0565, ▁không: 5.8907, ▁nói: 0.0502, ▁: 0.2443, <unk>: 0.0359, <unk>: 0.05, <unk>: 0.0944, th: 0.0609, ôi: 0.0119, ▁rá: 0.0008, ng: 0.0198, ▁chờ: 0.0183, </s>: 0.0579",0.9525,8.6389
4379,"Máy ảnh Máy nào cx oke, ít tiền nh tiền đều chụp đc tuỳ tc.","Máy ảnh Máy nào cũng ok, ít tiền nhiều tiền đều chụp được tùy tài chính.","<s>: 0.014, ▁Máy: 0.0341, ▁ảnh: 0.0593, ▁Máy: 0.0077, ▁nào: 0.0261, ▁cũng: 0.0493, ▁ok: 0.0231, ,: 0.0602, ▁ít: 0.0145, ▁tiền: 0.0433, ▁nhiều: 0.0402, ▁tiền: 0.0164, ▁đều: 0.0258, ▁chụp: 0.0063, ▁được: 0.0632, <unk>: 9.9027, ▁tài: 7.7582, ▁chính: 0.6416, .: 0.1365, </s>: 0.0714",0.9497,9.9027
7926,"Cook cái textfic trên w cho t, j ta, cua lại tình cũ","Cook cái textfic trên Wattpad cho tôi, gì ta, cua lại tình cũ","<s>: 0.0138, ▁Cook: 0.0011, ▁cái: 0.0953, ▁text: 0.0002, fic: 0.0001, ▁trên: 0.0401, ▁Watt: 10.85, pad: 6.1075, ▁cho: 0.035, ▁tôi: 0.2299, ,: 0.1111, ▁gì: 0.0966, ▁ta: 0.0674, ,: 0.1175, ▁cu: 0.9132, a: 0.1252, ▁lại: 0.0603, ▁tình: 0.0164, ▁cũ: 0.0037, </s>: 0.0863",0.9485,10.85
8539,"Chỉ muốn truyền thừa câu ns mấy ah cj đh và đã hok xog đh truyền lại:"" đừng chs thân vs bn đh""🫶","Chỉ muốn truyền thừa câu nói mấy anh chị đại học và đã học xong đại học truyền lại: ""đừng chơi thân với bạn đại học"" 🫶","<s>: 0.0133, ▁Chỉ: 0.0657, ▁muốn: 0.0267, ▁truyền: 0.0087, ▁thừa: 0.0052, ▁câu: 0.0249, ▁nói: 0.0461, ▁mấy: 0.0105, ▁anh: 0.019, ▁chị: 0.0909, ▁đại: 0.1937, ▁học: 0.0868, ▁và: 0.0577, ▁đã: 0.0233, ▁học: 0.0592, ▁xong: 0.2844, ▁đại: 0.1819, ▁học: 0.1437, ▁truyền: 0.0106, ▁lại: 0.0337, :: 0.1001, ▁"": 4.7417, đ: 11.8778, ừng: 4.8803, ▁chơi: 0.0322, ▁thân: 0.0131, ▁với: 0.0425, ▁bạn: 0.0468, ▁đại: 0.1017, ▁học: 0.0828, "": 0.0538, ▁: 8.5884, <unk>: 0.2154, </s>: 0.0618",0.9478,11.8778
7157,"Đù đù vuýp, mẹ Kiều lm cú lổ chấn động 🌷","Đù đù vip, mẹ Kiều làm cú lỗ chấn động 🌷","<s>: 0.0149, ▁Đ: 0.0665, ù: 0.0031, ▁đ: 0.0516, ù: 0.0038, ▁vip: 6.7662, ,: 0.1376, ▁mẹ: 0.0203, ▁Kiều: 0.0008, ▁làm: 0.0529, ▁cú: 0.002, ▁lỗ: 8.757, ▁chấn: 0.0003, ▁động: 0.0125, ▁: 0.081, <unk>: 0.0728, </s>: 0.0561",0.947,8.757
8545,Mn kể nghe jay qus,Mọi người kể nghe hay quá,"<s>: 0.0147, ▁Mọi: 0.0352, ▁người: 0.0505, ▁kể: 0.0045, ▁nghe: 0.0223, ▁hay: 7.1743, ▁quá: 0.1582, </s>: 0.1075",0.9459,7.1743
6273,📢 TUYỂN DỤNG: NVIEN HÀNH CHÍNH – NHÂN SỰ 📍 Địa điểm lm ziệc: Khâm Thiên Hà Nội ⏰ Tg lm ziệc: • Thứ 2 – Thứ 7: 09h00 – 18h00 • Nghỉ Cn hàng tuần 💰 Thu nhập: 13.000.000 VNĐ/tháng,📢 TUYỂN DỤNG: NHÂN VIÊN HÀNH CHÍNH – NHÂN SỰ 📍 Địa điểm làm việc: Khâm Thiên Hà Nội ⏰ Thời gian làm việc: • Thứ 2 – Thứ 7: 09 giờ 00 – 18 giờ 00 • Nghỉ Chủ nhật hàng tuần 💰 Thu nhập: 13.000.000 VNĐ/tháng,"<s>: 0.0143, ▁: 0.044, <unk>: 0.0139, ▁TU: 0.0044, Y: 0.0121, Ể: 0.0036, N: 0.0318, ▁DỤNG: 0.0102, :: 0.0667, ▁NHÂN: 0.0519, ▁V: 0.2364, IÊN: 0.0075, ▁H: 0.0664, ÀN: 0.0073, H: 0.1207, ▁CHÍNH: 0.0026, ▁–: 0.0678, ▁NHÂN: 0.0002, ▁S: 0.0335, Ự: 0.0034, ▁: 0.0248, <unk>: 0.0158, ▁Địa: 0.006, ▁điểm: 0.0351, ▁làm: 0.065, ▁việc: 0.0092, :: 0.0328, ▁Kh: 0.0031, âm: 0.0062, ▁Thiên: 0.0006, ▁Hà: 0.0063, ▁Nội: 0.0157, ▁: 0.0374, <unk>: 0.024, ▁Thời: 0.1035, ▁gian: 0.0305, ▁làm: 0.0474, ▁việc: 0.0062, :: 0.0273, ▁•: 0.0027, ▁Thứ: 0.003, ▁2: 0.0292, ▁–: 0.0546, ▁Thứ: 0.003, ▁7: 0.0055, :: 0.0143, ▁09: 0.0003, ▁giờ: 5.1008, ▁00: 6.5623, ▁–: 0.0822, ▁18: 0.0012, ▁giờ: 2.9458, ▁00: 3.543, ▁•: 0.008, ▁Ngh: 0.0008, ỉ: 0.0041, ▁Chủ: 8.094, ▁nhật: 0.0164, ▁hàng: 10.1409, ▁tuần: 0.7482, ▁: 4.6959, <unk>: 0.2613, ▁Thu: 10.1487, </s>: 6.7686",0.9458,10.1487
4968,hs đơn giản ( Ko mất ph.í ) 👉🏻Không thẩm định ng thân 👉🏻Va.y 20-300tr ( L.ã.i suất ưu đãi 0 8-1 8%) Lh zalo ☎️: 0353405270,hồ sơ đơn giản ( Không mất phí ) 👉🏻Không thẩm định người thân 👉🏻Vay 20-300 triệu ( Lãi suất ưu đãi 0.8-1.8%) Liên hệ Zalo ☎️: 0353405270,"<s>: 0.0135, ▁hồ: 1.7936, ▁sơ: 0.0946, ▁đơn: 0.0255, ▁giản: 0.0145, ▁(: 0.0655, ▁Không: 0.041, ▁mất: 0.0049, ▁phí: 4.5004, ▁): 0.0249, ▁: 0.0439, <unk>: 0.0227, <unk>: 0.0376, Không: 0.1276, ▁thẩm: 0.0033, ▁định: 0.0262, ▁người: 0.0607, ▁thân: 0.0081, ▁: 0.0757, <unk>: 0.0397, <unk>: 0.0428, Va: 0.0021, y: 6.5405, ▁20: 0.0051, -300: 0.0048, ▁triệu: 0.7761, ▁(: 0.0504, ▁L: 0.0312, ã: 1.7439, i: 0.8008, ▁suất: 0.0008, ▁ưu: 0.0032, ▁đã: 0.023, i: 0.0295, ▁: 8.8431, 0.8: 6.7876, -1: 0.7624, .: 9.691, 8%): 0.0365, ▁Liên: 1.0456, ▁hệ: 0.0703, ▁Za: 5.4564, lo: 0.0053, ▁: 0.1133, <unk>: 0.0463, <unk>: 0.0805, :: 0.0434, ▁03: 0.0004, 53: 0.0172, 40: 0.0062, 5: 0.0005, 270: 0.0101, </s>: 0.033",0.9458,9.691
7914,"qua chs vs t này, t chửi cho tỉnh","qua chơi với tao nè, tao chửi cho tỉnh","<s>: 0.0145, ▁qua: 0.0509, ▁chơi: 0.2131, ▁với: 0.0663, ▁tao: 2.857, ▁nè: 8.9249, ,: 0.1521, ▁tao: 0.6082, ▁ch: 0.0453, ử: 0.0101, i: 0.0431, ▁cho: 0.0819, ▁tỉnh: 0.0265, </s>: 0.0963",0.9421,8.9249
6223,Chúc bà luonn buôn may bán đắt nhó,Chúc bà luôn buôn may bán đắt nhỏ,"<s>: 0.0149, ▁Chúc: 0.0101, ▁bà: 0.0649, ▁luôn: 0.0022, ▁buôn: 0.0021, ▁may: 0.0039, ▁bán: 0.0204, ▁đắt: 0.0067, ▁nhỏ: 9.215, </s>: 0.0794",0.942,9.215
4313,Cái ảnh mìnk chụp là tone đỏ loè và mn mặc màu đen lun as.,Cái ảnh mình chụp là tone đỏ lòe và mọi người mặc màu đen luôn á.,"<s>: 0.0139, ▁Cái: 0.0223, ▁ảnh: 0.1586, ▁mình: 0.0344, ▁chụp: 0.0067, ▁là: 0.0444, ▁tone: 0.0018, ▁đỏ: 0.0028, ▁l: 6.4881, ò: 7.3423, e: 5.1687, ▁và: 0.0697, ▁mọi: 0.0293, ▁người: 0.1128, ▁mặc: 0.0055, ▁màu: 0.0044, ▁đen: 0.0015, ▁luôn: 0.0626, ▁á: 0.0087, .: 0.1089, </s>: 0.0662",0.9406,7.3423
5593,cái máy vs cái số vay ý đừng cs để lscg hay danh bạ j cả sợ n cày dc th,cái máy với cái số vay ý đừng có để lịch sử cuộc gọi hay danh bạ gì cả sợ nó cày được thôi,"<s>: 0.0147, ▁cái: 0.0655, ▁máy: 0.0159, ▁với: 0.0316, ▁cái: 0.0353, ▁số: 0.0106, ▁vay: 0.0109, ▁ý: 0.0071, ▁đừng: 0.0093, ▁có: 0.0472, ▁để: 0.131, ▁lịch: 9.1863, ▁sử: 0.4845, ▁cuộc: 8.5533, ▁gọi: 7.3248, ▁hay: 0.0217, ▁danh: 0.0025, ▁b: 0.0249, ạ: 0.0031, ▁gì: 0.0067, ▁cả: 0.0192, ▁sợ: 0.0106, ▁nó: 0.0375, ▁cà: 0.0016, y: 0.0402, ▁được: 0.1067, ▁thôi: 0.0396, </s>: 0.0723",0.9398,9.1863
5716,"Deft cs ny từ 2022 r hsy, quả ny xịn nhất luônnn","Deft có người yêu từ 2022 rồi hay sao ý, quả người yêu xịn nhất luôn","<s>: 0.0153, ▁De: 0.0141, ft: 0.0024, ▁có: 0.0951, ▁người: 0.0209, ▁yêu: 0.0244, ▁từ: 0.0801, ▁2022: 0.0232, ▁rồi: 0.0518, ▁hay: 11.8357, ▁sao: 0.1627, ▁ý: 7.8645, ,: 0.1131, ▁quả: 0.0018, ▁người: 0.0122, ▁yêu: 0.0395, ▁x: 0.0883, ị: 0.0182, n: 0.0365, ▁nhất: 0.0292, ▁luôn: 0.002, </s>: 0.1317",0.9392,11.8357
1377,Comfirm chx z 💀 nhìn tđn ấy,Confirm chưa vậy 💀 nhìn thế đéo nào ấy,"<s>: 0.0146, ▁Con: 10.3229, firm: 0.0, ▁chưa: 0.076, ▁vậy: 0.4131, ▁: 0.111, <unk>: 0.055, ▁nhìn: 0.0077, ▁thế: 1.3142, ▁đ: 1.1373, é: 0.0798, o: 0.0485, ▁nào: 0.3968, ▁ấy: 0.0065, </s>: 0.0962",0.9387,10.3229
1530,"Đ thấy quen j, chỉ thấy mỹ ngọc đẹp vl","Đéo thấy quen gì, chỉ thấy Mỹ Ngọc đẹp vãi lồn","<s>: 0.0161, ▁Đ: 0.3516, é: 1.1905, o: 0.0238, ▁thấy: 0.0534, ▁quen: 0.0044, ▁gì: 0.0355, ,: 0.1474, ▁chỉ: 0.0483, ▁thấy: 0.0185, ▁Mỹ: 9.0429, ▁Ngọc: 5.0071, ▁đẹp: 0.0425, ▁v: 0.0353, ã: 1.506, i: 0.0318, ▁lồ: 0.0786, n: 0.1054, </s>: 0.0956",0.9387,9.0429
8023,thay vì 3 bài trên là pov từ nv nam.,thay vì 3 bài trên là POV từ nhân vật nam.,"<s>: 0.0148, ▁thay: 0.0385, ▁vì: 0.013, ▁3: 0.0148, ▁bài: 0.0034, ▁trên: 0.0273, ▁là: 0.1138, ▁POV: 12.3538, ▁từ: 0.0401, ▁nhân: 0.0749, ▁vật: 0.2274, ▁nam: 0.0106, .: 0.0941, </s>: 0.0818",0.9363,12.3538
5319,chc mua cái vé bèo nhất,chắc mua cái vé bèo nhất,"<s>: 0.015, ▁chắc: 8.0925, ▁mua: 0.0341, ▁cái: 0.062, ▁vé: 0.008, ▁bè: 0.0011, o: 0.0379, ▁nhất: 0.0673, </s>: 0.0922",0.9345,8.0925
3752,Ghen tỵ ch hehe,Ghen tị chưa hehe,"<s>: 0.0149, ▁Gh: 0.0024, en: 0.0217, ▁t: 0.0697, ị: 7.2172, ▁chưa: 0.0584, ▁hehe: 0.0068, </s>: 0.0729",0.933,7.2172
2275,Thứ nhất: cả 2 đều yêu thw cùng 1 ng Thứ 2: xa thơm gần thối Thứ 3: kể cả mẹ ruột còn mâu thuẫn ns g mẹ ckồnq,Thứ nhất: cả hai đều yêu thương cùng một người Thứ hai: xa thơm gần thối Thứ ba: kể cả mẹ ruột còn mâu thuẫn nói gì mẹ chồng,"<s>: 0.0146, ▁Thứ: 0.006, ▁nhất: 0.0995, :: 0.0775, ▁cả: 0.0346, ▁hai: 2.9142, ▁đều: 0.0401, ▁yêu: 0.0455, ▁thương: 0.0152, ▁cùng: 0.0325, ▁một: 2.7275, ▁người: 0.0494, ▁Thứ: 0.0047, ▁hai: 7.8425, :: 5.4705, ▁xa: 0.0059, ▁thơm: 0.0016, ▁gần: 0.0078, ▁th: 0.0709, ối: 0.0077, ▁Thứ: 0.0103, ▁ba: 7.262, :: 7.9227, ▁kể: 0.0016, ▁cả: 0.016, ▁mẹ: 0.0193, ▁ruột: 0.0025, ▁còn: 0.0377, ▁mâ: 0.0025, u: 0.0295, ▁thu: 0.0292, ẫ: 0.0121, n: 0.0295, ▁nói: 0.0544, ▁gì: 0.3085, ▁mẹ: 0.0245, ▁chồng: 0.0231, </s>: 0.1226",0.931,7.9227
1859,tham vọng của mảtinstan qá lớn 🥰🤟🏻,tham vọng của Martinstan quá lớn 🥰🤟🏻,"<s>: 0.0148, ▁tham: 0.0154, ▁vọng: 0.0181, ▁của: 0.0968, ▁Martin: 9.2008, stan: 2.3498, ▁quá: 0.0305, ▁lớn: 0.014, ▁: 0.0962, <unk>: 0.0669, <unk>: 0.059, <unk>: 0.0685, </s>: 0.0491",0.9292,9.2008
5606,Nhx chụp cccd gửi n tui sợ n cs cái là tra ttin mik đc,Nhưng chụp căn cước công dân gửi nó tui sợ nó có cái là tra thông tin mình được,"<s>: 0.0155, ▁Nhưng: 2.9743, ▁chụp: 0.0106, ▁căn: 8.3112, ▁c: 1.5594, ước: 2.6922, ▁công: 1.7142, ▁dân: 2.2408, ▁gửi: 0.0076, ▁nó: 0.0644, ▁tui: 0.1605, ▁sợ: 0.0294, ▁nó: 0.0414, ▁có: 0.0869, ▁cái: 0.0665, ▁là: 0.0926, ▁tra: 0.002, ▁thông: 0.0763, ▁tin: 0.064, ▁mình: 0.0545, ▁được: 0.0812, </s>: 0.0782",0.9284,8.3112
7691,Kiểu như b thân và nyc ctay vì ko cùng quan điểm hay k cùng hướng ik trg tương lại ct trg hoà bình,Kiểu như bạn thân và người yêu cũ chia tay vì không cùng quan điểm hay không cùng hướng đi trong tương lai chia tay trong hòa bình,"<s>: 0.0147, ▁Kiể: 0.007, u: 0.0697, ▁như: 0.0153, ▁bạn: 0.0251, ▁thân: 0.0056, ▁và: 0.1699, ▁người: 0.0137, ▁yêu: 0.0728, ▁cũ: 0.6289, ▁chia: 0.0008, ▁tay: 0.0422, ▁vì: 0.0497, ▁không: 0.0365, ▁cùng: 0.0181, ▁quan: 0.0078, ▁điểm: 0.0477, ▁hay: 0.0974, ▁không: 0.0521, ▁cùng: 0.0078, ▁hướng: 0.005, ▁đi: 0.037, ▁trong: 0.397, ▁tương: 0.0019, ▁lai: 8.2497, ▁chia: 0.6778, ▁tay: 0.1317, ▁trong: 0.5609, <unk>: 8.7949, ▁bình: 8.2625, </s>: 0.267",0.928,8.7949
2216,Còn nh chuyện dở khók dở cười nhất là bộ môn tiếng Ziệt kh thông của cháu tui n chèm thêm tiếng Ah dzô,Còn nhiều chuyện dở khóc dở cười nhất là bộ môn tiếng Việt không thông của cháu tôi nó chêm thêm tiếng Anh vào,"<s>: 0.0146, ▁Còn: 0.0069, ▁nhiều: 0.1152, ▁chuyện: 0.0236, ▁d: 0.0361, ở: 0.0088, ▁khóc: 1.3585, ▁d: 0.0541, ở: 0.0068, ▁cười: 0.0009, ▁nhất: 0.0274, ▁là: 0.0521, ▁bộ: 0.0286, ▁môn: 0.0122, ▁tiếng: 0.0047, ▁Việt: 0.0234, ▁không: 0.0767, ▁thông: 0.0097, ▁của: 0.1047, ▁cháu: 0.0096, ▁tôi: 1.7633, ▁nó: 0.0649, ▁ch: 7.237, êm: 5.7599, ▁thêm: 0.0551, ▁tiếng: 0.0307, ▁Anh: 0.0066, ▁vào: 9.9138, </s>: 0.0988",0.9277,9.9138
7475,B ơi b m xem sự cviec tình duyên đất cát xem ở đâu hay b nhỉ,Bạn ơi bạn muốn xem công việc tình duyên đất cát xem ở đâu hay bạn nhỉ,"<s>: 0.0144, ▁Bạn: 0.1929, ▁ơi: 0.0163, ▁bạn: 0.075, ▁muốn: 6.4702, ▁xem: 0.0368, ▁công: 12.1294, ▁việc: 0.0528, ▁tình: 0.0225, ▁du: 0.0215, yên: 0.0297, ▁đất: 0.0054, ▁cá: 0.008, t: 0.0506, ▁xem: 0.0376, ▁ở: 0.0549, ▁đâu: 0.0208, ▁hay: 0.0576, ▁bạn: 0.0928, ▁nhỉ: 0.0048, </s>: 0.0622",0.9265,12.1294
5316,Haha mấy c app đen này toàn doạ ng yếu pónk vía thui c ạk ?,Haha mấy con app đen này toàn dọa người yếu bóng vía thôi chị ạ ?,"<s>: 0.014, ▁Haha: 0.0011, ▁mấy: 0.017, ▁con: 0.1962, ▁app: 0.0078, ▁đen: 0.0049, ▁này: 0.0587, ▁toàn: 0.0178, <unk>: 9.2995, ▁người: 0.0788, ▁yếu: 0.0015, ▁bóng: 6.1812, ▁vía: 0.0002, ▁thôi: 0.1082, ▁chị: 0.5033, ▁ạ: 0.0797, ▁?: 0.0146, </s>: 0.0839",0.926,9.2995
5117,Ik lm mak áp lực chạy xe ngoài đg mak sót ht túi tiền,Đi làm mà áp lực chạy xe ngoài đường mà xót hết túi tiền,"<s>: 0.0143, ▁Đi: 0.0192, ▁làm: 0.0637, ▁mà: 0.0469, ▁áp: 0.0043, ▁lực: 0.0079, ▁chạy: 0.009, ▁xe: 0.0291, ▁ngoài: 0.0344, ▁đường: 0.0135, ▁mà: 0.059, ▁x: 12.3278, ót: 2.9532, ▁hết: 0.0158, ▁túi: 0.0019, ▁tiền: 0.0141, </s>: 0.0854",0.9235,12.3278
5684,Hệ tư tưởng Lucky Vicky hả chèn,Hệ tư tưởng Lucky Vicky hả trời,"<s>: 0.0148, ▁Hệ: 0.0275, ▁tư: 0.0087, ▁tưởng: 0.0045, ▁Lucky: 0.0001, ▁V: 0.0217, icky: 0.0011, ▁hả: 0.0039, ▁trời: 9.062, </s>: 0.0898",0.9234,9.062
660,Bị ghost as hzzz 😮‍💨,Bị ghost á haizz 😮‍💨,"<s>: 0.0168, ▁Bị: 0.0216, ▁g: 0.0048, host: 0.0002, ▁á: 0.0545, ▁hai: 9.5622, zz: 1.1236, ▁: 0.0531, <unk>: 0.0417, ▁: 0.0792, <unk>: 0.0464, </s>: 0.0732",0.9231,9.5622
6307,"hehe chúc bác mạnh khoẻ, zẻ ạa","hehe chúc bác mạnh khỏe, vui vẻ ạ","<s>: 0.0152, ▁hehe: 0.0021, ▁chúc: 0.0103, ▁bác: 0.0282, ▁mạnh: 0.0175, <unk>: 9.007, ,: 0.3377, ▁vui: 0.2935, ▁vẻ: 0.0478, ▁ạ: 0.0127, </s>: 0.3575",0.9209,9.007
2437,Cgi cx trump mỗi tội mãi k xuống lỗ,Cái gì cũng Trump mỗi tội mãi không xuống lỗ,"<s>: 0.017, ▁Cái: 0.015, ▁gì: 0.0289, ▁cũng: 0.0669, ▁Trump: 10.6848, ▁mỗi: 0.0271, ▁tội: 0.0019, ▁mãi: 0.0075, ▁không: 0.1328, ▁xuống: 0.0049, ▁lỗ: 0.0001, </s>: 0.0626",0.9208,10.6848
1491,"Đấy là ôg tr giúp bn đấy, tránh đc 1 đời đau khổ say này nhé","Đấy là ông trời giúp bạn đấy, tránh được một đời đau khổ sau này nhé","<s>: 0.014, ▁Đ: 0.0659, ấ: 0.0217, y: 0.1068, ▁là: 0.0426, ▁ông: 0.0285, ▁trời: 0.0507, ▁giúp: 0.0115, ▁bạn: 0.0309, ▁đấy: 0.0093, ,: 0.1093, ▁tránh: 0.0059, ▁được: 0.0576, ▁một: 4.3293, ▁đời: 0.0255, ▁đau: 0.0034, ▁khổ: 0.0021, ▁sau: 14.2139, ▁này: 0.0745, ▁nhé: 0.0156, </s>: 0.0696",0.9185,14.2139
6356,kb trụ đc tới bao lâu đây hjc,không biết trụ được tới bao lâu đây hic,"<s>: 0.0145, ▁không: 0.108, ▁biết: 2.0179, ▁trụ: 0.0077, ▁được: 0.0714, ▁tới: 0.0376, ▁bao: 0.1565, ▁lâu: 0.0097, ▁đây: 0.0235, ▁hic: 7.5707, </s>: 0.0765",0.9176,7.5707
7125,Dậy mak lúc khều fanmetting lại bảo sợ é vế😒😒 Chán cái c vk này gke 1 phút mak cỡ đók màk còn sợ cgi nx hả cs day2,Vậy mà lúc khều fanmeeting lại bảo sợ ế vé😒😒 Chán cái con vợ này ghê 1 phút mà cỡ đó mà còn sợ cái gì nữa hả có day 2,"<s>: 0.0144, ▁Vậy: 4.4161, ▁mà: 0.0466, ▁lúc: 0.0196, ▁kh: 0.2337, ề: 0.0148, u: 0.0317, ▁fan: 0.0011, meet: 6.3886, ing: 2.9695, ▁lại: 0.0471, ▁bảo: 0.0254, ▁sợ: 0.008, ▁: 7.6401, ế: 0.2255, ▁vé: 10.708, <unk>: 0.8982, <unk>: 0.1043, ▁Chá: 0.0021, n: 0.0315, ▁cái: 0.0385, ▁con: 0.2595, ▁vợ: 0.0279, ▁này: 0.0785, ▁g: 0.6388, hê: 0.0088, ▁1: 0.0682, ▁phút: 0.0096, ▁mà: 0.0445, ▁cỡ: 0.0005, ▁đó: 0.0392, ▁mà: 0.0496, ▁còn: 0.0504, ▁sợ: 0.0063, ▁cái: 0.017, ▁gì: 0.0482, ▁nữa: 0.0128, ▁hả: 0.0046, ▁có: 0.0699, ▁day: 0.0002, ▁2: 3.1485, </s>: 0.0888",0.9175,10.708
6222,Giữ sức khoẻ nhe bà ơi.,Giữ sức khỏe nhe bà ơi.,"<s>: 0.0155, ▁Gi: 0.024, ữ: 0.0211, ▁sức: 0.0097, <unk>: 9.0885, ▁nh: 0.6448, e: 0.0168, ▁bà: 0.0262, ▁ơi: 0.0701, .: 0.0973, </s>: 0.0659",0.9164,9.0885
2549,"May mắn thay là cj rất tỉnh táo ở chỗ ko dkkh , thui thì ở 1minh cho đỡ nặng đầu nặng tâm c ạk .","May mắn thay là chị rất tỉnh táo ở chỗ không đăng ký kết hôn, thôi thì ở 1 mình cho đỡ nặng đầu nặng tâm chị ạ.","<s>: 0.0128, ▁May: 0.0209, ▁mắn: 0.0202, ▁thay: 0.0418, ▁là: 0.098, ▁chị: 0.096, ▁rất: 0.0117, ▁tỉnh: 0.0018, ▁tá: 0.0048, o: 0.0144, ▁ở: 0.09, ▁chỗ: 0.0247, ▁không: 0.0613, ▁đăng: 5.3017, ▁ký: 0.0485, ▁kết: 4.8019, ▁hôn: 1.223, ,: 8.6176, ▁thôi: 0.0091, ▁thì: 0.0395, ▁ở: 0.0682, ▁1: 0.0826, ▁mình: 0.0913, ▁cho: 0.0427, ▁đỡ: 0.0079, ▁nặng: 0.0038, ▁đầu: 0.01, ▁nặng: 0.0018, ▁tâm: 0.034, ▁chị: 0.1804, ▁ạ: 0.0168, .: 9.0627, </s>: 0.0633",0.9153,9.0627
8227,chn tình đọc nghe cuốn wa xg thấy mn hóng ở mấy vid kia nên gửi cmn link lên ds cho mn vào đọc=)),chuyện tình đọc nghe cuốn quá xong thấy mọi người hóng ở mấy video kia nên gửi con mẹ nó link lên đó cho mọi người vào đọc=)),"<s>: 0.0134, ▁chuyện: 5.4229, ▁tình: 0.0281, ▁đọc: 0.0227, ▁nghe: 0.0246, ▁cuốn: 0.0031, ▁quá: 0.0118, ▁xong: 0.0278, ▁thấy: 0.0206, ▁mọi: 0.1055, ▁người: 0.0686, ▁hó: 0.0004, ng: 0.0336, ▁ở: 0.0457, ▁mấy: 0.0061, ▁video: 1.3364, ▁kia: 0.0253, ▁nên: 0.0359, ▁gửi: 0.0051, ▁con: 3.76, ▁mẹ: 9.5011, ▁nó: 9.9209, ▁link: 0.0022, ▁lên: 0.1038, ▁đó: 0.0634, ▁cho: 0.0389, ▁mọi: 0.1487, ▁người: 0.0789, ▁vào: 0.0455, ▁đọc: 0.0105, =: 0.0032, ): 0.0773, ): 0.0895, </s>: 0.0351",0.9152,9.9209
9096,Dcm ns nthe Keonho zới Juhoon còn trả thù dài dài:))) chn thík trả thù lắm.,Địt con mẹ nói như thế Keonho với Juhoon còn trả thù dài dài :))) chúng nó thích trả thù lắm.,"<s>: 0.0138, ▁Đ: 1.1836, ị: 0.4813, t: 0.0165, ▁con: 0.3781, ▁mẹ: 0.0069, ▁nói: 0.8628, ▁như: 0.0331, ▁thế: 0.0362, ▁Ke: 0.0028, on: 0.0263, ho: 0.0112, ▁với: 0.0625, ▁Ju: 0.0044, ho: 0.0088, on: 0.0135, ▁còn: 0.0427, ▁trả: 0.0055, ▁thù: 0.0117, ▁dài: 0.0215, ▁dài: 0.014, <unk>: 9.2905, ▁chúng: 14.011, ▁nó: 0.6848, ▁thích: 0.0355, ▁trả: 0.0078, ▁thù: 0.0157, ▁lắm: 0.016, .: 0.0795, </s>: 0.0606",0.9146,14.011
3822,ê nhỏ đổi cái avt 6 dzữ z tr =))) nhìn vội tưởng c trâu,ê nhỏ đổi cái avatar xấu dữ vậy trời =))) nhìn vội tưởng con trâu,"<s>: 0.0165, ▁ê: 0.0006, ▁nhỏ: 0.0172, ▁đổi: 0.0075, ▁cái: 0.0282, ▁avatar: 4.0631, ▁xấu: 12.6508, ▁dữ: 0.5394, ▁vậy: 0.6803, ▁trời: 0.0129, ▁=: 0.0257, ))): 0.022, ▁nhìn: 0.0049, ▁vội: 0.0012, ▁tưởng: 0.0089, ▁con: 0.093, ▁tr: 0.0214, â: 0.0037, u: 0.027, </s>: 0.0664",0.9145,12.6508
6299,"Sợ ba lm bv cực , z nên cgái chọn cho ba c.v cực hơn , rủi ro tai nạn cao là chạy grab và shoppe 🥴🥴","Sợ ba làm bảo vệ cực , thế nên con gái chọn cho ba công việc cực hơn , rủi ro tai nạn cao là chạy Grab và Shopee 🥴🥴","<s>: 0.0142, ▁S: 0.0293, ợ: 0.026, ▁ba: 0.0174, ▁làm: 0.0526, ▁bảo: 6.322, ▁vệ: 0.4415, ▁cực: 0.0023, ▁: 0.1255, ,: 0.0932, ▁thế: 0.8403, ▁nên: 0.0338, ▁con: 0.0528, ▁gái: 0.1091, ▁chọn: 0.0277, ▁cho: 0.0324, ▁ba: 0.0138, ▁công: 0.9836, ▁việc: 0.0317, ▁cực: 0.0015, ▁hơn: 0.081, ▁: 0.0439, ,: 0.0991, ▁rủi: 0.0019, ▁ro: 0.0521, ▁tai: 0.0765, ▁nạn: 0.014, ▁cao: 0.0324, ▁là: 0.1147, ▁chạy: 0.0041, ▁Grab: 11.6381, ▁và: 0.0614, ▁Shop: 6.7431, ee: 5.4338, ▁: 0.0648, <unk>: 0.0637, </s>: 0.0541",0.9143,11.6381
8574,nay ms thứ 3 màk ní hỏng lẽ k kịp 🤩,nay mới thứ 3 mà ní không lẽ không kịp 🤩,"<s>: 0.0149, ▁nay: 0.0224, ▁mới: 0.0302, ▁thứ: 0.0365, ▁3: 0.1213, ▁mà: 0.0774, ▁ní: 0.0018, ▁không: 10.529, ▁lẽ: 1.606, ▁không: 0.1383, ▁kịp: 0.0031, ▁: 0.0614, <unk>: 0.0774, </s>: 0.0795",0.9142,10.529
579,Đôi khi hỏng p là do mk,Đôi khi không phải là do mình,"<s>: 0.0148, ▁Đô: 0.0026, i: 0.0271, ▁khi: 0.0189, ▁không: 8.7363, ▁phải: 0.0625, ▁là: 0.0469, ▁do: 0.0677, ▁mình: 0.0692, </s>: 0.0878",0.9134,8.7363
2958,E lm khách guột nka sốp ơiii 🙌🏻🙌🏻,Em làm khách ruột nha shop ơi 🙌🏻🙌🏻,"<s>: 0.0158, ▁Em: 0.0918, ▁làm: 0.0327, ▁khách: 0.0136, ▁ruột: 10.669, ▁nha: 0.0076, ▁shop: 0.0698, ▁ơi: 0.0096, ▁: 0.8145, <unk>: 0.0286, <unk>: 0.0416, <unk>: 0.0466, <unk>: 0.891, </s>: 0.0511",0.9131,10.669
9003,🐍: GHEN ĐÓK ⁉️⁉️⁉️ Ôg khầy confirm là c mèo ghen nka các m🥴🥴🥴,🐍: GHEN ĐÓ ⁉️⁉️⁉️ Ông thầy confirm là con mèo ghen nha các mày 🥴🥴🥴,"<s>: 0.0145, ▁: 0.1074, <unk>: 0.0524, :: 0.0559, ▁G: 0.1079, HEN: 0.0005, ▁Đ: 0.0569, Ó: 0.005, ▁!: 5.4111, ?: 0.1013, <unk>: 0.1322, !: 0.2308, ?: 0.3896, <unk>: 0.1612, !: 0.1787, ?: 0.6218, <unk>: 0.5666, ▁Ông: 0.7508, ▁thầy: 11.8096, ▁confirm: 0.0037, ▁là: 0.0943, ▁con: 0.1185, ▁mè: 0.0026, o: 0.052, ▁gh: 0.0019, en: 0.0773, ▁nha: 0.018, ▁các: 0.085, ▁mày: 0.1612, ▁: 7.2231, <unk>: 0.5661, </s>: 0.0595",0.913,11.8096
1872,lúc nào cũg bảo lên ah bù đắp nma cs bù cđg đâu,lúc nào cũng bảo lên anh bù đắp nhưng mà có bù cái đầu gối đâu,"<s>: 0.0145, ▁lúc: 0.0308, ▁nào: 0.0226, ▁cũng: 0.0313, ▁bảo: 0.0375, ▁lên: 0.0401, ▁anh: 0.038, ▁bù: 0.0008, ▁đắp: 0.003, ▁nhưng: 0.0224, ▁mà: 0.0378, ▁có: 0.1796, ▁bù: 0.0001, ▁cái: 0.4282, ▁đầu: 6.1168, ▁gối: 9.2548, ▁đâu: 0.0737, </s>: 0.0686",0.9112,9.2548
1109,ntin ko rep và chả cs suộc nào nx cả =))))),nhắn tin không reply và chả có source nào nữa cả =))))),"<s>: 0.019, ▁nhắn: 0.4003, ▁tin: 0.1741, ▁không: 0.1321, ▁reply: 0.6239, ▁và: 0.08, ▁chả: 0.0585, ▁có: 0.0732, ▁source: 11.7149, ▁nào: 0.1208, ▁nữa: 0.0518, ▁cả: 0.0767, ▁=): 0.0078, <unk>: 0.0667, </s>: 0.063",0.9109,11.7149
1368,"thì MH xinhh hơn trg mắt t as, t bt MH trc khi bt bả là ny của Hiếu.","thì Mỹ Hàn xinh hơn trong mắt tôi á, tôi biết Mỹ Hàn trước khi biết bả là người yêu của Hiếu.","<s>: 0.0134, ▁thì: 0.0841, ▁Mỹ: 8.3092, ▁Hàn: 8.5105, ▁xinh: 0.0175, ▁hơn: 0.0868, ▁trong: 0.0218, ▁mắt: 0.0339, ▁tôi: 0.2842, ▁á: 0.0343, ,: 0.0756, ▁tôi: 0.1642, ▁biết: 0.119, ▁Mỹ: 4.5381, ▁Hàn: 1.1376, ▁trước: 0.3263, ▁khi: 0.0434, ▁biết: 0.0295, ▁b: 0.4102, ả: 0.0699, ▁là: 0.1327, ▁người: 0.0055, ▁yêu: 0.0171, ▁của: 0.9089, ▁Hi: 0.0042, ếu: 0.0021, .: 0.0696, </s>: 0.0492",0.9107,8.5105
8225,Các vk iu buổi tối vv và ngủ ngol nháaa mai kể chuỵn típp😼,Các vợ yêu buổi tối vui vẻ và ngủ ngon nhé mai kể chuyện tiếp😼,"<s>: 0.0149, ▁Các: 0.0483, ▁vợ: 0.1598, ▁yêu: 0.0591, ▁buổi: 0.0054, ▁tối: 0.0158, ▁vui: 0.1998, ▁vẻ: 0.0133, ▁và: 0.0559, ▁ngủ: 0.0198, ▁ngon: 0.0201, ▁nhé: 4.1651, ▁mai: 2.4926, ▁kể: 0.0047, ▁chuyện: 1.5972, ▁tiếp: 7.2009, <unk>: 0.2221, </s>: 0.0625",0.9087,7.2009
5999,Thứ đg văn vẳn trg đầu t bjo là h nghỉ ziệc r thì lgi nx nhỉ?,Thứ đang văng vẳng trong đầu tôi bây giờ là giờ nghỉ việc rồi thì làm gì nữa nhỉ?,"<s>: 0.0141, ▁Thứ: 0.0381, ▁đang: 0.2231, ▁văn: 0.0252, g: 9.0277, ▁v: 4.8693, ẳ: 0.0034, ng: 5.9988, ▁trong: 0.058, ▁đầu: 0.0187, ▁tôi: 0.1094, ▁bây: 1.8451, ▁giờ: 0.0054, ▁là: 0.077, ▁giờ: 0.0662, ▁nghỉ: 0.0028, ▁việc: 0.0053, ▁rồi: 0.0376, ▁thì: 0.0667, ▁làm: 0.0372, ▁gì: 0.0465, ▁nữa: 0.0219, ▁nhỉ: 0.0037, ?: 0.0414, </s>: 0.0501",0.9077,9.0277
7880,"Ok sếp, xíu tui họt về tui lên","Ok sếp, xíu tui họp về tui lên","<s>: 0.0157, ▁Ok: 0.0047, ▁s: 0.2259, ếp: 0.0095, ,: 0.0913, ▁x: 0.1128, íu: 0.0102, ▁tui: 0.1875, ▁họp: 10.4434, ▁về: 0.1582, ▁tui: 0.3913, ▁lên: 0.055, </s>: 0.0799",0.9066,10.4434
750,"Zẻ zữ lung, bữa nào em qua test ik diễn 😍😍","Rẻ dữ luôn, bữa nào em qua test đi diễn 😍😍","<s>: 0.0161, ▁R: 4.7246, ẻ: 0.0038, ▁dữ: 0.0073, ▁luôn: 9.9468, ,: 0.1073, ▁bữa: 0.0017, ▁nào: 0.0177, ▁em: 0.0734, ▁qua: 0.0693, ▁test: 0.0018, ▁đi: 0.1779, ▁diễn: 0.003, ▁: 0.0716, <unk>: 0.0719, <unk>: 0.0647, </s>: 0.0427",0.906,9.9468
9180,"Thà lấy muộn màk lấy đúng ng còn hơn vội vàng,hỏng cả 1 đời.Cố lên nhé","Thà lấy muộn mà lấy đúng người còn hơn vội vàng, hỏng cả một đời. Cố lên nhé","<s>: 0.0148, ▁Th: 0.0096, à: 0.004, ▁lấy: 0.0073, ▁muộn: 0.0086, ▁mà: 0.1167, ▁lấy: 0.0052, ▁đúng: 0.0192, ▁người: 0.0583, ▁còn: 0.0202, ▁hơn: 0.0084, ▁vội: 0.0005, ▁vàng: 0.001, ,: 0.0832, ▁hỏng: 8.0665, ▁cả: 0.1, ▁một: 3.526, ▁đời: 0.0505, .: 0.0785, ▁Cố: 8.4992, ▁lên: 0.0338, ▁nhé: 0.0198, </s>: 0.0901",0.9053,8.4992
9226,Song tử tháng 6 màk dễ bị trap as =))))) n trap ngta thì cs T bt vì t là cn nhỏ stu t6 ds,Song Tử tháng 6 mà dễ bị trap á =))))) nó trap người ta thì có Tôi biết vì tôi là con nhỏ Song Tử tháng 6 đó,"<s>: 0.0156, ▁Song: 0.0282, ▁Tử: 5.3414, ▁tháng: 0.0372, ▁6: 0.0189, ▁mà: 0.0765, ▁dễ: 0.0073, ▁bị: 0.0295, ▁trap: 0.0002, ▁á: 0.0232, ▁=): 0.0026, <unk>: 0.0531, ▁nó: 0.1006, ▁trap: 0.0004, ▁người: 0.0744, ▁ta: 0.0651, ▁thì: 0.0629, ▁có: 0.0586, ▁Tôi: 0.6283, ▁biết: 0.0856, ▁vì: 0.0463, ▁tôi: 0.0842, ▁là: 0.037, ▁con: 0.0573, ▁nhỏ: 0.0093, ▁Song: 15.9947, ▁Tử: 0.352, ▁tháng: 4.4663, ▁6: 0.1751, ▁đó: 0.0493, </s>: 0.0737",0.905,15.9947
2547,"z lấy ckồnq zì, một mk còn khoẻ hơn ấy chứ","thế lấy chồng gì, một mình còn khỏe hơn ấy chứ","<s>: 0.0146, ▁thế: 0.3736, ▁lấy: 0.0167, ▁chồng: 0.0107, ▁gì: 0.3052, ,: 0.1531, ▁một: 0.0757, ▁mình: 0.0313, ▁còn: 0.0551, <unk>: 11.2438, ▁hơn: 0.2856, ▁ấy: 0.011, ▁chứ: 0.0176, </s>: 0.0721",0.9047,11.2438
4117,Ms nhắn giúp mih qua zalo: 0348993966 nka 🥰🥰🥰🥰,Miss nhắn giúp mình qua Zalo: 0348993966 nha 🥰🥰🥰🥰,"<s>: 0.014, ▁Miss: 11.5244, ▁nhắn: 0.0107, ▁giúp: 0.0379, ▁mình: 0.0258, ▁qua: 0.1115, ▁Za: 5.3715, lo: 0.007, :: 0.0696, ▁03: 0.001, 489: 0.0879, 93: 0.0349, 966: 0.0032, ▁nha: 0.0108, ▁: 0.0891, <unk>: 0.0538, <unk>: 0.0658, <unk>: 0.0472, <unk>: 0.4129, </s>: 0.0598",0.9019,11.5244
7694,như hai còn ng k còn ik chung đg thui vs mih chtay r là ht,như hai con người không còn đi chung đường thôi với mình chia tay rồi là hết,"<s>: 0.0146, ▁như: 0.0465, ▁hai: 0.0272, ▁con: 10.192, ▁người: 6.1504, ▁không: 0.0569, ▁còn: 0.0278, ▁đi: 0.0482, ▁chung: 0.0193, ▁đường: 0.0616, ▁thôi: 0.0295, ▁với: 0.0687, ▁mình: 0.0768, ▁chia: 0.006, ▁tay: 0.0509, ▁rồi: 0.0468, ▁là: 0.1106, ▁hết: 0.0052, </s>: 0.0822",0.9011,10.192
8745,Chứ mìk vs n sắp cãi nhau tới r :)))),Chứ mình với nó sắp cãi nhau tới nơi rồi :)))),"<s>: 0.0154, ▁Ch: 0.12, ứ: 0.0178, ▁mình: 0.0391, ▁với: 0.0762, ▁nó: 0.0229, ▁sắp: 0.0494, ▁cãi: 0.0016, ▁nhau: 0.013, ▁tới: 0.0249, ▁nơi: 12.0814, ▁rồi: 0.7566, <unk>: 0.159, ): 0.0638, </s>: 0.058",0.8999,12.0814
4210,Cái loz t để ảnh rãnh mariana thì shao m ko cs tư cách ns t bệnh đâu,Cái lồn tôi để ảnh rãnh Mariana thì sao mày không có tư cách nói tôi bệnh đâu,"<s>: 0.0145, ▁Cái: 0.0338, ▁lồ: 2.0817, n: 0.1941, ▁tôi: 0.1582, ▁để: 0.0831, ▁ảnh: 0.1259, ▁: 1.1045, rã: 0.0066, nh: 0.0406, ▁Maria: 12.014, na: 4.5415, ▁thì: 0.0388, ▁sao: 0.0014, ▁mày: 0.1136, ▁không: 0.1122, ▁có: 0.0463, ▁tư: 0.0073, ▁cách: 0.0463, ▁nói: 0.0568, ▁tôi: 0.6247, ▁bệnh: 0.0127, ▁đâu: 0.0375, </s>: 0.0651",0.8984,12.014
5221,"Khi t ik, t tự hứa sẽ ko dựa dẫm ai, ko sa đoạ.","Khi tôi đi, tôi tự hứa sẽ không dựa dẫm ai, không sa đọa.","<s>: 0.0141, ▁Khi: 0.0304, ▁tôi: 0.1269, ▁đi: 0.0605, ,: 0.0807, ▁tôi: 0.0904, ▁tự: 0.0643, ▁hứa: 0.0117, ▁sẽ: 0.0628, ▁không: 0.101, ▁dựa: 0.0013, ▁d: 0.0622, ẫ: 0.0049, m: 0.0562, ▁ai: 0.0401, ,: 0.1045, ▁không: 0.0855, ▁sa: 0.0172, ▁đ: 6.6168, ọ: 8.569, a: 4.3204, .: 0.076, </s>: 0.0645",0.8983,8.569
9036,mk tht sự ghen tị zới nhx ai đã đc ik concert của enhypen,mình thật sự ghen tị với những ai đã được đi concert của ENHYPEN,"<s>: 0.0136, ▁mình: 0.0849, ▁thật: 0.0908, ▁sự: 0.03, ▁gh: 0.0038, en: 0.0228, ▁t: 0.0163, ị: 0.0395, ▁với: 0.0608, ▁những: 0.0648, ▁ai: 0.0226, ▁đã: 0.0574, ▁được: 0.1327, ▁đi: 0.0792, ▁concert: 0.0029, ▁của: 0.112, ▁EN: 8.3068, HY: 4.1248, PEN: 4.6071, </s>: 0.0887",0.8981,8.3068
3902,Lổ đầu luonn fen ơi =]]],Lỗ đầu luôn fen ơi =]]],"<s>: 0.0169, ▁L: 0.0827, ỗ: 9.0338, ▁đầu: 0.0158, ▁luôn: 0.0006, ▁fen: 0.0013, ▁ơi: 0.0168, ▁=: 0.0242, ]: 0.4964, ]]: 0.1224, </s>: 0.045",0.896,9.0338
8292,t tưởng 2 b avt chéo xog nhìn kĩ lại tên thì t bik t nhầm r kk dth vl t thấy 2b hợp nhau nh cái lắm i,tôi tưởng hai bạn avatar chéo xong nhìn kỹ lại tên thì tôi biết tôi nhầm rồi kaka dễ thương vãi lồn tôi thấy hai bạn hợp nhau nhiều cái lắm ý,"<s>: 0.0134, ▁tôi: 0.1706, ▁tưởng: 0.0109, ▁hai: 4.7608, ▁bạn: 0.0372, ▁avatar: 7.1067, ▁: 0.1764, ché: 0.0055, o: 0.02, ▁xong: 0.3801, ▁nhìn: 0.0068, ▁kỹ: 1.0996, ▁lại: 0.0193, ▁tên: 0.0131, ▁thì: 0.0586, ▁tôi: 0.0566, ▁biết: 0.0288, ▁tôi: 0.0785, ▁nhầm: 0.0081, ▁rồi: 0.0147, ▁kaka: 9.5343, ▁dễ: 0.0204, ▁thương: 0.0151, ▁v: 0.0182, ã: 1.6368, i: 0.0436, ▁lồ: 0.0533, n: 0.1199, ▁tôi: 0.079, ▁thấy: 0.0252, ▁hai: 5.4281, ▁bạn: 0.1103, ▁hợp: 0.0073, ▁nhau: 0.0175, ▁nhiều: 0.0599, ▁cái: 0.0302, ▁lắm: 0.0108, ▁ý: 3.4871, </s>: 0.0924",0.8937,9.5343
8401,"Hai Thành cx dzui chứ cs khó chịu đâuu , s mak hay ấy quáa kkk","Hai Thành cũng vui chứ có khó chịu đâu , sao mà hay thế quá kkk","<s>: 0.0145, ▁Hai: 0.0356, ▁Thành: 0.0071, ▁cũng: 0.0931, ▁vui: 0.0075, ▁chứ: 0.0261, ▁có: 0.0721, ▁khó: 0.0072, ▁chịu: 0.0044, ▁đâu: 0.0148, ▁: 0.5287, ,: 0.0629, ▁sao: 0.0273, ▁mà: 0.0276, ▁hay: 0.0485, ▁thế: 9.2146, ▁quá: 3.0258, ▁k: 4.5631, kk: 0.0005, </s>: 0.0634",0.8922,9.2146
7013,"ai rcm cho em thầy xem mảng sự nghiệp khu vực Hà Đông, Thanh xuân, hmai zới ạaaa","ai recommend cho em thầy xem mảng sự nghiệp khu vực Hà Đông, Thanh Xuân, Hoàng Mai với ạ","<s>: 0.0148, ▁ai: 0.033, ▁recommend: 0.3042, ▁cho: 0.0492, ▁em: 0.0826, ▁thầy: 0.0274, ▁xem: 0.0382, ▁m: 0.0733, ảng: 0.0165, ▁sự: 0.0111, ▁nghiệp: 0.0619, ▁khu: 0.0169, ▁vực: 0.0073, ▁Hà: 0.0205, ▁Đông: 0.0055, ,: 0.0746, ▁Thanh: 0.0024, ▁Xuân: 4.6827, ,: 0.2447, ▁Hoàng: 10.0304, ▁Mai: 2.0647, ▁với: 0.0402, ▁ạ: 0.0098, </s>: 3.495",0.892,10.0304
5654,Bên mk cs vp ở Long xuyên k ạk,Bên mình có văn phòng ở Long Xuyên không ạ,"<s>: 0.0147, ▁Bên: 0.0126, ▁mình: 0.0283, ▁có: 0.1064, ▁văn: 1.7273, ▁phòng: 0.0863, ▁ở: 0.0518, ▁Long: 0.002, ▁Xu: 9.2842, yên: 0.0296, ▁không: 0.1373, ▁ạ: 0.029, </s>: 0.0787",0.8914,9.2842
9014,"""t thấy bth"" :))))))""","""tôi thấy bình thường"" :))))))","<s>: 0.0155, ▁"": 0.0623, tô: 1.6819, i: 0.3371, ▁thấy: 0.021, ▁bình: 0.0081, ▁thường: 0.0233, "": 0.0494, ▁:: 0.0163, <unk>: 0.0737, </s>: 7.5142",0.8912,7.5142
9088,"""IEM CS GHEN ĐÂU""😠","""EM CÓ GHEN ĐÂU""😠","<s>: 0.0153, ▁"": 0.1059, EM: 9.6832, ▁C: 1.1654, Ó: 0.0628, ▁G: 0.0994, HEN: 0.0019, ▁Đ: 0.0842, Â: 0.0251, U: 0.172, "": 0.0328, <unk>: 0.0623, </s>: 0.065",0.8904,9.6832
6587,em ib c nka hoăc zl 0356172832,em inbox chị nha hoặc Zalo 0356172832,"<s>: 0.0151, ▁em: 0.1137, ▁in: 0.1424, box: 0.0568, ▁chị: 0.0976, ▁nha: 0.0462, ▁hoặc: 9.1758, ▁Za: 3.4927, lo: 0.0213, ▁03: 0.0021, 56: 0.0309, 17: 0.0501, 28: 0.0023, 32: 0.0291, </s>: 0.0729",0.8899,9.1758
4386,Mk thì up tuỳ hứng do cx lười 😁,Mình thì up tùy hứng do cũng lười 😁,"<s>: 0.0165, ▁Mình: 0.1061, ▁thì: 0.0962, ▁up: 0.0064, <unk>: 8.8543, ▁hứng: 1.9451, ▁do: 0.0545, ▁cũng: 0.2099, ▁l: 0.0576, ười: 0.0051, ▁: 0.0699, <unk>: 0.0692, </s>: 0.0731",0.8895,8.8543
7627,T còn bị block rùi cơ í🥲,Tui còn bị block rồi cơ ý🥲,"<s>: 0.0158, ▁Tu: 7.0134, i: 1.5486, ▁còn: 0.0634, ▁bị: 0.0394, ▁block: 0.001, ▁rồi: 0.0958, ▁cơ: 0.0118, ▁ý: 0.8116, <unk>: 0.094, </s>: 0.0723",0.8879,7.0134
1410,Tuỳ ng th má ơi :v c zaiiii cno ctay vẫn vv hp đầy ah,Tùy người thôi má ơi :v con trai chúng nó chia tay vẫn vui vẻ hạnh phúc đầy à,"<s>: 0.016, <unk>: 11.1205, ▁người: 5.3929, ▁thôi: 0.0318, ▁má: 0.0076, ▁ơi: 0.0145, ▁:: 0.0061, v: 0.0275, ▁con: 0.6589, ▁trai: 0.5238, ▁chúng: 0.1033, ▁nó: 0.3148, ▁chia: 0.0059, ▁tay: 0.0231, ▁vẫn: 0.042, ▁vui: 0.2607, ▁vẻ: 0.0334, ▁hạnh: 0.0521, ▁phúc: 0.0132, ▁đầy: 0.0102, ▁à: 0.7902, </s>: 0.0792",0.8876,11.1205
758,Mk sv y2yhn cs kn dạy 2 bn r ạk.,Mình sinh viên y2 y hà nội có kinh nghiệm dạy 2 bạn rồi ạ.,"<s>: 0.0138, ▁Mình: 0.0947, ▁sinh: 0.0745, ▁viên: 0.0508, ▁y: 0.1359, 2: 0.0498, ▁y: 7.0737, ▁hà: 8.5754, ▁nội: 0.2387, ▁có: 0.0916, ▁kinh: 0.0149, ▁nghiệm: 0.0363, ▁dạy: 0.0075, ▁2: 0.1057, ▁bạn: 0.0234, ▁rồi: 0.0738, ▁ạ: 0.0148, .: 0.0828, </s>: 0.0615",0.8852,8.5754
1949,Lãng mạn ko hề đăt n ám vào shop ds shop,Lãng mạn không hề đắt nó ám vào shop đó shop,"<s>: 0.0151, ▁L: 0.0506, ã: 0.0557, ng: 0.0659, ▁mạn: 0.0014, ▁không: 0.137, ▁hề: 0.0359, ▁đắt: 12.1902, ▁nó: 0.5637, ▁ám: 0.0025, ▁vào: 0.0357, ▁shop: 0.0037, ▁đó: 0.0229, ▁shop: 0.0053, </s>: 0.0907",0.8851,12.1902
3988,so thì p so cùng trg côg/dân lập/quốc tế màk cùng trg r thì còn ph so hệ đào tạo là tc clc tt,so thì phải so cùng trường công/dân lập/quốc tế mà cùng trường rồi thì còn phải so hệ đào tạo là tiêu chuẩn chất lượng cao tiên tiến,"<s>: 0.0145, ▁so: 0.0324, ▁thì: 0.1023, ▁phải: 0.0567, ▁so: 0.0214, ▁cùng: 0.0126, ▁trường: 0.6803, ▁công: 0.0567, /: 0.4346, d: 0.0318, ân: 0.0173, ▁lập: 0.0048, /: 0.0309, qu: 0.0107, ốc: 0.0042, ▁tế: 0.0122, ▁mà: 0.046, ▁cùng: 0.0092, ▁trường: 0.0748, ▁rồi: 0.091, ▁thì: 0.0362, ▁còn: 0.0137, ▁phải: 0.0252, ▁so: 0.0252, ▁hệ: 0.0085, ▁đào: 0.0085, ▁tạo: 0.0173, ▁là: 0.114, ▁tiêu: 7.8788, ▁chuẩn: 1.0164, ▁chất: 4.7321, ▁lượng: 0.2188, ▁cao: 3.4684, ▁tiên: 9.9566, ▁tiến: 2.1559, </s>: 0.4034",0.884,9.9566
3876,đặc biệt mua chó mèo ở thái bình nhe bên đók ổ chó mèo bị parvo,đặc biệt mua chó mèo ở Thái Bình nghe bên đó ổ chó mèo bị parvo,"<s>: 0.0131, ▁đặc: 0.0207, ▁biệt: 0.0315, ▁mua: 0.0243, ▁chó: 0.004, ▁mè: 0.0065, o: 0.0212, ▁ở: 0.0744, ▁Thái: 7.0888, ▁Bình: 4.1091, ▁nghe: 7.1418, ▁bên: 0.2188, ▁đó: 0.0508, ▁: 0.3733, ổ: 0.0681, ▁chó: 0.0038, ▁mè: 0.0043, o: 0.0245, ▁bị: 0.0529, ▁par: 0.0182, vo: 0.0102, </s>: 0.0748",0.8834,7.1418
9310,"ý là t bb ấy, ai cx ns bb thì trăng hoa nma t lụy crush đến khùg lsao","ý là tôi Thiên Bình ấy, ai cũng nói Thiên Bình thì trăng hoa nhưng mà tôi lụy crush đến khùng là sao","<s>: 0.0146, ▁ý: 0.0049, ▁là: 0.0453, ▁tôi: 0.1855, ▁Thiên: 13.4219, ▁Bình: 2.2998, ▁ấy: 0.0301, ,: 0.0942, ▁ai: 0.0163, ▁cũng: 0.1411, ▁nói: 0.0675, ▁Thiên: 4.4225, ▁Bình: 0.2396, ▁thì: 0.0765, ▁trăng: 0.0004, ▁hoa: 0.0124, ▁nhưng: 0.0666, ▁mà: 0.0469, ▁tôi: 0.1353, ▁l: 0.062, ụ: 0.0022, y: 0.0145, ▁crush: 0.0003, ▁đến: 0.0536, ▁kh: 1.6101, ùng: 0.0084, ▁là: 2.4599, ▁sao: 0.0139, </s>: 0.0641",0.8831,13.4219
2443,"Bát Giới bảo rùi: ""SƯ PHỤ AH, QUAN TÀI NHÀ NGT S CỨ PH BÊ VỀ NHÀ MK MAK KHOK Z?","Bát Giới bảo rồi: ""SƯ PHỤ À, QUAN TÀI NHÀ NGƯỜI TA SAO CỨ PHẢI BÊ VỀ NHÀ MÌNH MÀ KHÓC VẬY?","<s>: 0.0159, ▁B: 0.0551, át: 0.0105, ▁Giới: 0.005, ▁bảo: 0.0217, ▁rồi: 0.1111, :: 0.1143, ▁"": 0.0514, S: 0.0467, Ư: 0.0039, ▁PH: 0.0131, Ụ: 0.0024, ▁À: 0.9761, ,: 0.0487, ▁QUAN: 0.0007, ▁T: 0.0125, ÀI: 0.0012, ▁NHÀ: 0.003, ▁NGƯỜI: 0.2551, ▁TA: 1.7355, ▁SA: 4.5805, O: 2.2644, ▁C: 0.1025, Ứ: 0.0025, ▁PH: 0.0389, Ả: 5.8008, I: 2.7294, ▁B: 0.2135, Ê: 0.0182, ▁VỀ: 0.0153, ▁NHÀ: 0.0101, ▁M: 0.3648, Ì: 0.4577, NH: 0.0507, ▁M: 2.5323, À: 0.3087, ▁KH: 0.1684, Ó: 8.2874, C: 3.2299, ▁V: 2.8685, Ậ: 0.8556, Y: 0.2745, ?: 0.1558, </s>: 0.0317",0.8829,8.2874
5002,Cuộc sóng mìnk đag sung túc tnh mk tìm tới nổ hủ h mik bể 90tr trg 1 ngày.,Cuộc sống mình đang sung túc tự nhiên mình tìm tới nổ hũ giờ mình bể 90 triệu trong 1 ngày.,"<s>: 0.0151, ▁Cuộc: 0.0118, ▁sống: 12.2558, ▁mình: 0.0287, ▁đang: 0.0128, ▁sung: 0.0019, ▁túc: 0.0061, ▁tự: 0.0621, ▁nhiên: 0.0491, ▁mình: 0.1172, ▁tìm: 0.009, ▁tới: 0.0238, ▁nổ: 0.0002, ▁h: 0.0782, ũ: 9.1803, ▁giờ: 0.3015, ▁mình: 0.0306, ▁b: 0.0211, ể: 0.0367, ▁90: 0.0092, ▁triệu: 0.3552, ▁trong: 0.0434, ▁1: 0.1255, ▁ngày: 0.0254, .: 0.0836, </s>: 0.0591",0.8824,12.2558
4509,Túi vinamilk t cx cs 3 cái 3 màu haha xài thik gke,Túi Vinamilk tôi cũng có 3 cái 3 màu haha xài thích ghê,"<s>: 0.0143, ▁Tú: 0.0309, i: 0.0357, ▁Vin: 7.7544, ami: 6.6046, lk: 3.359, ▁tôi: 0.2187, ▁cũng: 0.0712, ▁có: 0.0775, ▁3: 0.0214, ▁cái: 0.0582, ▁3: 0.0151, ▁màu: 0.0057, ▁haha: 0.0066, ▁x: 0.0386, à: 0.02, i: 0.0345, ▁thích: 0.0209, ▁g: 0.0215, hê: 0.0012, </s>: 0.0899",0.8809,7.7544
4197,Lun lun là nvay vì sản tw gần như k cs p đơn còn sản hn cơ sở vật chất ok hơn cs p đơn,Luôn luôn là như vậy vì sản Trung Ương gần như không có phòng đơn còn sản Hà Nội cơ sở vật chất ok hơn có phòng đơn,"<s>: 0.015, ▁Lu: 4.9084, ôn: 0.0957, ▁luôn: 2.2053, ▁là: 0.1351, ▁như: 0.1217, ▁vậy: 0.0293, ▁vì: 0.0583, ▁sản: 0.013, ▁Trung: 11.7678, ▁: 6.8506, Ư: 0.0968, ơ: 0.0124, ng: 0.0694, ▁gần: 0.0076, ▁như: 0.0173, ▁không: 0.094, ▁có: 0.0671, ▁phòng: 0.3206, ▁đơn: 0.0018, ▁còn: 0.0708, ▁sản: 0.0093, ▁Hà: 2.4697, ▁Nội: 0.0305, ▁cơ: 0.0352, ▁sở: 0.0255, ▁vật: 0.0037, ▁chất: 0.0322, ▁ok: 0.007, ▁hơn: 0.0591, ▁có: 0.0901, ▁phòng: 0.0368, ▁đơn: 0.0023, </s>: 0.0916",0.878,11.7678
3022,Cho ah xin sđt kb nhé.,Cho anh xin số điện thoại kết bạn nhé.,"<s>: 0.0154, ▁Cho: 0.0409, ▁anh: 0.0436, ▁xin: 0.0235, ▁số: 0.7648, ▁điện: 0.0366, ▁thoại: 0.0365, ▁kết: 9.2501, ▁bạn: 0.0595, ▁nhé: 0.1176, .: 0.0816, </s>: 0.0648",0.8779,9.2501
8546,topic : ê mấy má cs baoh bị một ng b rất thân phản bội chx ?,chủ đề : ê mấy má có bao giờ bị một người bạn rất thân phản bội chưa ?,"<s>: 0.0143, ▁chủ: 14.1701, ▁đề: 4.3138, ▁:: 0.0626, ▁ê: 0.0011, ▁mấy: 0.0059, ▁má: 0.0094, ▁có: 0.0713, ▁bao: 0.0058, ▁giờ: 0.0389, ▁bị: 0.0662, ▁một: 0.1127, ▁người: 0.0646, ▁bạn: 0.0801, ▁rất: 0.0122, ▁thân: 0.0061, ▁phản: 0.0059, ▁bộ: 0.021, i: 0.0414, ▁chưa: 0.0917, ▁?: 0.0138, </s>: 0.0909",0.8773,14.1701
1679,thg sẽ bỏ ở nhx ngành như báo chí luật khxh nên k cần lo xa,thường sẽ bỏ ở những ngành như báo chí luật khoa học xã hội nên không cần lo xa,"<s>: 0.015, ▁thường: 0.0563, ▁sẽ: 0.037, ▁bỏ: 0.0176, ▁ở: 0.0567, ▁những: 0.1141, ▁ngành: 0.0105, ▁như: 0.0443, ▁báo: 0.0318, ▁chí: 0.0023, ▁luật: 0.0271, ▁khoa: 8.3356, ▁học: 1.118, ▁xã: 8.1583, ▁hội: 0.0736, ▁nên: 0.0308, ▁không: 0.1302, ▁cần: 0.0429, ▁lo: 0.0192, ▁xa: 0.0175, </s>: 0.0688",0.8766,8.3356
7417,"mk xem thấy binh thg và k cs j là đỉnk cả, giá 1tr5","mình xem thấy bình thường và không có gì là đỉnh cả, giá 1 triệu 5","<s>: 0.0164, ▁mình: 0.0886, ▁xem: 0.0259, ▁thấy: 0.0234, ▁bình: 11.5655, ▁thường: 0.0034, ▁và: 0.0873, ▁không: 0.0574, ▁có: 0.0403, ▁gì: 0.0342, ▁là: 0.0535, ▁đỉnh: 0.0451, ▁cả: 0.0535, ,: 0.1108, ▁giá: 0.0247, ▁1: 0.0094, ▁triệu: 0.2529, ▁5: 4.0956, </s>: 0.0382",0.8751,11.5655
8517,Zậy ng cha và ng phụ nx cs bị j ko b.,Vậy người cha và người phụ nữ có bị gì không bạn.,"<s>: 0.016, ▁Vậy: 0.2215, ▁người: 0.0873, ▁cha: 0.016, ▁và: 0.1085, ▁người: 0.0478, ▁phụ: 0.0089, ▁nữ: 10.6322, ▁có: 1.5619, ▁bị: 0.0583, ▁gì: 0.0529, ▁không: 0.0912, ▁bạn: 0.0756, .: 0.0812, </s>: 0.0612",0.8747,10.6322
8845,"Tui cần tìm 1 homestay vibe cozy, pinterest ở SG để tận hưởng anni dù yêu xa ạk vào tầm 18, 19/3 (lên tóp tóp vẫn ch ưng 😢).","Tui cần tìm một homestay vibe cozy, Pinterest ở Sài Gòn để tận hưởng anniversary dù yêu xa ạ vào tầm 18, 19/3 (lên TikTok vẫn chưa ưng 😢).","<s>: 0.0117, ▁Tu: 0.1202, i: 0.1044, ▁cần: 0.0183, ▁tìm: 0.0259, ▁một: 3.8425, ▁homes: 0.0004, tay: 0.0005, ▁vi: 0.2068, be: 0.0038, ▁co: 0.0515, zy: 0.0005, ,: 0.0873, ▁Pinterest: 8.5126, ▁ở: 1.0497, ▁Sài: 0.0603, ▁Gòn: 0.0011, ▁để: 0.0684, ▁tận: 0.0014, ▁hưởng: 0.0155, ▁anniversary: 4.6699, ▁dù: 0.0326, ▁yêu: 0.0209, ▁xa: 0.0146, ▁ạ: 0.04, ▁vào: 0.0198, ▁tầm: 0.0011, ▁18: 0.0034, ,: 0.0488, ▁19: 0.0015, /3: 0.004, ▁(: 0.062, lên: 0.1962, ▁Tik: 11.4877, T: 5.0723, ok: 1.1584, ▁vẫn: 1.9004, ▁chưa: 0.0206, ▁: 0.0555, ư: 0.0022, ng: 0.0095, ▁: 0.129, <unk>: 0.0792, ).: 0.1075, </s>: 0.037",0.8746,11.4877
2206,T: Mik tt bằng nh Nvien: ……(im lặng 10 giây),Tôi: Mình thanh toán bằng ngân hàng Nhân viên: ……(im lặng 10 giây),"<s>: 0.015, ▁Tôi: 0.3316, :: 0.0595, ▁Mình: 0.0345, ▁thanh: 3.2192, ▁toán: 0.0118, ▁bằng: 0.0235, ▁ngân: 9.2001, ▁hàng: 0.0177, ▁Nhân: 3.1662, ▁viên: 0.1649, :: 0.0674, ▁......: 1.0138, (: 0.0109, im: 0.0103, ▁lặng: 0.0008, ▁10: 0.0073, ▁giây: 0.004, ): 0.0562, </s>: 0.0661",0.874,9.2001
426,Ai lại nhớ ng lạ bh nhợ =))),Ai lại nhớ người lạ bao giờ nhở =))),"<s>: 0.0151, ▁Ai: 0.019, ▁lại: 0.0296, ▁nhớ: 0.0047, ▁người: 0.0679, ▁lạ: 0.0058, ▁bao: 0.7853, ▁giờ: 1.1947, ▁nh: 0.2372, ở: 8.8288, ▁=: 0.0514, ))): 0.0172, </s>: 0.0619",0.8707,8.8288
1979,t lỡ liệu cái t ns “ cho em sữa chua trái cây để em ik đụ “ 🥰 ANK NV Ở ĐÓK DEPTRAI LẮM CM ƠI,tôi lỡ liệu cái tôi nói “ cho em sữa chua trái cây để em đi đụ “ 🥰 ANH NHÂN VIÊN Ở ĐÓ ĐẸP TRAI LẮM CHÚNG MÀY ƠI,"<s>: 0.0149, ▁tôi: 0.1729, ▁l: 0.0432, ỡ: 0.0074, ▁liệu: 0.0213, ▁cái: 0.036, ▁tôi: 0.0978, ▁nói: 0.1136, ▁“: 0.0161, ▁cho: 0.0645, ▁em: 0.0399, ▁sữa: 0.0067, ▁chua: 0.0003, ▁trái: 0.0042, ▁cây: 0.0165, ▁để: 0.0475, ▁em: 0.06, ▁đi: 0.047, ▁đ: 0.1112, ụ: 0.0029, ▁“: 0.0291, ▁: 0.0805, <unk>: 0.0153, ▁A: 0.4225, NH: 1.3807, ▁NHÂN: 1.0135, ▁V: 0.9356, IÊN: 0.0938, ▁Ở: 0.0165, ▁Đ: 0.0233, Ó: 0.0023, ▁Đ: 6.345, Ẹ: 4.9463, P: 2.0804, ▁TRA: 7.3546, I: 1.2771, ▁L: 0.0301, Ắ: 0.0271, M: 0.0141, ▁CH: 3.7156, Ú: 3.5482, NG: 1.2743, ▁M: 4.6375, À: 0.6462, Y: 1.5741, ▁: 0.1438, Ơ: 0.0018, I: 0.0705, </s>: 0.0339",0.8706,7.3546
8651,mng ơi mấy cặp yêu xa ngta cs cho nhau coi 🐦🦋 rùi nhìn nhau ấy ấy hong hay là ph đợi đến lúc gặp ạk,mọi người ơi mấy cặp yêu xa người ta có cho nhau coi chim bướm rồi nhìn nhau ấy ấy không hay là phải đợi đến lúc gặp ạ,"<s>: 0.014, ▁mọi: 0.0539, ▁người: 0.0771, ▁ơi: 0.0201, ▁mấy: 0.0199, ▁cặp: 0.0208, ▁yêu: 0.0421, ▁xa: 0.0105, ▁người: 0.0448, ▁ta: 0.0331, ▁có: 0.1134, ▁cho: 0.0257, ▁nhau: 0.0229, ▁coi: 0.0127, ▁chi: 11.2258, m: 5.3087, ▁bư: 7.6024, ớ: 3.6138, m: 0.4108, ▁rồi: 0.2431, ▁nhìn: 0.0086, ▁nhau: 0.0191, ▁ấy: 0.02, ▁ấy: 0.129, ▁không: 0.1777, ▁hay: 0.0738, ▁là: 0.0454, ▁phải: 0.011, ▁đợi: 0.0044, ▁đến: 0.0226, ▁lúc: 0.0261, ▁gặp: 0.0087, ▁ạ: 0.0167, </s>: 0.0941",0.8698,11.2258
2231,ns ý là đàn ôg c zaiiii ko đc động vào mấy cái giơ bẩn ấy🙂 Éo hiểu z lúc bà đẻ cn dzai bà ra ko chui từ chỗ ấy ra chắc,nói ý là đàn ông con trai không được động vào mấy cái dơ bẩn ấy🙂 Đéo hiểu thế lúc bà đẻ con trai bà ra không chui từ chỗ ấy ra chắc,"<s>: 0.014, ▁nói: 0.0724, ▁ý: 0.0312, ▁là: 0.0602, ▁đàn: 0.0016, ▁ông: 0.0088, ▁con: 0.0524, ▁trai: 0.0086, ▁không: 0.1283, ▁được: 0.0497, ▁động: 0.0155, ▁vào: 0.0284, ▁mấy: 0.0065, ▁cái: 0.0175, ▁d: 16.5374, ơ: 6.7656, ▁b: 0.0453, ẩ: 0.0065, n: 0.0391, ▁ấy: 0.0163, <unk>: 0.088, ▁Đ: 10.9762, é: 0.493, o: 0.0126, ▁hiểu: 0.0033, ▁thế: 0.2733, ▁lúc: 0.0235, ▁bà: 0.0367, ▁đẻ: 0.0023, ▁con: 0.0077, ▁trai: 0.0754, ▁bà: 0.0574, ▁ra: 0.027, ▁không: 0.1261, ▁chu: 0.0141, i: 0.1116, ▁từ: 0.0547, ▁chỗ: 0.0083, ▁ấy: 0.0161, ▁ra: 0.0419, ▁chắc: 0.0135, </s>: 0.1549",0.8696,16.5374
8777,Cmay ơi t lét yêu xa gặp xog lgi dc má....,Chúng mày ơi tao les yêu xa gặp xong làm gì được má....,"<s>: 0.0166, ▁Chúng: 1.2103, ▁mày: 0.0064, ▁ơi: 0.0242, ▁tao: 0.7576, ▁les: 10.9989, ▁yêu: 0.5098, ▁xa: 0.0161, ▁gặp: 0.0132, ▁xong: 0.8762, ▁làm: 0.0415, ▁gì: 0.0367, ▁được: 0.0507, ▁má: 0.0073, .: 0.0747, ...: 0.0158, </s>: 0.0511",0.8651,10.9989
3265,Bộ đầu phụ hợp tiệc ăn tối trc cưới.,Bộ đầu phù hợp tiệc ăn tối trước cưới.,"<s>: 0.0139, ▁Bộ: 0.0067, ▁đầu: 0.0182, ▁phù: 10.0076, ▁hợp: 0.0148, ▁tiệc: 0.0045, ▁ăn: 0.0565, ▁tối: 0.0144, ▁trước: 0.0357, ▁cưới: 0.0075, .: 0.1197, </s>: 0.0725",0.8643,10.0076
8195,Gấu Peo hẹn Dung Peo tháng 4 mùa hoa peo nka 😂,Gấu Peo hẹn Dung Peo tháng 4 mùa hoa mẫu đơn nha 😂,"<s>: 0.0163, ▁G: 0.0261, ấ: 0.0069, u: 0.0518, ▁Pe: 0.0532, o: 0.0329, ▁hẹn: 0.0031, ▁Dung: 0.0017, ▁Pe: 0.011, o: 0.0267, ▁tháng: 0.0073, ▁4: 0.0153, ▁mùa: 0.0102, ▁hoa: 0.0161, ▁mẫu: 12.4715, ▁đơn: 4.307, ▁nha: 0.0364, ▁: 0.0839, <unk>: 0.0484, </s>: 0.0453",0.8636,12.4715
8202,Hoa sẽ giảm giá dần tới giữa tháng 4 tầm 350-450k/10 cành.,Hoa sẽ giảm giá dần tới giữa tháng 4 tầm 350-450.000/10 cành.,"<s>: 0.0151, ▁Hoa: 0.028, ▁sẽ: 0.0805, ▁giảm: 0.0106, ▁giá: 0.0437, ▁dần: 0.0024, ▁tới: 0.0222, ▁giữa: 0.0129, ▁tháng: 0.0151, ▁4: 0.0103, ▁tầm: 0.0006, ▁350: 0.0024, -4: 8.5162, 50.000: 7.4076, /10: 0.0022, ▁c: 0.0193, ành: 0.0002, .: 0.0945, </s>: 0.0716",0.8608,8.5162
3816,hơn nx năm méo lm đc j ra hồn chỉ bt bào tiền đám ngu tụi n để mua Hermes cho zk cho chuchu ik hok trg qt🤭,hơn nửa năm đéo làm được gì ra hồn chỉ biết bào tiền đám ngu tụi nó để mua Hermes cho vợ cho Chuchu đi học trường quốc tế🤭,"<s>: 0.0131, ▁hơn: 0.0184, ▁nửa: 10.8559, ▁năm: 0.3309, ▁đ: 8.0144, é: 0.0737, o: 0.0122, ▁làm: 0.1454, ▁được: 0.1027, ▁gì: 0.0176, ▁ra: 0.0273, ▁hồn: 0.0007, ▁chỉ: 0.0416, ▁biết: 0.0119, ▁bào: 0.0001, ▁tiền: 0.0306, ▁đám: 0.0096, ▁ngu: 0.0013, ▁tụ: 0.003, i: 0.0514, ▁nó: 0.0213, ▁để: 0.0502, ▁mua: 0.0115, ▁Her: 0.0006, mes: 0.003, ▁cho: 0.0867, ▁vợ: 0.02, ▁cho: 0.0392, ▁Chu: 6.2502, chu: 0.9246, ▁đi: 0.0223, ▁học: 0.0348, ▁trường: 3.0866, ▁quốc: 0.9272, ▁tế: 0.3379, <unk>: 0.1719, </s>: 0.0536",0.8595,10.8559
3518,Cha mỹ vs israel thik đụng ai là đánh đấy.,Cha Mỹ với Israel thích đụng ai là đánh đấy.,"<s>: 0.0139, ▁Cha: 0.0152, ▁Mỹ: 7.5098, ▁với: 0.0876, ▁Israel: 3.1406, ▁thích: 0.0482, ▁đụng: 0.0025, ▁ai: 0.0337, ▁là: 0.0845, ▁đánh: 0.0047, ▁đấy: 0.0052, .: 0.1336, </s>: 0.0765",0.8581,7.5098
7318,"thiên lương cư tý ah ưa nhìn hỉ, năm nay cãi vã nh nhe cẩn thận cái miệng nhé b Đinh Hợi...","Thiên Lương cư Tý à ưa nhìn hỉ, năm nay cãi vã nhiều nhe cẩn thận cái miệng nhé bạn Đinh Hợi...","<s>: 0.0139, ▁Thiên: 5.7422, ▁Lương: 6.7083, ▁cư: 0.0149, ▁T: 9.1659, ý: 2.355, ▁à: 2.3267, ▁ưa: 0.0064, ▁nhìn: 0.0079, ▁h: 0.1158, ỉ: 0.013, ,: 0.1022, ▁năm: 0.0136, ▁nay: 0.109, ▁cãi: 0.0003, ▁v: 0.0865, ã: 0.0055, ▁nhiều: 0.0537, ▁nh: 0.2946, e: 0.0139, ▁cẩn: 0.0012, ▁thận: 0.0088, ▁cái: 0.0291, ▁miệng: 0.0011, ▁nhé: 0.015, ▁bạn: 0.0575, ▁Đinh: 0.0011, ▁H: 0.0361, ợ: 0.0079, i: 0.0658, ...: 0.0246, </s>: 0.052",0.8578,9.1659
8646,ngợp thở nuôn 🤤,ngợp thở luôn 🤤,"<s>: 0.015, ▁ng: 0.0463, ợ: 0.0173, p: 0.0188, ▁thở: 0.002, ▁luôn: 7.3724, ▁: 0.0736, <unk>: 0.0749, </s>: 0.0846",0.8561,7.3724
5893,8tr gth mk xin 2 thui bn nháaa,8 triệu giới thiệu mình xin 2 thôi bạn nha,"<s>: 0.0163, ▁8: 0.018, ▁triệu: 0.2889, ▁giới: 1.1188, ▁thiệu: 0.064, ▁mình: 0.1874, ▁xin: 0.0228, ▁2: 0.0497, ▁thôi: 0.1165, ▁bạn: 0.0232, ▁nha: 7.6648, </s>: 0.7029",0.8561,7.6648
3833,Mk lm cho mẹ mẹ trả từg đók cơm nc mẹ lo mk bảo mk ra ngoài lm mẹ k chịu đòi sốg đòi chết,Mình làm cho mẹ mẹ trả từng đó cơm nước mẹ lo mình bảo mình ra ngoài làm mẹ không chịu đòi sống đòi chết,"<s>: 0.0142, ▁Mình: 0.0835, ▁làm: 0.0372, ▁cho: 0.0689, ▁mẹ: 0.0101, ▁mẹ: 0.0393, ▁trả: 0.0125, ▁từng: 9.5556, ▁đó: 0.0283, ▁cơm: 0.0036, ▁nước: 0.0102, ▁mẹ: 0.024, ▁lo: 0.0275, ▁mình: 0.0846, ▁bảo: 0.0357, ▁mình: 0.1663, ▁ra: 0.0183, ▁ngoài: 0.0182, ▁làm: 0.0334, ▁mẹ: 0.0119, ▁không: 0.0611, ▁chịu: 0.0054, ▁đòi: 0.0029, ▁sống: 9.31, ▁đòi: 3.3295, ▁chết: 0.0034, </s>: 0.0964",0.8553,9.5556
4271,loại này àh mom t dùng ban ngày hugi đêm mago mak đêm nào bé cx tràn bỉm ấy,loại này à mom tôi dùng ban ngày Huggies đêm Mago mà đêm nào bé cũng tràn bỉm ấy,"<s>: 0.0159, ▁loại: 0.0361, ▁này: 0.05, ▁à: 0.0225, ▁mom: 0.0793, ▁tôi: 0.2073, ▁dùng: 0.0362, ▁ban: 0.0115, ▁ngày: 0.0104, ▁Hug: 5.152, gies: 11.085, ▁đêm: 0.0246, ▁Mag: 4.2309, o: 0.041, ▁mà: 0.0238, ▁đêm: 0.0065, ▁nào: 0.0118, ▁bé: 0.0164, ▁cũng: 0.1006, ▁tràn: 0.0002, ▁b: 0.0536, ỉ: 0.017, m: 0.0255, ▁ấy: 0.0115, </s>: 0.0766",0.8538,11.085
5376,"Ms dzừa ik xin lm thêm âu h hành chính, và ngày nghỉ cày lại để lm lại tất cả","Mới vừa đi xin làm thêm over giờ hành chính, và ngày nghỉ cày lại để làm lại tất cả","<s>: 0.0143, ▁Mới: 0.014, ▁vừa: 0.2173, ▁đi: 0.0549, ▁xin: 0.0193, ▁làm: 0.0295, ▁thêm: 0.0181, ▁over: 14.4133, ▁giờ: 4.9886, ▁hành: 0.026, ▁chính: 0.0075, ,: 0.1061, ▁và: 0.066, ▁ngày: 0.0221, ▁nghỉ: 0.004, ▁cà: 0.0012, y: 0.0647, ▁lại: 0.0454, ▁để: 0.0755, ▁làm: 0.0731, ▁lại: 0.1089, ▁tất: 0.0072, ▁cả: 0.0255, </s>: 0.07",0.853,14.4133
6279,"ba cx 6 mấy r , nhưg trộm vía ba khoẻ mạnh , hoạt bát , năng lượng và siêu zẻ .","ba cũng 6 mấy rồi , nhưng trộm vía ba khỏe mạnh , hoạt bát , năng lượng và siêu vui vẻ .","<s>: 0.0146, ▁ba: 0.0718, ▁cũng: 0.1097, ▁6: 0.0127, ▁mấy: 0.0079, ▁rồi: 0.0239, ▁: 0.0359, ,: 0.1025, ▁nhưng: 0.1906, ▁trộm: 0.0, ▁vía: 0.0, ▁ba: 0.0465, <unk>: 11.006, ▁mạnh: 7.258, ▁: 0.1709, ,: 0.1047, ▁hoạt: 0.0041, ▁bát: 0.0009, ▁: 0.0716, ,: 0.0821, ▁năng: 0.0075, ▁lượng: 0.0545, ▁và: 0.0935, ▁siêu: 0.0031, ▁vui: 3.8062, ▁vẻ: 1.2612, ▁: 0.0422, .: 0.0591, </s>: 0.0655",0.852,11.006
359,nma ik xe từ Hn về Hnam là ph ctay nic 5 năm ah ?,nhưng mà đi xe từ Hà Nội về Hà Nam là phải chia tay người yêu cũ 5 năm à ?,"<s>: 0.0165, ▁nhưng: 0.0337, ▁mà: 0.0807, ▁đi: 0.0454, ▁xe: 0.0153, ▁từ: 0.1338, ▁Hà: 0.413, ▁Nội: 0.0518, ▁về: 0.1166, ▁Hà: 0.6949, ▁Nam: 1.5254, ▁là: 0.0425, ▁phải: 0.0216, ▁chia: 0.0069, ▁tay: 0.0429, ▁người: 12.4341, ▁yêu: 0.1312, ▁cũ: 3.4741, ▁5: 0.0671, ▁năm: 0.0226, ▁à: 0.1194, ▁?: 0.028, </s>: 0.0754",0.8519,12.4341
4693,Dọn dẹp và vệ sinh cửa hàng.,- Dọn dẹp và vệ sinh cửa hàng.,"<s>: 0.0139, ▁-: 12.1841, ▁D: 0.0429, ọ: 0.0035, n: 0.0965, ▁d: 0.0217, ẹ: 0.0134, p: 0.0628, ▁và: 0.0616, ▁vệ: 0.0033, ▁sinh: 0.0067, ▁cửa: 0.0125, ▁hàng: 0.0585, .: 0.1112, </s>: 0.0704",0.8509,12.1841
1219,cưỡi ngựa ik ạk mk cs mụt cn,cưỡi ngựa đi ạ mình có một con,"<s>: 0.0156, ▁cư: 0.0217, ỡ: 0.0312, i: 0.0563, ▁ngựa: 0.0222, ▁đi: 0.0177, ▁ạ: 0.0329, ▁mình: 0.0651, ▁có: 0.1093, ▁một: 9.5254, ▁con: 0.1952, </s>: 0.1114",0.8503,9.5254
824,Pass thì mẹ “pass” khỏi trí nhớ luonn oy,Pass thì mẹ “pass” khỏi trí nhớ luôn rồi,"<s>: 0.0156, ▁Pass: 0.0013, ▁thì: 0.0729, ▁mẹ: 0.0207, ▁“: 0.1239, pass: 0.009, ”: 0.0211, ▁khỏi: 0.028, ▁trí: 0.0165, ▁nhớ: 0.0024, ▁luôn: 0.0005, ▁rồi: 8.6538, </s>: 2.0707",0.849,8.6538
5996,Chòi tưởng tui vt stt ko as bà.,Trời tưởng tui viết status không á bà.,"<s>: 0.016, ▁Trời: 7.2522, ▁tưởng: 0.009, ▁tui: 0.3354, ▁viết: 0.0334, ▁status: 1.2212, ▁không: 0.114, ▁á: 0.1443, ▁bà: 0.0439, .: 0.089, </s>: 0.0685",0.8479,7.2522
5980,"Mom ơi, toy sắp kiếm mom thiệt rùi ấyyy","Mom ơi, tôi sắp kiếm mom thiệt rồi ấy","<s>: 0.0144, ▁Mom: 0.0114, ▁ơi: 0.0355, ,: 0.0774, ▁tôi: 9.1899, ▁sắp: 0.0356, ▁kiếm: 0.0093, ▁mom: 0.012, ▁thiệt: 0.3086, ▁rồi: 0.0487, ▁ấy: 0.078, </s>: 0.3502",0.8476,9.1899
3124,hoàng là nh mik cx chả bt là bên nội nhánh j nx chc để hỏi bố 🥹 nm bố mik cx kobt thì ph 🥹🥹,Hoàng là nhiều mình cũng chả biết là bên nội nhánh gì nữa chắc để hỏi bố 🥹 nhưng bố mình cũng không biết thì phải 🥹🥹,"<s>: 0.0151, ▁Hoàng: 8.5172, ▁là: 0.0608, ▁nhiều: 0.0508, ▁mình: 0.0587, ▁cũng: 0.0689, ▁chả: 0.0611, ▁biết: 0.0125, ▁là: 0.0711, ▁bên: 0.0463, ▁nội: 0.0246, ▁nhánh: 0.0026, ▁gì: 0.0472, ▁nữa: 0.1123, ▁chắc: 9.0795, ▁để: 0.6416, ▁hỏi: 0.0493, ▁bố: 0.0088, ▁: 0.0862, <unk>: 0.043, ▁nhưng: 0.1953, ▁bố: 6.4423, ▁mình: 0.0655, ▁cũng: 0.0856, ▁không: 0.0201, ▁biết: 0.0115, ▁thì: 0.1307, ▁phải: 0.0326, ▁: 0.1142, <unk>: 0.0481, </s>: 0.0587",0.8472,9.0795
8658,1 năm ny mk về nc dc 1 lần àh 😭😭,Một năm người yêu mình về nước được một lần à 😭😭,"<s>: 0.017, ▁Một: 7.9771, ▁năm: 0.068, ▁người: 0.0123, ▁yêu: 0.0362, ▁mình: 0.2428, ▁về: 0.1338, ▁nước: 0.1083, ▁được: 0.0792, ▁một: 4.5489, ▁lần: 0.0439, ▁à: 0.0449, ▁: 0.0796, <unk>: 0.0484, <unk>: 0.0664, </s>: 0.0426",0.8468,7.9771
7454,funi_htd5344 thà n lấy tiền xog ns ba xàm ba láp còn đỡ tức hơn là bị scam nnay nek,funi_htd5344 thà nó lấy tiền xong nói ba xàm ba láp còn đỡ tức hơn là bị lừa đảo như này nè,"<s>: 0.0149, ▁fun: 0.0064, i: 0.0615, <unk>: 2.5392, ht: 0.8689, d: 0.0025, 5: 0.0165, 344: 0.0111, ▁th: 0.1025, à: 0.0063, ▁nó: 0.0488, ▁lấy: 0.0144, ▁tiền: 0.0147, ▁xong: 0.5741, ▁nói: 0.0214, ▁ba: 0.0558, ▁x: 0.0345, à: 0.0032, m: 0.023, ▁ba: 0.0451, ▁lá: 0.0021, p: 0.0277, ▁còn: 0.0554, ▁đỡ: 0.0021, ▁tức: 0.0008, ▁hơn: 0.0429, ▁là: 0.1064, ▁bị: 0.0603, ▁lừa: 11.2332, ▁đảo: 9.9713, ▁như: 0.111, ▁này: 0.3417, ▁nè: 2.2839, </s>: 0.0847",0.8467,11.2332
4691,Pha chế (làm theo món mak khách đã order).,+ Pha chế (làm theo món mà khách đã order).,"<s>: 0.0135, ▁+: 12.1894, ▁Pha: 0.0243, ▁chế: 0.0148, ▁(: 0.0992, là: 0.0273, m: 0.0738, ▁theo: 0.0204, ▁món: 0.0074, ▁mà: 0.0229, ▁khách: 0.0174, ▁đã: 0.0562, ▁order: 0.0001, ).: 0.0605, </s>: 0.0681",0.8463,12.1894
3361,1 là đào lửa buôn ng 2 là lm ziệc bhp ở mấy chỗ trại sà cân 🤡 trốn chui trốn lủi,1 là đảo lửa buôn người 2 là làm việc bất hợp pháp ở mấy chỗ trại sà cân 🤡 trốn chui trốn lủi,"<s>: 0.0147, ▁1: 0.0722, ▁là: 0.0479, ▁đảo: 15.8195, ▁lửa: 0.0054, ▁buôn: 0.0038, ▁người: 0.0526, ▁2: 0.0581, ▁là: 0.0372, ▁làm: 0.047, ▁việc: 0.0319, ▁bất: 3.6314, ▁hợp: 4.9137, ▁pháp: 0.5171, ▁ở: 0.0426, ▁mấy: 0.0051, ▁chỗ: 0.0056, ▁trại: 0.0007, ▁s: 0.4824, à: 0.0013, ▁cân: 0.0002, ▁: 0.1199, <unk>: 0.057, ▁trốn: 0.0008, ▁chu: 0.0173, i: 0.0714, ▁trốn: 0.0014, ▁l: 0.0597, ủ: 0.0047, i: 0.0371, </s>: 0.0665",0.846,15.8195
4498,Kkk tui uống k nổi tui mua lun as.,Kaka tui uống không nổi tui mua luôn á.,"<s>: 0.0167, ▁Kaka: 9.5587, ▁tui: 0.1239, ▁uống: 0.0124, ▁không: 0.0902, ▁nổi: 0.0018, ▁tui: 0.0884, ▁mua: 0.0262, ▁luôn: 0.0249, ▁á: 0.0146, .: 0.093, </s>: 0.0751",0.8438,9.5587
9060,nên nhớ chàng zai ấy cs chiếc acc clone..!,nên nhớ chàng trai ấy có chiếc account clone..!,"<s>: 0.0134, ▁nên: 0.0538, ▁nhớ: 0.0096, ▁chàng: 0.0132, ▁trai: 0.044, ▁ấy: 0.03, ▁có: 0.0809, ▁chiếc: 0.0216, ▁account: 10.3655, ▁clo: 0.0001, ne: 0.0059, <unk>: 0.2357, </s>: 0.0659",0.8415,10.3655
5456,Hnao ik show Bùi Côg Nam ik bà ơi Tui tặng fibi,Hôm nào đi show Bùi Công Nam đi bà ơi Tui tặng freebie,"<s>: 0.0172, ▁Hôm: 0.2626, ▁nào: 0.3175, ▁đi: 0.0575, ▁show: 0.0055, ▁B: 0.181, ùi: 0.0004, ▁Công: 0.0244, ▁Nam: 0.0031, ▁đi: 0.03, ▁bà: 0.0228, ▁ơi: 0.0267, ▁Tu: 0.0861, i: 0.0502, ▁tặng: 0.0089, ▁free: 11.0413, bie: 2.9278, </s>: 0.0785",0.8412,11.0413
1379,"dc r tin ny thg chovy z là đủ vs t r, g cho t hỏi thg mingyu đã cs nym ch","được rồi tin người yêu thằng Chovy thế là đủ với tôi rồi, giờ cho tôi hỏi thằng Mingyu đã có người yêu mới chưa","<s>: 0.0141, ▁được: 0.0511, ▁rồi: 0.0481, ▁tin: 0.0428, ▁người: 0.0236, ▁yêu: 0.0412, ▁thằng: 2.4652, ▁Cho: 7.0779, vy: 0.0, ▁thế: 0.5, ▁là: 0.0775, ▁đủ: 0.0064, ▁với: 0.0391, ▁tôi: 0.1576, ▁rồi: 0.0178, ,: 0.1085, ▁giờ: 0.0298, ▁cho: 0.0439, ▁tôi: 0.1182, ▁hỏi: 0.0292, ▁thằng: 0.0655, ▁M: 7.6614, ing: 3.7776, yu: 0.0244, ▁đã: 0.0258, ▁có: 0.1276, ▁người: 0.0091, ▁yêu: 0.0474, ▁mới: 3.3025, ▁chưa: 0.0261, </s>: 0.0633",0.8394,7.6614
7064,Zạ đúng r. Mẹ mk thời trẻ đc bà cố lm bên hồ quảng sau khi mất dở xác zề as cho cái duyên căn lm thấy bói.,Dạ đúng rồi. Mẹ mình thời trẻ được bà cố làm bên Hồ Quảng sau khi mất dở xác gì á cho cái duyên căn làm thầy bói.,"<s>: 0.0142, ▁Dạ: 0.0384, ▁đúng: 0.0172, ▁rồi: 0.0106, .: 0.0884, ▁Mẹ: 0.0232, ▁mình: 0.0843, ▁thời: 0.0137, ▁trẻ: 0.0214, ▁được: 0.0848, ▁bà: 0.0515, ▁cố: 0.0083, ▁làm: 0.0993, ▁bên: 0.0146, ▁Hồ: 7.3382, ▁Quảng: 5.9546, ▁sau: 0.0451, ▁khi: 0.0323, ▁mất: 0.0046, ▁d: 0.2688, ở: 0.0084, ▁xác: 0.0016, ▁gì: 0.0553, ▁á: 0.0271, ▁cho: 0.0974, ▁cái: 0.0127, ▁du: 0.0063, yên: 0.002, ▁căn: 0.0015, ▁làm: 0.1555, ▁thầy: 13.521, ▁bó: 1.0422, i: 0.0589, .: 0.1173, </s>: 0.0445",0.839,13.521
8279,t ngại vl ra😭 t muốn dzừa cs đg lui cho t nx ấy,tao ngại vãi lồn ra 😭 tao muốn vừa có đường lui cho tao nữa ấy,"<s>: 0.0141, ▁tao: 2.5272, ▁ngại: 0.0047, ▁v: 0.0497, ã: 0.7766, i: 0.0634, ▁lồ: 0.1399, n: 0.1126, ▁ra: 0.0536, ▁: 7.8829, <unk>: 3.2323, ▁tao: 1.8629, ▁muốn: 0.0386, ▁vừa: 0.0744, ▁có: 0.0836, ▁đường: 0.013, ▁lui: 0.0066, ▁cho: 0.1172, ▁tao: 1.1482, ▁nữa: 0.1272, ▁ấy: 0.0133, </s>: 0.0761",0.8372,7.8829
834,Mak pass youtube mẹ em hỏng nhớ =))))))),Mà pass youtube mẹ em không nhớ =))))))),"<s>: 0.0159, ▁Mà: 0.0209, ▁pass: 0.0004, ▁youtube: 0.1114, ▁mẹ: 0.0212, ▁em: 0.1202, ▁không: 8.7302, ▁nhớ: 0.0328, ▁=): 0.009, <unk>: 0.0664, </s>: 0.077",0.8369,8.7302
6056,=)))))) che nốt cái nội dung còn tò mò chứ để cái nội dung chình ình+cái ava acc là hiểu cbi sedding cgi luonn,=)))))) che nốt cái nội dung còn tò mò chứ để cái nội dung chình ình+cái avatar account là hiểu chuẩn bị seeding cái gì luôn,"<s>: 0.0144, ▁=: 0.0107, <unk>: 0.0329, ▁che: 0.0018, ▁n: 0.1097, ốt: 0.0121, ▁cái: 0.0428, ▁nội: 0.0039, ▁dung: 0.0074, ▁còn: 0.0362, ▁tò: 0.0021, ▁mò: 0.0083, ▁chứ: 0.0218, ▁để: 0.0698, ▁cái: 0.0349, ▁nội: 0.0094, ▁dung: 0.0094, ▁ch: 0.0726, ình: 0.0072, ▁: 0.273, ình: 0.0066, +: 0.1877, cá: 0.0069, i: 0.0094, ▁avatar: 6.3341, ▁account: 10.1581, ▁là: 0.092, ▁hiểu: 0.0095, ▁chuẩn: 0.9436, ▁bị: 0.0144, ▁see: 6.0777, ding: 5.2884, ▁cái: 0.0167, ▁gì: 0.0364, ▁luôn: 0.0015, </s>: 0.1221",0.8357,10.1581
1703,Thịt ng*** nhưg ảnh khoái 😆,Thịt người nhưng ảnh khoái 😆,"<s>: 0.0153, ▁Thị: 0.0071, t: 0.1059, ▁người: 0.1308, ▁nhưng: 8.5451, ▁ảnh: 0.0895, ▁khoá: 0.0015, i: 0.0379, ▁: 0.1092, <unk>: 0.0747, </s>: 0.071",0.8353,8.5451
6335,"B ơi, bn kiếm cho bác lm bảo vệ cửa hàng tiện lợi đồ cho khoẻ!","Bạn ơi, bạn kiếm cho bác làm bảo vệ cửa hàng tiện lợi đồ cho khỏe!","<s>: 0.0134, ▁Bạn: 0.1385, ▁ơi: 0.0233, ,: 0.0689, ▁bạn: 0.0566, ▁kiếm: 0.0033, ▁cho: 0.0492, ▁bác: 0.0332, ▁làm: 0.0517, ▁bảo: 0.0163, ▁vệ: 0.0185, ▁cửa: 0.0099, ▁hàng: 0.0195, ▁tiện: 0.0043, ▁lợi: 0.0191, ▁đồ: 0.0249, ▁cho: 0.0988, <unk>: 10.7226, !: 5.2685, </s>: 0.0621",0.8351,10.7226
3079,hong nka má nghe qtam thì t rep z z as chứ t ko động lòng nỗi,không nha má nghe quan tâm thì tôi reply vậy vậy á chứ tôi không động lòng nổi,"<s>: 0.015, ▁không: 0.2004, ▁nha: 0.0434, ▁má: 0.0113, ▁nghe: 0.0538, ▁quan: 0.052, ▁tâm: 0.0817, ▁thì: 0.0539, ▁tôi: 0.2021, ▁reply: 1.2388, ▁vậy: 1.1279, ▁vậy: 0.8467, ▁á: 0.0302, ▁chứ: 0.0067, ▁tôi: 0.0632, ▁không: 0.0986, ▁động: 0.0118, ▁lòng: 0.0095, ▁nổi: 12.4796, </s>: 0.0724",0.835,12.4796
7316,🤡 fomo xem tử vi theo trend toàn ns về tíh cách mất 40p mấy cg khác kêu cũg dc r thấy hổng chi tiết bằng chat gpt nx.. mng gth giúp em vài chỗ xem uy tín vs,🤡 FOMO xem tử vi theo trend toàn nói về tính cách mất 40 phút mấy cũng khác kêu cũng được rồi thấy không chi tiết bằng ChatGPT nữa.. mọi người giới thiệu giúp em vài chỗ xem uy tín với,"<s>: 0.0134, ▁: 0.1175, <unk>: 0.031, ▁F: 15.9769, OMO: 2.8975, ▁xem: 0.0164, ▁tử: 0.0035, ▁vi: 0.0111, ▁theo: 0.0161, ▁trend: 0.0006, ▁toàn: 0.0042, ▁nói: 0.0282, ▁về: 0.0487, ▁tính: 0.0021, ▁cách: 0.0053, ▁mất: 0.0019, ▁40: 0.0088, ▁phút: 0.0732, ▁mấy: 0.0139, ▁cũng: 0.7912, ▁khác: 0.0963, ▁kêu: 0.0035, ▁cũng: 0.0293, ▁được: 0.0666, ▁rồi: 0.0259, ▁thấy: 0.0221, ▁không: 8.6646, ▁chi: 0.0423, ▁tiết: 0.0676, ▁bằng: 0.0317, ▁Chat: 5.5755, G: 4.5689, PT: 0.7186, ▁nữa: 0.0323, .: 0.0527, .: 0.0465, ▁mọi: 0.0582, ▁người: 0.042, ▁giới: 0.3905, ▁thiệu: 0.0184, ▁giúp: 0.015, ▁em: 0.0973, ▁vài: 0.0069, ▁chỗ: 0.0057, ▁xem: 0.0053, ▁uy: 0.0006, ▁tín: 0.0063, ▁với: 0.031, </s>: 0.0916",0.8342,15.9769
8918,g ở gần cũg moc cho banh l chứ xa zì tầm này :))),giờ ở gần cũng móc cho banh lồn chứ xa gì tầm này :))),"<s>: 0.0139, ▁giờ: 0.1947, ▁ở: 0.0724, ▁gần: 0.0121, ▁cũng: 0.0723, ▁móc: 12.8471, ▁cho: 0.1031, ▁ban: 0.0198, h: 0.0645, ▁lồ: 1.1014, n: 0.0222, ▁chứ: 0.0391, ▁xa: 0.0178, ▁gì: 0.1251, ▁tầm: 0.0005, ▁này: 0.0326, <unk>: 0.1747, </s>: 0.066",0.8322,12.8471
5496,Ns tiểu tam chợn tròn mắt há hốc mồm :)))),Nói tiểu tam trợn tròn mắt há hốc mồm :)))),"<s>: 0.017, ▁Nói: 0.0404, ▁tiểu: 0.0136, ▁tam: 0.0031, ▁trợ: 12.8841, n: 0.0178, ▁tròn: 0.0002, ▁mắt: 0.0151, ▁há: 0.0034, ▁h: 0.036, ốc: 0.0026, ▁mồ: 0.0029, m: 0.0812, <unk>: 0.1029, ): 0.0467, </s>: 0.0479",0.8322,12.8841
4183,Lạy trúa tôy =)) thui đẻ mổ thì thui chứ thg thì nhập moẹ viện cho zẻ =)) Đứa t2 c tíh mổ đấy,Lạy chúa tôi =)) thôi đẻ mổ thì thôi chứ thường thì nhập mẹ viện cho rẻ =)) Đứa thứ hai chị tính mổ đấy,"<s>: 0.0154, ▁L: 0.051, ạ: 0.0178, y: 0.0162, ▁chú: 15.4562, a: 2.7677, ▁tôi: 4.0232, ▁=): 0.0024, ): 0.019, ▁thôi: 0.0263, ▁đẻ: 0.0051, ▁m: 0.0349, ổ: 0.0205, ▁thì: 0.046, ▁thôi: 0.0239, ▁chứ: 0.0048, ▁thường: 0.2129, ▁thì: 0.0398, ▁nhập: 0.0046, ▁mẹ: 1.0929, ▁viện: 0.0237, ▁cho: 0.0814, ▁rẻ: 0.1183, ▁=): 0.0016, ): 0.0303, ▁Đ: 0.0255, ứ: 0.0024, a: 0.0165, ▁thứ: 0.0804, ▁hai: 2.2839, ▁chị: 3.1659, ▁tính: 0.0911, ▁m: 0.0171, ổ: 0.0329, ▁đấy: 0.0169, </s>: 0.0604",0.8314,15.4562
5974,"chj đổi môi trg thử lm booking khum, trải nghiệm 9life cũg khá thú vị as","chị đổi môi trường thử làm booking không, trải nghiệm nightlife cũng khá thú vị á","<s>: 0.0143, ▁chị: 0.0318, ▁đổi: 0.0094, ▁môi: 0.0024, ▁trường: 0.0672, ▁thử: 0.0154, ▁làm: 0.0567, ▁booking: 0.0007, ▁không: 0.1314, ,: 0.0625, ▁trải: 0.0012, ▁nghiệm: 0.0336, ▁night: 15.959, life: 0.0521, ▁cũng: 0.0282, ▁khá: 0.0119, ▁thú: 0.0012, ▁vị: 0.04, ▁á: 0.0102, </s>: 0.0749",0.8302,15.959
5869,dô ik tui đào tạo từ A-á,vô đi tui đào tạo từ A-á,"<s>: 0.0161, ▁vô: 8.0496, ▁đi: 0.484, ▁tui: 0.1028, ▁đào: 0.0151, ▁tạo: 0.0249, ▁từ: 0.0392, ▁A: 0.2494, -: 0.0561, á: 0.017, </s>: 0.0701",0.8295,8.0496
8209,sarah super Bowl of cream từ 4-8 ngày hoặc rớt trúng tay thánh peony cs thể tăng độ bền đág kể.,sarah super Bowl of cream từ 4-8 ngày hoặc rớt trúng tay thánh mẫu đơn có thể tăng độ bền đáng kể.,"<s>: 0.0158, ▁sa: 0.0325, rah: 0.0037, ▁super: 0.0191, ▁Bowl: 0.0007, ▁of: 0.017, ▁cream: 0.0027, ▁từ: 0.0401, ▁4: 0.0311, -8: 0.0424, ▁ngày: 0.0404, ▁hoặc: 0.032, ▁r: 0.1144, ớt: 0.0114, ▁trúng: 0.0058, ▁tay: 0.0209, ▁thánh: 0.0096, ▁mẫu: 16.1391, ▁đơn: 6.1441, ▁có: 0.1347, ▁thể: 0.0624, ▁tăng: 0.036, ▁độ: 0.0218, ▁bền: 0.0048, ▁đáng: 0.0101, ▁kể: 0.0011, .: 0.0981, </s>: 0.0806",0.8276,16.1391
3552,"+)) cho t cái noti vớii, wa tr lun","+)) cho tôi cái notification với, quá trời luôn","<s>: 0.0141, ▁+: 0.0042, ): 0.0469, ): 0.0521, ▁cho: 0.0648, ▁tôi: 0.2649, ▁cái: 0.0321, ▁notification: 10.5427, ▁với: 0.0115, ,: 0.3856, ▁quá: 0.0348, ▁trời: 0.0059, ▁luôn: 0.0286, </s>: 0.0891",0.827,10.5427
8630,"Ôi ah zà tôi cs ngiu r s omg Ph ik đồn vs mẹ toi ms đc, chứ mẹ toi chê ảnh ế 😔","Ôi anh già tôi có người yêu rồi sao oh my god Phải đi đồn với mẹ tôi mới được, chứ mẹ tôi chê ảnh ế 😔","<s>: 0.013, ▁Ô: 0.0135, i: 0.0562, ▁anh: 0.2739, ▁già: 0.179, ▁tôi: 0.0607, ▁có: 0.0842, ▁người: 0.0246, ▁yêu: 0.0615, ▁rồi: 0.0285, ▁sao: 0.0321, ▁oh: 10.3007, ▁my: 6.558, ▁god: 2.0542, ▁Phải: 7.1523, ▁đi: 0.0369, ▁đồ: 0.0045, n: 0.0534, ▁với: 0.0636, ▁mẹ: 0.0342, ▁tôi: 0.1424, ▁mới: 0.1405, ▁được: 0.0667, ,: 0.1325, ▁chứ: 0.0102, ▁mẹ: 0.0136, ▁tôi: 0.1104, ▁ch: 0.0412, ê: 0.0065, ▁ảnh: 0.7919, ▁: 0.1267, ế: 0.0167, ▁: 0.0979, <unk>: 0.0727, </s>: 0.0531",0.8259,10.3007
8146,m ơi t cg v=)) cs lẽ b đấy dập tắt hi vọng của t = cách ko rep tn mes của t mỗi giữ chuỗi thui🤓,mày ơi tao cũng vậy=)) có lẽ bạn đấy dập tắt hy vọng của tao bằng cách không reply tin nhắn Messenger của tao mỗi giữ chuỗi thôi🤓,"<s>: 0.0138, ▁mày: 0.0585, ▁ơi: 0.0325, ▁tao: 0.4353, ▁cũng: 0.0607, ▁vậy: 0.0321, =: 0.0073, ): 0.0658, ): 0.0523, ▁có: 0.0469, ▁lẽ: 0.0046, ▁bạn: 0.049, ▁đấy: 0.0311, ▁d: 0.0286, ập: 0.0146, ▁tắt: 0.0198, ▁hy: 3.0024, ▁vọng: 0.0206, ▁của: 0.1562, ▁tao: 1.0003, ▁bằng: 9.6634, ▁cách: 0.0087, ▁không: 0.0613, ▁reply: 1.1964, ▁tin: 0.0501, ▁nhắn: 0.0011, ▁Messenger: 11.3781, ▁của: 0.1312, ▁tao: 1.025, ▁mỗi: 0.0198, ▁giữ: 0.0045, ▁chuỗi: 0.0003, ▁thôi: 0.0417, <unk>: 0.0888, </s>: 0.0689",0.8249,11.3781
2781,Ahjhjhj a ngồi chs xơi lước hôy đừng kêu a rửa bát nka 🗣🥸,Ahjhjhj anh ngồi chơi xơi nước thôi đừng kêu anh rửa bát nha 🗣🥸,"<s>: 0.0154, ▁Ah: 4.9129, jh: 0.4943, jh: 0.079, j: 0.3404, ▁anh: 0.0902, ▁ngồi: 0.0105, ▁chơi: 0.1063, ▁x: 0.083, ơ: 0.085, i: 0.0334, ▁nước: 7.8879, ▁thôi: 4.5245, ▁đừng: 0.0059, ▁kêu: 0.0048, ▁anh: 0.0567, ▁rửa: 0.0023, ▁bát: 0.0012, ▁nha: 0.012, ▁: 0.0846, <unk>: 0.0524, <unk>: 0.0444, </s>: 0.0321",0.8243,7.8879
8898,Súng ống các thứ cho lên lun đê Lô ơi,Súng ống các thứ cho lên luôn đi Lô ơi,"<s>: 0.0129, ▁Sú: 0.0121, ng: 0.012, ▁: 0.1509, ống: 0.0074, ▁các: 0.089, ▁thứ: 0.0383, ▁cho: 0.1065, ▁lên: 0.1308, ▁luôn: 0.0256, ▁đi: 11.6026, ▁L: 0.0645, ô: 0.0155, ▁ơi: 0.0141, </s>: 0.0779",0.824,11.6026
8409,T cx nghĩ z:))) z nên từ trc tới h cs muốn tới mấy cug k dám stan ai,Tôi cũng nghĩ vậy :))) thế nên từ trước tới giờ có muốn tới mấy cũng không dám stan ai,"<s>: 0.0144, ▁Tôi: 0.1614, ▁cũng: 0.047, ▁nghĩ: 0.0196, ▁vậy: 0.879, <unk>: 8.712, ▁thế: 7.7135, ▁nên: 0.0416, ▁từ: 0.0268, ▁trước: 0.0338, ▁tới: 0.0146, ▁giờ: 0.0268, ▁có: 0.0809, ▁muốn: 0.0084, ▁tới: 0.0202, ▁mấy: 0.0076, ▁cũng: 0.0612, ▁không: 0.0738, ▁dám: 0.0033, ▁stan: 0.0028, ▁ai: 0.0631, </s>: 0.0885",0.8227,8.712
6943,Cj nghĩ một phần do đg trg giai đoạn s Thuỷ nghịch hành ấy.,Chị nghĩ một phần do đang trong giai đoạn sao Thủy nghịch hành ấy.,"<s>: 0.0147, ▁Chị: 0.0291, ▁nghĩ: 0.0134, ▁một: 0.0425, ▁phần: 0.0661, ▁do: 0.0419, ▁đang: 0.9902, ▁trong: 0.0386, ▁giai: 0.0165, ▁đoạn: 0.0443, ▁sao: 0.1, <unk>: 11.0324, ▁nghị: 2.1473, ch: 0.0592, ▁hành: 0.0049, ▁ấy: 0.0219, .: 0.0766, </s>: 0.0605",0.8222,11.0324
1198,Cập nhập tình hình bằng tiếng Trung nka 😬,Cập nhật tình hình bằng tiếng Trung nha 😬,"<s>: 0.0133, ▁Cập: 0.0007, ▁nhật: 9.4534, ▁tình: 0.0059, ▁hình: 0.0421, ▁bằng: 0.0452, ▁tiếng: 0.0273, ▁Trung: 0.0218, ▁nha: 0.0038, ▁: 0.0993, <unk>: 0.0743, </s>: 0.076",0.8219,9.4534
9262,"""""Em cs j muốn ns zới tao ko?""","""Em có gì muốn nói với tao không?""","<s>: 0.0154, ▁"": 0.0785, Em: 8.8409, ▁có: 0.1042, ▁gì: 0.119, ▁muốn: 0.0247, ▁nói: 0.0255, ▁với: 0.0932, ▁tao: 0.0792, ▁không: 0.1292, ?"": 0.2657, </s>: 0.0738",0.8208,8.8409
9207,Hiuhiu z rút cuộc tui nên lmj đây mn ơi chứ kiểu này tui stress chớt mất 🥲🥲🥲🥲,Hiuhiu vậy rốt cuộc tôi nên làm gì đây mọi người ơi chứ kiểu này tôi stress chết mất 🥲🥲🥲🥲,"<s>: 0.0154, ▁Hi: 0.0223, uh: 0.0084, iu: 0.0399, ▁vậy: 0.7115, ▁rốt: 12.9259, ▁cuộc: 0.004, ▁tôi: 2.4345, ▁nên: 0.0703, ▁làm: 0.0818, ▁gì: 0.071, ▁đây: 0.0373, ▁mọi: 0.0257, ▁người: 0.055, ▁ơi: 0.0125, ▁chứ: 0.0068, ▁kiểu: 0.0017, ▁này: 0.0235, ▁tôi: 0.8877, ▁stress: 0.0078, ▁chết: 2.8481, ▁mất: 0.0158, ▁: 0.0873, <unk>: 0.0564, </s>: 0.0609",0.8205,12.9259
4363,"Em chỉ qtam lsao lấy dc media pass của các concert đặc biệt là cammmm, em cg cbi khá đủ đồ roàiii","Em chỉ quan tâm làm sao lấy được media pass của các concert đặc biệt là cam, em cũng chuẩn bị khá đủ đồ rồi","<s>: 0.0139, ▁Em: 0.046, ▁chỉ: 0.0398, ▁quan: 0.01, ▁tâm: 0.0082, ▁làm: 0.2718, ▁sao: 0.0044, ▁lấy: 0.0087, ▁được: 0.0672, ▁media: 0.008, ▁pass: 0.0005, ▁của: 0.0614, ▁các: 0.0647, ▁concert: 0.0015, ▁đặc: 0.0238, ▁biệt: 0.0312, ▁là: 0.0412, ▁cam: 14.9565, ,: 4.0498, ▁em: 0.1265, ▁cũng: 0.0925, ▁chuẩn: 0.0553, ▁bị: 0.0087, ▁khá: 0.0169, ▁đủ: 0.0212, ▁đồ: 0.0082, ▁rồi: 0.0501, </s>: 2.8836",0.8204,14.9565
3649,xoq ct r bn thân a rễ t quen lại c bé đók..Rồi a rễ t yêu c t dẫn ik chs chung lun,xong chia tay rồi bạn thân anh rể tôi quen lại chị bé đó.. Rồi anh rể tôi yêu chị tôi dẫn đi chơi chung luôn,"<s>: 0.014, ▁xong: 0.0854, ▁chia: 0.006, ▁tay: 0.0044, ▁rồi: 0.0377, ▁bạn: 0.026, ▁thân: 0.0138, ▁anh: 0.0736, ▁r: 0.2587, ể: 7.7195, ▁tôi: 0.0884, ▁quen: 0.0092, ▁lại: 0.0372, ▁chị: 3.391, ▁bé: 0.0089, ▁đó: 0.0552, .: 0.0634, .: 0.0292, ▁Rồi: 6.4924, ▁anh: 0.0818, ▁r: 0.0484, ể: 6.3363, ▁tôi: 0.0679, ▁yêu: 0.043, ▁chị: 0.9137, ▁tôi: 0.0987, ▁dẫn: 0.0015, ▁đi: 0.0348, ▁chơi: 0.0188, ▁chung: 0.0557, ▁luôn: 0.0191, </s>: 0.11",0.8201,7.7195
4664,FLYER mang đển cho b nhx j?,FLYER mang đến cho bạn những gì?,"<s>: 0.0145, ▁FL: 0.0524, YER: 0.0027, ▁mang: 0.0077, ▁đến: 8.4598, ▁cho: 0.0762, ▁bạn: 0.0458, ▁những: 0.1386, ▁gì: 0.0694, ?: 0.0845, </s>: 0.064",0.8196,8.4598
2541,Nên hoàn cảnh này của ce hiểu đc,Nên hoàn cảnh này của chị em hiểu được,"<s>: 0.0137, ▁Nên: 0.024, ▁hoàn: 0.0047, ▁cảnh: 0.0083, ▁này: 0.0464, ▁của: 0.1488, ▁chị: 0.1047, ▁em: 8.4083, ▁hiểu: 0.0882, ▁được: 0.0717, </s>: 0.0903",0.819,8.4083
1340,:)) toy ms bị cắm sừng nên cho bà ý kiến nek do ngta ko iu bà ngta đến vs bà khi họ cô đơn nên đối xử vs mk ko tốt còn khi họ gặp đc ng họ tht sự cs kảm tình họ lm cho ng ds rất nhìu và ko kảm thấy cs j là ko đc n z là đók bà:)),:)) tôi mới bị cắm sừng nên cho bà ý kiến nè do người ta không yêu bà người ta đến với bà khi họ cô đơn nên đối xử với mình không tốt còn khi họ gặp được người họ thật sự có cảm tình họ làm cho người đó rất nhiều và không cảm thấy có gì là không được nó vậy là đó bà:)),"<s>: 0.0137, <unk>: 0.8915, ▁tôi: 10.1354, ▁mới: 0.0468, ▁bị: 0.0599, ▁c: 0.0957, ắ: 0.0093, m: 0.0132, ▁s: 0.0137, ừng: 0.0024, ▁nên: 0.0717, ▁cho: 0.0356, ▁bà: 0.0366, ▁ý: 0.0239, ▁kiến: 0.0237, ▁nè: 3.5649, ▁do: 0.0731, ▁người: 0.0437, ▁ta: 0.03, ▁không: 0.0571, ▁yêu: 0.0511, ▁bà: 0.0813, ▁người: 0.0812, ▁ta: 0.0264, ▁đến: 0.0201, ▁với: 0.0206, ▁bà: 0.0651, ▁khi: 0.0286, ▁họ: 0.0383, ▁cô: 0.0068, ▁đơn: 0.0393, ▁nên: 0.0266, ▁đối: 0.008, ▁xử: 0.0292, ▁với: 0.0473, ▁mình: 0.1861, ▁không: 0.039, ▁tốt: 0.0028, ▁còn: 0.0191, ▁khi: 0.039, ▁họ: 0.0403, ▁gặp: 0.007, ▁được: 0.0478, ▁người: 0.0461, ▁họ: 0.0918, ▁thật: 0.0336, ▁sự: 0.0222, ▁có: 0.0839, ▁cảm: 0.0294, ▁tình: 0.1124, ▁họ: 0.0655, ▁làm: 0.02, ▁cho: 0.0488, ▁người: 0.0854, ▁đó: 0.0874, ▁rất: 0.0065, ▁nhiều: 5.5765, ▁và: 8.5863, ▁không: 3.3444, ▁cảm: 7.0795, ▁thấy: 3.5064, ▁có: 3.4209, ▁gì: 1.3301, </s>: 2.6214",0.8186,10.1354
3353,Chỉ cần ở cùng tỉnh cùng tp là mik đc quyền đến nhà bía chúc tết rùi he mn 🥰,Chỉ cần ở cùng tỉnh cùng thành phố là mình được quyền đến nhà bias chúc tết rồi nghe mọi người 🥰,"<s>: 0.0142, ▁Chỉ: 0.0544, ▁cần: 0.0357, ▁ở: 0.1008, ▁cùng: 0.0449, ▁tỉnh: 0.0119, ▁cùng: 0.0513, ▁thành: 0.5532, ▁phố: 0.009, ▁là: 0.0403, ▁mình: 0.0188, ▁được: 0.0859, ▁quyền: 0.0124, ▁đến: 0.039, ▁nhà: 0.0466, ▁bi: 4.5161, as: 2.5421, ▁chúc: 0.0035, ▁tế: 0.0345, t: 0.0542, ▁rồi: 0.0639, ▁nghe: 13.5137, ▁mọi: 0.0362, ▁người: 0.0497, ▁: 0.0511, <unk>: 0.0528, </s>: 0.046",0.8179,13.5137
93,Bà này góp 1 phần vào cái chớt của bé mak bị bn zai hấp diêm và b zaiiii ăn 💩 đòi qlai nek.,Bà này góp 1 phần vào cái chết của bé mà bị bạn trai hấp diêm và bạn trai ăn cứt đòi quay lại nè.,"<s>: 0.0144, ▁Bà: 0.0487, ▁này: 0.0358, ▁góp: 0.001, ▁1: 0.0862, ▁phần: 0.0444, ▁vào: 0.0285, ▁cái: 0.0287, ▁chết: 4.1333, ▁của: 0.1563, ▁bé: 0.0198, ▁mà: 0.0594, ▁bị: 0.0559, ▁bạn: 0.065, ▁trai: 0.0254, ▁hấp: 0.0003, ▁di: 0.0782, êm: 0.0028, ▁và: 0.1082, ▁bạn: 0.052, ▁trai: 0.1627, ▁ăn: 0.1221, ▁cứ: 8.5049, t: 8.5669, ▁đòi: 0.1316, ▁quay: 0.0082, ▁lại: 0.0259, ▁nè: 1.8385, .: 0.0667, </s>: 0.0551",0.8176,8.5669
6218,"Màk cs bằng toeic 800+, giao tiếp tiếng ah ở mức ổn, ms đag hc thêm tiếng trung đc 2 tháng.","Mà có bằng TOEIC 800+, giao tiếp tiếng Anh ở mức ổn, mới đang học thêm tiếng Trung được 2 tháng.","<s>: 0.0137, ▁Mà: 0.0154, ▁có: 0.0813, ▁bằng: 0.0121, ▁TO: 8.8831, E: 6.1119, IC: 0.1549, ▁800: 0.0116, +: 0.0025, ,: 0.0998, ▁giao: 0.0054, ▁tiếp: 0.0234, ▁tiếng: 0.0415, ▁Anh: 2.8138, ▁ở: 0.0522, ▁mức: 0.0104, ▁ổn: 0.0036, ,: 0.1042, ▁mới: 0.0457, ▁đang: 0.0824, ▁học: 0.0299, ▁thêm: 0.0173, ▁tiếng: 0.0127, ▁Trung: 4.7607, ▁được: 0.1193, ▁2: 0.0157, ▁tháng: 0.0203, .: 0.1002, </s>: 0.0621",0.8175,8.8831
116,🙄🙄thế ganh tỵ là đúg r chăg?,🙄🙄thế ganh tỵ là đúng rồi chăng?,"<s>: 0.0156, ▁: 0.1144, <unk>: 0.0291, <unk>: 0.0442, t: 0.0188, hế: 0.0021, ▁gan: 0.0031, h: 0.0305, ▁t: 0.0103, ỵ: 0.0059, ▁là: 0.0981, ▁đúng: 2.122, ▁rồi: 0.0118, ▁chăng: 10.4369, ?: 0.0562, </s>: 0.0616",0.8163,10.4369
1642,vl bác oy s tui vx ch cs😭,vãi lồn bác ơi sao tôi vẫn chưa có😭,"<s>: 0.0137, ▁v: 0.0344, ã: 0.785, i: 0.0519, ▁lồ: 0.1012, n: 0.1075, ▁bác: 0.0359, ▁ơi: 1.9125, ▁sao: 0.0296, ▁tôi: 1.7659, ▁vẫn: 7.0139, ▁chưa: 0.0271, ▁có: 0.0568, <unk>: 0.2319, </s>: 0.0648",0.8155,7.0139
6336,Chứ chạy grab ngoài đg nguy hiểm đủ thứ!,Chứ chạy Grab ngoài đường nguy hiểm đủ thứ!,"<s>: 0.0153, ▁Ch: 0.0759, ứ: 0.0132, ▁chạy: 0.0089, ▁Grab: 10.2158, ▁ngoài: 0.017, ▁đường: 0.1091, ▁nguy: 0.004, ▁hiểm: 0.007, ▁đủ: 0.011, ▁thứ: 0.0246, !: 0.0146, </s>: 0.072",0.8145,10.2158
5711,mih cs cái hint cho cn dân đỡ tủi chứ mk định lm Daesung của LOL ah 🥹,mình có cái hint cho con dân đỡ tủi chứ mình định làm Daesung của LoL à 🥹,"<s>: 0.0145, ▁mình: 0.0474, ▁có: 0.0686, ▁cái: 0.0332, ▁hin: 0.0273, t: 0.1246, ▁cho: 0.0825, ▁con: 0.2514, ▁dân: 0.0164, ▁đỡ: 0.0111, ▁tủ: 0.0002, i: 0.026, ▁chứ: 0.0176, ▁mình: 0.2571, ▁định: 0.0692, ▁làm: 0.082, ▁Da: 0.0045, es: 0.0286, ung: 0.0022, ▁của: 0.084, ▁Lo: 16.0318, L: 3.4263, ▁à: 0.3026, ▁: 0.0456, <unk>: 0.0491, </s>: 0.0582",0.8139,16.0318
7744,lúc đók đg trg p tự hc mak tôi tht sự muốn hét lên cmnl aw 🥺,lúc đó đang trong phòng tự học mà tôi thật sự muốn hét lên con mẹ nó luôn á 🥺,"<s>: 0.0135, ▁lúc: 0.0289, ▁đó: 0.0217, ▁đang: 0.0664, ▁trong: 1.5273, ▁phòng: 0.1985, ▁tự: 0.0332, ▁học: 0.0429, ▁mà: 0.0304, ▁tôi: 0.0776, ▁thật: 0.0307, ▁sự: 0.0406, ▁muốn: 0.0157, ▁hét: 0.0005, ▁lên: 0.0334, ▁con: 5.161, ▁mẹ: 0.314, ▁nó: 0.5319, ▁luôn: 7.0725, ▁á: 3.272, ▁: 0.108, <unk>: 0.0445, </s>: 0.0481",0.8136,7.0725
3401,"Sáng g bác ko lên threads hả, bác kiếm từ khoá","Sáng giờ bác không lên threads hả, bác kiếm từ khóa","<s>: 0.0143, ▁Sáng: 0.0193, ▁giờ: 0.1872, ▁bác: 0.0076, ▁không: 0.0756, ▁lên: 0.0776, ▁thread: 0.0002, s: 0.0414, ▁hả: 0.0085, ,: 0.1002, ▁bác: 0.0084, ▁kiếm: 0.0048, ▁từ: 0.0392, <unk>: 11.5191, </s>: 0.0992",0.8135,11.5191
1866,Nma hong cs đượccc 🤧 nhà đài hỏng cho :(((,Nhưng mà không có được 🤧 nhà đài không cho :(((,"<s>: 0.0172, ▁Nhưng: 0.0426, ▁mà: 0.0344, ▁không: 0.1011, ▁có: 0.0878, ▁được: 0.0433, ▁: 1.5209, <unk>: 0.0423, ▁nhà: 0.0106, ▁đài: 0.0055, ▁không: 8.9729, ▁cho: 1.1677, ▁:: 0.0138, <unk>: 0.0563, </s>: 0.048",0.811,8.9729
2218,"T ik vào circle K T: "" cho em 1 matcha latte"" Nvien: ""dạ?""","Tôi đi vào Circle K Tôi: "" cho em 1 matcha latte"" Nhân viên: ""dạ?""","<s>: 0.0161, ▁Tôi: 0.2334, ▁đi: 0.0461, ▁vào: 0.0331, ▁Circle: 9.65, ▁K: 7.4016, ▁Tôi: 1.0432, :: 0.0714, ▁"": 0.0286, ▁cho: 0.0954, ▁em: 0.0693, ▁1: 0.0843, ▁match: 0.0011, a: 0.0573, ▁latte: 0.0005, "": 0.0543, ▁Nhân: 0.0938, ▁viên: 0.0118, :: 0.1753, ▁"": 0.0685, d: 0.0988, ạ: 0.0022, ?"": 0.0467, </s>: 0.0506",0.8097,9.65
8822,"Cưới thì khác còn đây ch cưới mak đã v r, uhm thì ấy lắm luonn :))","Cưới thì khác còn đây chưa cưới mà đã vậy rồi, ừ thì ấy lắm luôn :))","<s>: 0.0159, ▁C: 0.075, ư: 0.0088, ới: 0.0271, ▁thì: 0.0787, ▁khác: 0.0116, ▁còn: 0.0263, ▁đây: 0.0298, ▁chưa: 0.0278, ▁cưới: 0.005, ▁mà: 0.038, ▁đã: 0.0522, ▁vậy: 0.0522, ▁rồi: 0.022, ,: 0.0776, ▁: 10.1433, ừ: 0.9279, ▁thì: 6.8397, ▁ấy: 0.0312, ▁lắm: 0.0154, ▁luôn: 0.0006, <unk>: 0.0617, </s>: 0.0539",0.8096,10.1433
2327,Ziệc duy nhất mak zk em cs thể lm là nấu cơm nhg em nhất định ph khen NGOL dù cơm như hạch.,Việc duy nhất mà vợ em có thể làm là nấu cơm nhưng em nhất định phải khen NGON dù cơm như hạch.,"<s>: 0.0147, ▁Việc: 0.0426, ▁duy: 0.065, ▁nhất: 0.0652, ▁mà: 0.0152, ▁vợ: 0.0123, ▁em: 0.0723, ▁có: 0.0779, ▁thể: 0.0222, ▁làm: 0.0803, ▁là: 0.058, ▁nấu: 0.0118, ▁cơm: 0.0017, ▁nhưng: 0.082, ▁em: 0.0797, ▁nhất: 0.0132, ▁định: 0.0583, ▁phải: 0.0271, ▁khen: 0.002, ▁N: 12.9744, GON: 6.8368, ▁dù: 1.8413, ▁cơm: 0.0018, ▁như: 0.0432, ▁hạ: 0.0028, ch: 0.0138, .: 0.0845, </s>: 0.0584",0.8092,12.9744
5800,Vị trí: 😡 Trợ lý cửa hàng lúc lm lúc nghỉ - Fulltime (9h-19h),Vị trí: 😡 Trợ lý cửa hàng lúc làm lúc nghỉ - Fulltime (9 giờ - 19 giờ),"<s>: 0.0134, ▁Vị: 0.0105, ▁trí: 0.0156, :: 0.0524, ▁: 0.28, <unk>: 0.038, ▁Tr: 0.0419, ợ: 0.0088, ▁lý: 0.0631, ▁cửa: 0.0202, ▁hàng: 0.0244, ▁lúc: 0.0177, ▁làm: 0.0523, ▁lúc: 0.0178, ▁nghỉ: 0.0016, ▁-: 0.0203, ▁Full: 0.0261, time: 0.8984, ▁(9: 0.0155, ▁giờ: 3.9431, ▁-: 13.0998, ▁19: 0.4163, ▁giờ: 1.0592, ): 0.0342, </s>: 0.0559",0.8091,13.0998
4191,Thu cúc mua gói đẻ thg từ tuần 8 cs 20tr thui.,Thu Cúc mua gói đẻ thường từ tuần 8 có 20 triệu thôi.,"<s>: 0.017, ▁Thu: 1.1608, ▁C: 10.9423, úc: 0.9468, ▁mua: 0.0324, ▁gói: 0.0009, ▁đẻ: 0.0039, ▁thường: 0.1355, ▁từ: 0.0422, ▁tuần: 0.0028, ▁8: 0.0078, ▁có: 0.0437, ▁20: 0.0038, ▁triệu: 0.2185, ▁thôi: 0.0285, .: 0.0977, </s>: 0.0631",0.8087,10.9423
7377,Chào b mìnk nhận xem tử vi 20 b đầu phí tuỳ tâm ạk nếu b nào cần cs thể lh mìh qua ins ạk,Chào bạn mình nhận xem tử vi 20 bạn đầu phí tùy tâm ạ nếu bạn nào cần có thể liên hệ mình qua Instagram ạ,"<s>: 0.0152, ▁Chào: 0.0304, ▁bạn: 0.0384, ▁mình: 0.0204, ▁nhận: 0.0137, ▁xem: 0.0221, ▁tử: 0.0042, ▁vi: 0.0103, ▁20: 0.0092, ▁bạn: 0.0478, ▁đầu: 0.0221, ▁phí: 0.0164, <unk>: 9.9825, ▁tâm: 7.8539, ▁ạ: 0.0242, ▁nếu: 0.0338, ▁bạn: 0.0303, ▁nào: 0.025, ▁cần: 0.0154, ▁có: 0.0985, ▁thể: 0.0307, ▁liên: 0.0735, ▁hệ: 0.023, ▁mình: 0.0317, ▁qua: 0.0806, ▁Instagram: 3.9265, ▁ạ: 0.0387, </s>: 0.1205",0.8085,9.9825
4008,Hệ clc là hệ jz bác nhỉ,Hệ chất lượng cao là hệ gì vậy bác nhỉ,"<s>: 0.0146, ▁Hệ: 0.0337, ▁chất: 9.0728, ▁lượng: 0.1413, ▁cao: 0.1609, ▁là: 0.1001, ▁hệ: 0.0148, ▁gì: 0.0267, ▁vậy: 0.0201, ▁bác: 0.0217, ▁nhỉ: 0.0323, </s>: 0.0594",0.8082,9.0728
3303,z n kbt coppy ra note ak tr.,thế nó không biết copy ra note à trời.,"<s>: 0.0151, ▁thế: 0.2924, ▁nó: 0.0568, ▁không: 0.0624, ▁biết: 0.2371, ▁copy: 8.6156, ▁ra: 0.0655, ▁note: 0.0081, ▁à: 0.1264, ▁trời: 0.0195, .: 0.0985, </s>: 0.084",0.8068,8.6156
5634,"Mn cho hỏi zới: nếu phát hiện ra c b của đồng nghiệp là ng nhà của Mason, thì lms tiếp cận để cs cơ hội gặp CONGB?","Mọi người cho hỏi với: nếu phát hiện ra chị bạn của đồng nghiệp là người nhà của Mason, thì làm sao tiếp cận để có cơ hội gặp CÔNG B?","<s>: 0.0132, ▁Mọi: 0.0235, ▁người: 0.0585, ▁cho: 0.0513, ▁hỏi: 0.0263, ▁với: 0.0511, :: 0.1332, ▁nếu: 0.0471, ▁phát: 0.0147, ▁hiện: 0.124, ▁ra: 0.0868, ▁chị: 3.3464, ▁bạn: 0.0417, ▁của: 0.1329, ▁đồng: 0.0488, ▁nghiệp: 0.0578, ▁là: 0.0648, ▁người: 0.0797, ▁nhà: 0.0595, ▁của: 0.1092, ▁Mas: 0.0092, on: 0.0049, ,: 0.1199, ▁thì: 0.0961, ▁làm: 0.081, ▁sao: 0.6017, ▁tiếp: 0.0102, ▁cận: 0.1001, ▁để: 0.0887, ▁có: 0.0715, ▁cơ: 0.0292, ▁hội: 0.1889, ▁gặp: 0.0139, ▁CÔNG: 9.9738, ▁B: 1.5467, ?: 12.2055, </s>: 0.0819",0.8052,12.2055
9353,cban ơi mk ms phát hiện ra ảnh cs một acc nx và ảnh đã ckhai ng yêu ms của ảnh💔,các bạn ơi mình mới phát hiện ra ảnh có một account nữa và ảnh đã công khai người yêu mới của ảnh 💔,"<s>: 0.0139, ▁các: 0.0638, ▁bạn: 0.0564, ▁ơi: 0.0122, ▁mình: 0.0364, ▁mới: 0.0363, ▁phát: 0.0094, ▁hiện: 0.154, ▁ra: 0.0744, ▁ảnh: 0.1163, ▁có: 0.1407, ▁một: 0.1071, ▁account: 9.478, ▁nữa: 0.1029, ▁và: 0.0675, ▁ảnh: 0.245, ▁đã: 0.0388, ▁công: 0.3931, ▁khai: 0.005, ▁người: 0.0442, ▁yêu: 0.0205, ▁mới: 0.0026, ▁của: 0.1039, ▁ảnh: 0.3767, ▁: 8.4148, <unk>: 1.5291, </s>: 0.0744",0.8044,9.478
2339,Chắc mặt tôi vs Diệu Ank toát ra vẻ nghèo hsy màk đéo baoh bị up sale =))),Chắc mặt tôi với Diệu Anh toát ra vẻ nghèo hay sao ý mà đéo bao giờ bị up sale =))),"<s>: 0.0142, ▁C: 0.1118, hắc: 0.0041, ▁mặt: 0.0229, ▁tôi: 0.0474, ▁với: 0.0378, ▁D: 0.0446, iệu: 0.0006, ▁Anh: 0.3707, ▁to: 0.0475, át: 0.0165, ▁ra: 0.0243, ▁vẻ: 0.0032, ▁nghèo: 0.0058, ▁hay: 12.5918, ▁sao: 0.1333, ▁ý: 9.5125, ▁mà: 0.0702, ▁đ: 0.0138, é: 0.0007, o: 0.0084, ▁bao: 0.0054, ▁giờ: 0.0553, ▁bị: 0.0791, ▁up: 0.0027, ▁sale: 0.002, ▁=: 0.017, ))): 0.0127, </s>: 0.0545",0.8038,12.5918
3214,"mìh kảm ơn b nh ạk, chúc b và gd nh sức khoẻ ❤️","mình cảm ơn bạn nhiều ạ, chúc bạn và gia đình nhiều sức khỏe ❤️","<s>: 0.0143, ▁mình: 0.0656, ▁cảm: 0.1119, ▁ơn: 0.0326, ▁bạn: 0.0258, ▁nhiều: 0.0259, ▁ạ: 0.0157, ,: 0.0814, ▁chúc: 0.0105, ▁bạn: 0.0233, ▁và: 0.3169, ▁gia: 0.0215, ▁đình: 0.0537, ▁nhiều: 0.0466, ▁sức: 0.0067, <unk>: 7.0619, <unk>: 0.0786, <unk>: 7.1717, </s>: 0.085",0.8026,7.1717
9142,K cs danh phận nên t chọn cách im lặng☺️,Không có danh phận nên tôi chọn cách im lặng ☺️,"<s>: 0.0145, ▁Không: 0.1228, ▁có: 0.0957, ▁danh: 0.0059, ▁phận: 0.0019, ▁nên: 0.0742, ▁tôi: 0.1721, ▁chọn: 0.0196, ▁cách: 0.0165, ▁im: 0.0038, ▁lặng: 0.0025, ▁: 7.4347, <unk>: 0.089, <unk>: 3.902, </s>: 0.0622",0.8012,7.4347
5720,Deft cs ny lâu r màk b để ý cs video cs đeo vòng đôi đấy màk c ny xjnk lắm và là b của c jennie BP,Deft có người yêu lâu rồi mà bạn để ý có video có đeo vòng đôi đấy mà chị người yêu xinh lắm và là bạn của chị Jennie BLACKPINK,"<s>: 0.0145, ▁De: 0.0193, ft: 0.0016, ▁có: 0.0904, ▁người: 0.012, ▁yêu: 0.0248, ▁lâu: 0.1038, ▁rồi: 0.0406, ▁mà: 0.0532, ▁bạn: 0.0286, ▁để: 0.0248, ▁ý: 0.016, ▁có: 0.1104, ▁video: 0.0031, ▁có: 0.131, ▁đeo: 0.0041, ▁vòng: 0.0008, ▁đôi: 0.0033, ▁đấy: 0.0144, ▁mà: 0.0448, ▁chị: 2.7731, ▁người: 0.0219, ▁yêu: 0.032, ▁xinh: 0.0293, ▁lắm: 0.0098, ▁và: 0.1212, ▁là: 0.0673, ▁bạn: 0.0191, ▁của: 0.0921, ▁chị: 0.4761, ▁Jen: 1.9212, nie: 0.0019, ▁BLACK: 13.9307, PIN: 7.9452, K: 0.523, </s>: 0.1119",0.8005,13.9307
7999,"Xin vía bà nhaaaa, t cx đg trg hành trình mnf >< 🍀","Xin vía bà nha, tôi cũng đang trong hành trình manifest >< 🍀","<s>: 0.0139, ▁Xin: 0.0149, ▁vía: 0.0008, ▁bà: 0.0458, ▁nha: 1.2142, ,: 0.064, ▁tôi: 0.1388, ▁cũng: 0.0615, ▁đang: 0.0784, ▁trong: 0.0701, ▁hành: 0.0133, ▁trình: 0.0165, ▁manifest: 11.6727, ▁: 0.7465, <unk>: 0.0784, ▁: 0.0781, <unk>: 0.0503, </s>: 0.0475",0.8003,11.6727
7668,B coi sốp tớ lấy 100-150k coi xog ms ck ợ tui coi choa,Bạn coi shop tớ lấy 100-150k coi xong mới chuyển khoản ạ tui coi cho,"<s>: 0.0156, ▁Bạn: 0.0669, ▁coi: 0.0162, ▁shop: 0.058, ▁tớ: 0.0226, ▁lấy: 0.0055, ▁100: 0.0137, -150: 0.0052, k: 0.0477, ▁coi: 0.0056, ▁xong: 0.0422, ▁mới: 0.0175, ▁chuyển: 7.5483, ▁khoản: 0.5088, ▁ạ: 5.2302, ▁tui: 0.3293, ▁coi: 0.0038, ▁cho: 0.0548, </s>: 1.2139",0.8003,7.5483
6286,Đừng chạy grab dzừa cực dzừa nguy hiểm b ơi,Đừng chạy Grab vừa cực vừa nguy hiểm bạn ơi,"<s>: 0.0134, ▁Đừng: 0.0138, ▁chạy: 0.0316, ▁Grab: 9.2925, ▁vừa: 0.0435, ▁cực: 0.0011, ▁vừa: 0.022, ▁nguy: 0.0036, ▁hiểm: 0.0043, ▁bạn: 0.0443, ▁ơi: 0.042, </s>: 0.0867",0.7999,9.2925
484,ầu chc kiêm quà snhat ln r ^^,ầu chắc kiêm quà sinh nhật luôn rồi ^^,"<s>: 0.0149, ▁: 0.1609, ầ: 0.0216, u: 0.0215, ▁chắc: 8.8678, ▁ki: 0.0049, êm: 0.0009, ▁quà: 0.0266, ▁sinh: 0.0626, ▁nhật: 0.132, ▁luôn: 1.6981, ▁rồi: 0.044, <unk>: 0.0646, </s>: 0.0671",0.7991,8.8678
60,may qá từ đầu t đã ko thik bà này r clg cũg ik hóng ko đến nơi đến chốn r lên kể,may quá từ đầu tôi đã không thích bà này rồi cái lồn gì cũng đi hóng không đến nơi đến chốn rồi lên kể,"<s>: 0.0139, ▁may: 0.0103, ▁quá: 0.0308, ▁từ: 0.0458, ▁đầu: 0.0157, ▁tôi: 0.132, ▁đã: 0.0554, ▁không: 0.05, ▁thích: 0.0233, ▁bà: 0.0359, ▁này: 0.0793, ▁rồi: 0.0392, ▁cái: 4.9637, ▁lồ: 3.9094, n: 0.2575, ▁gì: 13.8152, ▁cũng: 0.0126, ▁đi: 0.0604, ▁hó: 0.0002, ng: 0.0248, ▁không: 0.0688, ▁đến: 0.0287, ▁nơi: 0.0085, ▁đến: 0.0217, ▁ch: 0.0711, ốn: 0.0169, ▁rồi: 0.0279, ▁lên: 0.0431, ▁kể: 0.0029, </s>: 0.107",0.7991,13.8152
4072,đúng rùi íii embe hiểu chuyện dính ng cực í 🥹🥹🥹 kiểu ẻm bt ẻm cs nhà ms nên ẻm zẻ ngoan nhắm 🥹🥹🥹,đúng rồi ý em bé hiểu chuyện dính người cực ý 🥹🥹🥹 kiểu em biết em có nhà mới nên em vui vẻ ngoan lắm 🥹🥹🥹,"<s>: 0.014, ▁đúng: 0.0064, ▁rồi: 0.008, ▁ý: 0.8394, ▁em: 0.1773, ▁bé: 3.384, ▁hiểu: 0.0094, ▁chuyện: 0.015, ▁dí: 0.0017, nh: 0.0258, ▁người: 0.0678, ▁cực: 0.003, ▁ý: 0.5879, ▁: 0.0612, <unk>: 0.0455, ▁kiểu: 0.0049, ▁em: 0.2752, ▁biết: 0.0327, ▁em: 0.1824, ▁có: 0.1053, ▁nhà: 0.0191, ▁mới: 0.0133, ▁nên: 0.1148, ▁em: 0.0495, ▁vui: 1.8207, ▁vẻ: 2.0613, ▁ngo: 0.0013, an: 0.0074, ▁lắm: 15.4707, ▁: 0.0517, <unk>: 0.0467, </s>: 0.039",0.7982,15.4707
7155,Xứng đág nobel hoà bình hơn Donald Trump nhé Kiều Ah 🤣🤣🤣🤣,Xứng đáng nobel hòa bình hơn Donald Trump nhé Kiều Anh 🤣🤣🤣🤣,"<s>: 0.0157, ▁X: 0.0687, ứ: 0.0024, ng: 0.0119, ▁đáng: 0.0599, ▁no: 1.5832, bel: 0.0179, <unk>: 10.2911, ▁bình: 4.0155, ▁hơn: 0.0666, ▁Donald: 0.0008, ▁Trump: 0.0006, ▁nhé: 0.0258, ▁Kiều: 0.0001, ▁Anh: 0.0711, ▁: 0.0681, <unk>: 0.0535, <unk>: 0.0553, <unk>: 0.042, <unk>: 0.2531, </s>: 0.0513",0.7978,10.2911
8789,muốn thì tìm cách hong thì tìm lí dooooooo K gửi chim t giãy đành đạch lun,Muốn thì tìm cách không thì tìm lý do. Không gửi chim tao giãy đành đạch luôn,"<s>: 0.0145, ▁Muốn: 3.9352, ▁thì: 0.0716, ▁tìm: 0.0137, ▁cách: 0.0264, ▁không: 0.1306, ▁thì: 0.0647, ▁tìm: 0.009, ▁lý: 2.5043, ▁do: 0.094, .: 9.0607, ▁Không: 0.3135, ▁gửi: 0.0067, ▁chi: 0.0175, m: 0.108, ▁tao: 3.2805, ▁gi: 0.0067, ã: 0.0107, y: 0.0589, ▁đàn: 0.0005, h: 0.0401, ▁đ: 0.0252, ạch: 0.0054, ▁luôn: 0.0528, </s>: 0.0855",0.7975,9.0607
3729,Dù Cho Tận Z của Erik dzới Đừng Lm Trái Tim Ank Đau của Sơn Tùng từng vượt seven để đạt No1 as.,Dù Cho Tận Thế của Erik với Đừng Làm Trái Tim Anh Đau của Sơn Tùng từng vượt Seven để đạt No.1 á.,"<s>: 0.0144, ▁Dù: 0.0063, ▁Cho: 0.0143, ▁T: 0.0238, ận: 0.0011, ▁Thế: 0.1496, ▁của: 0.1439, ▁Erik: 0.0058, ▁với: 0.0512, ▁Đừng: 0.0087, ▁Làm: 0.0911, ▁Trá: 0.0015, i: 0.0264, ▁Tim: 0.0341, ▁Anh: 0.0916, ▁Đa: 0.0002, u: 0.0303, ▁của: 0.1416, ▁Sơn: 0.0015, ▁T: 0.0087, ùng: 0.0018, ▁từng: 0.0079, ▁vượt: 0.0023, ▁Seven: 5.7339, ▁để: 0.1917, ▁đạt: 0.0365, ▁No: 0.0035, .: 12.6038, 1: 5.878, ▁á: 0.0308, .: 0.1003, </s>: 0.0701",0.7971,12.6038
7576,Chat gpt hân hạnh tài trợ,ChatGPT hân hạnh tài trợ,"<s>: 0.0142, ▁Chat: 0.0024, G: 7.2319, PT: 0.2602, ▁: 0.327, hân: 0.0021, ▁hạnh: 0.0073, ▁tài: 0.0112, ▁trợ: 0.0172, </s>: 0.0945",0.7968,7.2319
8353,hồi đók nghe tin bts cs b gái là em lăn 875 vòng 🐒🐒🐒🐒 xí hổ,hồi đó nghe tin BTS có bạn gái là em lăn 875 vòng 🐒🐒🐒🐒 xấu hổ,"<s>: 0.0143, ▁hồi: 0.0067, ▁đó: 0.025, ▁nghe: 0.0155, ▁tin: 0.0263, ▁BTS: 11.3717, ▁có: 0.0654, ▁bạn: 0.0336, ▁gái: 0.0157, ▁là: 0.0735, ▁em: 0.0955, ▁lă: 0.0005, n: 0.0207, ▁8: 0.0041, 75: 0.0131, ▁vòng: 0.0026, ▁: 0.1056, <unk>: 0.064, <unk>: 0.0771, <unk>: 0.0606, <unk>: 0.2976, ▁xấu: 6.6663, ▁hổ: 0.0022, </s>: 0.0573",0.7965,11.3717
8825,tội mấy b nữ ấy chứ đ cs sướng đâu mấy bố,Tội mấy bạn nữ ấy chứ đéo có sướng đâu mấy bố,"<s>: 0.0151, ▁T: 12.0306, ội: 0.9223, ▁mấy: 0.0144, ▁bạn: 0.0355, ▁nữ: 0.0371, ▁ấy: 0.0348, ▁chứ: 0.0271, ▁đ: 0.0683, é: 0.0948, o: 0.0265, ▁có: 0.0933, ▁sướng: 0.0017, ▁đâu: 0.039, ▁mấy: 0.0088, ▁bố: 0.0152, </s>: 0.0754",0.7965,12.0306
8213,vì em nhắn qua cả thread cả ig hong thấy chj phản hồi bh ấy ạk,vì em nhắn qua cả threads cả Instagram không thấy chị phản hồi bao giờ ấy ạ,"<s>: 0.0136, ▁vì: 0.1105, ▁em: 0.0972, ▁nhắn: 0.0079, ▁qua: 0.075, ▁cả: 0.028, ▁thread: 0.0004, s: 10.1653, ▁cả: 0.5891, ▁Instagram: 3.0245, ▁không: 0.158, ▁thấy: 0.0465, ▁chị: 0.0605, ▁phản: 0.0054, ▁hồi: 0.0163, ▁bao: 1.3225, ▁giờ: 0.062, ▁ấy: 0.0278, ▁ạ: 0.0157, </s>: 0.0905",0.7958,10.1653
2169,Nhục kh nhục đâu fen nhục màk cs tiền thì chục đứa lm từ phốt mak ik lên thui càng chưởi nhỏ cảng nổi th as 😌,Nhục không nhục đâu fen nhục mà có tiền thì chục đứa làm từ phốt mà đi lên thôi càng chửi nhỏ càng nổi thôi á 😌,"<s>: 0.0153, ▁Nh: 0.0676, ục: 0.0032, ▁không: 0.1203, ▁nh: 0.0287, ục: 0.0038, ▁đâu: 0.0152, ▁fen: 0.0049, ▁nh: 0.4781, ục: 0.0079, ▁mà: 0.0696, ▁có: 0.0856, ▁tiền: 0.009, ▁thì: 0.2766, ▁chục: 0.0025, ▁đứa: 0.0108, ▁làm: 0.094, ▁từ: 0.0828, ▁phố: 0.0006, t: 0.0339, ▁mà: 0.0394, ▁đi: 0.0156, ▁lên: 0.0747, ▁thôi: 0.1211, ▁càng: 0.0058, ▁ch: 7.8617, ử: 6.904, i: 0.1003, ▁nhỏ: 0.0076, ▁càng: 11.6536, ▁nổi: 0.0044, ▁thôi: 0.2219, ▁á: 0.0251, ▁: 0.0582, <unk>: 0.0571, </s>: 0.0624",0.7951,11.6536
4387,Còn về tíh nghệ thuật thì tuỳ c mắt mỗi ng,Còn về tính nghệ thuật thì tùy con mắt mỗi người,"<s>: 0.0141, ▁Còn: 0.0085, ▁về: 0.0265, ▁tính: 0.0118, ▁nghệ: 0.0076, ▁thuật: 0.0216, ▁thì: 0.0638, <unk>: 9.463, ▁con: 0.575, ▁mắt: 0.0091, ▁mỗi: 0.0228, ▁người: 0.0312, </s>: 0.0809",0.7951,9.463
9124,A-anou… chỗ này l-là ở vườn bách thảo Hà Nội as onii-chan><,A-anou… chỗ này là ở Vườn bách thảo Hà Nội á onii-chan><,"<s>: 0.0145, ▁A: 1.2002, -: 0.0556, a: 0.1285, nou: 0.0033, ...: 0.0182, ▁chỗ: 0.0047, ▁này: 0.0259, ▁là: 4.4005, ▁ở: 0.198, ▁V: 12.1276, ư: 0.6973, ờ: 0.7444, n: 0.1996, ▁: 0.386, bách: 0.0006, ▁thảo: 0.0079, ▁Hà: 0.0166, ▁Nội: 0.0423, ▁á: 0.1178, ▁oni: 0.0615, i: 0.0728, -: 0.0254, chan: 0.0002, <unk>: 0.0755, </s>: 0.044",0.795,12.1276
2656,Hồi ch cưới kb mắng là j lun as,Hồi chưa cưới không biết mắng là gì luôn á,"<s>: 0.0143, ▁Hồ: 0.0051, i: 0.0533, ▁chưa: 0.0241, ▁cưới: 0.0072, ▁không: 0.1457, ▁biết: 3.5053, ▁mắn: 7.1248, g: 0.0389, ▁là: 0.062, ▁gì: 0.0211, ▁luôn: 0.0196, ▁á: 0.0203, </s>: 0.0862",0.7949,7.1248
7644,Vcl 4 triệu cho 10’ ?,Vãi cả lồn 4 triệu cho 10 phút ?,"<s>: 0.0157, ▁V: 0.4242, ã: 0.5678, i: 0.0292, ▁cả: 0.1892, ▁lồ: 0.3054, n: 0.0268, ▁4: 0.0202, ▁triệu: 0.0144, ▁cho: 0.0476, ▁10: 0.0071, ▁phút: 9.3149, ▁?: 0.0555, </s>: 0.1036",0.7944,9.3149
8621,Z lại tốt qá đg chán bỏ mẹ nhận Thuê ng iu 0đ 1 năm,Thế lại tốt quá đang chán bỏ mẹ nhận thuê người yêu 0 đồng 1 năm,"<s>: 0.0163, ▁Thế: 0.1928, ▁lại: 0.1073, ▁tốt: 0.009, ▁quá: 0.0122, ▁đang: 0.1692, ▁chán: 0.0008, ▁bỏ: 0.0156, ▁mẹ: 0.0265, ▁nhận: 0.0129, ▁thuê: 8.5893, ▁người: 0.0736, ▁yêu: 0.0161, ▁0: 0.0265, ▁đồng: 4.8271, ▁1: 0.0538, ▁năm: 0.0285, </s>: 0.082",0.7922,8.5893
3671,"Hị hị kảm ưn pàaa, bà lói zậy tôi sướng as 🤣","Hị hị cảm ơn bà, bà nói vậy tôi sướng á 🤣","<s>: 0.016, ▁H: 0.1788, ị: 0.0334, ▁h: 0.1566, ị: 0.0394, ▁cảm: 0.0708, ▁ơn: 0.4216, ▁bà: 0.1387, ,: 0.3792, ▁bà: 0.0196, ▁nói: 12.3218, ▁vậy: 0.226, ▁tôi: 0.0352, ▁sướng: 0.0011, ▁á: 0.0346, ▁: 0.0736, <unk>: 0.0547, </s>: 0.05",0.7917,12.3218
6325,Chứ chạy grab nguy hiểm lắm neh b ơi.,Chứ chạy Grab nguy hiểm lắm nè bạn ơi.,"<s>: 0.0154, ▁Ch: 0.0933, ứ: 0.0174, ▁chạy: 0.0122, ▁Grab: 9.8686, ▁nguy: 0.0052, ▁hiểm: 0.0077, ▁lắm: 0.0246, ▁nè: 0.0085, ▁bạn: 0.033, ▁ơi: 0.0469, .: 0.091, </s>: 0.0671",0.7916,9.8686
5542,Zụ 3ngkia k cs proof.,Vụ 3 người kia không có proof.,"<s>: 0.0178, ▁Vụ: 0.0966, ▁3: 0.0411, ▁người: 0.4335, ▁kia: 7.3481, ▁không: 0.1231, ▁có: 0.0767, ▁: 0.3854, proof: 0.0021, .: 0.0966, </s>: 0.0739",0.7905,7.3481
5183,Hãm lo..z lên đây than khok j má :)))) hạn mức t 25tr.,Hãm lồn lên đây than khóc gì má :)))) hạn mức tôi 25 triệu.,"<s>: 0.0158, ▁H: 0.3367, ã: 0.0154, m: 0.0817, ▁lồ: 11.2633, n: 0.2285, ▁lên: 3.7555, ▁đây: 0.0223, ▁than: 0.0019, ▁khóc: 0.1494, ▁gì: 0.036, ▁má: 0.0032, <unk>: 0.1395, ): 0.0146, ▁hạn: 0.0011, ▁mức: 0.007, ▁tôi: 0.1415, ▁25: 0.0018, ▁triệu: 0.2305, .: 0.0732, </s>: 0.0544",0.7892,11.2633
1998,Đhs ik tin mấy acc trắng tinh r chửi ah t=))),Đéo hiểu sao đi tin mấy tài khoản trắng tinh rồi chửi anh tôi=))),"<s>: 0.0161, ▁Đ: 2.6883, é: 0.5139, o: 0.0202, ▁hiểu: 0.0209, ▁sao: 0.0294, ▁đi: 0.0634, ▁tin: 0.0225, ▁mấy: 0.0114, ▁tài: 12.4658, ▁khoản: 0.0266, ▁trắng: 0.002, ▁tinh: 0.0058, ▁rồi: 0.044, ▁ch: 0.0382, ử: 0.0049, i: 0.0415, ▁anh: 1.0669, ▁tôi: 0.189, =: 0.0066, ))): 0.0195, </s>: 0.0587",0.7889,12.4658
1673,cj thấy nếu mak em theo hc thì nên hc ielts nma hiện em cs gốc chx chứ cj thấy nếu hok chứng chỉ sẽ mất 1-1 5 lận as,chị thấy nếu mà em theo học thì nên học ielts nhưng mà hiện em có gốc chưa chứ chị thấy nếu học chứng chỉ sẽ mất 1-1.5 năm lận á,"<s>: 0.0153, ▁chị: 0.0484, ▁thấy: 0.0235, ▁nếu: 0.0284, ▁mà: 0.0339, ▁em: 0.1754, ▁theo: 0.0184, ▁học: 0.0411, ▁thì: 0.0991, ▁nên: 0.0226, ▁học: 0.0238, ▁i: 0.0547, elt: 0.0, s: 0.0244, ▁nhưng: 0.0614, ▁mà: 0.0223, ▁hiện: 0.0226, ▁em: 0.1202, ▁có: 0.0609, ▁gốc: 0.0021, ▁chưa: 0.1482, ▁chứ: 0.0198, ▁chị: 0.0613, ▁thấy: 0.0151, ▁nếu: 0.0275, ▁học: 0.0585, ▁chứng: 0.0059, ▁chỉ: 0.0116, ▁sẽ: 0.0545, ▁mất: 0.0039, ▁1-: 8.0258, 1.5: 12.3508, ▁năm: 7.2247, ▁l: 0.0788, ận: 0.0037, ▁á: 0.0208, </s>: 0.1038",0.7869,12.3508
8721,ê hồi xưa thk nyc t cũg hay rủ 1 bà lé biên ik chs xog nũng nịu zới bả (t bt bả kco cgi vs n) nma n lấy cái mác lgbt ra bao che cho lỗi sai của n,ê hồi xưa thằng người yêu cũ tôi cũng hay rủ một bà les đi chơi xong nũng nịu với bả (tôi biết bả không có cái gì với nó) nhưng mà nó lấy cái mác LGBT ra bao che cho lỗi sai của nó,"<s>: 0.0143, ▁ê: 0.0004, ▁hồi: 0.0088, ▁xưa: 0.0056, ▁thằng: 0.082, ▁người: 0.0106, ▁yêu: 0.0044, ▁cũ: 0.0355, ▁tôi: 0.1595, ▁cũng: 0.0233, ▁hay: 0.026, ▁r: 0.0507, ủ: 0.0131, ▁một: 3.234, ▁bà: 0.0369, ▁les: 10.5096, ▁đi: 12.5394, ▁chơi: 0.0108, ▁xong: 1.7316, ▁n: 0.065, ũng: 0.0004, ▁n: 0.0343, ị: 0.0181, u: 0.0609, ▁với: 0.1335, ▁b: 0.1444, ả: 0.0178, ▁(: 0.0946, tô: 1.1711, i: 0.0213, ▁biết: 0.0543, ▁b: 0.0716, ả: 0.0191, ▁không: 0.0424, ▁có: 0.078, ▁cái: 0.3469, ▁gì: 0.0795, ▁với: 0.0585, ▁nó: 0.0394, ): 0.0567, ▁nhưng: 0.0778, ▁mà: 0.0192, ▁nó: 0.0237, ▁lấy: 0.0057, ▁cái: 0.0189, ▁má: 0.0005, c: 0.0228, ▁LGBT: 10.0823, ▁ra: 3.137, ▁bao: 0.0012, ▁che: 0.0008, ▁cho: 0.048, ▁lỗi: 0.0032, ▁sai: 0.0059, ▁của: 0.0749, ▁nó: 0.0154, </s>: 0.1217",0.7853,12.5394
5574,[YKR] Chuyện của bà Nelly vs 3ng kia bỏ qua đc k mng?,[Ý kiến riêng] Chuyện của bà Nelly với 3 người kia bỏ qua được không mọi người?,"<s>: 0.0148, ▁[: 0.0384, Ý: 12.475, ▁kiến: 0.8451, ▁riêng: 3.2871, ]: 0.2415, ▁Chuyện: 0.0422, ▁của: 0.1484, ▁bà: 0.0696, ▁Nell: 0.0, y: 0.0049, ▁với: 0.0734, ▁3: 0.0511, ▁người: 0.3002, ▁kia: 0.0468, ▁bỏ: 0.0041, ▁qua: 0.0213, ▁được: 0.0875, ▁không: 0.0802, ▁mọi: 0.0155, ▁người: 0.058, ?: 0.0812, </s>: 0.0499",0.7842,12.475
5531,Bên c là tuyển nv kinh goanh tc shinhan as e,Bên chị là tuyển nhân viên kinh doanh tài chính Shinhan á em,"<s>: 0.0148, ▁Bên: 0.0109, ▁chị: 0.4266, ▁là: 0.0788, ▁tuyển: 0.0093, ▁nhân: 0.016, ▁viên: 0.2224, ▁kinh: 0.0072, ▁doanh: 1.5664, ▁tài: 2.7313, ▁chính: 0.1842, ▁Shin: 7.1127, han: 0.0012, ▁á: 0.0519, ▁em: 0.0479, </s>: 0.0576",0.7837,7.1127
1039,Ôi cuộc đời ik xe điện hâh,Ôi cuộc đời đi xe điện haha,"<s>: 0.0146, ▁Ô: 0.0088, i: 0.0703, ▁cuộc: 0.0098, ▁đời: 0.0062, ▁đi: 0.0398, ▁xe: 0.023, ▁điện: 0.0037, ▁haha: 7.5652, </s>: 0.0935",0.7835,7.5652
6498,"Còn trẻ nên b ạk, cuống hồ vị trí hiện tại k tốt.","Còn trẻ nên bạn ạ, huống hồ vị trí hiện tại không tốt.","<s>: 0.0131, ▁Còn: 0.0111, ▁trẻ: 0.0138, ▁nên: 0.0408, ▁bạn: 0.0411, ▁ạ: 0.0708, ,: 0.0851, ▁huống: 12.5032, ▁hồ: 0.1722, ▁vị: 0.0205, ▁trí: 0.0256, ▁hiện: 0.042, ▁tại: 0.0341, ▁không: 0.0635, ▁tốt: 0.013, .: 0.0912, </s>: 0.0654",0.7827,12.5032
1481,Nên bn chứ cbi tinh thần để khoảng tg này là cơ hôi để mk phát triển bthan.,Nên bạn chưa chuẩn bị tinh thần để khoảng thời gian này là cơ hội để mình phát triển bản thân.,"<s>: 0.0133, ▁Nên: 0.0199, ▁bạn: 0.0444, ▁chưa: 7.7497, ▁chuẩn: 0.1342, ▁bị: 0.0057, ▁tinh: 0.018, ▁thần: 0.0385, ▁để: 0.0488, ▁khoảng: 0.0035, ▁thời: 0.0159, ▁gian: 0.0592, ▁này: 0.0573, ▁là: 0.0926, ▁cơ: 0.0188, ▁hội: 10.0478, ▁để: 0.0734, ▁mình: 0.1077, ▁phát: 0.0315, ▁triển: 0.0356, ▁bản: 0.0025, ▁thân: 0.0252, .: 0.0653, </s>: 0.0733",0.7826,10.0478
3631,"Chính ra tui ở Tân Phú, lm quận 10 nên xài đc ht list lun 🤩","Chính ra tôi ở Tân Phú, làm quận 10 nên xài được hết danh sách luôn 🤩","<s>: 0.0155, ▁Chính: 0.0084, ▁ra: 0.0183, ▁tôi: 2.4914, ▁ở: 0.0445, ▁Tân: 0.0071, ▁Phú: 0.0007, ,: 0.0864, ▁làm: 0.138, ▁quận: 0.0115, ▁10: 0.0043, ▁nên: 0.037, ▁x: 0.0432, à: 0.0079, i: 0.0101, ▁được: 0.1218, ▁hết: 0.0125, ▁danh: 10.1062, ▁sách: 4.6228, ▁luôn: 0.0098, ▁: 0.0552, <unk>: 0.0476, </s>: 0.0528",0.7806,10.1062
423,DG MẬP MỜ MAK ẢNH CỨ HỎI LÀ NHỚ ANK KO THÌ REP S CHO THÚ VỊ ẠK,ĐANG MẬP MỜ MÀ ẢNH CỨ HỎI LÀ NHỚ ANH KHÔNG THÌ REPLY SAO CHO THÚ VỊ Ạ,"<s>: 0.0156, ▁Đ: 3.285, ANG: 4.761, ▁M: 0.4773, Ậ: 0.0076, P: 0.0507, ▁M: 0.0094, Ờ: 0.0139, ▁M: 3.5177, À: 0.424, ▁: 0.0712, Ả: 0.0147, NH: 0.0096, ▁C: 0.0243, Ứ: 0.0019, ▁H: 0.0529, Ỏ: 0.0067, I: 0.1759, ▁L: 0.0824, À: 0.013, ▁NH: 0.019, Ớ: 0.0099, ▁A: 0.234, NH: 0.3757, ▁KHÔNG: 0.2765, ▁TH: 0.0818, Ì: 0.0239, ▁: 0.7351, REP: 0.0012, LY: 10.5306, ▁SA: 1.3269, O: 3.9257, ▁CHO: 0.043, ▁TH: 0.0327, Ú: 0.0043, ▁V: 0.0305, Ị: 0.0082, ▁: 0.2807, Ạ: 0.0146, </s>: 0.2269",0.7799,10.5306
2014,uh dm nhục vl ấy tao từng y v.,ừ địt mẹ nhục vãi lồn ấy tao từng y vậy.,"<s>: 0.0163, ▁: 8.9081, ừ: 3.4228, ▁đ: 1.1159, ị: 0.4088, t: 0.0256, ▁mẹ: 0.1207, ▁nh: 0.0608, ục: 0.0021, ▁v: 0.1048, ã: 1.6649, i: 0.061, ▁lồ: 0.053, n: 0.0968, ▁ấy: 0.0139, ▁tao: 0.0229, ▁từng: 0.0213, ▁y: 0.0245, ▁vậy: 0.0624, .: 0.0838, </s>: 0.0764",0.7794,8.9081
8191,"Hẹ hẹ hẹ, yêu hoa mấy núi cg chèo, mấy sông cg lội, mấy đèo cg chơiiii","Hehe, yêu hoa mấy núi cũng chèo, mấy sông cũng lội, mấy đèo cũng chơi","<s>: 0.0162, ▁Hehe: 8.2414, ,: 7.5704, ▁yêu: 1.4311, ▁hoa: 0.0783, ▁mấy: 0.0054, ▁núi: 0.0119, ▁cũng: 0.0552, ▁: 0.0984, chè: 0.0058, o: 0.0797, ,: 0.0506, ▁mấy: 0.0048, ▁sông: 0.0076, ▁cũng: 0.0192, ▁lộ: 0.0023, i: 0.0718, ,: 0.07, ▁mấy: 0.0042, ▁đ: 0.0163, è: 0.0205, o: 0.0435, ▁cũng: 0.0235, ▁chơi: 0.0008, </s>: 1.5514",0.7792,8.2414
4318,"E hay xem ảnh c chụp HAT vs Vũ lắm, lưu wa zời 1 dạo as 🥹","Em hay xem ảnh chị chụp Hà Anh Tuấn với Vũ lắm, lưu quá trời 1 dạo á 🥹","<s>: 0.0152, ▁Em: 0.0929, ▁hay: 0.0116, ▁xem: 0.0358, ▁ảnh: 0.1104, ▁chị: 0.1478, ▁chụp: 0.0071, ▁Hà: 3.541, ▁Anh: 5.5257, ▁Tuấn: 8.7096, ▁với: 0.052, ▁Vũ: 0.001, ▁lắm: 0.0163, ,: 0.1242, ▁lưu: 0.0029, ▁quá: 0.0084, ▁trời: 0.0044, ▁1: 0.0649, ▁dạ: 0.0013, o: 0.0328, ▁á: 0.0294, ▁: 0.0602, <unk>: 0.0476, </s>: 0.048",0.7788,8.7096
8792,Kêu ổng chụp qay video selfie từ góc dưới xog lật cam i bà :)) khôm bít đỡ ngại khom nma thấy mặt ổng là bcuoi,Kêu ổng chụp quay video selfie từ góc dưới xong lật camera đi bà :)) không biết đỡ ngại không nhưng mà thấy mặt ổng là buồn cười,"<s>: 0.0142, ▁K: 0.0566, ê: 0.0047, u: 0.0164, ▁ổn: 0.1009, g: 0.0808, ▁chụp: 0.0037, ▁quay: 1.7783, ▁video: 0.0047, ▁selfie: 0.0007, ▁từ: 0.017, ▁góc: 0.0012, ▁dưới: 0.0076, ▁xong: 0.5615, ▁l: 0.0239, ật: 0.0026, ▁camera: 15.7432, ▁đi: 1.5091, ▁bà: 0.0157, <unk>: 1.6848, ▁không: 3.1152, ▁biết: 0.6711, ▁đỡ: 0.004, ▁ngại: 0.0027, ▁không: 0.873, ▁nhưng: 0.1519, ▁mà: 0.0274, ▁thấy: 0.0694, ▁mặt: 0.0157, ▁ổn: 0.0433, g: 0.1554, ▁là: 0.0513, ▁buồn: 0.2628, ▁cười: 0.0032, </s>: 0.1605",0.7781,15.7432
8892,Là cả nhà Cá Lớn cùng diễn ht nhx bài này đk ạk😳🙏,Là cả nhà Cá Lớn cùng diễn hết những bài này đúng không ạ 😳🙏,"<s>: 0.0145, ▁Là: 0.061, ▁cả: 0.0441, ▁nhà: 0.0404, ▁Cá: 0.0027, ▁L: 0.0306, ớ: 0.0015, n: 0.0276, ▁cùng: 0.0341, ▁diễn: 0.0066, ▁hết: 0.0071, ▁những: 0.091, ▁bài: 0.0094, ▁này: 0.0498, ▁đúng: 7.2087, ▁không: 0.0275, ▁ạ: 0.0154, ▁: 8.0786, <unk>: 0.0591, <unk>: 0.4847, </s>: 0.0431",0.778,8.0786
3687,n còn chỉ cổng ra sai của idol bắt fan Inter đứng đón cp khác đ cs cp của mìh,nó còn chỉ cổng ra sai của idol bắt fan International đứng đón couple khác đéo có couple của mình,"<s>: 0.0147, ▁nó: 0.0265, ▁còn: 0.0418, ▁chỉ: 0.0341, ▁cổng: 0.0018, ▁ra: 0.0497, ▁sai: 0.0163, ▁của: 0.0928, ▁idol: 0.0033, ▁bắt: 0.0173, ▁fan: 0.0038, ▁International: 13.5705, ▁đứng: 0.0202, ▁đón: 0.0061, ▁couple: 2.9898, ▁khác: 0.0296, ▁đ: 0.2571, é: 0.4127, o: 0.0149, ▁có: 0.1038, ▁couple: 0.7669, ▁của: 0.0633, ▁mình: 0.024, </s>: 0.0987",0.7775,13.5705
3782,mé cái meme gốc đók là c mèo ngồi trên ghế màk nhỏ đổi thành c chụt lun,mẹ cái meme gốc đó là con mèo ngồi trên ghế mà nhỏ đổi thành con chuột luôn,"<s>: 0.0162, ▁mẹ: 6.5867, ▁cái: 0.0392, ▁meme: 0.0001, ▁gốc: 0.0022, ▁đó: 0.0932, ▁là: 0.0561, ▁con: 0.0659, ▁mè: 0.0017, o: 0.0284, ▁ngồi: 0.004, ▁trên: 0.0266, ▁ghế: 0.003, ▁mà: 0.0605, ▁nhỏ: 0.0057, ▁đổi: 0.0148, ▁thành: 0.0762, ▁con: 0.088, ▁chuột: 9.0269, ▁luôn: 0.0215, </s>: 0.1024",0.7771,9.0269
5257,⛔Không trả VAYVND thì sẽ nnay nhé:,⛔Không trả VayVND thì sẽ như này nhé:,"<s>: 0.0155, ▁: 0.1098, <unk>: 0.0457, Không: 0.1532, ▁trả: 0.0122, ▁Va: 7.4879, y: 3.7063, VN: 0.038, D: 0.0366, ▁thì: 0.0711, ▁sẽ: 0.0556, ▁như: 0.07, ▁này: 0.455, ▁nhé: 0.0189, :: 0.0622, </s>: 0.0675",0.7753,7.4879
1179,tốt nhất là đừng chs chứng ở VN em ạk.,tốt nhất là đừng chơi chứng khoán ở Việt Nam em ạ.,"<s>: 0.0137, ▁tốt: 0.0173, ▁nhất: 0.0258, ▁là: 0.0549, ▁đừng: 0.0163, ▁chơi: 0.1818, ▁chứng: 0.0035, ▁khoán: 10.7745, ▁ở: 0.0509, ▁Việt: 0.1307, ▁Nam: 0.039, ▁em: 0.126, ▁ạ: 0.0303, .: 0.0894, </s>: 0.0747",0.7752,10.7745
3420,cái thg xưng phong rửa là c bà cô xàm lôz ds,cái thằng xung phong rửa là con bà cô xàm lồn đó,"<s>: 0.0157, ▁cái: 0.0302, ▁thằng: 0.7201, ▁xung: 10.1252, ▁phong: 0.08, ▁rửa: 0.0018, ▁là: 0.0714, ▁con: 0.2113, ▁bà: 0.0471, ▁cô: 0.0608, ▁x: 0.013, à: 0.0062, m: 0.0427, ▁lồ: 1.2122, n: 0.392, ▁đó: 0.0623, </s>: 0.0766",0.7746,10.1252
1945,z ms lói cn vk tk ck nào đặt hoa sớm đúng sướng,thế mới nói con vợ thằng chồng nào đặt hoa sớm đúng sướng,"<s>: 0.0137, ▁thế: 0.2779, ▁mới: 0.0291, ▁nói: 10.0475, ▁con: 0.7022, ▁vợ: 0.0165, ▁thằng: 0.0882, ▁chồng: 0.2303, ▁nào: 0.0363, ▁đặt: 0.0082, ▁hoa: 0.0154, ▁sớm: 0.0097, ▁đúng: 0.0364, ▁sướng: 0.0007, </s>: 0.0819",0.7729,10.0475
8543,R dm khuyên n ht lời r n bảo kệ n khong ph ziệc m thề lun lúc ý dzừa buồn dzừa tức,Rồi địt mẹ khuyên nó hết lời rồi nó bảo kệ nó không phải việc mày thề luôn lúc ấy vừa buồn vừa tức,"<s>: 0.016, ▁Rồi: 0.0983, ▁đ: 0.5668, ị: 0.0536, t: 0.0248, ▁mẹ: 0.0342, ▁khuyên: 0.0051, ▁nó: 0.0611, ▁hết: 0.0083, ▁lời: 0.0067, ▁rồi: 0.0419, ▁nó: 0.0283, ▁bảo: 0.0235, ▁k: 0.0966, ệ: 0.0319, ▁nó: 0.0261, ▁không: 0.0628, ▁phải: 0.0378, ▁việc: 0.0395, ▁mày: 0.0529, ▁th: 0.06, ề: 0.0043, ▁luôn: 0.0335, ▁lúc: 0.0272, ▁ấy: 10.8133, ▁vừa: 10.7482, ▁buồn: 0.0078, ▁vừa: 0.0414, ▁tức: 0.0003, </s>: 0.0876",0.7713,10.8133
2238,"Fibi này em mê mãi, day 3 em lần đầu đk nhận.","Freebie này em mê mãi, day 3 em lần đầu được nhận.","<s>: 0.0136, ▁Free: 8.8604, bie: 3.5057, ▁này: 0.0474, ▁em: 0.0664, ▁mê: 0.0065, ▁mãi: 0.0138, ,: 0.0953, ▁day: 0.0005, ▁3: 0.0612, ▁em: 0.0581, ▁lần: 0.0296, ▁đầu: 0.0999, ▁được: 0.0838, ▁nhận: 0.0263, .: 0.0688, </s>: 0.0752",0.7713,8.8604
6188,Mk ở BH ns thiệt khó kiếm ziệc lm lắm trừ khi b tht sự rất giỏi còn lại thì p cs ô ms lm ở BH đk,Mình ở Biên Hòa nói thiệt khó kiếm việc làm lắm trừ khi bạn thật sự rất giỏi còn lại thì phải có ô mới làm ở Biên Hòa được,"<s>: 0.0144, ▁Mình: 0.1587, ▁ở: 0.0683, ▁Biên: 6.5258, <unk>: 7.8157, ▁nói: 0.0529, ▁thiệt: 0.2684, ▁khó: 0.0238, ▁kiếm: 0.006, ▁việc: 0.014, ▁làm: 0.0743, ▁lắm: 0.0068, ▁trừ: 0.004, ▁khi: 0.0207, ▁bạn: 0.0323, ▁thật: 0.0546, ▁sự: 0.0318, ▁rất: 0.0182, ▁giỏi: 0.0022, ▁còn: 0.0317, ▁lại: 0.1016, ▁thì: 0.0702, ▁phải: 0.214, ▁có: 0.0756, ▁ô: 0.8928, ▁mới: 0.0122, ▁làm: 0.1602, ▁ở: 0.0621, ▁Biên: 2.6313, <unk>: 5.0508, ▁được: 0.0544, </s>: 0.1268",0.7711,7.8157
7096,"Tui cx z, mc lúc nào cg gọi tv là cục cưng cục vàng nghe đã tai gke","Tui cũng vậy, MC lúc nào cũng gọi thành viên là cục cưng cục vàng nghe đã tai ghê","<s>: 0.0131, ▁Tu: 0.155, i: 0.0709, ▁cũng: 0.0577, ▁vậy: 0.7434, ,: 0.092, ▁MC: 8.0564, ▁lúc: 0.1119, ▁nào: 0.0261, ▁cũng: 0.0472, ▁gọi: 0.0037, ▁thành: 9.11, ▁viên: 0.1798, ▁là: 0.3971, ▁cục: 0.004, ▁cư: 0.0003, ng: 0.0146, ▁cục: 0.0033, ▁vàng: 0.0016, ▁nghe: 0.0068, ▁đã: 0.0232, ▁tai: 0.0143, ▁g: 0.0251, hê: 0.0014, </s>: 0.0918",0.77,9.11
7841,ảnh kêu ik lạc xót qs bầ ơu,ảnh kêu đi lạc xót quá bầu ơi,"<s>: 0.0147, ▁ảnh: 0.3985, ▁kêu: 0.0056, ▁đi: 0.0583, ▁lạc: 0.0007, ▁x: 0.0546, ót: 0.0042, ▁quá: 0.0831, ▁bầu: 7.4182, ▁ơi: 0.317, </s>: 0.1149",0.77,7.4182
4731,thì n cs ph của nh hay zì đâu màk bn,thì nó có phải của ngân hàng hay gì đâu mà bạn,"<s>: 0.0131, ▁thì: 0.0766, ▁nó: 0.0351, ▁có: 0.1033, ▁phải: 0.0335, ▁của: 0.109, ▁ngân: 9.9868, ▁hàng: 0.0142, ▁hay: 0.0301, ▁gì: 0.034, ▁đâu: 0.065, ▁mà: 0.0632, ▁bạn: 0.0485, </s>: 0.1529",0.7689,9.9868
8501,Book lịch ngay để tìm cách hóa giải năng lượng tiêu cực của Liêm Trinh Hóa Kị nhé.,Đặt lịch ngay để tìm cách hóa giải năng lượng tiêu cực của Liêm Trinh Hóa Kỵ nhé.,"<s>: 0.014, ▁Đặt: 12.149, ▁lịch: 0.01, ▁ngay: 0.0289, ▁để: 0.0703, ▁tìm: 0.0252, ▁cách: 0.021, ▁hóa: 0.0022, ▁giải: 0.0045, ▁năng: 0.0015, ▁lượng: 0.0368, ▁tiêu: 0.0106, ▁cực: 0.0171, ▁của: 0.1055, ▁Li: 0.0119, êm: 0.0003, ▁Trin: 0.0012, h: 0.0045, <unk>: 1.1936, ▁K: 0.0521, ỵ: 4.5509, ▁nhé: 0.0235, .: 0.0597, </s>: 0.0564",0.7688,12.149
3888,nuôi c mèo cn bán mắc hay ko cg p đảm bảo ziệc bảo hành bệnh cho bà.,nuôi con mèo con bán đắt hay không cũng phải đảm bảo việc bảo hành bệnh cho bà.,"<s>: 0.0135, ▁nuôi: 0.047, ▁con: 0.017, ▁mè: 0.0049, o: 0.031, ▁con: 0.032, ▁bán: 0.1007, ▁đắt: 15.8271, ▁hay: 0.0269, ▁không: 0.041, ▁cũng: 0.3581, ▁phải: 0.0677, ▁đảm: 0.0065, ▁bảo: 0.0242, ▁việc: 0.0269, ▁bảo: 0.0057, ▁hành: 0.0183, ▁bệnh: 0.0164, ▁cho: 0.0486, ▁bà: 0.0527, .: 0.0724, </s>: 0.0706",0.7686,15.8271
4296,vs cả bthan tuyển thủ cũg gáy căng hơn bên LOL nh vs nhiệt hơn nên n cx đã :))),với cả bản thân tuyển thủ cũng gáy căng hơn bên LoL nhiều với nhiệt hơn nên nó cũng đã :))),"<s>: 0.014, ▁với: 0.2602, ▁cả: 0.0506, ▁bản: 0.0115, ▁thân: 0.0215, ▁tuyển: 0.0038, ▁thủ: 0.0236, ▁cũng: 0.0254, ▁gá: 0.0003, y: 0.0482, ▁căng: 0.0026, ▁hơn: 0.0284, ▁bên: 0.018, ▁Lo: 15.6224, L: 2.4872, ▁nhiều: 0.0261, ▁với: 0.0458, ▁nhiệt: 0.003, ▁hơn: 0.1129, ▁nên: 0.0853, ▁nó: 0.0649, ▁cũng: 0.084, ▁đã: 0.023, <unk>: 0.0825, </s>: 0.0523",0.7679,15.6224
3568,Zạ dưới 1m: miễn phí 1m đến 1m3: giá 289k/ng Trên 1m3 tíh như ng lớn ạk,Dạ dưới 1m: miễn phí 1m đến 1m3: giá 289 nghìn/người Trên 1m3 tính như người lớn ạ,"<s>: 0.0168, ▁Dạ: 0.0579, ▁dưới: 0.013, ▁1: 0.0176, m: 0.1994, :: 0.0506, ▁miễn: 0.0025, ▁phí: 0.0097, ▁1: 0.0424, m: 0.2296, ▁đến: 0.0353, ▁1: 0.0183, m: 0.1006, 3: 0.0236, :: 0.0586, ▁giá: 0.027, ▁: 0.1432, 289: 0.0614, ▁nghìn: 10.4635, /: 0.0099, ng: 0.3125, ười: 12.289, ▁Trên: 0.0069, ▁1: 0.0144, m: 0.0862, 3: 0.0279, ▁tính: 0.0019, ▁như: 0.0339, ▁người: 0.0852, ▁lớn: 0.0077, ▁ạ: 0.0323, </s>: 0.0741",0.7673,12.289
9113,M nghĩ là m đủ chình để chs dzới tao as?,Mày nghĩ là mày đủ trình để chơi với tao á?,"<s>: 0.0159, ▁Mà: 0.2036, y: 1.0879, ▁nghĩ: 0.0259, ▁là: 0.0616, ▁mày: 0.0298, ▁đủ: 0.0084, ▁trình: 8.95, ▁để: 0.4366, ▁chơi: 0.1636, ▁với: 0.1109, ▁tao: 0.0264, ▁á: 0.2345, ?: 0.0738, </s>: 0.0697",0.7666,8.95
1393,dù zì thì vẫn mong Vi sẽ lun mạnh mẽ hjc,dù gì thì vẫn mong Vi sẽ luôn mạnh mẽ hic,"<s>: 0.0145, ▁dù: 0.0679, ▁gì: 0.3195, ▁thì: 0.0957, ▁vẫn: 0.0203, ▁mong: 0.0119, ▁Vi: 0.0058, ▁sẽ: 0.1428, ▁luôn: 0.0487, ▁mạnh: 0.0102, ▁mẽ: 0.0048, ▁hic: 8.9758, </s>: 0.2456",0.7664,8.9758
5317,mún vay mak ph chụp cccd 🥲 sợ cs chiện zề qá,muốn vay mà phải chụp căn cước công dân 🥲 sợ có chuyện gì quá,"<s>: 0.0156, ▁muốn: 2.5916, ▁vay: 0.0085, ▁mà: 0.1131, ▁phải: 0.0126, ▁chụp: 0.007, ▁căn: 7.8157, ▁c: 0.9421, ước: 1.623, ▁công: 0.8774, ▁dân: 0.058, ▁: 0.0662, <unk>: 0.0453, ▁sợ: 0.0062, ▁có: 0.1164, ▁chuyện: 0.1182, ▁gì: 0.0298, ▁quá: 0.0486, </s>: 0.0663",0.7664,7.8157
1415,ối dồi ôi ước j nyc t đọc và nhận ra :)) t đg chết sống khổ sở vì n đây hâiz,ối dồi ôi ước gì người yêu cũ tôi đọc và nhận ra :)) tôi đang chết sống khổ sở vì nó đây haiz,"<s>: 0.0143, ▁: 0.0967, ối: 0.0034, ▁d: 0.0167, ồi: 0.0006, ▁: 0.1481, ôi: 0.0018, ▁ước: 0.0041, ▁gì: 0.0149, ▁người: 0.0084, ▁yêu: 0.1645, ▁cũ: 0.0662, ▁tôi: 0.1248, ▁đọc: 0.0201, ▁và: 0.0942, ▁nhận: 0.0137, ▁ra: 0.0315, <unk>: 1.146, ▁tôi: 0.0613, ▁đang: 0.0274, ▁chết: 0.0098, ▁sống: 0.0272, ▁khổ: 0.0011, ▁sở: 0.0087, ▁vì: 0.0306, ▁nó: 0.0284, ▁đây: 0.0222, ▁hai: 14.5425, z: 6.0552, </s>: 0.07",0.7618,14.5425
708,"Cho lời nx đc k bồ oi tui hóng qá , tui muốn gặp mấy đứa qá ik","Cho lời nhận xét được không bồ ơi tui hóng quá , tui muốn gặp mấy đứa quá đi","<s>: 0.0146, ▁Cho: 0.0328, ▁lời: 0.0126, ▁nhận: 13.3994, ▁xét: 3.5705, ▁được: 0.0682, ▁không: 0.0602, ▁b: 0.0814, ồ: 0.0088, ▁ơi: 0.1748, ▁tui: 0.3148, ▁hó: 0.0002, ng: 0.0326, ▁quá: 0.0058, ▁: 0.1015, ,: 0.0746, ▁tui: 0.1497, ▁muốn: 0.0281, ▁gặp: 0.0138, ▁mấy: 0.008, ▁đứa: 0.0143, ▁quá: 0.0329, ▁đi: 0.0208, </s>: 0.0599",0.7617,13.3994
4926,"Ra thẻ theo casa max 500tr, phí sau 4-12% tuỳ case 3.","Ra thẻ theo casa max 500 triệu, phí sau 4-12% tùy case 3.","<s>: 0.0142, ▁Ra: 0.0277, ▁thẻ: 0.0091, ▁theo: 0.0256, ▁casa: 0.1303, ▁max: 0.001, ▁500: 0.0112, ▁triệu: 0.7309, ,: 0.1068, ▁phí: 0.0167, ▁sau: 0.0365, ▁: 0.3432, 4-1: 0.0039, 2%: 0.0744, <unk>: 10.0127, ▁case: 2.0706, ▁3.: 0.0292, </s>: 0.0605",0.7614,10.0127
227,Drui ds m :)) cty gđ nhma nhân sự cx cả trăm ng mak khs,Đúng rồi đó mình :)) công ty gia đình nhưng mà nhân sự cũng cả trăm người mà không hiểu sao,"<s>: 0.0147, ▁Đ: 8.102, ú: 0.2035, ng: 0.1026, ▁rồi: 0.0458, ▁đó: 0.0289, ▁mình: 3.7202, <unk>: 1.5097, ▁công: 0.1141, ▁ty: 0.062, ▁gia: 0.4868, ▁đình: 0.0289, ▁nhưng: 0.0376, ▁mà: 0.0537, ▁nhân: 0.0117, ▁sự: 0.0053, ▁cũng: 0.0942, ▁cả: 0.0251, ▁trăm: 0.0074, ▁người: 0.0556, ▁mà: 0.0219, ▁không: 0.136, ▁hiểu: 3.7087, ▁sao: 0.3125, </s>: 0.0785",0.7587,8.102
6283,thw qá.chúc bác sức khoẻ nh nka bà ❤️,thương quá.chúc bác sức khỏe nhiều nha bà ❤️,"<s>: 0.0152, ▁thương: 0.0127, ▁quá: 0.014, .: 0.0941, ch: 0.0359, úc: 0.0184, ▁bác: 0.0132, ▁sức: 0.0116, <unk>: 8.4874, ▁nhiều: 2.4303, ▁nha: 0.0204, ▁bà: 0.0293, <unk>: 0.0788, <unk>: 0.0691, </s>: 0.0438",0.7583,8.4874
8197,"Cuối tháng 4 chính là tgian vàng, chính zụ: to, bổ, zẻ, khoẻ, đẹp 100 đg nên chơiiiii","Cuối tháng 4 chính là thời gian vàng, chính vụ: to, bổ, rẻ, khỏe, đẹp 100 đường nên chơi","<s>: 0.0158, ▁Cuối: 0.0107, ▁tháng: 0.0172, ▁4: 0.0125, ▁chính: 0.0177, ▁là: 0.044, ▁thời: 0.0216, ▁gian: 0.0566, ▁vàng: 0.0027, ,: 0.1066, ▁chính: 0.0146, ▁vụ: 0.0644, :: 0.1152, ▁to: 0.0135, ,: 0.0576, ▁bổ: 0.0039, ,: 0.0631, ▁rẻ: 0.0695, ,: 0.1265, <unk>: 9.6104, ,: 2.843, ▁đẹp: 0.0322, ▁100: 0.0042, ▁đường: 0.6098, ▁nên: 0.04, ▁chơi: 0.0052, </s>: 6.4941",0.7582,9.6104
7287,"zạ e kảm ơn, c cs thể share cho e 1s khoá hok hoặc các thầy cô k ạk","dạ em cảm ơn, chị có thể share cho em 1 số khóa học hoặc các thầy cô không ạ","<s>: 0.0157, ▁dạ: 0.163, ▁em: 0.0616, ▁cảm: 0.1426, ▁ơn: 0.0256, ,: 0.0722, ▁chị: 0.1753, ▁có: 0.0825, ▁thể: 0.0335, ▁share: 0.0017, ▁cho: 0.1113, ▁em: 0.0461, ▁1: 0.0356, ▁số: 3.175, <unk>: 11.4212, ▁học: 1.4111, ▁hoặc: 0.0646, ▁các: 0.1339, ▁thầy: 0.0059, ▁cô: 0.0491, ▁không: 0.0778, ▁ạ: 0.0114, </s>: 0.0905",0.7569,11.4212
8838,bà tham khảo thử chiếc home xanh của Núp xem coá ưng hem nhee Núp cs ban côg xanh khu bếp cozy máy chíu và Netflix,Bà tham khảo thử chiếc home xanh của Núp xem có ưng không nhé Núp có ban công xanh khu bếp cozy máy chiếu và Netflix,"<s>: 0.0136, ▁Bà: 5.4173, ▁tham: 0.0106, ▁khảo: 0.019, ▁thử: 0.0299, ▁chiếc: 0.0245, ▁home: 0.0145, ▁xanh: 0.0034, ▁của: 0.0839, ▁Nú: 0.0036, p: 0.0418, ▁xem: 0.0336, ▁có: 1.6234, ▁: 0.146, ư: 0.0101, ng: 0.0225, ▁không: 0.2017, ▁nhé: 2.4522, ▁Nú: 0.0003, p: 0.0415, ▁có: 0.0664, ▁ban: 0.0011, ▁công: 0.0108, ▁xanh: 0.0022, ▁khu: 0.0172, ▁bếp: 0.0048, ▁co: 0.113, zy: 0.0003, ▁máy: 0.0154, ▁chiếu: 14.3033, ▁và: 0.121, ▁Netflix: 0.001, </s>: 0.1218",0.7567,14.3033
7786,"zạ ^^ z thì qá là oki lun í. Nch lời khuyên thì n vẫn là để tham khảo thui, cug tuỳ trg hợp mỗi ng nek","dạ ^^ vậy thì quá là ok luôn ý. Nói chung lời khuyên thì nó vẫn là để tham khảo thôi, cũng tùy trường hợp mỗi người nè","<s>: 0.0152, ▁dạ: 0.1337, <unk>: 0.4829, ▁vậy: 1.005, ▁thì: 0.0327, ▁quá: 0.0163, ▁là: 0.0248, ▁ok: 0.126, ▁luôn: 0.0438, ▁ý: 0.6066, .: 0.0587, ▁Nói: 0.0771, ▁chung: 0.1778, ▁lời: 0.1288, ▁khuyên: 0.0035, ▁thì: 0.0849, ▁nó: 0.0402, ▁vẫn: 0.0155, ▁là: 0.0378, ▁để: 0.0352, ▁tham: 0.0026, ▁khảo: 0.0236, ▁thôi: 0.0078, ,: 0.0641, ▁cũng: 0.1031, <unk>: 8.4847, ▁trường: 9.1483, ▁hợp: 0.0166, ▁mỗi: 0.0231, ▁người: 0.0339, ▁nè: 3.0151, </s>: 0.1234",0.756,9.1483
5971,"Mak lại là t2-t7, h tìm ziệc off t7 CN đỏ mắt.","Mà lại là thứ 2-thứ 7, giờ tìm việc off thứ 7 Chủ Nhật đỏ mắt.","<s>: 0.015, ▁Mà: 0.0133, ▁lại: 0.0711, ▁là: 0.0765, ▁thứ: 0.4932, ▁2-: 0.1231, th: 0.7985, ứ: 0.0225, ▁7: 0.082, ,: 0.0854, ▁giờ: 0.0502, ▁tìm: 0.0227, ▁việc: 0.0124, ▁off: 0.0021, ▁thứ: 0.0377, ▁7: 0.1393, ▁Chủ: 9.3946, ▁Nhật: 4.9377, ▁đỏ: 0.0135, ▁mắt: 0.0753, .: 0.0909, </s>: 0.0693",0.7557,9.3946
3402,as n bán giá zẻ cho một vài khách lấy tín xoq n ôm tiền block khách sỉ,á nó bán giá rẻ cho một vài khách lấy uy tín xong nó ôm tiền block khách sỉ,"<s>: 0.0158, ▁á: 0.0842, ▁nó: 0.0254, ▁bán: 0.0245, ▁giá: 0.0249, ▁rẻ: 0.0335, ▁cho: 0.1194, ▁một: 0.0896, ▁vài: 0.0092, ▁khách: 0.0124, ▁lấy: 0.0061, ▁uy: 8.6874, ▁tín: 7.2605, ▁xong: 0.0019, ▁nó: 0.043, ▁ôm: 0.0005, ▁tiền: 0.013, ▁block: 0.0001, ▁khách: 0.0181, ▁s: 0.0878, ỉ: 0.0092, </s>: 0.06",0.7557,8.6874
408,ôi ditme đéo dám dỗi,ôi địt mẹ đéo dám dỗi,"<s>: 0.0163, ▁: 0.0608, ôi: 0.0063, ▁đ: 2.2938, ị: 7.7774, t: 0.1365, ▁mẹ: 0.0884, ▁đ: 0.0214, é: 0.0055, o: 0.0432, ▁dám: 0.0028, ▁d: 0.027, ỗi: 0.0154, </s>: 0.0709",0.7547,7.7774
8344,Zo tư ik bà🫰 tui và c đồng nghiệp Cam cn thay nhau an ủi đối phương nek🥰💔💔💔đúng kiểu một đứa chửi một đứa chữa lành :))),Vô tư đi bà 🫰 tui và chị đồng nghiệp Cam con thay nhau an ủi đối phương nè 🥰💔💔💔 đúng kiểu một đứa chửi một đứa chữa lành :))),"<s>: 0.0137, ▁Vô: 0.6793, ▁tư: 0.0361, ▁đi: 0.0406, ▁bà: 0.0434, ▁: 7.3872, <unk>: 3.3878, ▁tui: 0.1874, ▁và: 0.0675, ▁chị: 2.6252, ▁đồng: 0.0677, ▁nghiệp: 0.0237, ▁Cam: 0.0064, ▁con: 0.1711, ▁thay: 0.0056, ▁nhau: 0.0081, ▁an: 0.0622, ▁: 0.1027, ủ: 0.0106, i: 0.0461, ▁đối: 0.0217, ▁phương: 0.019, ▁nè: 3.2038, ▁: 7.4239, <unk>: 0.0421, <unk>: 0.0596, <unk>: 0.0629, <unk>: 0.1458, ▁đúng: 4.6478, ▁kiểu: 0.0057, ▁một: 0.0362, ▁đứa: 0.0034, ▁ch: 0.0163, ử: 0.0117, i: 0.0277, ▁một: 0.0476, ▁đứa: 0.0028, ▁chữa: 0.0016, ▁lành: 0.0085, <unk>: 0.0906, </s>: 0.0443",0.7535,7.4239
8560,Vẫn mong rằng ck b ko ik vào vết xe đỗ đók.,Vẫn mong rằng chồng bạn không đi vào vết xe đổ đó.,"<s>: 0.0139, ▁V: 0.0833, ẫ: 0.0283, n: 0.0625, ▁mong: 0.0144, ▁rằng: 0.0199, ▁chồng: 0.0179, ▁bạn: 0.0371, ▁không: 0.1052, ▁đi: 0.0469, ▁vào: 0.0204, ▁vết: 0.0015, ▁xe: 0.0203, ▁đổ: 12.1079, ▁đó: 0.06, .: 0.0824, </s>: 0.0699",0.7525,12.1079
8125,trg h hc tụi n cứ sợ soạng nhau sờ đùi hôn trộm má ngồi sau mak dzừa sốc dzừa ngại ht cả mặt,trong giờ học tụi nó cứ sờ soạng nhau sờ đùi hôn trộm má ngồi sau mà vừa sốc vừa ngại hết cả mặt,"<s>: 0.0145, ▁trong: 2.5333, ▁giờ: 0.1087, ▁học: 0.0556, ▁tụ: 0.0085, i: 0.0641, ▁nó: 0.0335, ▁cứ: 0.0176, ▁s: 11.9244, ờ: 0.0033, ▁soạn: 8.7463, g: 0.0795, ▁nhau: 0.022, ▁s: 0.0258, ờ: 0.0017, ▁đ: 0.061, ùi: 0.0117, ▁hôn: 0.0016, ▁trộm: 0.0002, ▁má: 0.0044, ▁ngồi: 0.0077, ▁sau: 0.0099, ▁mà: 0.0353, ▁vừa: 0.0313, ▁số: 0.0029, c: 0.0099, ▁vừa: 0.0904, ▁ngại: 0.005, ▁hết: 0.009, ▁cả: 0.0352, ▁mặt: 0.0217, </s>: 0.0842",0.7519,11.9244
1186,Cứ để b ấy trãi nghiệm các cung bậc kảm xúc của thị trg các chứng sĩ 😅 ph ôm một mã nào đók như họ nhà chứng (mới mua trần ngay trg phiên) rùi khi hàng về là âm ~20% lúc đók cgiac n rất yomost,Cứ để bạn ấy trải nghiệm các cung bậc cảm xúc của thị trường các chứng sĩ 😅 phải ôm một mã nào đó như họ nhà chứng khoán (mới mua trần ngay trong phiên) rồi khi hàng về là âm ~20% lúc đó cảm giác nó rất yomost,"<s>: 0.0145, ▁Cứ: 0.0078, ▁để: 0.0274, ▁bạn: 0.0543, ▁ấy: 0.0163, ▁trải: 4.8185, ▁nghiệm: 0.0245, ▁các: 0.0441, ▁cung: 0.0078, ▁bậc: 0.0135, ▁cảm: 0.0081, ▁xúc: 0.0157, ▁của: 0.0856, ▁thị: 0.004, ▁trường: 0.0035, ▁các: 0.0604, ▁chứng: 0.0071, ▁sĩ: 0.0114, ▁: 0.6482, <unk>: 0.0902, ▁phải: 0.0146, ▁ôm: 0.0006, ▁một: 0.0618, ▁mã: 0.0008, ▁nào: 0.0201, ▁đó: 0.0262, ▁như: 0.0605, ▁họ: 0.0347, ▁nhà: 0.0338, ▁chứng: 0.0032, ▁khoán: 10.1807, ▁(: 0.0886, m: 0.0322, ới: 0.0392, ▁mua: 0.0068, ▁trần: 0.0002, ▁ngay: 0.0253, ▁trong: 0.0678, ▁phiên: 0.0017, ): 0.0277, ▁rồi: 0.07, ▁khi: 0.03, ▁hàng: 0.0289, ▁về: 0.017, ▁là: 0.0667, ▁âm: 0.002, ▁~: 0.013, 20%: 0.0081, ▁lúc: 16.0988, ▁đó: 0.0307, ▁cảm: 0.0017, ▁giác: 0.1083, ▁nó: 0.0364, ▁rất: 0.0118, ▁yo: 0.0004, mos: 0.0001, t: 10.195, </s>: 0.1879",0.7517,16.0988
8247,Vl thuyệt luonn hả m=)))))))))))),Vãi lồn thiệt luôn hả mày=)))))))))))),"<s>: 0.0152, ▁V: 0.9114, ã: 1.5177, i: 0.0509, ▁lồ: 0.3636, n: 0.0893, ▁thiệt: 7.3027, ▁luôn: 0.0024, ▁hả: 0.0091, ▁mày: 0.0748, =: 0.0179, <unk>: 0.0501, <unk>: 0.0539, </s>: 0.0534",0.7509,7.3027
694,"tsu là đứng hình lun as, kiểu thì ra ng này cs tht hả tr🤯🤯","thật sự là đứng hình luôn á, kiểu thì ra người này có thật hả trời🤯🤯","<s>: 0.0147, ▁thật: 7.568, ▁sự: 6.6158, ▁là: 0.0823, ▁đứng: 0.0042, ▁hình: 0.0095, ▁luôn: 0.0303, ▁á: 0.0114, ,: 0.1014, ▁kiểu: 0.004, ▁thì: 0.0446, ▁ra: 0.0379, ▁người: 0.0719, ▁này: 0.0479, ▁có: 0.1144, ▁thật: 0.0203, ▁hả: 0.0048, ▁trời: 0.0177, <unk>: 0.1284, </s>: 0.0623",0.7496,7.568
611,Chứ lên đồ khéo xjnk hơn maya b ấy,Chứ lên đồ khéo xinh hơn mấy bạn ấy,"<s>: 0.0155, ▁Ch: 0.1262, ứ: 0.0105, ▁lên: 0.0246, ▁đồ: 0.0113, ▁khéo: 0.0009, ▁xinh: 0.0444, ▁hơn: 0.046, ▁mấy: 8.3769, ▁bạn: 0.2194, ▁ấy: 0.0161, </s>: 0.0871",0.7482,8.3769
5519,"Nh j kì cục, mùng 1 Tết nhắn đòi nợ nhx 5k 🙂🙂🙂","Ngân hàng gì kỳ cục, mùng 1 Tết nhắn đòi nợ những 5k 🙂🙂🙂","<s>: 0.0151, ▁Ngân: 11.3867, ▁hàng: 0.0095, ▁gì: 1.1393, ▁kỳ: 2.0437, ▁cục: 0.0015, ,: 0.1117, ▁m: 0.1047, ùng: 0.0148, ▁1: 0.017, ▁Tết: 0.0088, ▁nhắn: 0.0172, ▁đòi: 0.0024, ▁nợ: 0.0021, ▁những: 0.3539, ▁5: 0.0164, k: 0.0983, <unk>: 0.1855, <unk>: 0.0742, <unk>: 0.07, </s>: 0.0322",0.7479,11.3867
8210,Tới cuối tháng 4 còn zô mùa hoa ko ạk,Tới cuối tháng 4 còn vào mùa hoa không ạ,"<s>: 0.0164, ▁T: 0.103, ới: 0.0158, ▁cuối: 0.0171, ▁tháng: 0.0173, ▁4: 0.0175, ▁còn: 0.06, ▁vào: 9.1675, ▁mùa: 0.0098, ▁hoa: 0.0332, ▁không: 0.1417, ▁ạ: 0.031, </s>: 0.0883",0.7476,9.1675
9099,"T xin đấy, khổ méo chịu đc, cho otp t 1 phút bình yên ik tr","Tôi xin đấy, khổ đéo chịu được, cho OTP tôi một phút bình yên đi trời","<s>: 0.0147, ▁Tôi: 0.1928, ▁xin: 0.0188, ▁đấy: 0.0176, ,: 0.0864, ▁khổ: 0.0022, ▁đ: 9.417, é: 0.0681, o: 0.0119, ▁chịu: 0.0032, ▁được: 0.0578, ,: 0.1271, ▁cho: 0.0842, ▁O: 2.0884, TP: 0.3879, ▁tôi: 0.1082, ▁một: 4.3254, ▁phút: 0.0099, ▁bình: 0.0112, ▁yên: 0.0034, ▁đi: 0.0177, ▁trời: 0.0511, </s>: 0.0492",0.7458,9.417
5361,Tui toàn vay nh tên tuổi ko ak.,Tui toàn vay ngân hàng tên tuổi không à.,"<s>: 0.0139, ▁Tu: 0.183, i: 0.1568, ▁toàn: 0.0156, ▁vay: 0.0156, ▁ngân: 8.4408, ▁hàng: 0.007, ▁tên: 0.0447, ▁tuổi: 0.0259, ▁không: 0.1181, ▁à: 0.4777, .: 0.1306, </s>: 0.0634",0.7456,8.4408
4170,Sinh mổ lần 1 bhyt năm 2015 : 842k( kảm.on 2tr) - bv đa khoa y hc cổ truyền Sinh mổ lần 2 k bhyt năm 2017 : 5692k - bv đa khoa y hc cổ truyền Sinh mổ lần 3 k bhyt năm 2024 : 5658k :v ( kảm ơn 3tr) - quân y 103,Sinh mổ lần 1 bảo hiểm y tế năm 2015 : 842k (cảm ơn 2 triệu) - bệnh viện đa khoa y học cổ truyền Sinh mổ lần 2 không bảo hiểm y tế năm 2017 : 5692k - bệnh viện đa khoa y học cổ truyền Sinh mổ lần 3 không bảo hiểm y tế năm 2024 : 5658k :v (cảm ơn 3 triệu) - quân y 103,"<s>: 0.0156, ▁Sinh: 0.0077, ▁m: 0.0302, ổ: 0.0268, ▁lần: 0.0085, ▁1: 0.0378, ▁bảo: 5.9787, ▁hiểm: 0.7938, ▁y: 0.6971, ▁tế: 0.686, ▁năm: 0.0474, ▁2015: 0.0236, ▁:: 0.0112, ▁: 0.085, 842: 0.0296, k: 0.012, ▁(: 3.7793, c: 8.0911, ả: 1.1616, m: 0.0096, ▁ơn: 3.7134, ▁2: 0.0353, ▁triệu: 0.3025, ): 0.031, ▁-: 0.0408, ▁bệnh: 5.6888, ▁viện: 0.1326, ▁đa: 0.0236, ▁khoa: 0.0555, ▁y: 0.0129, ▁học: 0.0412, ▁cổ: 0.0047, ▁truyền: 0.016, ▁Sinh: 0.0027, ▁m: 0.0241, ổ: 0.0241, ▁lần: 0.0047, ▁2: 0.0414, ▁không: 0.0436, ▁bảo: 0.4545, ▁hiểm: 0.1022, ▁y: 0.0699, ▁tế: 0.0173, ▁năm: 0.0127, ▁2017: 0.0144, ▁:: 0.0051, ▁56: 0.0105, 92: 0.0157, k: 0.0085, ▁-: 0.0614, ▁bệnh: 3.4526, ▁viện: 0.124, ▁đa: 0.0167, ▁khoa: 0.052, ▁y: 0.0079, ▁học: 0.0387, ▁cổ: 0.0033, ▁truyền: 0.015, ▁Sinh: 0.0032, ▁m: 0.0343, ổ: 0.0356, ▁lần: 0.0064, ▁3: 0.076, </s>: 11.2755",0.7451,11.2755
6258,Tui cầu mong mỏi ngày xin vía bán đắc ht bột.. Lần đầu khởi nghiệp hơi run,Tui cầu mong mỗi ngày xin vía bán đắt hết bột.. Lần đầu khởi nghiệp hơi run,"<s>: 0.0131, ▁Tu: 0.1381, i: 0.122, ▁cầu: 0.0357, ▁mong: 0.0337, ▁mỗi: 8.8359, ▁ngày: 0.3517, ▁xin: 0.0205, ▁vía: 0.0001, ▁bán: 0.0687, ▁đắt: 7.8219, ▁hết: 0.0646, ▁bột: 0.0007, .: 0.0907, .: 0.0592, ▁L: 0.0638, ầ: 0.0134, n: 0.0287, ▁đầu: 0.0288, ▁khởi: 0.0053, ▁nghiệp: 0.0106, ▁hơi: 0.0018, ▁run: 0.0003, </s>: 0.0706",0.745,8.8359
8964,typical gái hn 10h đêm đg ik cafe thì bị gọi về ^^ ik xem show đến 12h đêm bị bố khoá cửa nhà nhốt ở ngoài là cs tht chứ hông ns giỡn 🤡,typical gái Hà Nội 10 giờ đêm đang đi cà phê thì bị gọi về ^^ đi xem show đến 12 giờ đêm bị bố khóa cửa nhà nhốt ở ngoài là có thật chứ không nói giỡn 🤡,"<s>: 0.0137, <unk>: 0.6905, ▁gái: 0.0211, ▁Hà: 4.6297, ▁Nội: 0.0199, ▁10: 0.0173, ▁giờ: 2.3008, ▁đêm: 0.0089, ▁đang: 0.1134, ▁đi: 0.0311, ▁cà: 7.0987, ▁phê: 0.0137, ▁thì: 0.0572, ▁bị: 0.039, ▁gọi: 0.0116, ▁về: 0.0677, <unk>: 2.3802, ▁đi: 0.0304, ▁xem: 0.0168, ▁show: 0.0037, ▁đến: 0.0249, ▁12: 0.0023, ▁giờ: 2.2771, ▁đêm: 0.0062, ▁bị: 0.037, ▁bố: 0.0093, <unk>: 12.8126, ▁cửa: 0.018, ▁nhà: 0.0787, ▁nh: 0.0164, ốt: 0.0022, ▁ở: 0.0578, ▁ngoài: 0.0132, ▁là: 0.1476, ▁có: 0.1134, ▁thật: 0.0214, ▁chứ: 0.0143, ▁không: 0.0242, ▁nói: 0.0534, ▁gi: 0.0143, ỡ: 0.009, n: 0.0135, ▁: 0.0858, <unk>: 0.0625, </s>: 0.0427",0.745,12.8126
3952,bố em jeong ian bảnh ák đạn nuôi đc đứa cgai mát lòng mát zạ q tr,bố em Jeong Ian bảnh ác đạn nuôi được đứa con gái mát lòng mát dạ quá trời,"<s>: 0.0151, ▁bố: 0.0161, ▁em: 0.0636, ▁Je: 7.3583, ong: 0.0016, ▁Ian: 9.044, ▁bản: 0.0018, h: 0.0148, ▁: 0.1738, ác: 0.0054, ▁đạn: 0.0076, ▁nuôi: 0.0325, ▁được: 0.0727, ▁đứa: 0.0088, ▁con: 0.0103, ▁gái: 0.0199, ▁mát: 0.0016, ▁lòng: 0.0046, ▁mát: 0.0046, ▁dạ: 0.1254, ▁quá: 0.0477, ▁trời: 0.0027, </s>: 0.099",0.7449,9.044
4970,"Cũg tuỳ mục tiêu của bà nnao as, nếu bà muốn tận hưởng cs thì tiết kiệm nấy cũg đc, sau tíh tiếp.","Cũng tùy mục tiêu của bà như nào á, nếu bà muốn tận hưởng cuộc sống thì tiết kiệm nấy cũng được, sau tính tiếp.","<s>: 0.0142, ▁: 0.819, Cũng: 0.0345, <unk>: 9.5337, ▁mục: 5.5005, ▁tiêu: 0.1229, ▁của: 0.1139, ▁bà: 0.1203, ▁như: 0.084, ▁nào: 0.9741, ▁á: 0.1343, ,: 0.096, ▁nếu: 0.0291, ▁bà: 0.0849, ▁muốn: 0.0325, ▁tận: 0.0004, ▁hưởng: 0.0159, ▁cuộc: 4.6196, ▁sống: 0.0355, ▁thì: 0.2866, ▁tiết: 0.0038, ▁kiệm: 0.0029, ▁n: 1.4497, ấ: 0.0265, y: 0.0398, ▁cũng: 0.0197, ▁được: 0.0668, ,: 0.0708, ▁sau: 0.0216, ▁tính: 0.0068, ▁tiếp: 0.0272, .: 0.1155, </s>: 0.0701",0.7446,9.5337
3802,nhà cs nuôi cn chụt jet jet lên live thì quậy bành ki mak bày đặt đăng clip ghép nhạc suy suy xoq ph ghi chú gth cho mấy ace ko hiểu lầm🤣 thấy v chứ nay live 4 ng màk quậy qá tr quậy🤣,nhà có nuôi con chuột giật giật lên live thì quậy bành ki mà bày đặt đăng clip ghép nhạc suy suy xong phải ghi chú giải thích cho mấy anh chị em không hiểu lầm🤣 thấy vậy chứ nay live 4 người mà quậy quá trời quậy🤣,"<s>: 0.0139, ▁nhà: 0.0378, ▁có: 0.0585, ▁nuôi: 0.0098, ▁con: 0.0182, ▁chuột: 10.0232, ▁giật: 8.5728, ▁giật: 8.7402, ▁lên: 5.0847, ▁live: 0.0015, ▁thì: 0.0645, ▁qu: 0.0059, ậy: 0.0043, ▁bàn: 0.0015, h: 0.0207, ▁ki: 1.294, ▁mà: 0.0695, ▁bày: 0.0012, ▁đặt: 0.0018, ▁đăng: 0.0026, ▁clip: 0.011, ▁ghé: 0.0011, p: 0.0244, ▁nhạc: 0.0064, ▁suy: 0.0003, ▁suy: 0.0025, ▁xong: 0.0009, ▁phải: 0.0138, ▁ghi: 0.0058, ▁chú: 0.0045, ▁giải: 1.7295, ▁thích: 0.0171, ▁cho: 0.0502, ▁mấy: 0.0086, ▁anh: 0.1215, ▁chị: 1.203, ▁em: 2.6237, ▁không: 0.0658, ▁hiểu: 0.0056, ▁lầm: 0.0122, <unk>: 1.9928, ▁thấy: 0.0113, ▁vậy: 0.0569, ▁chứ: 0.0193, ▁nay: 0.0306, ▁live: 0.0016, ▁4: 0.0219, ▁người: 0.0605, ▁mà: 0.0376, ▁qu: 0.0032, ậy: 0.0029, ▁quá: 0.0178, ▁trời: 0.0056, ▁qu: 0.0066, ậy: 0.0044, <unk>: 0.1774, </s>: 0.0514",0.7445,10.0232
5782,"Eo ơi trôg xink yêu vl,chạy lại hun em cái chụt🥹, đôi khi chỉ cần hp nthe này là đủ r.","Eo ơi trông xinh yêu vãi lồn, chạy lại hôn em cái chụt🥹, đôi khi chỉ cần hạnh phúc như thế này là đủ rồi.","<s>: 0.0143, ▁Eo: 0.001, ▁ơi: 0.0133, ▁trông: 0.0785, ▁xinh: 0.5789, ▁yêu: 0.0304, ▁v: 0.0285, ã: 1.5883, i: 0.0818, ▁lồ: 0.0912, n: 0.0723, ,: 0.0914, ▁chạy: 9.5033, ▁lại: 0.0672, ▁hôn: 12.5471, ▁em: 0.0417, ▁cái: 0.039, ▁ch: 0.0524, ụ: 0.0036, t: 0.039, <unk>: 1.1391, ,: 0.0869, ▁đôi: 0.0016, ▁khi: 0.0225, ▁chỉ: 0.0294, ▁cần: 0.0235, ▁hạnh: 0.1706, ▁phúc: 0.0208, ▁như: 0.0093, ▁thế: 0.0423, ▁này: 0.009, ▁là: 0.071, ▁đủ: 0.0055, ▁rồi: 0.0099, .: 0.1077, </s>: 0.066",0.7438,12.5471
6790,Mìnk cg chỉ coi nh về tc và diễn biến mqh thui và bé này ns nhx cái thêm so vs b bánh chúi ở trên.,Mình cũng chỉ coi nhiều về tình cảm và diễn biến mối quan hệ thôi và bé này nói những cái thêm so với bạn Bánh Chúi ở trên.,"<s>: 0.0134, ▁Mình: 0.0547, ▁cũng: 0.0849, ▁chỉ: 0.6439, ▁coi: 0.0094, ▁nhiều: 0.0847, ▁về: 0.0373, ▁tình: 0.4101, ▁cảm: 0.3705, ▁và: 0.0592, ▁diễn: 0.003, ▁biến: 0.0117, ▁mối: 0.4778, ▁quan: 0.0348, ▁hệ: 0.0329, ▁thôi: 0.0128, ▁và: 0.0596, ▁bé: 0.009, ▁này: 0.0292, ▁nói: 0.0518, ▁những: 0.3619, ▁cái: 0.034, ▁thêm: 0.0216, ▁so: 0.1801, ▁với: 0.016, ▁bạn: 0.0285, ▁Bán: 9.7207, h: 7.0593, ▁Chú: 4.9698, i: 0.1414, ▁ở: 0.0907, ▁trên: 0.0112, .: 0.0862, </s>: 0.0711",0.7436,9.7207
379,✨ nay ráng cười nka mn mai khók (ns vu vơ v th),✨ nay ráng cười nha mọi người mai khóc (nói vu vơ vậy thôi),"<s>: 0.013, ▁: 0.1849, <unk>: 0.052, ▁nay: 0.0251, ▁rá: 0.0016, ng: 0.0182, ▁cười: 0.0051, ▁nha: 0.0133, ▁mọi: 0.0243, ▁người: 0.0522, ▁mai: 0.056, ▁khóc: 0.0042, ▁(: 0.0405, nó: 3.5827, i: 11.353, ▁vu: 0.007, ▁vơ: 0.0005, ▁vậy: 0.0373, ▁thôi: 0.0185, ): 0.0523, </s>: 0.0728",0.7435,11.353
1902,"Zạ nịnh dãy em thik lắm, đề nghị đại ka ngủ sớm ạk🫶💕","Dạ nịnh vậy em thích lắm, đề nghị đại ca ngủ sớm ạ🫶💕","<s>: 0.0158, ▁Dạ: 0.0518, ▁n: 0.1409, ịnh: 0.0036, ▁vậy: 9.9255, ▁em: 0.099, ▁thích: 0.0227, ▁lắm: 0.0182, ,: 0.1079, ▁đề: 0.0108, ▁nghị: 0.0419, ▁đại: 0.007, ▁ca: 3.4643, ▁ngủ: 0.0099, ▁sớm: 0.012, ▁ạ: 0.0203, <unk>: 0.0684, <unk>: 0.0687, </s>: 0.0373",0.7435,9.9255
8130,t hứa là sẽ k lướt threads sau 9h tối nx,tôi hứa là sẽ không lướt Threads sau 9 giờ tối nữa,"<s>: 0.0156, ▁tôi: 0.222, ▁hứa: 0.008, ▁là: 0.0658, ▁sẽ: 0.0771, ▁không: 0.4215, ▁l: 0.0702, ư: 0.0225, ớt: 0.0174, ▁Thread: 9.1233, s: 0.0312, ▁sau: 0.0616, ▁9: 0.0081, ▁giờ: 2.3092, ▁tối: 0.0247, ▁nữa: 0.0639, </s>: 0.0934",0.7433,9.1233
9108,"mik gửi nka, may mak vid content kì nma lên xh dòng 2 đứa nhà nắm tay nhau 🥰","mình gửi nha, may mà video content kỳ nhưng mà lên xu hướng dòng hai đứa nhà nắm tay nhau 🥰","<s>: 0.015, ▁mình: 0.0523, ▁gửi: 0.0172, ▁nha: 0.0064, ,: 0.1068, ▁may: 0.0047, ▁mà: 0.0369, ▁video: 1.0314, ▁content: 0.0004, ▁kỳ: 1.5715, ▁nhưng: 0.2704, ▁mà: 0.0353, ▁lên: 0.0624, ▁xu: 7.9156, ▁hướng: 2.5845, ▁dòng: 0.0161, ▁hai: 4.5399, ▁đứa: 0.0184, ▁nhà: 0.0872, ▁nắm: 0.0004, ▁tay: 0.0201, ▁nhau: 0.0048, ▁: 0.0549, <unk>: 0.0658, </s>: 0.0457",0.7426,7.9156
1044,12h đêm qua=))))) chắc ai cg tư duy ngc nên mh hoàng đạo cỏ lúa bằng nhau ht,12 giờ đêm qua=))))) chắc ai cũng tư duy ngược nên mấy giờ hoàng đạo cỏ lúa bằng nhau hết,"<s>: 0.015, ▁12: 0.0043, ▁giờ: 3.3323, ▁đêm: 0.0096, ▁qua: 0.0196, =: 0.0043, ): 0.0443, <unk>: 0.1363, ▁chắc: 0.0039, ▁ai: 0.0495, ▁cũng: 0.087, ▁tư: 0.0099, ▁duy: 0.0012, ▁ngược: 0.3577, ▁nên: 0.3741, ▁mấy: 4.0381, ▁giờ: 10.6297, ▁hoàng: 0.0039, ▁đạo: 0.0032, ▁cỏ: 0.0052, ▁lú: 0.0023, a: 0.0368, ▁bằng: 0.0051, ▁nhau: 0.0189, ▁hết: 0.0197, </s>: 0.0781",0.7419,10.6297
3857,hnhu hồi trc bà dc ai review rùi màk đk ta?,hình như hồi trước bà được ai review rồi mà đúng không ta?,"<s>: 0.0152, ▁hình: 0.0164, ▁như: 0.0071, ▁hồi: 0.0077, ▁trước: 0.0462, ▁bà: 0.0608, ▁được: 0.0567, ▁ai: 0.0586, ▁review: 0.0015, ▁rồi: 0.1293, ▁mà: 0.0634, ▁đúng: 8.306, ▁không: 2.8669, ▁ta: 0.0241, ?: 0.1256, </s>: 0.0824",0.7418,8.306
5035,"Cục dàng nào cg xứng đág dc hp ht, cs cả ôg nx đók nka","Cục vàng nào cũng xứng đáng được hạnh phúc hết, có cả ông nữa đó nha","<s>: 0.0139, ▁Cục: 0.0049, ▁vàng: 12.6183, ▁nào: 0.0399, ▁cũng: 0.0596, ▁xứng: 0.0032, ▁đáng: 0.0012, ▁được: 0.1012, ▁hạnh: 0.7167, ▁phúc: 0.0069, ▁hết: 0.0413, ,: 0.0888, ▁có: 0.0903, ▁cả: 0.0508, ▁ông: 0.0276, ▁nữa: 0.1025, ▁đó: 0.0278, ▁nha: 0.0162, </s>: 0.0579",0.7405,12.6183
3051,"Gặp phụ huynh real nhà ngoại r nhé, ldl ghen tỵ ko","Gặp phụ huynh real nhà ngoại rồi nhé, ldl ghen tị không","<s>: 0.0139, ▁G: 0.0422, ặ: 0.0114, p: 0.2364, ▁phụ: 0.0236, ▁huynh: 0.0078, ▁real: 0.0001, ▁nhà: 0.0374, ▁ngoại: 0.0104, ▁rồi: 0.0335, ▁nhé: 0.0279, ,: 0.0715, ▁l: 6.0582, dl: 0.5737, ▁gh: 0.0016, en: 0.0124, ▁t: 0.0269, ị: 7.3905, ▁không: 0.1103, </s>: 0.0674",0.7379,7.3905
2702,Mấy môn xa xỉ như trà đạo thg ph join dzô cộng đồng as.,Mấy môn xa xỉ như trà đạo thường phải gia nhập vô cộng đồng á.,"<s>: 0.0157, ▁M: 0.0539, ấ: 0.0139, y: 0.0143, ▁môn: 0.0075, ▁xa: 0.0051, ▁x: 0.0127, ỉ: 0.0093, ▁như: 0.0396, ▁trà: 0.0006, ▁đạo: 0.0029, ▁thường: 0.1, ▁phải: 0.0208, ▁gia: 13.3385, ▁nhập: 1.628, ▁vô: 0.011, ▁cộng: 0.0044, ▁đồng: 0.0352, ▁á: 0.0283, .: 0.0812, </s>: 0.0647",0.7375,13.3385
7820,"Còn đây là go to hello nka Chủ tút lì xì cho mấy ôg thần bắt bẻ cân muối ik kìa, n zẻ thúi.","Còn đây là go to hell nha Chủ status lì xì cho mấy ông thần bắt bẻ cân muối đi kìa, nó rẻ thúi.","<s>: 0.0136, ▁Còn: 0.0043, ▁đây: 0.0216, ▁là: 0.0519, ▁go: 0.0037, ▁to: 0.0055, ▁hell: 0.0001, ▁nha: 10.2675, ▁Chủ: 0.0067, ▁status: 13.1888, ▁lì: 0.0007, ▁x: 0.0244, ì: 0.023, ▁cho: 0.0692, ▁mấy: 0.0131, ▁ông: 0.008, ▁thần: 0.0021, ▁bắt: 0.0027, ▁b: 0.0279, ẻ: 0.0012, ▁cân: 0.0001, ▁mu: 0.0144, ối: 0.0077, ▁đi: 0.0264, ▁kì: 0.012, a: 0.0322, ,: 0.0804, ▁nó: 0.0387, ▁rẻ: 0.0937, ▁thú: 0.0026, i: 0.0885, .: 0.1021, </s>: 0.0638",0.7363,13.1888
7789,"Tuy nhiên hc từ ziệc lắng nghe nhx ng giỏi hơn, nh trải nghiệm hơn cx là 1 cách để hc hỏi mak đko kk","Tuy nhiên học từ việc lắng nghe những người giỏi hơn, nhiều trải nghiệm hơn cũng là một cách để học hỏi mà đúng không kaka","<s>: 0.0149, ▁Tuy: 0.0085, ▁nhiên: 0.038, ▁học: 0.0476, ▁từ: 0.093, ▁việc: 0.0161, ▁lắng: 0.0047, ▁nghe: 0.0167, ▁những: 0.0563, ▁người: 0.0604, ▁giỏi: 0.0037, ▁hơn: 0.019, ,: 0.0938, ▁nhiều: 0.0292, ▁trải: 0.0028, ▁nghiệm: 0.0599, ▁hơn: 0.0134, ▁cũng: 0.076, ▁là: 0.0715, ▁một: 3.3972, ▁cách: 0.0205, ▁để: 0.0786, ▁học: 0.0279, ▁hỏi: 0.007, ▁mà: 0.0455, ▁đúng: 8.5635, ▁không: 0.104, ▁kaka: 8.2531, </s>: 0.1206",0.736,8.5635
3841,lau nhà cúng rằm dọn quán ik chợ các kiểu g đến thuế cũg bảo tui chỉ cs mỗi nâu ăn là tui k lm th as,lau nhà cúng rằm dọn quán đi chợ các kiểu giờ đến thuế cũng bảo tôi chỉ có mỗi nấu ăn là tôi không làm thôi á,"<s>: 0.0134, ▁la: 0.0894, u: 0.0448, ▁nhà: 0.053, ▁cú: 0.0022, ng: 0.0241, ▁r: 0.0422, ằm: 0.0022, ▁dọn: 0.0004, ▁quán: 0.0137, ▁đi: 0.0313, ▁chợ: 0.0041, ▁các: 0.048, ▁kiểu: 0.0088, ▁giờ: 0.472, ▁đến: 0.0481, ▁thuế: 0.0076, ▁cũng: 0.0739, ▁bảo: 0.0563, ▁tôi: 2.1466, ▁chỉ: 0.0791, ▁có: 0.0433, ▁mỗi: 0.01, ▁nấu: 18.3389, ▁ăn: 0.0467, ▁là: 0.0992, ▁tôi: 1.3732, ▁không: 0.0886, ▁làm: 0.0453, ▁thôi: 0.1033, ▁á: 0.0155, </s>: 0.0914",0.7349,18.3389
482,hồi c3 thì cs lễ nào cx cod vì t mm vs mấy tk trg lp nhm h lớn cs ny r =>,hồi cấp 3 thì có lễ nào cũng có vì tao mập mờ với mấy thằng trong lớp nhưng mà giờ lớn có người yêu rồi =>,"<s>: 0.0145, ▁hồi: 0.011, ▁cấp: 0.0545, ▁3: 0.0499, ▁thì: 0.0699, ▁có: 0.0999, ▁lễ: 0.0057, ▁nào: 0.0179, ▁cũng: 0.132, ▁có: 9.6489, ▁vì: 2.7716, ▁tao: 2.8608, ▁m: 3.24, ập: 0.0431, ▁mờ: 0.0016, ▁với: 0.391, ▁mấy: 0.0257, ▁thằng: 0.0096, ▁trong: 0.3944, ▁lớp: 1.3924, ▁nhưng: 0.1504, ▁mà: 0.1939, ▁giờ: 0.0605, ▁lớn: 0.0065, ▁có: 0.1521, ▁người: 0.0163, ▁yêu: 0.0359, ▁rồi: 0.0221, <unk>: 0.1092, </s>: 0.0587",0.7347,9.6489
7704,nma thsu là t vẫn ch hiểu vì shaooo R lại yêu đc ng bán ảnh thân thể của mk ấy.,nhưng mà thực sự là tôi vẫn chưa hiểu vì sao Ruler lại yêu được người bán ảnh thân thể của mình ấy.,"<s>: 0.0145, ▁nhưng: 0.0358, ▁mà: 0.0745, ▁thực: 0.0941, ▁sự: 0.0129, ▁là: 0.0545, ▁tôi: 0.1095, ▁vẫn: 0.0264, ▁chưa: 0.0817, ▁hiểu: 0.0114, ▁vì: 0.0373, ▁sao: 0.0082, ▁Ru: 9.801, ler: 8.5446, ▁lại: 0.0544, ▁yêu: 0.0243, ▁được: 0.0631, ▁người: 0.0594, ▁bán: 0.0318, ▁ảnh: 0.1288, ▁thân: 0.0046, ▁thể: 0.0109, ▁của: 0.2581, ▁mình: 0.0943, ▁ấy: 0.0211, .: 0.1034, </s>: 0.0689",0.7344,9.801
2446,Toàn lm chuyện rãnh rỗi tht sự,Toàn làm chuyện rảnh rỗi thật sự,"<s>: 0.0145, ▁Toàn: 0.0163, ▁làm: 0.0565, ▁chuyện: 0.016, ▁r: 1.1694, ả: 7.3566, nh: 0.0014, ▁r: 0.0121, ỗi: 0.0065, ▁thật: 0.0448, ▁sự: 0.0338, </s>: 0.0589",0.7322,7.3566
1231,Cái j Hà Nội cũg nhất dzừa r sap hàng bán mua vàng cx nhất.... Xăng dzừa r cg nhất và đợt này cx z..... Xăng so lên nên tranh thủ đổ hay j ak,Cái gì Hà Nội cũng nhất vừa rồi sập hàng bán mua vàng cũng nhất.... Xăng vừa rồi cũng nhất và đợt này cũng vậy..... Xăng sắp lên nên tranh thủ đổ hay gì á,"<s>: 0.0132, ▁Cái: 0.0165, ▁gì: 0.0202, ▁Hà: 0.0175, ▁Nội: 0.0291, ▁cũng: 0.0189, ▁nhất: 0.0075, ▁vừa: 0.1816, ▁rồi: 0.0272, ▁s: 7.8685, ập: 4.3169, ▁hàng: 2.5557, ▁bán: 0.0236, ▁mua: 0.0063, ▁vàng: 0.0059, ▁cũng: 0.0488, ▁nhất: 0.0261, .: 0.0514, ...: 0.0055, ▁X: 0.0125, ăng: 0.0013, ▁vừa: 0.0792, ▁rồi: 0.0585, ▁cũng: 0.0486, ▁nhất: 0.015, ▁và: 0.0316, ▁đợt: 0.0007, ▁này: 0.0176, ▁cũng: 0.0464, ▁vậy: 0.4846, .....: 0.0397, ▁X: 0.0163, ăng: 0.0011, ▁sắp: 11.2401, ▁lên: 0.1085, ▁nên: 0.0211, ▁tranh: 0.0027, ▁thủ: 0.0153, ▁đổ: 0.0006, ▁hay: 0.0423, ▁gì: 0.0295, ▁á: 3.8195, </s>: 0.0686",0.7312,11.2401
4221,"Hok chuyên ngành tiếng hàn mak dốt h lm phiên dịch k đc, vị trí nhân việ bjk tiếng hàn cơ bản thì khó tìm.","Học chuyên ngành tiếng Hàn mà dốt giờ làm phiên dịch không được, vị trí nhân viên biết tiếng Hàn cơ bản thì khó tìm.","<s>: 0.0152, ▁Học: 0.1559, ▁chuyên: 0.027, ▁ngành: 0.008, ▁tiếng: 0.0078, ▁Hàn: 8.7821, ▁mà: 1.356, ▁d: 0.0375, ốt: 0.0018, ▁giờ: 0.0565, ▁làm: 0.064, ▁phiên: 0.0011, ▁dịch: 0.0081, ▁không: 0.1287, ▁được: 0.063, ,: 0.1027, ▁vị: 0.0105, ▁trí: 0.0416, ▁nhân: 0.0131, ▁viên: 2.2421, ▁biết: 0.3608, ▁tiếng: 0.005, ▁Hàn: 6.7543, ▁cơ: 1.3166, ▁bản: 0.0805, ▁thì: 0.0597, ▁khó: 0.0282, ▁tìm: 0.0174, .: 0.0737, </s>: 0.0614",0.7294,8.7821
266,Ý là bà cj kia bị dzô duyến ấy:)) d tinh tế tí nào.,Ý là bà chị kia bị vô duyên ấy:)) đéo tinh tế tí nào.,"<s>: 0.0147, ▁Ý: 0.0086, ▁là: 0.0565, ▁bà: 0.066, ▁chị: 0.2916, ▁kia: 0.0135, ▁bị: 0.0476, ▁vô: 0.0139, ▁du: 7.33, yên: 5.3136, ▁ấy: 0.0226, :)): 0.0018, ▁đ: 1.8922, é: 0.0075, o: 0.0184, ▁tinh: 0.0057, ▁tế: 0.0065, ▁tí: 0.0056, ▁nào: 0.0151, .: 0.0978, </s>: 0.0833",0.7292,7.33
2961,Nhớ tk bé giết em họ r vùi ngoài vườn ở Thanh Hoá năm ngoái .,Nhớ thằng bé giết em họ rồi vùi ngoài vườn ở Thanh Hóa năm ngoái .,"<s>: 0.0154, ▁Nh: 0.1376, ớ: 0.009, ▁thằng: 0.0028, ▁bé: 0.0064, ▁giết: 0.0098, ▁em: 0.0296, ▁họ: 0.0319, ▁rồi: 0.0729, ▁v: 2.8737, ùi: 0.1413, ▁ngoài: 0.0395, ▁vườn: 0.0024, ▁ở: 0.0639, ▁Thanh: 0.0109, <unk>: 11.6105, ▁năm: 0.0505, ▁ngoái: 0.0046, ▁: 0.056, .: 0.0619, </s>: 0.0646",0.7283,11.6105
8137,"Dear mấy b đjt nhau ở trg Tởm vãi bẹo cb ạk, bame thất vọng, xã hội xa lánh, hok bạ tan nát,cuộc đời nát tan.","Gửi mấy bạn địt nhau ở trường Tởm vãi bẹo các bạn ạ, ba mẹ thất vọng, xã hội xa lánh, học bạ tan nát, cuộc đời nát tan.","<s>: 0.0131, ▁Gửi: 13.7368, ▁mấy: 0.0617, ▁bạn: 0.0132, ▁đ: 5.152, ị: 2.1137, t: 0.0202, ▁nhau: 5.6511, ▁ở: 0.0984, ▁trường: 2.5686, ▁T: 0.0339, ở: 0.0146, m: 0.0533, ▁v: 0.0972, ã: 0.0232, i: 0.0362, ▁b: 0.018, ẹ: 0.0049, o: 0.0466, ▁các: 0.1675, ▁bạn: 0.0378, ▁ạ: 0.0301, ,: 0.0637, ▁ba: 0.0155, ▁mẹ: 0.2596, ▁thất: 0.0089, ▁vọng: 0.0782, ,: 0.1069, ▁xã: 0.0092, ▁hội: 0.0176, ▁xa: 0.0024, ▁lán: 0.0008, h: 0.0425, ,: 0.0741, ▁học: 0.0621, ▁b: 0.0104, ạ: 0.004, ▁tan: 0.0015, ▁ná: 0.0004, t: 0.0198, ,: 0.0554, ▁cuộc: 3.8832, ▁đời: 0.0117, ▁ná: 0.0009, t: 0.0303, ▁tan: 0.0011, .: 0.0901, </s>: 0.056",0.7271,13.7368
3793,trên live quậy là lúc hoạt hình nhất🤣 nay coi cười muốn bịnh,trên live quậy là lúc hoạt hình nhất🤣 nay coi cười muốn bệnh,"<s>: 0.0148, ▁trên: 0.0681, ▁live: 0.0011, ▁qu: 0.011, ậy: 0.0024, ▁là: 0.0575, ▁lúc: 0.0112, ▁hoạt: 0.0028, ▁hình: 0.04, ▁nhất: 0.0181, <unk>: 1.7975, ▁nay: 0.0176, ▁coi: 0.0012, ▁cười: 0.0048, ▁muốn: 0.0102, ▁bệnh: 10.1361, </s>: 0.1636",0.7269,10.1361
4497,"Kkk tui mua lun , mua trên mấy tạp hoá 45k as 🤣🤣🤣","Kaka tui mua luôn , mua trên mấy tạp hóa 45k á 🤣🤣🤣","<s>: 0.0165, ▁Kaka: 9.9688, ▁tui: 0.0856, ▁mua: 0.0424, ▁luôn: 0.0417, ▁: 0.0839, ,: 0.129, ▁mua: 0.023, ▁trên: 0.0265, ▁mấy: 0.0171, ▁tạp: 0.0017, ▁hóa: 3.6669, ▁45: 0.0065, k: 0.0317, ▁á: 0.0573, ▁: 0.0664, <unk>: 0.0746, <unk>: 0.0637, <unk>: 0.0681, </s>: 0.0356",0.7254,9.9688
9139,"j chứ trang sức style by pnj mak ank tặng thì em nguyện đợi ah ở hcm tới sáng lun, nhìn mấy bà ngoài kia khoe mak thèm xỉu","gì chứ trang sức STYLE by PNJ mà anh tặng thì em nguyện đợi anh ở Hồ Chí Minh tới sáng luôn, nhìn mấy bà ngoài kia khoe mà thèm xỉu","<s>: 0.0144, ▁gì: 0.2252, ▁chứ: 0.0225, ▁trang: 0.0049, ▁sức: 0.0035, ▁: 12.1708, STYLE: 3.2013, ▁by: 0.0026, ▁P: 5.8848, NJ: 4.5622, ▁mà: 0.0211, ▁anh: 0.0316, ▁tặng: 0.0154, ▁thì: 0.0881, ▁em: 0.1174, ▁nguyện: 0.0018, ▁đợi: 0.0147, ▁anh: 0.02, ▁ở: 0.0747, ▁Hồ: 1.0676, ▁Chí: 0.02, ▁Minh: 0.019, ▁tới: 0.0808, ▁sáng: 0.0192, ▁luôn: 0.1196, ,: 0.1406, ▁nhìn: 0.0155, ▁mấy: 0.0217, ▁bà: 0.0145, ▁ngoài: 0.0244, ▁kia: 0.0049, ▁kho: 0.0098, e: 0.0354, ▁mà: 0.0217, ▁thèm: 0.0019, ▁x: 0.0099, ỉ: 0.0031, u: 0.0586, </s>: 0.0822",0.7243,12.1708
8910,"Lần trc pà ns sibun diễn 8 bài đók nka, lần này sibun diễn mí bài z.","Lần trước bà nói Soobin diễn 8 bài đó nha, lần này Soobin diễn mấy bài vậy.","<s>: 0.013, ▁L: 0.1986, ầ: 0.0233, n: 0.0327, ▁trước: 0.06, ▁bà: 1.7523, ▁nói: 0.1185, ▁Soo: 10.9559, bin: 0.3995, ▁diễn: 0.0057, ▁8: 0.008, ▁bài: 0.0031, ▁đó: 0.0263, ▁nha: 0.0445, ,: 0.0601, ▁lần: 0.0188, ▁này: 0.0377, ▁Soo: 3.1792, bin: 0.2419, ▁diễn: 0.0061, ▁mấy: 0.3914, ▁bài: 0.0066, ▁vậy: 0.3936, .: 0.0751, </s>: 0.0473",0.724,10.9559
1288,Yub T ở Sơn Tây nae bơi thoả mái lắm 😂 Mak cứ hễ ik lm là 1 lần đau đầu,Yup Tôi ở Sơn Tây nae bơi thoải mái lắm 😂 Mà cứ hễ đi làm là 1 lần đau đầu,"<s>: 0.0164, ▁Y: 5.0775, up: 7.2207, ▁Tôi: 2.0246, ▁ở: 0.0552, ▁Sơn: 0.0018, ▁Tây: 0.0118, ▁na: 2.5747, e: 0.032, ▁bơi: 0.0049, ▁thoải: 1.84, ▁mái: 0.0067, ▁lắm: 0.0194, ▁: 0.0502, <unk>: 0.0652, ▁Mà: 0.0542, ▁cứ: 0.0134, ▁h: 0.0929, ễ: 0.0222, ▁đi: 0.0216, ▁làm: 0.0648, ▁là: 0.0624, ▁1: 0.0608, ▁lần: 0.0123, ▁đau: 0.0019, ▁đầu: 0.0186, </s>: 0.1028",0.7233,7.2207
1066,Cây xăng ở đối diện chibest pk mom,Cây xăng ở đối diện chibest phải không mom,"<s>: 0.0132, ▁Câ: 0.0098, y: 0.0155, ▁xăng: 0.0016, ▁ở: 0.1002, ▁đối: 0.0169, ▁diện: 0.0124, ▁chi: 0.0483, best: 0.0302, ▁phải: 8.4146, ▁không: 0.6539, ▁mom: 0.0051, </s>: 0.0769",0.723,8.4146
7785,Vì ngta khuyên là 1 chuyện còn áp dụng nnao lại là 1 chuyện khác màk đúng hông,Vì người ta khuyên là một chuyện còn áp dụng thế nào lại là một chuyện khác mà đúng không,"<s>: 0.0128, ▁Vì: 0.0361, ▁người: 0.079, ▁ta: 0.0343, ▁khuyên: 0.0052, ▁là: 0.0584, ▁một: 3.9601, ▁chuyện: 0.0201, ▁còn: 0.0321, ▁áp: 0.0091, ▁dụng: 0.0191, ▁thế: 7.5456, ▁nào: 0.1369, ▁lại: 0.0645, ▁là: 0.1436, ▁một: 3.4858, ▁chuyện: 0.0137, ▁khác: 0.0343, ▁mà: 0.0238, ▁đúng: 0.0282, ▁không: 0.0338, </s>: 0.1168",0.7224,7.5456
8397,"Mak qtrong n tạo lên mảng miếng ý, TT vs Atus sáp zô đoạn đók hay điên.","Mà quan trọng nó tạo nên mảng miếng ý, Trấn Thành với Atus sáp vô đoạn đó hay điên.","<s>: 0.0151, ▁Mà: 0.0366, ▁quan: 0.0279, ▁trọng: 0.0213, ▁nó: 0.1066, ▁tạo: 0.0116, ▁nên: 9.1803, ▁m: 0.1179, ảng: 0.0068, ▁miếng: 0.0027, ▁ý: 0.0072, ,: 0.1107, ▁Tr: 5.5121, ấ: 2.9932, n: 0.5179, ▁Thành: 0.5244, ▁với: 0.0498, ▁A: 0.6305, tus: 0.0316, ▁s: 0.0787, áp: 0.0031, ▁vô: 0.0267, ▁đoạn: 0.0056, ▁đó: 0.0364, ▁hay: 0.017, ▁điên: 0.0001, .: 0.0774, </s>: 0.0653",0.722,9.1803
9137,"Phone iu nghe rõ tl, Muzik HCM cx vã quà STYLE lắm r, hóng ah mang quà zề😭😭","Phone yêu nghe rõ trả lời, Muzik Hồ Chí Minh cũng vã quà STYLE lắm rồi, hóng anh mang quà về 😭😭","<s>: 0.0141, ▁Phone: 0.0677, ▁yêu: 0.0667, ▁nghe: 0.0255, ▁rõ: 0.0205, ▁trả: 0.3211, ▁lời: 0.0007, ,: 0.2406, ▁Muzik: 0.0011, ▁Hồ: 2.4162, ▁Chí: 0.0111, ▁Minh: 0.0192, ▁cũng: 0.0572, ▁v: 0.2401, ã: 0.0018, ▁quà: 0.0249, ▁: 0.2775, STYLE: 0.0089, ▁lắm: 0.0151, ▁rồi: 0.0218, ,: 0.101, ▁hó: 0.0003, ng: 0.0218, ▁anh: 0.0388, ▁mang: 0.0128, ▁quà: 0.0086, ▁về: 10.129, ▁: 7.4884, <unk>: 0.3875, <unk>: 0.2963, </s>: 0.0442",0.722,10.129
3561,t là mom chắc run tay đổ mịe bát nc chấ vào ng ảnh rùi 🥹,tôi là mom chắc run tay đổ mẹ bát nước chấm vào người ảnh rồi 🥹,"<s>: 0.0151, ▁tôi: 0.2148, ▁là: 0.0804, ▁mom: 0.0072, ▁chắc: 0.0046, ▁run: 0.0061, ▁tay: 0.0432, ▁đổ: 0.007, ▁mẹ: 4.7342, ▁bát: 0.0135, ▁nước: 0.008, ▁chấm: 7.818, ▁vào: 0.0341, ▁người: 0.0573, ▁ảnh: 0.4807, ▁rồi: 0.0294, ▁: 0.0487, <unk>: 0.0512, </s>: 0.0603",0.7218,7.818
7855,"Ngày 6 mồ côi OTP, fandom lên content ng yêu cũ giúp em =))) Giỡn matday mak mắc cười lun =))","Ngày 6 mồ côi OTP, fandom lên content người yêu cũ giúp em =))) Giỡn mất dạy mà mắc cười luôn =))","<s>: 0.0135, ▁Ngày: 0.0187, ▁6: 0.0169, ▁mồ: 0.0004, ▁cô: 0.078, i: 0.0267, ▁O: 0.0874, TP: 0.0002, ,: 0.0706, ▁fan: 0.0009, dom: 0.0004, ▁lên: 0.0697, ▁content: 0.0002, ▁người: 0.0465, ▁yêu: 0.0155, ▁cũ: 0.0019, ▁giúp: 0.0097, ▁em: 0.0776, ▁=: 0.0273, ))): 0.0082, ▁Gi: 0.0032, ỡ: 0.0011, n: 0.0381, ▁mất: 16.4801, ▁dạy: 5.8103, ▁mà: 0.0176, ▁mắc: 0.0001, ▁cười: 0.0008, ▁luôn: 0.0604, ▁=): 0.0025, ): 0.045, </s>: 0.0339",0.7207,16.4801
3444,"V hả em, da cj cg thuộc loại dạy kảm, nên chắc này xài đc em ha","Vậy hả em, da chị cũng thuộc loại nhạy cảm, nên chắc này xài được em ha","<s>: 0.0155, ▁Vậy: 0.9497, ▁hả: 0.0038, ▁em: 0.0724, ,: 0.1165, ▁da: 0.0083, ▁chị: 0.0916, ▁cũng: 0.0535, ▁thuộc: 0.0248, ▁loại: 0.0152, ▁nhạy: 14.6286, ▁cảm: 0.0028, ,: 0.1138, ▁nên: 0.0301, ▁chắc: 0.0023, ▁này: 0.0627, ▁x: 0.0315, à: 0.0346, i: 0.0361, ▁được: 0.1084, ▁em: 0.0646, ▁ha: 0.0267, </s>: 0.0633",0.7199,14.6286
5110,"Ae xem cs đc k , t để ở bl đầu nhé 👇👇👇 Zạ em vay tại đây ạk 👇","Anh em xem có được không , tôi để ở bình luận đầu nhé 👇👇👇 Dạ em vay tại đây ạ 👇","<s>: 0.0139, ▁Anh: 0.3272, ▁em: 5.7917, ▁xem: 0.0131, ▁có: 0.1196, ▁được: 0.044, ▁không: 0.0268, ▁: 0.086, ,: 0.0791, ▁tôi: 0.2161, ▁để: 0.0309, ▁ở: 0.0792, ▁bình: 8.2734, ▁luận: 4.9464, ▁đầu: 0.166, ▁nhé: 0.0159, ▁: 0.0317, <unk>: 0.0372, <unk>: 0.0432, <unk>: 0.0718, ▁Dạ: 0.1059, ▁em: 0.0473, ▁vay: 0.003, ▁tại: 0.1439, ▁đây: 0.0133, ▁ạ: 0.0084, ▁: 0.037, <unk>: 0.0397, </s>: 0.0553",0.7196,8.2734
9220,bt là k dc nma nhớ qá r k chịu nổi😭,biết là không được nhưng mà nhớ quá rồi không chịu nổi 😭,"<s>: 0.015, ▁biết: 0.2876, ▁là: 0.0896, ▁không: 0.1093, ▁được: 0.0666, ▁nhưng: 0.0321, ▁mà: 0.0296, ▁nhớ: 0.0159, ▁quá: 0.0266, ▁rồi: 0.0477, ▁không: 0.0755, ▁chịu: 0.0012, ▁nổi: 0.006, ▁: 9.4318, <unk>: 1.1926, </s>: 0.077",0.719,9.4318
9198,chỉ cgai ms hỉu sự tình này :)),chỉ con gái mới hiểu sự tình này :)),"<s>: 0.0157, ▁chỉ: 0.0546, ▁con: 0.1233, ▁gái: 0.0367, ▁mới: 0.0182, ▁hiểu: 7.3043, ▁sự: 0.0966, ▁tình: 0.0255, ▁này: 0.0277, <unk>: 0.1278, </s>: 0.0636",0.7176,7.3043
4338,"qa, chụp về ảnh bị noise rất nh, tăng iso thì mặt idol bị loé trắng , kb tips zì để fix trg hợp nek ko.","quá, chụp về ảnh bị noise rất nhiều, tăng ISO thì mặt idol bị lóe trắng , không biết tips gì để fix trường hợp nè không.","<s>: 0.0135, ▁quá: 0.0197, ,: 0.1602, ▁chụp: 0.0055, ▁về: 0.0468, ▁ảnh: 0.1124, ▁bị: 0.0758, ▁no: 0.2375, ise: 0.0025, ▁rất: 0.013, ▁nhiều: 0.0267, ,: 0.0745, ▁tăng: 0.0257, ▁ISO: 5.4099, ▁thì: 0.0511, ▁mặt: 0.0082, ▁idol: 0.0007, ▁bị: 0.0571, ▁ló: 10.6395, e: 4.065, ▁trắng: 0.001, ▁: 0.1504, ,: 0.052, ▁không: 0.0995, ▁biết: 0.4771, ▁tips: 0.0064, ▁gì: 0.0558, ▁để: 0.0601, ▁fix: 0.0002, ▁trường: 0.626, ▁hợp: 0.0117, ▁nè: 2.2204, ▁không: 0.1608, .: 0.0815, </s>: 0.0411",0.7168,10.6395
8756,"C cap lại gửi n r, mik c ns n khum nghe đâu, để cđm ns cho n nghe","Chị chụp màn hình lại gửi nó rồi, mình chị nói nó không nghe đâu, để cộng đồng mạng nói cho nó nghe","<s>: 0.0146, ▁Chị: 0.7876, ▁chụp: 1.9877, ▁màn: 8.1735, ▁hình: 0.0059, ▁lại: 1.7347, ▁gửi: 0.0086, ▁nó: 0.1768, ▁rồi: 0.0331, ,: 0.0957, ▁mình: 0.0339, ▁chị: 1.1514, ▁nói: 0.0539, ▁nó: 0.1219, ▁không: 0.0216, ▁nghe: 0.0576, ▁đâu: 0.0164, ,: 0.1887, ▁để: 0.0401, ▁cộng: 3.985, ▁đồng: 0.0296, ▁mạng: 0.0226, ▁nói: 0.36, ▁cho: 0.1043, ▁nó: 0.0196, ▁nghe: 0.0244, </s>: 0.0899",0.7163,8.1735
2246,"Zạ tụi em chỉ nhận donate cho Trạm khi nào cs giải cần th ạk,còn lại là đều phát hữu duyên tại các show cs S 😆😆","Dạ tụi em chỉ nhận donate cho Trạm khi nào có giải cần thôi ạ, còn lại là đều phát hữu duyên tại các show có SOOBIN 😆😆","<s>: 0.0144, ▁Dạ: 0.035, ▁tụ: 0.0144, i: 0.0507, ▁em: 0.0998, ▁chỉ: 0.0878, ▁nhận: 0.0279, ▁donat: 0.0124, e: 0.0144, ▁cho: 0.1379, ▁Tr: 0.1128, ạ: 0.004, m: 0.0417, ▁khi: 0.0696, ▁nào: 0.0323, ▁có: 0.0961, ▁giải: 0.0284, ▁cần: 0.0197, ▁thôi: 0.0445, ▁ạ: 0.0188, ,: 0.0927, ▁còn: 2.5997, ▁lại: 0.0537, ▁là: 0.1228, ▁đều: 0.0411, ▁phát: 0.0082, ▁hữu: 0.0017, ▁du: 0.0032, yên: 0.0216, ▁tại: 0.0547, ▁các: 0.0526, ▁show: 0.0021, ▁có: 0.0852, ▁S: 0.1013, OO: 13.0012, BIN: 11.0693, ▁: 0.2147, <unk>: 0.0411, <unk>: 0.0597, </s>: 0.0254",0.7154,13.0012
7174,"Lạ chỗ nào Hưn, cs ph mờ wa hem 🤭","Lạ chỗ nào Hân, có phải mờ quá không 🤭","<s>: 0.0156, ▁L: 0.0527, ạ: 0.0089, ▁chỗ: 0.0195, ▁nào: 0.0248, ▁H: 0.1383, ân: 10.3309, ,: 0.0751, ▁có: 0.1071, ▁phải: 0.0275, ▁mờ: 0.0042, ▁quá: 0.02, ▁không: 0.3906, ▁: 0.0892, <unk>: 0.0691, </s>: 0.0564",0.7144,10.3309
3563,"Thui chết r, tnhien tưởng tượng tui là bồ cái thở kh nỗi luonn as 🥲","Thôi chết rồi, tự nhiên tưởng tượng tôi là bồ cái thở không nổi luôn á 🥲","<s>: 0.0165, ▁Thôi: 0.1394, ▁chết: 0.0063, ▁rồi: 0.0444, ,: 0.102, ▁tự: 0.1789, ▁nhiên: 0.0123, ▁tưởng: 0.0057, ▁tượng: 0.0924, ▁tôi: 1.605, ▁là: 0.0664, ▁b: 0.0283, ồ: 0.004, ▁cái: 0.0375, ▁thở: 0.0059, ▁không: 0.0967, ▁nổi: 13.0735, ▁luôn: 0.0011, ▁á: 0.0067, ▁: 0.0752, <unk>: 0.0525, </s>: 0.0607",0.7141,13.0735
94,Bé n mất xog cái bã xóa bài ht chơn xog lên clip mn ơi hãy dừng lại.,Bé nó mất xong cái bã xóa bài hết trơn xong lên clip mọi người ơi hãy dừng lại.,"<s>: 0.0133, ▁Bé: 0.0209, ▁nó: 0.1348, ▁mất: 0.0105, ▁xong: 2.4892, ▁cái: 0.0457, ▁b: 0.0198, ã: 0.015, <unk>: 2.8985, ▁bài: 0.0081, ▁hết: 0.0573, ▁trơ: 9.0074, n: 0.0372, ▁xong: 2.0603, ▁lên: 0.0421, ▁clip: 0.0136, ▁mọi: 0.0405, ▁người: 0.0451, ▁ơi: 0.0163, ▁hãy: 0.0181, ▁dừng: 0.0014, ▁lại: 0.0275, .: 0.0603, </s>: 0.0517",0.7139,9.0074
1113,Đủ wow cho đêm encore r mài ơiii😰😰😰,Đủ wow cho đêm encore rồi mày ơi😰😰😰,"<s>: 0.0146, ▁Đ: 0.093, ủ: 0.0169, ▁wow: 0.0006, ▁cho: 0.0785, ▁đêm: 0.0057, ▁encore: 0.0505, ▁rồi: 0.0164, ▁mày: 9.11, ▁ơi: 0.0177, <unk>: 0.4081, <unk>: 0.0548, <unk>: 0.0695, </s>: 0.0547",0.7136,9.11
3689,các c nội địa s hiểu đc nỗi khổ của fan inter n nnao,các chị nội địa sao hiểu được nỗi khổ của fan international nó như nào,"<s>: 0.0134, ▁các: 0.1055, ▁chị: 2.1384, ▁nội: 0.0123, ▁địa: 0.0075, ▁sao: 0.0181, ▁hiểu: 0.0339, ▁được: 0.0629, ▁nỗi: 0.0018, ▁khổ: 0.0028, ▁của: 0.1363, ▁fan: 0.0044, ▁international: 7.5954, ▁nó: 0.0493, ▁như: 0.0534, ▁nào: 1.7661, </s>: 0.1166",0.7128,7.5954
5975,📍HCM TUYỂN DỤNG VỊ TRÍ NVIEN BÁN HÀNG Ko yc kn Ko yc bằng cấp ** phù hợp cho cả cban sv** Lm h hành chính,📍Hồ Chí Minh TUYỂN DỤNG VỊ TRÍ NHÂN VIÊN BÁN HÀNG Không yêu cầu kinh nghiệm Không yêu cầu bằng cấp ** phù hợp cho cả các bạn sinh viên** Làm giờ hành chính,"<s>: 0.0139, ▁: 0.3852, <unk>: 0.1085, H: 7.7265, ồ: 8.205, ▁Chí: 0.0356, ▁Minh: 0.0144, ▁TU: 0.0133, Y: 0.0053, Ể: 0.0031, N: 0.0168, ▁DỤNG: 0.0056, ▁V: 0.1021, Ị: 0.0172, ▁T: 0.0305, RÍ: 0.0006, ▁NHÂN: 0.1096, ▁V: 0.2682, IÊN: 0.0109, ▁B: 0.0315, ÁN: 0.0018, ▁HÀNG: 0.0005, ▁Không: 0.5312, ▁yêu: 5.6003, ▁cầu: 1.108, ▁kinh: 0.0172, ▁nghiệm: 0.1477, ▁Không: 0.1773, ▁yêu: 4.9888, ▁cầu: 1.3119, ▁bằng: 0.0102, ▁cấp: 0.0103, <unk>: 1.169, ▁phù: 0.0054, ▁hợp: 0.0136, ▁cho: 0.0395, ▁cả: 0.0178, ▁các: 0.0621, ▁bạn: 0.1746, ▁sinh: 0.0078, ▁viên: 0.0508, <unk>: 0.5198, ▁Làm: 0.0999, ▁giờ: 0.2396, ▁hành: 0.0115, ▁chính: 0.0036, </s>: 0.0454",0.7121,8.205
3765,Mng ơi HR tìm ứng viên cs khó ko mak shaooo ứng viên tìm ziệc khó z ạk 😭 Chiếc CV của c mk lm về Sale Online,Mọi người ơi Human Resources tìm ứng viên có khó không mà sao ứng viên tìm việc khó thế ạ 😭 Chiếc CV của chị mình làm về Sale Online,"<s>: 0.0141, ▁Mọi: 0.0252, ▁người: 0.0432, ▁ơi: 0.0221, ▁Human: 8.3008, ▁Resource: 6.8311, s: 6.2277, ▁tìm: 0.0104, ▁ứng: 0.0272, ▁viên: 0.0277, ▁có: 0.0577, ▁khó: 0.0114, ▁không: 0.0989, ▁mà: 0.0502, ▁sao: 0.0116, ▁ứng: 0.0042, ▁viên: 0.0315, ▁tìm: 0.008, ▁việc: 0.0177, ▁khó: 0.019, ▁thế: 0.7846, ▁ạ: 0.0082, ▁: 0.0531, <unk>: 0.0586, ▁Chiếc: 0.0191, ▁CV: 0.1086, ▁của: 0.0856, ▁chị: 0.86, ▁mình: 0.1026, ▁làm: 0.0911, ▁về: 0.0428, ▁Sale: 0.0021, ▁Online: 0.0094, </s>: 0.1006",0.7108,8.3008
8288,"này là kh bt do mắt t hay j nma cs thể là nãy t đọc dòng trên cap của cậu đến ""Các bác nghĩ tỉ lệ đồng ý cs cao ko ạk"" thì dzừa xog câu đấy tôi lia đến thoại tnhan của crush cậu là ""hehe zạ coáaaa"" =)))))) duyên phận r hai cậu ơi","này là không biết do mắt tôi hay gì nhưng mà có thể là nãy tôi đọc dòng trên caption của cậu đến ""Các bác nghĩ tỉ lệ đồng ý có cao không ạ"" thì vừa xong câu đấy tôi lia đến thoại tin nhắn của crush cậu là ""hehe dạ có"" =)))))) duyên phận rồi hai cậu ơi","<s>: 0.0144, ▁này: 0.0692, ▁là: 0.0748, ▁không: 0.0455, ▁biết: 0.0408, ▁do: 0.0894, ▁mắt: 0.0379, ▁tôi: 0.2356, ▁hay: 0.0471, ▁gì: 0.0512, ▁nhưng: 0.1096, ▁mà: 0.0786, ▁có: 0.0805, ▁thể: 0.0123, ▁là: 0.0223, ▁nãy: 0.0029, ▁tôi: 0.0559, ▁đọc: 0.0223, ▁dòng: 0.0436, ▁trên: 0.0101, ▁caption: 4.2202, ▁của: 0.118, ▁cậu: 0.0059, ▁đến: 0.0282, ▁"": 0.0685, C: 0.2289, ác: 0.0176, ▁bác: 0.0089, ▁nghĩ: 0.0195, ▁tỉ: 0.0071, ▁lệ: 0.0567, ▁đồng: 0.0508, ▁ý: 0.1501, ▁có: 0.0998, ▁cao: 0.0165, ▁không: 0.0532, ▁ạ: 0.0065, "": 0.0109, ▁thì: 0.0336, ▁vừa: 0.0559, ▁xong: 0.929, ▁câu: 0.0173, ▁đấy: 0.0259, ▁tôi: 0.0237, ▁lia: 0.0007, ▁đến: 0.0433, ▁thoại: 0.0031, ▁tin: 0.0284, ▁nhắn: 0.0076, ▁của: 0.1478, ▁crush: 0.0004, ▁cậu: 0.0145, ▁là: 0.0628, ▁"": 0.0956, hehe: 0.008, ▁dạ: 0.0833, ▁có: 3.6796, "": 4.7258, ▁=: 9.2957, <unk>: 5.0481, ▁du: 9.3972, yên: 0.2375, ▁phận: 4.6693, </s>: 0.5446",0.7108,9.3972
1610,"🐈‍⬛: Ồ em sẽ buồn lắm, nhm em sẽ lại chiếc nhẫn lên và trả lại cho cổ 🥹","🐈‍⬛: Ồ em sẽ buồn lắm, nhưng mà em sẽ lượm chiếc nhẫn lên và trả lại cho cổ 🥹","<s>: 0.0153, ▁: 0.0776, <unk>: 0.034, ▁: 0.1066, <unk>: 0.0547, :: 0.0992, ▁: 0.0394, Ồ: 0.0173, ▁em: 0.0413, ▁sẽ: 0.0519, ▁buồn: 0.014, ▁lắm: 0.0313, ,: 0.0933, ▁nhưng: 0.0523, ▁mà: 0.3558, ▁em: 0.0606, ▁sẽ: 0.0339, ▁l: 12.4457, ư: 2.6318, ợ: 1.7331, m: 1.8368, ▁chiếc: 2.501, ▁nhẫn: 0.0001, ▁lên: 0.0318, ▁và: 0.0676, ▁trả: 0.0094, ▁lại: 0.0472, ▁cho: 0.0465, ▁cổ: 0.0027, ▁: 0.0651, <unk>: 0.0552, </s>: 0.0565",0.7097,12.4457
1024,Mih gất linh hoạt quyền biến đúng là Song Tử ò🤗,Mình rất linh hoạt quyền biến đúng là Song Tử ò🤗,"<s>: 0.0153, ▁Mình: 0.0633, ▁rất: 8.6219, ▁linh: 0.0024, ▁hoạt: 0.0085, ▁quyền: 0.0122, ▁biến: 0.0021, ▁đúng: 0.0148, ▁là: 0.0711, ▁Song: 0.0027, ▁Tử: 0.0008, ▁: 1.688, ò: 0.0072, <unk>: 0.0616, </s>: 0.0622",0.7089,8.6219
1068,"Cây nào z mom ơi, xin đ/c vớiii","Cây nào vậy mom ơi, xin địa chỉ với","<s>: 0.0132, ▁Câ: 0.0428, y: 0.0512, ▁nào: 0.0384, ▁vậy: 0.197, ▁mom: 0.0068, ▁ơi: 0.0177, ,: 0.0882, ▁xin: 0.0151, ▁địa: 7.7446, ▁chỉ: 0.0363, ▁với: 0.1672, </s>: 0.7918",0.7085,7.7446
8746,"Đinh mệnh, zaiiii CA đây, mở lòng lần nào là bị vả lần đók","Định mệnh, trai công an đây, mở lòng lần nào là bị vả lần đó","<s>: 0.0153, ▁Định: 8.3095, ▁mệnh: 0.0016, ,: 0.103, ▁trai: 0.4689, ▁công: 4.0764, ▁an: 0.6747, ▁đây: 0.0509, ,: 0.0881, ▁mở: 0.0008, ▁lòng: 0.0073, ▁lần: 0.0324, ▁nào: 0.0251, ▁là: 0.0584, ▁bị: 0.0585, ▁v: 0.0763, ả: 0.029, ▁lần: 0.0123, ▁đó: 0.0145, </s>: 0.0475",0.7075,8.3095
1987,nhục vãi loz ấy đm ôg S bn c B còn ns đ fl kênh zô vì cs ng bả spm,nhục vãi lồn ấy địt mẹ ông S bạn chị B còn nói đéo follow kênh vô vì có người bảo spam,"<s>: 0.0136, ▁nh: 0.0812, ục: 0.0021, ▁v: 0.0679, ã: 0.0057, i: 0.0361, ▁lồ: 0.5863, n: 0.2123, ▁ấy: 0.0131, ▁đ: 0.0824, ị: 0.6431, t: 0.0259, ▁mẹ: 0.4409, ▁ông: 0.1039, ▁S: 0.9498, ▁bạn: 0.0353, ▁chị: 1.9832, ▁B: 0.2464, ▁còn: 0.0385, ▁nói: 0.0486, ▁đ: 0.1886, é: 0.063, o: 0.0258, ▁follow: 0.0497, ▁kênh: 0.0005, ▁vô: 0.0185, ▁vì: 0.0896, ▁có: 0.0623, ▁người: 0.0532, ▁bảo: 8.6539, ▁spam: 7.2079, </s>: 0.6026",0.7072,8.6539
6743,"Nếu tướng mặt giống ở avarta thì khả năng là kp duyên âm mak cs căn quả hơn ấy,nhìn k viaa yếu đến nổi bị duyên âm đâu","Nếu tướng mặt giống ở avatar thì khả năng là không phải duyên âm mà có căn quả hơn ấy,nhìn không vía yếu đến nỗi bị duyên âm đâu","<s>: 0.0141, ▁Nếu: 0.0212, ▁tướng: 0.0012, ▁mặt: 0.0186, ▁giống: 0.0127, ▁ở: 0.0455, ▁avatar: 10.8228, ▁thì: 0.0727, ▁khả: 0.0076, ▁năng: 0.0266, ▁là: 0.0551, ▁không: 0.0535, ▁phải: 0.0641, ▁du: 0.0101, yên: 0.0136, ▁âm: 0.0039, ▁mà: 0.033, ▁có: 0.08, ▁căn: 0.0011, ▁quả: 0.0136, ▁hơn: 0.0761, ▁ấy: 0.0187, ,: 0.1181, n: 0.0625, hì: 0.0011, n: 0.0237, ▁không: 0.1606, ▁vía: 5.3465, ▁yếu: 0.0177, ▁đến: 0.0295, ▁nỗi: 8.7068, ▁bị: 0.048, ▁du: 0.0224, yên: 0.0184, ▁âm: 0.0025, ▁đâu: 0.0232, </s>: 0.0844",0.7062,10.8228
5741,"Fun fact là ank ta cx đã xổ ra 1 tràng như comment thứ 3 ở một cuộc tranh cãi khác dzới chj và cx bắt ngkhac ph ""ăn ns cho cẩn thận"" chỉ vì ah ta zà (hơn cj) chứ đéo p vì ah ta đág nể.","Fun fact là anh ta cũng đã xổ ra một tràng như comment thứ ba ở một cuộc tranh cãi khác với chị và cũng bắt người khác phải ""ăn nói cho cẩn thận"" chỉ vì anh ta già (hơn chị) chứ đéo phải vì anh ta đáng nể.","<s>: 0.0131, ▁Fun: 0.0016, ▁fact: 0.0021, ▁là: 0.0429, ▁anh: 0.0227, ▁ta: 0.0146, ▁cũng: 0.096, ▁đã: 0.031, ▁x: 0.0431, ổ: 0.0081, ▁ra: 0.0513, ▁một: 3.5586, ▁tràn: 0.0019, g: 0.0455, ▁như: 0.0758, ▁comment: 0.001, ▁thứ: 0.0288, ▁ba: 6.7614, ▁ở: 0.0608, ▁một: 0.0891, ▁cuộc: 0.0069, ▁tranh: 0.0076, ▁cãi: 0.0016, ▁khác: 0.0338, ▁với: 0.0491, ▁chị: 0.0976, ▁và: 0.0881, ▁cũng: 0.1252, ▁bắt: 0.0012, ▁người: 0.1094, ▁khác: 0.0149, ▁phải: 0.0082, ▁"": 0.0566, ă: 0.01, n: 0.0986, ▁nói: 0.0139, ▁cho: 0.0513, ▁cẩn: 0.0009, ▁thận: 0.0052, "": 0.0419, ▁chỉ: 0.034, ▁vì: 0.0153, ▁anh: 0.0193, ▁ta: 0.0037, ▁già: 0.0136, ▁(: 0.1442, hơ: 0.0021, n: 0.0642, ▁chị: 0.1342, ): 0.0212, ▁chứ: 0.0211, ▁đ: 0.0142, é: 0.0025, o: 0.0091, ▁phải: 6.3206, ▁vì: 4.999, ▁anh: 0.2473, ▁ta: 0.0331, ▁đáng: 6.5975, ▁n: 8.3467, ể: 2.138, .: 3.3808, </s>: 0.1377",0.7059,8.3467
5547,"chuyện ngoài đời ngta lq j mak zdí , nên tập chung về cô kia vs us của cô ta","chuyện ngoài đời người ta liên quan gì mà dí , nên tập trung về cô kia với user của cô ta","<s>: 0.014, ▁chuyện: 0.0276, ▁ngoài: 0.0293, ▁đời: 0.0355, ▁người: 0.0649, ▁ta: 0.0408, ▁liên: 2.7506, ▁quan: 0.0456, ▁gì: 0.057, ▁mà: 0.0447, ▁dí: 0.1049, ▁: 0.1499, ,: 0.1072, ▁nên: 0.0107, ▁tập: 0.0024, ▁trung: 8.3326, ▁về: 0.0378, ▁cô: 0.0662, ▁kia: 0.0135, ▁với: 0.0367, ▁user: 5.4099, ▁của: 0.0946, ▁cô: 0.0772, ▁ta: 0.0075, </s>: 0.0784",0.7056,8.3326
4796,"Dzìa liền ik ank, cô đơn ko đág sợ, cưới nhầm ng còn đág sợ hơn","Về liền đi anh, cô đơn không đáng sợ, cưới nhầm người còn đáng sợ hơn","<s>: 0.0148, ▁Về: 9.7843, ▁liền: 3.6958, ▁đi: 0.0957, ▁anh: 0.0551, ,: 0.0648, ▁cô: 0.0149, ▁đơn: 0.004, ▁không: 0.0573, ▁đáng: 0.0018, ▁sợ: 0.0082, ,: 0.0647, ▁cưới: 0.0055, ▁nhầm: 0.0085, ▁người: 0.0947, ▁còn: 0.0305, ▁đáng: 0.0016, ▁sợ: 0.0056, ▁hơn: 0.0214, </s>: 0.0645",0.7047,9.7843
3009,"Muốn lấy vk xink, trẻ, nghe lời thi xuống mẫu giáo mak kiếm.","Muốn lấy vợ xinh, trẻ, nghe lời thì xuống mẫu giáo mà kiếm.","<s>: 0.0134, ▁Muốn: 0.0121, ▁lấy: 0.0164, ▁vợ: 0.0185, ▁xinh: 0.6505, ,: 0.0727, ▁trẻ: 0.014, ,: 0.1485, ▁nghe: 0.0084, ▁lời: 0.0116, ▁thì: 11.4691, ▁xuống: 0.0475, ▁mẫu: 0.0054, ▁giáo: 0.0038, ▁mà: 0.0319, ▁kiếm: 0.0161, .: 0.0782, </s>: 0.0574",0.7042,11.4691
2150,sư tử t8 màk triển cn vk ạk,sư tử tháng 8 mà triển con vợ ạ,"<s>: 0.0141, ▁sư: 0.1358, ▁tử: 0.0096, ▁tháng: 7.0731, ▁8: 0.0537, ▁mà: 0.12, ▁triển: 0.0032, ▁con: 0.1408, ▁vợ: 0.0325, ▁ạ: 0.0581, </s>: 0.0979",0.7035,7.0731
643,bà Sấm bế Dương Domic ra HCM ik mò 🥹,bà Sấm bế Dương Domic ra Hồ Chí Minh đi mà 🥹,"<s>: 0.0157, ▁bà: 0.0536, ▁S: 0.0325, ấ: 0.0075, m: 0.0469, ▁bế: 0.0013, ▁Dương: 0.0093, ▁Dom: 0.0029, ic: 0.012, ▁ra: 0.0507, ▁Hồ: 2.2806, ▁Chí: 0.0059, ▁Minh: 0.019, ▁đi: 0.1158, ▁mà: 9.8033, ▁: 0.0789, <unk>: 0.0601, </s>: 0.0578",0.703,9.8033
3648,A rễ t xưa quen c bé ds tầm 5 năm,Anh rể tôi xưa quen chị bé đó tầm 5 năm,"<s>: 0.0167, ▁Anh: 0.1425, ▁r: 0.0907, ể: 7.4539, ▁tôi: 0.1193, ▁xưa: 0.0123, ▁quen: 0.0113, ▁chị: 1.8283, ▁bé: 0.0053, ▁đó: 0.0281, ▁tầm: 0.0032, ▁5: 0.018, ▁năm: 0.0315, </s>: 0.0696",0.7022,7.4539
2187,nhớ zụ tk hok Ie vs m gke ^^,nhớ vụ thằng học IELTS với mày ghê ^^,"<s>: 0.0152, ▁nhớ: 0.0136, ▁vụ: 0.0553, ▁thằng: 0.0913, ▁học: 0.0449, ▁IELTS: 7.7504, ▁với: 0.0759, ▁mày: 0.1916, ▁g: 0.0568, hê: 0.003, <unk>: 0.0487, </s>: 0.0797",0.7022,7.7504
4226,Ở VP thì b qua Phú Thọ tìm ziệc nek.,Ở Vĩnh Phúc thì bạn qua Phú Thọ tìm việc nè.,"<s>: 0.0137, ▁Ở: 0.0395, ▁Vĩnh: 7.8874, ▁Phúc: 0.819, ▁thì: 0.0527, ▁bạn: 0.0459, ▁qua: 0.0921, ▁Phú: 0.0005, ▁Th: 0.0235, ọ: 0.01, ▁tìm: 0.0198, ▁việc: 0.0071, ▁nè: 1.3977, .: 0.0556, </s>: 0.0584",0.7015,7.8874
2877,Các cháu ra đây ôg cố nội phát lì xì nhe,Các cháu ra đây ông cố nội phát lì xì nghe,"<s>: 0.0139, ▁Các: 0.0586, ▁cháu: 0.0143, ▁ra: 0.0314, ▁đây: 0.0124, ▁ông: 0.0391, ▁cố: 0.0047, ▁nội: 0.0269, ▁phát: 0.0113, ▁lì: 0.0009, ▁x: 0.2158, ì: 0.0309, ▁nghe: 9.2577, </s>: 0.0923",0.7007,9.2577
8226,"Dạaaa tui kảm ơn gái đẹp nhìuuu, tui k6 as, tui cg bth ak còn ph hok hỏi nh lắm 🥹🥹","Dạ tui cảm ơn gái đẹp nhiều, tui 2k6 á, tui cũng bình thường à còn phải học hỏi nhiều lắm 🥹🥹","<s>: 0.014, ▁Dạ: 0.006, ▁tui: 2.3644, ▁cảm: 0.1213, ▁ơn: 0.0398, ▁gái: 0.0388, ▁đẹp: 0.0132, ▁nhiều: 0.3545, ,: 0.3395, ▁tui: 0.0993, ▁2: 10.9699, k: 4.1871, 6: 0.1647, ▁á: 0.0331, ,: 0.1212, ▁tui: 0.1462, ▁cũng: 0.2742, ▁bình: 0.0828, ▁thường: 0.0387, ▁à: 0.4998, ▁còn: 0.063, ▁phải: 0.0108, ▁học: 0.0463, ▁hỏi: 0.0066, ▁nhiều: 0.0638, ▁lắm: 0.009, ▁: 0.0591, <unk>: 0.0665, </s>: 0.0611",0.6998,10.9699
3780,Tht sự nếu côg an real kco j đág tự hào nếu quen 1 tk đàn ôg bỏ c ntn,Thật sự nếu công an thật không có gì đáng tự hào nếu quen một thằng đàn ông bỏ con như thế này,"<s>: 0.0153, ▁Thật: 0.0401, ▁sự: 0.0349, ▁nếu: 0.0261, ▁công: 0.0757, ▁an: 0.0247, ▁thật: 12.3273, ▁không: 0.0517, ▁có: 0.067, ▁gì: 0.0392, ▁đáng: 0.0016, ▁tự: 0.0052, ▁hào: 0.0043, ▁nếu: 0.0274, ▁quen: 0.0016, ▁một: 2.1509, ▁thằng: 0.0461, ▁đàn: 0.0032, ▁ông: 0.0207, ▁bỏ: 0.005, ▁con: 0.1136, ▁như: 0.0751, ▁thế: 0.0608, ▁này: 2.1763, </s>: 0.0595",0.6981,12.3273
6574,"Nếu mak cs hh thì ms vào khó đk cao lắm, ph từ từ","Nếu mà có hoa hồng thì mới vào khó được cao lắm, phải từ từ","<s>: 0.0146, ▁Nếu: 0.0147, ▁mà: 0.0292, ▁có: 0.064, ▁hoa: 9.97, ▁hồng: 1.874, ▁thì: 0.0853, ▁mới: 0.0195, ▁vào: 0.0505, ▁khó: 0.0301, ▁được: 0.0907, ▁cao: 0.0257, ▁lắm: 0.0109, ,: 0.0919, ▁phải: 0.0144, ▁từ: 0.0506, ▁từ: 0.0656, </s>: 0.0566",0.6977,9.97
8412,Fan nhà n còn bảo tự suy diễn chứ n k cs ý g:)),Fan nhà nó còn bảo tự suy diễn chứ nó không có ý gì :)),"<s>: 0.0145, ▁Fan: 0.0209, ▁nhà: 0.0452, ▁nó: 0.0498, ▁còn: 0.1126, ▁bảo: 0.0241, ▁tự: 0.083, ▁suy: 0.0012, ▁diễn: 0.0176, ▁chứ: 0.0424, ▁nó: 0.0737, ▁không: 0.1277, ▁có: 0.0431, ▁ý: 0.0254, ▁gì: 0.0872, <unk>: 10.9975, </s>: 0.0929",0.6976,10.9975
4009,Y thì ph tíh thêm chuyên khoa/bsnt và tiền chạy ziệc nx cj nhé.,Y thì phải tính thêm chuyên khoa/bác sĩ nội trú và tiền chạy việc nữa chị nhé.,"<s>: 0.0143, ▁Y: 0.0709, ▁thì: 0.0839, ▁phải: 0.0147, ▁tính: 0.0093, ▁thêm: 0.0168, ▁chuyên: 0.0056, ▁khoa: 0.0489, /: 0.0357, b: 0.2822, ác: 3.3175, ▁sĩ: 0.4811, ▁nội: 7.7357, ▁trú: 3.5426, ▁và: 0.0395, ▁tiền: 0.0102, ▁chạy: 0.0016, ▁việc: 0.0203, ▁nữa: 0.0552, ▁chị: 0.0746, ▁nhé: 0.0413, .: 0.0701, </s>: 0.066",0.6973,7.7357
8270,“Liệu c cs đồng ý cho t đc can thiệp vào từng chuyện một xuất hiện trg cuộc đời c k”,“Liệu cậu có đồng ý cho tớ được can thiệp vào từng chuyện một xuất hiện trong cuộc đời cậu không”,"<s>: 0.0136, ▁“: 0.0213, L: 0.0596, iệu: 0.0318, ▁cậu: 8.5328, ▁có: 0.0721, ▁đồng: 0.0241, ▁ý: 0.0664, ▁cho: 0.0221, ▁tớ: 3.1072, ▁được: 0.045, ▁can: 0.0016, ▁thiệp: 0.0012, ▁vào: 0.0254, ▁từng: 0.0129, ▁chuyện: 0.0105, ▁một: 0.1115, ▁xuất: 0.0091, ▁hiện: 0.0181, ▁trong: 0.0053, ▁cuộc: 0.0108, ▁đời: 0.0335, ▁cậu: 5.7093, ▁không: 0.1097, ”: 0.0152, </s>: 0.0609",0.6973,8.5328
1196,"H ngồi tiếc vì khum mua chứng xăng dầu, gas 🤓 các bác nào cs típ chs chứng khoán nào cho em xin ạk","Giờ ngồi tiếc vì không mua chứng khoán xăng dầu, gas 🤓 các bác nào có tips chơi chứng khoán nào cho em xin ạ","<s>: 0.0152, ▁Giờ: 0.1321, ▁ngồi: 0.0435, ▁tiếc: 0.0017, ▁vì: 0.0264, ▁không: 0.0424, ▁mua: 0.0655, ▁chứng: 0.0034, ▁khoán: 6.2207, ▁xăng: 3.624, ▁dầu: 0.0086, ,: 0.1626, ▁gas: 0.0229, ▁: 0.1207, <unk>: 0.0784, ▁các: 0.038, ▁bác: 0.0069, ▁nào: 0.0267, ▁có: 0.0494, ▁tips: 9.0975, ▁chơi: 0.0433, ▁chứng: 0.0033, ▁khoán: 0.0012, ▁nào: 0.0448, ▁cho: 0.0649, ▁em: 0.1455, ▁xin: 0.0118, ▁ạ: 0.0153, </s>: 0.1012",0.6972,9.0975
5166,"B tui bị 1 lần ( tại lúc này bả ik đẻ xog c cái lubu ) cs 200k thoi, màk h bị dính cái nợ xấu 😂","Bạn tui bị 1 lần ( tại lúc này bả đi đẻ xong con cái lu bu ) có 200k thôi, mà giờ bị dính cái nợ xấu 😂","<s>: 0.0139, ▁Bạn: 0.0647, ▁tui: 0.0849, ▁bị: 0.0879, ▁1: 0.0398, ▁lần: 0.0434, ▁(: 0.0692, ▁tại: 0.0528, ▁lúc: 0.0283, ▁này: 0.0248, ▁b: 0.1694, ả: 0.0319, ▁đi: 0.0631, ▁đẻ: 0.0038, ▁xong: 0.525, ▁con: 0.1186, ▁cái: 0.0136, ▁lu: 13.936, ▁bu: 8.9137, ▁): 0.0322, ▁có: 0.1051, ▁200: 0.0044, k: 0.0302, ▁thôi: 0.0509, ,: 0.106, ▁mà: 0.0424, ▁giờ: 0.0204, ▁bị: 0.054, ▁dí: 0.0015, nh: 0.0602, ▁cái: 0.0216, ▁nợ: 0.0034, ▁xấu: 0.0013, ▁: 0.1205, <unk>: 0.0688, </s>: 0.0642",0.6964,13.936
7731,"uh ds tui cug ns là méo mó r mak chứ kco ủng hộ đâu nhé, nma k thể quy chụp bà ý hoàn toàn là ng xấu dc í","ừ đúng tui cũng nói là méo mó rồi mà chứ không có ủng hộ đâu nhé, nhưng mà không thể quy chụp bà ý hoàn toàn là người xấu được ý","<s>: 0.014, ▁: 9.1415, ừ: 2.2794, ▁đúng: 4.6032, ▁tui: 7.1112, ▁cũng: 0.0534, ▁nói: 0.0566, ▁là: 0.0624, ▁mé: 0.0021, o: 0.0111, ▁mó: 0.0003, ▁rồi: 0.0282, ▁mà: 0.0353, ▁chứ: 0.0357, ▁không: 0.1603, ▁có: 0.1096, ▁ủng: 0.0041, ▁hộ: 0.0363, ▁đâu: 0.0398, ▁nhé: 0.0097, ,: 0.11, ▁nhưng: 0.1164, ▁mà: 0.0226, ▁không: 0.0969, ▁thể: 0.0354, ▁quy: 0.0033, ▁chụp: 0.003, ▁bà: 0.0437, ▁ý: 0.0051, ▁hoàn: 0.019, ▁toàn: 0.0135, ▁là: 0.0513, ▁người: 0.0529, ▁xấu: 0.0017, ▁được: 0.1034, ▁ý: 1.1982, </s>: 0.0867",0.6961,9.1415
9064,"Tht ra đây là acc clone của MSN, Bách chào e Ngân nhá","Thật ra đây là account clone của MSN, Bách chào em Ngân nhé","<s>: 0.016, ▁Thật: 0.0589, ▁ra: 0.0843, ▁đây: 0.0275, ▁là: 0.102, ▁account: 9.2847, ▁clo: 0.0002, ne: 0.002, ▁của: 0.1313, ▁MSN: 0.0011, ,: 0.1074, ▁B: 0.1383, ách: 0.0065, ▁chào: 0.003, ▁em: 0.078, ▁Ngân: 0.0026, ▁nhé: 2.4344, </s>: 0.0467",0.6958,9.2847
7601,4trăm còn đắt .tiền là lá mít àk,4 trăm còn đắt .tiền là lá mít à,"<s>: 0.0159, ▁4: 0.0293, ▁trăm: 7.781, ▁còn: 1.0195, ▁đắt: 0.0074, ▁: 0.5749, .: 0.033, t: 0.0229, iền: 0.0197, ▁là: 0.1074, ▁lá: 0.0131, ▁mít: 0.0008, ▁à: 0.0236, </s>: 0.0933",0.6958,7.781
1327,"Nếu b ấy khiến b kảm thấy ntn, thì đúng là k dành cho nhau dùi.","Nếu bạn ấy khiến bạn cảm thấy như thế này, thì đúng là không dành cho nhau rồi.","<s>: 0.0141, ▁Nếu: 0.0226, ▁bạn: 0.0341, ▁ấy: 0.0105, ▁khiến: 0.0054, ▁bạn: 0.034, ▁cảm: 0.0216, ▁thấy: 0.027, ▁như: 0.0549, ▁thế: 0.1014, ▁này: 4.0796, ,: 0.0689, ▁thì: 0.037, ▁đúng: 0.0154, ▁là: 0.0645, ▁không: 0.1416, ▁dành: 0.0058, ▁cho: 0.071, ▁nhau: 0.0124, ▁rồi: 10.3219, .: 0.0798, </s>: 0.0745",0.6954,10.3219
390,bn ms hun em thui thì nếu em muốn mập mờ mai em hun bn lại một cái thì ms đc trở thành mập mờ” - Nhà hiền triết Mã Sơn (không ns z),bạn mới hôn em thôi thì nếu em muốn mập mờ mai em hôn bạn lại một cái thì mới được trở thành mập mờ” - Nhà hiền triết Mã Sơn (không nói thế),"<s>: 0.0142, ▁bạn: 0.073, ▁mới: 0.0781, ▁hôn: 14.2967, ▁em: 0.0314, ▁thôi: 0.0142, ▁thì: 0.0568, ▁nếu: 0.0338, ▁em: 0.0791, ▁muốn: 0.0162, ▁m: 0.0272, ập: 0.0012, ▁mờ: 0.0026, ▁mai: 0.0112, ▁em: 0.0735, ▁hôn: 13.1851, ▁bạn: 0.053, ▁lại: 0.0382, ▁một: 0.1152, ▁cái: 0.02, ▁thì: 0.0537, ▁mới: 0.031, ▁được: 0.101, ▁trở: 0.0264, ▁thành: 0.0542, ▁m: 0.0941, ập: 0.0039, ▁mờ: 0.0027, ”: 0.0153, ▁-: 0.0528, ▁Nhà: 0.0092, ▁h: 0.0603, iền: 0.006, ▁tri: 0.0016, ết: 0.0022, ▁Mã: 0.0002, ▁Sơn: 0.0011, ▁(: 0.0593, không: 0.3253, ▁nói: 0.0318, ▁thế: 0.5979, ): 0.0736, </s>: 0.0385",0.6945,14.2967
8631,"Peyz nào độk thân, ẻm hẹn hò vs tui mò","Peyz nào độc thân, em hẹn hò với tôi mà","<s>: 0.0142, ▁Pey: 0.0005, z: 0.0399, ▁nào: 0.0399, ▁độc: 0.0154, ▁thân: 0.0193, ,: 0.1238, ▁em: 0.5894, ▁hẹn: 0.0046, ▁hò: 0.0551, ▁với: 0.0645, ▁tôi: 1.5549, ▁mà: 7.0656, </s>: 0.123",0.6936,7.0656
4537,"• Lễ, tết x2; x3 (Theo BLLD).","• Lễ, tết x2; x3 (Theo Bộ luật Lao động).","<s>: 0.0126, ▁•: 0.0043, ▁Lễ: 0.008, ,: 0.072, ▁tế: 0.0069, t: 0.056, ▁x: 0.0581, 2: 0.0853, ;: 0.204, ▁x: 0.0899, 3: 0.0548, ▁(: 0.062, The: 0.0158, o: 0.0123, ▁Bộ: 8.2389, ▁luật: 3.56, ▁Lao: 0.5814, ▁động: 0.0897, ).: 0.5555, </s>: 0.0918",0.693,8.2389
2457,Là do vđ đọc hiểu của t đúng ko chứ t wtf cái post này vl đấy,Là do vấn đề đọc hiểu của tôi đúng không chứ tôi what the fuck cái post này vãi lồn đấy,"<s>: 0.0141, ▁Là: 0.1933, ▁do: 0.0486, ▁vấn: 0.0523, ▁đề: 0.0125, ▁đọc: 0.0108, ▁hiểu: 0.014, ▁của: 0.0897, ▁tôi: 0.1049, ▁đúng: 0.0086, ▁không: 0.0564, ▁chứ: 0.0235, ▁tôi: 0.1429, ▁what: 8.6053, ▁the: 0.164, <unk>: 5.9654, ▁cái: 0.179, ▁post: 0.0006, ▁này: 0.0386, ▁v: 0.1352, ã: 1.8559, i: 0.0282, ▁lồ: 0.1336, n: 0.0682, ▁đấy: 0.0086, </s>: 0.0625",0.693,8.6053
1597,"Tht sự luonn t khók vc,thương mấy ah lắm,thương Heeseung,thương Enha lắm","Thật sự luôn tôi khóc vãi chưởng,thương mấy anh lắm,thương Heeseung,thương Enhypen lắm","<s>: 0.015, ▁Thật: 0.0368, ▁sự: 0.0329, ▁luôn: 0.0037, ▁tôi: 0.143, ▁khóc: 0.0402, ▁v: 1.7958, ã: 0.0817, i: 0.0455, ▁ch: 0.8163, ưởng: 0.0146, ,: 0.1135, th: 0.0308, ương: 0.0065, ▁mấy: 0.0141, ▁anh: 0.0106, ▁lắm: 0.0102, ,: 0.0692, th: 0.0286, ương: 0.0048, ▁He: 0.0006, ese: 0.0002, ung: 0.0041, ,: 0.1229, th: 0.0346, ương: 0.0081, ▁En: 0.0019, hy: 11.5721, pen: 6.2175, ▁lắm: 0.1038, </s>: 0.0618",0.6917,11.5721
4074,em nek cx là b ik du hok gửi tớ nuôi nèee ✨✨ hỏng phại ẻm bị bỏ rơi nhenn,em nè cũng là bạn đi du học gửi tớ nuôi nè ✨✨ không phải em bị bỏ rơi nhen,"<s>: 0.0151, ▁em: 0.0712, ▁nè: 2.9908, ▁cũng: 0.1073, ▁là: 0.0656, ▁bạn: 0.0335, ▁đi: 0.0474, ▁du: 0.0249, ▁học: 0.0087, ▁gửi: 0.0321, ▁tớ: 0.1163, ▁nuôi: 0.0327, ▁nè: 0.0067, ▁: 0.298, <unk>: 0.0475, <unk>: 0.072, ▁không: 9.7666, ▁phải: 0.8825, ▁em: 1.5604, ▁bị: 0.4105, ▁bỏ: 0.0106, ▁rơi: 0.0187, ▁nh: 0.4007, en: 0.021, </s>: 0.2504",0.6916,9.7666
8028,2 hnay ăn no cơm tó của 2 ng này lun íii nhma t thík quáaa,2 hôm nay ăn no cơm chó của 2 người này luôn ý nhưng mà tôi thích quá,"<s>: 0.0153, ▁2: 0.0498, ▁hôm: 0.4381, ▁nay: 0.126, ▁ăn: 0.0262, ▁no: 0.0093, ▁cơm: 0.0052, ▁chó: 10.5938, ▁của: 0.0965, ▁2: 0.0579, ▁người: 0.0486, ▁này: 0.064, ▁luôn: 0.0222, ▁ý: 0.2371, ▁nhưng: 1.3881, ▁mà: 0.0395, ▁tôi: 0.1372, ▁thích: 0.0344, ▁quá: 0.0072, </s>: 0.4294",0.6913,10.5938
7268,trộm vía zui zẻ nhiệt tình gth sản phẩm vs Cã nhà qe ☺️đề nghị lần sau nhãn hàng mời nhỏ nh nh nh nx nhaaaaa,trộm vía vui vẻ nhiệt tình giới thiệu sản phẩm với cả nhà quá ☺️đề nghị lần sau nhãn hàng mời nhỏ nhiều nhiều nhiều nữa nha,"<s>: 0.0148, ▁trộm: 0.0001, ▁vía: 0.0002, ▁vui: 0.016, ▁vẻ: 0.3014, ▁nhiệt: 0.0027, ▁tình: 0.0132, ▁giới: 0.0418, ▁thiệu: 0.0069, ▁sản: 0.0132, ▁phẩm: 0.015, ▁với: 0.0569, ▁cả: 7.1202, ▁nhà: 0.7881, ▁quá: 9.5432, ▁: 0.2075, <unk>: 0.0466, <unk>: 0.0843, đ: 0.0109, ề: 0.0256, ▁nghị: 0.0439, ▁lần: 0.0145, ▁sau: 0.0288, ▁nhãn: 0.0015, ▁hàng: 0.0144, ▁mời: 0.0035, ▁nhỏ: 0.027, ▁nhiều: 0.1134, ▁nhiều: 0.0587, ▁nhiều: 2.1999, ▁nữa: 0.0529, ▁nha: 1.8485, </s>: 0.0613",0.6902,9.5432
5959,Thử jod ik ship ik :))) zui lắm,Thử job đi ship đi :))) vui lắm,"<s>: 0.0165, ▁Th: 0.0104, ử: 0.0096, ▁job: 7.0151, ▁đi: 0.068, ▁ship: 0.0025, ▁đi: 0.0162, <unk>: 0.3467, ▁vui: 0.0102, ▁lắm: 0.0307, </s>: 0.0606",0.6897,7.0151
9155,tht ra t ghen tị zới tụi Cỏ😭,thật ra tôi ghen tị với tụi Cỏ 😭,"<s>: 0.0148, ▁thật: 0.0403, ▁ra: 0.0777, ▁tôi: 0.1403, ▁gh: 0.006, en: 0.0241, ▁t: 0.0224, ị: 0.0325, ▁với: 0.0859, ▁tụ: 0.0091, i: 0.0433, ▁C: 0.0969, ỏ: 0.0088, ▁: 9.1037, <unk>: 1.2596, </s>: 0.0685",0.6896,9.1037
5962,Tao đg thất nghiệp màk thiệt tình là tao ko muốnvddi lm .,Tao đang thất nghiệp mà thiệt tình là tao không muốn đi làm .,"<s>: 0.0143, ▁Tao: 0.0089, ▁đang: 0.0289, ▁thất: 0.008, ▁nghiệp: 0.0435, ▁mà: 0.1547, ▁thiệt: 0.1614, ▁tình: 0.0093, ▁là: 0.0857, ▁tao: 0.0368, ▁không: 0.075, ▁muốn: 0.0461, ▁đi: 10.7397, ▁làm: 0.0796, ▁: 0.093, .: 0.0579, </s>: 0.0707",0.689,10.7397
8330,"hong s đâu as đến tui còn hay share bài về gumi đây nèk, ng đág quý thì nên đc nh sự yêu quý hơn mak 🤲","không sao đâu á đến tui còn hay share bài về Guma đây nè, người đáng quý thì nên được nhiều sự yêu quý hơn mà 🤲","<s>: 0.0134, ▁không: 0.2641, ▁sao: 0.0151, ▁đâu: 0.0168, ▁á: 0.062, ▁đến: 0.0484, ▁tui: 0.25, ▁còn: 0.0386, ▁hay: 0.0161, ▁share: 0.0024, ▁bài: 0.0139, ▁về: 0.0558, ▁Gum: 14.8681, a: 5.5533, ▁đây: 0.1119, ▁nè: 0.0063, ,: 0.0718, ▁người: 0.0619, ▁đáng: 0.0042, ▁quý: 0.0188, ▁thì: 0.0853, ▁nên: 0.03, ▁được: 0.0677, ▁nhiều: 0.0268, ▁sự: 0.0309, ▁yêu: 0.057, ▁quý: 0.0071, ▁hơn: 0.038, ▁mà: 0.0178, ▁: 0.0956, <unk>: 0.0533, </s>: 0.0417",0.6889,14.8681
5383,"Zô mấy group về jyotish, vedic trên fb lày.","Vô mấy group về jyotish, vedic trên facebook này.","<s>: 0.016, ▁Vô: 0.1223, ▁mấy: 0.0323, ▁group: 0.0034, ▁về: 0.0287, <unk>: 0.3904, o: 0.0107, tish: 0.0004, ,: 0.0738, ▁ved: 0.0, ic: 0.0033, ▁trên: 0.0448, ▁facebook: 1.6165, ▁này: 8.5156, .: 0.0877, </s>: 0.0682",0.6884,8.5156
7941,zạ để tui gảnk tui cook nhá =))),dạ để tui rảnh tui cook nha =))),"<s>: 0.0172, ▁dạ: 0.1458, ▁để: 0.0626, ▁tui: 0.1737, ▁r: 0.5124, ả: 0.007, nh: 0.1153, ▁tui: 0.165, ▁cook: 0.0268, ▁nha: 7.5709, ▁=: 0.0322, ))): 0.0194, </s>: 0.0741",0.6863,7.5709
558,Độk lạ fan VB 🤣 soi cgi của nhỏ k ak Bữa soi tất nay soi tóc...,Độc lạ fan Vương Bình 🤣 soi cái gì của nhỏ không à Bữa soi tất nay soi tóc...,"<s>: 0.0149, ▁Độ: 0.0213, c: 2.1963, ▁lạ: 0.0106, ▁fan: 0.0044, ▁Vương: 9.1312, ▁Bình: 4.1441, ▁: 1.364, <unk>: 0.0716, ▁soi: 0.0009, ▁cái: 0.0372, ▁gì: 0.0267, ▁của: 0.1073, ▁nhỏ: 0.007, ▁không: 0.0942, ▁à: 0.2466, ▁B: 0.0283, ữ: 0.0032, a: 0.0075, ▁soi: 0.0003, ▁tất: 0.023, ▁nay: 0.2118, ▁soi: 0.0002, ▁tóc: 0.0023, ...: 0.0283, </s>: 0.0607",0.6863,9.1312
3641,B ơi nếu b cs thì b cs thể cho mk xin list các quán bar/pub ở HN đc ko ạk?,Bạn ơi nếu bạn có thì bạn có thể cho mình xin danh sách các quán bar/pub ở Hà Nội được không ạ?,"<s>: 0.0145, ▁Bạn: 0.2046, ▁ơi: 0.0191, ▁nếu: 0.02, ▁bạn: 0.0254, ▁có: 0.108, ▁thì: 0.0967, ▁bạn: 0.0263, ▁có: 0.0727, ▁thể: 0.0382, ▁cho: 0.0379, ▁mình: 0.0269, ▁xin: 0.0136, ▁danh: 9.8633, ▁sách: 7.9545, ▁các: 0.2388, ▁quán: 0.0074, ▁bar: 0.0086, /: 0.0328, pub: 0.0025, ▁ở: 0.0606, ▁Hà: 0.0519, ▁Nội: 0.0272, ▁được: 0.0559, ▁không: 0.0644, ▁ạ: 0.0226, ?: 0.065, </s>: 0.0506",0.6861,9.8633
8921,ê thiệt hả...ý là thiệt z hả....?????,ê thiệt hả... ý là thiệt vậy hả....?????,"<s>: 0.0156, ▁ê: 0.0004, ▁thiệt: 0.1365, ▁hả: 0.002, ...: 0.0292, ▁ý: 8.3307, ▁là: 0.0707, ▁thiệt: 0.1219, ▁vậy: 0.5191, ▁hả: 0.0022, .: 0.1061, ...: 0.059, <unk>: 0.1068, </s>: 0.0923",0.6852,8.3307
8471,"Hoá điên lên, ổng toàn chuyện trên tr rơi xuống.","Hóa điên lên, ổng toàn chuyện trên trời rơi xuống.","<s>: 0.0153, <unk>: 9.58, ▁điên: 0.0046, ▁lên: 0.0524, ,: 0.1214, ▁ổn: 0.106, g: 0.1031, ▁toàn: 0.0198, ▁chuyện: 0.0259, ▁trên: 0.0128, ▁trời: 0.037, ▁rơi: 0.0044, ▁xuống: 0.008, .: 0.087, </s>: 0.0622",0.6827,9.58
6418,Bn muốn nghe kn của 1 giám đốc nh ko?,Bạn muốn nghe kinh nghiệm của 1 giám đốc ngân hàng không?,"<s>: 0.0145, ▁Bạn: 0.0326, ▁muốn: 0.0283, ▁nghe: 0.026, ▁kinh: 0.0094, ▁nghiệm: 0.0627, ▁của: 0.0627, ▁1: 0.2175, ▁giám: 0.0381, ▁đốc: 0.0164, ▁ngân: 9.4487, ▁hàng: 0.006, ▁không: 0.1044, ?: 0.1045, </s>: 0.0633",0.6823,9.4487
8772,"Cs hôm lm xog nằm tầm 30p xog lại đè ra mak nhg lần nthe lại lâu, 30-40p tê nhức ht cả kiu.","Có hôm làm xong nằm tầm 30 phút xong lại đè ra mà nhưng lần như thế lại lâu, 30-40 phút tê nhức hết cả con cặc.","<s>: 0.0145, ▁Có: 0.1507, ▁hôm: 0.008, ▁làm: 0.0561, ▁xong: 0.0381, ▁nằm: 0.0078, ▁tầm: 0.0042, ▁30: 0.0041, ▁phút: 0.0841, ▁xong: 0.1753, ▁lại: 0.0263, ▁đ: 0.0036, è: 0.0045, ▁ra: 0.0292, ▁mà: 0.077, ▁nhưng: 2.0764, ▁lần: 0.0319, ▁như: 0.0299, ▁thế: 0.0476, ▁lại: 0.0538, ▁lâu: 0.0214, ,: 0.1178, ▁30-40: 0.0913, ▁phút: 0.2393, ▁tê: 0.0186, ▁nh: 0.0687, ức: 0.0009, ▁hết: 0.0116, ▁cả: 0.0217, ▁con: 12.2638, ▁c: 7.0226, ặc: 0.1439, .: 0.1491, </s>: 0.0514",0.6807,12.2638
275,ko ý kiến j nhưg bó hoa n 6 tht :))) ko bằng mấy bó bó sẵn,không ý kiến gì nhưng bó hoa nó xấu thật :))) không bằng mấy bó bó sẵn,"<s>: 0.0131, ▁không: 0.1228, ▁ý: 0.0194, ▁kiến: 0.012, ▁gì: 0.0251, ▁nhưng: 0.1505, ▁bó: 0.0015, ▁hoa: 0.0115, ▁nó: 0.0464, ▁xấu: 12.0271, ▁thật: 0.1377, <unk>: 0.1807, ▁không: 0.0514, ▁bằng: 0.0181, ▁mấy: 0.0078, ▁bó: 0.0024, ▁bó: 0.001, ▁sẵn: 0.0017, </s>: 0.0864",0.6798,12.0271
3839,Thay vì kêu thì cố kiếm tiền nh rùi 2 mẹ c ra ở trọ riêng cho thoái mái,Thay vì kêu thì cố kiếm tiền nhiều rồi hai mẹ con ra ở trọ riêng cho thoải mái,"<s>: 0.0144, ▁Thay: 0.0028, ▁vì: 0.0181, ▁kêu: 0.0038, ▁thì: 0.0778, ▁cố: 0.0073, ▁kiếm: 0.0089, ▁tiền: 0.0406, ▁nhiều: 0.0683, ▁rồi: 0.1114, ▁hai: 4.8098, ▁mẹ: 0.041, ▁con: 0.2247, ▁ra: 0.0274, ▁ở: 0.1004, ▁trọ: 0.0011, ▁riêng: 0.0095, ▁cho: 0.1021, ▁thoải: 8.527, ▁mái: 0.0084, </s>: 0.0612",0.6793,8.527
7699,Hoá ra chỉ cs bọn t né ziệc yêu nyc của nhau,Hóa ra chỉ có bọn tôi né việc yêu người yêu cũ của nhau,"<s>: 0.0165, <unk>: 9.3274, ▁ra: 0.4595, ▁chỉ: 0.0581, ▁có: 0.0367, ▁bọn: 0.0038, ▁tôi: 0.164, ▁né: 0.001, ▁việc: 0.0739, ▁yêu: 0.076, ▁người: 0.0045, ▁yêu: 0.4009, ▁cũ: 0.0223, ▁của: 0.1218, ▁nhau: 0.0261, </s>: 0.0717",0.679,9.3274
8618,Mom mak tìm hiểu bà này xog mom chỉ muốn kí đầu tk Bông thui😫,Mom mà tìm hiểu bà này xong mom chỉ muốn ký đầu thằng Bông thôi 😫,"<s>: 0.0149, ▁Mom: 0.01, ▁mà: 0.0367, ▁tìm: 0.013, ▁hiểu: 0.0247, ▁bà: 0.021, ▁này: 0.0347, ▁xong: 0.8539, ▁mom: 0.0064, ▁chỉ: 0.1522, ▁muốn: 0.0204, ▁ký: 2.1882, ▁đầu: 0.0529, ▁thằng: 0.0524, ▁B: 0.0194, ông: 0.0037, ▁thôi: 0.0143, ▁: 8.6716, <unk>: 1.3012, </s>: 0.0505",0.6771,8.6716
3805,Ah t chỉ bt là chanh trc ik xin job CT cho bố bỉm ở weibo.,À tôi chỉ biết là chanh trước đi xin job CT cho bố bỉm ở Weibo.,"<s>: 0.0152, ▁À: 3.7897, ▁tôi: 0.1524, ▁chỉ: 0.0332, ▁biết: 0.0093, ▁là: 0.0666, ▁chan: 0.0006, h: 0.0148, ▁trước: 0.0309, ▁đi: 0.0699, ▁xin: 0.0177, ▁job: 0.0056, ▁CT: 1.3377, ▁cho: 0.0586, ▁bố: 0.0156, ▁b: 0.1408, ỉ: 0.0117, m: 0.0364, ▁ở: 0.0919, ▁Wei: 8.2928, bo: 1.2349, .: 0.0843, </s>: 0.0484",0.6765,8.2928
4402,"kéo vạch chống tràn, chọn đúng size bỉm mom ơi.","kéo vách chống tràn, chọn đúng size bỉm mom ơi.","<s>: 0.0146, ▁kéo: 0.0018, ▁v: 0.0577, ách: 10.8104, ▁chống: 0.0024, ▁tràn: 0.0001, ,: 0.1008, ▁chọn: 0.0187, ▁đúng: 0.0166, ▁size: 0.0055, ▁b: 0.2145, ỉ: 0.0116, m: 0.0449, ▁mom: 0.0026, ▁ơi: 0.0266, .: 0.0727, </s>: 0.0725",0.6749,10.8104
2461,ko lquan lắm nma cs ai bt cái nào giống thập tông tội hay ghi chép pháp y hay kể lại qa trình tra án dựa trên các zụ án cs tht khum,không liên quan lắm nhưng mà có ai biết cái nào giống Thập tông tội hay Ghi chép pháp y hay kể lại quá trình tra án dựa trên các vụ án có thật không,"<s>: 0.0139, ▁không: 0.1356, ▁liên: 0.0082, ▁quan: 0.0151, ▁lắm: 0.0107, ▁nhưng: 0.0606, ▁mà: 0.0322, ▁có: 0.1231, ▁ai: 0.0317, ▁biết: 0.0263, ▁cái: 0.0381, ▁nào: 0.0356, ▁giống: 0.0181, ▁Thậ: 11.6929, p: 6.1851, ▁tông: 0.0006, ▁tội: 0.0049, ▁hay: 0.0375, ▁Ghi: 6.5978, ▁chép: 0.0009, ▁pháp: 0.0075, ▁y: 0.0213, ▁hay: 0.0224, ▁kể: 0.0013, ▁lại: 0.0301, ▁quá: 0.0058, ▁trình: 0.0062, ▁tra: 0.0101, ▁án: 0.0034, ▁dựa: 0.0032, ▁trên: 0.0322, ▁các: 0.0835, ▁vụ: 0.0423, ▁án: 0.0019, ▁có: 0.0547, ▁thật: 0.0184, ▁không: 0.008, </s>: 0.2203",0.6748,11.6929
8603,"Tui cx shock bà ạk, ai cs dè b tôi iu yordle đâu 😔","Tui cũng sốc bà ạ, ai có dè bạn tôi yêu yordle đâu 😔","<s>: 0.0132, ▁Tu: 0.1093, i: 0.0615, ▁cũng: 0.1329, ▁số: 12.7364, c: 0.2693, ▁bà: 0.0309, ▁ạ: 0.038, ,: 0.134, ▁ai: 0.027, ▁có: 0.0619, ▁dè: 0.0006, ▁bạn: 0.09, ▁tôi: 0.1304, ▁yêu: 0.0389, ▁yor: 0.0187, dle: 0.0121, ▁đâu: 0.0846, ▁: 0.0617, <unk>: 0.0644, </s>: 0.0542",0.6748,12.7364
775,Dạy ctm kh ai rõ hơn 2k7 đâu mấy ôg ah đòi kn nhma kthuc ctm kco thì như ko nhé,Dạy cấu trúc máy tính không ai rõ hơn 2k7 đâu mấy ông anh đòi kinh nghiệm nhưng mà kiến thức cấu trúc máy tính không có thì như không nhé,"<s>: 0.0143, ▁Dạ: 0.0005, y: 0.1504, ▁cấu: 11.5086, ▁trúc: 0.0093, ▁máy: 3.0282, ▁tính: 0.0482, ▁không: 0.0416, ▁ai: 0.0159, ▁rõ: 0.0069, ▁hơn: 0.0156, ▁2: 0.0071, k: 0.0309, 7: 0.0027, ▁đâu: 0.0087, ▁mấy: 0.0125, ▁ông: 0.0175, ▁anh: 0.0456, ▁đòi: 0.0018, ▁kinh: 0.0137, ▁nghiệm: 0.5213, ▁nhưng: 0.0454, ▁mà: 0.065, ▁kiến: 1.4067, ▁thức: 0.0584, ▁cấu: 6.2852, ▁trúc: 0.027, ▁máy: 0.1922, ▁tính: 0.1308, ▁không: 0.1439, ▁có: 0.0774, ▁thì: 0.0645, ▁như: 0.0229, ▁không: 0.1275, ▁nhé: 0.0083, </s>: 0.071",0.673,11.5086
3990,còn hệ tc 1 nửa chỗ đấy thui nên là tùy thuộc c b vào đâu,còn hệ tiêu chuẩn 1 nửa chỗ đấy thôi nên là tùy thuộc con bạn vào đâu,"<s>: 0.016, ▁còn: 0.0611, ▁hệ: 0.0072, ▁tiêu: 8.1816, ▁chuẩn: 2.3253, ▁1: 0.0717, ▁nửa: 0.0019, ▁chỗ: 0.0138, ▁đấy: 0.0212, ▁thôi: 0.0163, ▁nên: 0.0231, ▁là: 0.0533, <unk>: 1.5848, ▁thuộc: 0.0092, ▁con: 0.2013, ▁bạn: 0.0364, ▁vào: 0.051, ▁đâu: 0.0422, </s>: 0.0583",0.6724,8.1816
8850,Cái home này hơi lowkey nmà đẹp mát tui coi vlog bà hay nấu ăn thì đây đúng là lí tưởng sống ds bà,Cái home này hơi low-key nhưng mà đẹp mát tui coi vlog bà hay nấu ăn thì đây đúng là lý tưởng sống đó bà,"<s>: 0.0143, ▁Cái: 0.0153, ▁home: 0.0143, ▁này: 0.0397, ▁hơi: 0.004, ▁low: 0.0001, -: 14.3776, key: 0.0003, ▁nhưng: 0.0609, ▁mà: 0.0673, ▁đẹp: 0.0164, ▁mát: 0.0039, ▁tui: 0.2434, ▁coi: 0.013, ▁vlog: 0.0001, ▁bà: 0.032, ▁hay: 0.0323, ▁nấu: 0.006, ▁ăn: 0.0348, ▁thì: 0.0667, ▁đây: 0.013, ▁đúng: 0.0141, ▁là: 0.0509, ▁lý: 4.0351, ▁tưởng: 0.0123, ▁sống: 0.0286, ▁đó: 0.1074, ▁bà: 0.0261, </s>: 0.1123",0.6704,14.3776
3884,"Ckhai shop lên chứ b, chủ shop md nvay ko xứng đág","Công khai shop lên chứ bạn, chủ shop mất dạy như vậy không xứng đáng","<s>: 0.0152, ▁Công: 1.4649, ▁khai: 0.0573, ▁shop: 0.0083, ▁lên: 0.1264, ▁chứ: 0.0401, ▁bạn: 0.0531, ,: 0.1425, ▁chủ: 0.0157, ▁shop: 0.0122, ▁mất: 9.0677, ▁dạy: 0.7803, ▁như: 0.0047, ▁vậy: 0.127, ▁không: 0.0975, ▁xứng: 0.0041, ▁đáng: 0.0021, </s>: 0.0439",0.6702,9.0677
1007,Tuỳ độ cạn của bình sân as Như cùng vạch đỏ nhg trg đók cg khác mag,Tuỳ độ cạn của bình xăng á Như cùng vạch đỏ nhưng trong đó cũng khác mà,"<s>: 0.0145, ▁Tu: 0.0086, ỳ: 0.0149, ▁độ: 0.0209, ▁c: 0.0582, ạ: 0.0119, n: 0.0423, ▁của: 0.0666, ▁bình: 0.0031, ▁xăng: 13.3135, ▁á: 0.052, ▁Như: 0.0235, ▁cùng: 0.0147, ▁v: 0.1081, ạch: 0.0026, ▁đỏ: 0.0047, ▁nhưng: 0.1106, ▁trong: 0.6101, ▁đó: 0.0162, ▁cũng: 0.069, ▁khác: 0.0139, ▁mà: 0.7477, </s>: 0.0696",0.6695,13.3135
7186,"Ôii kảm ơn ""công chúa"" vì đã thik fibi ank Sơn","Ôi cảm ơn ""công chúa"" vì đã thích freebie anh Sơn","<s>: 0.0144, ▁Ô: 0.0921, i: 0.3781, ▁cảm: 0.0788, ▁ơn: 0.0286, ▁"": 0.088, c: 0.0633, ông: 0.0047, ▁chú: 0.0013, a: 0.0415, "": 0.0594, ▁vì: 0.054, ▁đã: 0.0658, ▁thích: 0.0289, ▁free: 9.0058, bie: 2.5398, ▁anh: 0.0644, ▁Sơn: 0.0039, </s>: 0.0952",0.6689,9.0058
2185,T thấy m cx đăng clip xx tè le chứ tốt lành j zời .,Tôi thấy mày cũng đăng clip sex tè le chứ tốt lành gì trời .,"<s>: 0.014, ▁Tôi: 0.1883, ▁thấy: 0.0283, ▁mày: 0.2646, ▁cũng: 0.2011, ▁đăng: 0.0034, ▁clip: 0.0048, ▁sex: 10.9416, ▁tè: 0.0061, ▁le: 0.1022, ▁chứ: 0.0306, ▁tốt: 0.0125, ▁lành: 0.0006, ▁gì: 0.0252, ▁trời: 0.0221, ▁: 0.0748, .: 0.0512, </s>: 0.0663",0.6688,10.9416
701,đbiet cả 5 đứa hát live giỏi lắm bồ 👍🏻,đặc biệt cả 5 đứa hát live giỏi lắm bồ 👍🏻,"<s>: 0.017, ▁đặc: 10.2025, ▁biệt: 0.0439, ▁cả: 0.0473, ▁5: 0.0353, ▁đứa: 0.0062, ▁hát: 0.015, ▁live: 0.0015, ▁giỏi: 0.0041, ▁lắm: 0.0083, ▁b: 0.0167, ồ: 0.0084, ▁: 0.0979, <unk>: 0.0736, <unk>: 0.062, </s>: 0.0584",0.6686,10.2025
5842,APLLY NGAY THUI NÀO 🧡 • Tiệm đag tìm 02 bn đồng hành lâu dài ở vị trí Bán hàng kiêm hỗ trợ sản xuất đồ handmade.,APPLY NGAY THÔI NÀO 🧡 • Tiệm đang tìm 02 bạn đồng hành lâu dài ở vị trí Bán hàng kiêm hỗ trợ sản xuất đồ handmade.,"<s>: 0.0128, ▁APP: 9.086, LY: 9.3049, ▁N: 0.0692, GAY: 0.0011, ▁TH: 0.0877, Ô: 6.8704, I: 0.1909, ▁N: 0.0661, À: 0.0712, O: 0.1621, ▁: 0.0516, <unk>: 0.0301, ▁•: 0.0052, ▁T: 0.1224, iệm: 0.0039, ▁đang: 0.0146, ▁tìm: 0.0252, ▁02: 0.0763, ▁bạn: 0.031, ▁đồng: 0.0235, ▁hành: 0.013, ▁lâu: 0.004, ▁dài: 0.0219, ▁ở: 0.056, ▁vị: 0.006, ▁trí: 0.0153, ▁Bán: 0.003, ▁hàng: 0.0083, ▁ki: 0.0022, êm: 0.001, ▁hỗ: 0.0032, ▁trợ: 0.018, ▁sản: 0.0078, ▁xuất: 0.0905, ▁đồ: 0.0097, ▁hand: 0.0009, made: 0.0035, .: 0.0771, </s>: 0.0524",0.6675,9.3049
6033,bik đâu sẽ sớm gặp nhau thui :D ở tui TLH lâm sàng còn ms nên nh cái vẫn sẽ ra HN hc ak mom,biết đâu sẽ sớm gặp nhau thôi :D ở tui Tâm lý học lâm sàng còn mới nên nhiều cái vẫn sẽ ra Hà Nội học á mom,"<s>: 0.0158, ▁biết: 0.0118, ▁đâu: 0.0111, ▁sẽ: 0.0863, ▁sớm: 0.0038, ▁gặp: 0.0084, ▁nhau: 0.021, ▁thôi: 0.0303, ▁:: 0.0141, D: 0.0546, ▁ở: 0.0962, ▁tui: 0.3425, ▁Tâm: 8.7366, ▁lý: 5.8118, ▁học: 0.1485, ▁lâm: 0.0313, ▁sàng: 0.0026, ▁còn: 0.0783, ▁mới: 0.0269, ▁nên: 0.1171, ▁nhiều: 0.0305, ▁cái: 0.0207, ▁vẫn: 0.0407, ▁sẽ: 0.0316, ▁ra: 0.0205, ▁Hà: 0.0805, ▁Nội: 0.0255, ▁học: 0.0408, ▁á: 4.6469, ▁mom: 0.0016, </s>: 0.0964",0.6672,8.7366
3455,"m cs p c tao đâu"" ""Thì đók nào cô ik 5tr thì cn lấy chuyện nhà cô ah?""","""mày có phải con tao đâu"" ""Thì đó nào cô đi 5 triệu thì con lấy chuyện nhà cô à?""","<s>: 0.0154, ▁"": 9.7945, m: 2.6674, à: 4.4472, y: 0.1727, ▁có: 0.0847, ▁phải: 0.1045, ▁con: 0.1771, ▁tao: 0.0153, ▁đâu: 0.0364, "": 0.0329, ▁"": 0.0628, T: 0.2041, hì: 0.035, ▁đó: 0.0435, ▁nào: 0.0172, ▁cô: 0.0574, ▁đi: 0.0311, ▁5: 0.0168, ▁triệu: 0.1214, ▁thì: 0.0903, ▁con: 0.6629, ▁lấy: 0.0033, ▁chuyện: 0.0253, ▁nhà: 0.0427, ▁cô: 0.1072, ▁à: 0.154, ?"": 0.0567, </s>: 0.0659",0.6671,9.7945
3688,:))) ôi brand kêu là fan inter tgia đc xog cái bảng 50ng dell cs tên inter nào lunnn toàn tiếng thái may dell lao đầu vào nh,:))) ôi brand kêu là fan international tham gia được xong cái bảng 50 người đéo có tên international nào luôn toàn tiếng thái may đéo lao đầu vào nhiều,"<s>: 0.0156, <unk>: 0.4301, ▁: 0.0584, ôi: 0.0037, ▁brand: 0.0032, ▁kêu: 0.0017, ▁là: 0.0492, ▁fan: 0.0042, ▁international: 8.5777, ▁tham: 0.0974, ▁gia: 0.0279, ▁được: 0.0585, ▁xong: 3.5088, ▁cái: 0.0271, ▁bảng: 0.0014, ▁50: 0.0016, ▁người: 1.1838, ▁đ: 2.4489, é: 0.0726, o: 0.0235, ▁có: 0.1255, ▁tên: 0.0141, ▁international: 7.2435, ▁nào: 0.0244, ▁luôn: 0.0152, ▁toàn: 0.0089, ▁tiếng: 0.0125, ▁thái: 0.0027, ▁may: 0.0078, ▁đ: 0.9928, é: 0.0365, o: 0.0177, ▁la: 0.0715, o: 0.0322, ▁đầu: 0.0112, ▁vào: 0.0172, ▁nhiều: 0.039, </s>: 0.0713",0.6668,8.5777
6827,Phí tuỳ tâm lun nhưg đông khách nên ph đợi lịch as.,Phí tùy tâm luôn nhưng đông khách nên phải đợi lịch á.,"<s>: 0.0159, ▁Phí: 0.0005, <unk>: 9.1585, ▁tâm: 0.2081, ▁luôn: 0.0467, ▁nhưng: 0.2057, ▁đông: 0.0208, ▁khách: 0.013, ▁nên: 0.0742, ▁phải: 0.0211, ▁đợi: 0.0064, ▁lịch: 0.0094, ▁á: 0.0698, .: 0.0824, </s>: 0.0637",0.6664,9.1585
4287,Ra net cs máy thì ngồi chs mắc j xem tk máy bên cạnh lgi,Ra nét có máy thì ngồi chơi mắc gì xem thằng máy bên cạnh làm gì,"<s>: 0.0142, ▁Ra: 0.0539, ▁nét: 11.3352, ▁có: 0.0965, ▁máy: 0.0172, ▁thì: 0.0936, ▁ngồi: 0.0061, ▁chơi: 0.0229, ▁mắc: 0.0014, ▁gì: 0.0298, ▁xem: 0.0225, ▁thằng: 0.0695, ▁máy: 0.0374, ▁bên: 0.0661, ▁cạnh: 0.0164, ▁làm: 0.0241, ▁gì: 0.0162, </s>: 0.0679",0.6662,11.3352
672,bây h e cứ đầu tư bthan mik cg chăm sóc cho bthan đẹp lên là cs ng tìm đến ah cg lên e nhé❤️,bây giờ em cứ đầu tư bản thân mình cũng chăm sóc cho bản thân đẹp lên là có người tìm đến à cố gắng lên em nhé❤️,"<s>: 0.0143, ▁bây: 0.0107, ▁giờ: 0.015, ▁em: 0.1083, ▁cứ: 0.0113, ▁đầu: 0.026, ▁tư: 0.0179, ▁bản: 0.0026, ▁thân: 0.0116, ▁mình: 0.0154, ▁cũng: 0.0814, ▁chăm: 0.0078, ▁sóc: 0.0329, ▁cho: 0.0576, ▁bản: 0.0022, ▁thân: 0.1225, ▁đẹp: 0.0245, ▁lên: 0.0347, ▁là: 0.0637, ▁có: 0.075, ▁người: 0.0517, ▁tìm: 0.0145, ▁đến: 0.0296, ▁à: 4.0693, ▁cố: 11.9835, ▁gắng: 4.1211, ▁lên: 0.0513, ▁em: 0.0857, ▁nhé: 0.0258, <unk>: 0.0408, <unk>: 0.0404, </s>: 0.0313",0.665,11.9835
92,"cả zụ blhđ nx nhé,kh bk rõ đầu đuôi màk lên video để CĐM vào côg kích mấy c bé","cả vụ bạo lực học đường nữa nhé,không biết rõ đầu đuôi mà lên video để Cộng đồng mạng vào công kích mấy con bé","<s>: 0.0141, ▁cả: 0.0821, ▁vụ: 0.0324, ▁bạo: 7.9025, ▁lực: 1.6567, ▁học: 2.7388, ▁đường: 0.1129, ▁nữa: 0.1183, ▁nhé: 0.0162, ,: 0.0789, không: 3.8387, ▁biết: 0.1062, ▁rõ: 0.0015, ▁đầu: 0.0123, ▁: 0.1263, đu: 0.0005, ôi: 0.04, ▁mà: 0.0622, ▁lên: 0.0691, ▁video: 0.0037, ▁để: 0.0777, ▁Cộng: 3.0039, ▁đồng: 0.1522, ▁mạng: 0.0589, ▁vào: 0.0333, ▁công: 0.0344, ▁kích: 0.0001, ▁mấy: 0.0105, ▁con: 0.113, ▁bé: 0.0101, </s>: 0.1035",0.6649,7.9025
9085,"Lớn rùi, ghen ra mặt nuôn","Lớn rồi, ghen ra mặt luôn","<s>: 0.0152, ▁L: 0.1173, ớ: 0.007, n: 0.0417, ▁rồi: 0.0783, ,: 0.1004, ▁gh: 0.0035, en: 0.0627, ▁ra: 0.0247, ▁mặt: 0.0145, ▁luôn: 7.4494, </s>: 0.0624",0.6648,7.4494
1365,lâu lâu thấy hơi khó chịu nhẹ nhẹ =)) nhma t cx ráng snghi cũg cs thể do cách nchuyen của bả trên mạng v chứ k p pmg zề,lâu lâu thấy hơi khó chịu nhẹ nhẹ =)) nhưng mà tôi cũng ráng suy nghĩ cũng có thể do cách nói chuyện của bả trên mạng vậy chứ không phải pick me girl gì,"<s>: 0.0142, ▁lâu: 0.0073, ▁lâu: 0.0221, ▁thấy: 0.0201, ▁hơi: 0.006, ▁khó: 0.0052, ▁chịu: 0.0035, ▁nhẹ: 0.0017, ▁nhẹ: 0.002, ▁=): 0.0013, ): 0.0336, ▁nhưng: 0.0361, ▁mà: 0.0267, ▁tôi: 0.1294, ▁cũng: 0.0688, ▁rá: 0.0001, ng: 0.0243, ▁suy: 0.012, ▁nghĩ: 0.0286, ▁cũng: 0.2155, ▁có: 0.0484, ▁thể: 0.0243, ▁do: 0.0431, ▁cách: 0.0123, ▁nói: 0.6996, ▁chuyện: 0.0123, ▁của: 0.1217, ▁b: 0.3134, ả: 0.0174, ▁trên: 0.0465, ▁mạng: 0.009, ▁vậy: 0.065, ▁chứ: 0.0117, ▁không: 0.0482, ▁phải: 0.0172, ▁pick: 12.5812, ▁me: 4.0896, ▁girl: 7.3257, ▁gì: 0.0132, </s>: 0.4292",0.6647,12.5812
5279,"Đã v mak các bác còn tìm đủ mọi cách để bào dân Chết dần chết mòn, kt ik xuống, dân đói khác sẽ tệ nạn xã hội","Đã vậy mà các bác còn tìm đủ mọi cách để bào dân Chết dần chết mòn, kinh tế đi xuống, dân đói khát sẽ tệ nạn xã hội","<s>: 0.0129, ▁Đã: 0.0089, ▁vậy: 0.0385, ▁mà: 0.0546, ▁các: 0.0617, ▁bác: 0.0087, ▁còn: 0.0359, ▁tìm: 0.0059, ▁đủ: 0.0129, ▁mọi: 0.0524, ▁cách: 0.021, ▁để: 0.0254, ▁bào: 0.0008, ▁dân: 0.0178, ▁Chế: 0.0009, t: 0.0285, ▁dần: 0.0008, ▁chết: 0.0069, ▁mò: 0.0007, n: 0.03, ,: 0.0896, ▁kinh: 1.3559, ▁tế: 0.0291, ▁đi: 0.0412, ▁xuống: 0.0113, ,: 0.0952, ▁dân: 0.0124, ▁đó: 0.0055, i: 0.0285, ▁khá: 15.1757, t: 1.1382, ▁sẽ: 5.9913, ▁tệ: 0.0006, ▁nạn: 0.0135, ▁xã: 0.0093, ▁hội: 0.0159, </s>: 0.0699",0.6624,15.1757
7674,"Điềm huyền khí đỉnk wa ạk, tốn nh gạo ko hả shop","Điểm huyền khí đỉnh quá ạ, tốn nhiều gạo không hả shop","<s>: 0.0149, ▁Điểm: 10.1305, ▁huyền: 0.0013, ▁khí: 0.0173, ▁đỉnh: 0.0141, ▁quá: 0.0171, ▁ạ: 0.0192, ,: 0.0968, ▁tố: 0.0017, n: 0.0237, ▁nhiều: 0.0522, ▁gạo: 0.0004, ▁không: 0.08, ▁hả: 0.022, ▁shop: 0.0056, </s>: 0.0817",0.6611,10.1305
3664,Cj ơi cho e xin ảnh tổng z rạp đk ko.,Chị ơi cho em xin ảnh tổng thể rạp được không.,"<s>: 0.0146, ▁Chị: 0.0485, ▁ơi: 0.0191, ▁cho: 0.0384, ▁em: 0.071, ▁xin: 0.011, ▁ảnh: 0.0574, ▁tổng: 0.015, ▁thể: 9.3552, ▁r: 0.0245, ạp: 0.0172, ▁được: 0.0482, ▁không: 0.0377, .: 0.1009, </s>: 0.0568",0.661,9.3552
4807,nhâm nhi cf...là đã thấy cs mơ ước r.,nhâm nhi cà phê... là đã thấy cuộc sống mơ ước rồi.,"<s>: 0.014, ▁nhâ: 0.0008, m: 0.0363, ▁nhi: 0.1912, ▁cà: 1.2749, ▁phê: 0.0036, ...: 0.0469, ▁là: 1.1183, ▁đã: 0.1008, ▁thấy: 0.0177, ▁cuộc: 7.6988, ▁sống: 0.084, ▁mơ: 0.3868, ▁ước: 0.0097, ▁rồi: 0.0293, .: 0.1096, </s>: 0.1063",0.6605,7.6988
8303,Ik lm oằn lưng 8 tiếng đêm noel vào threads cái thays ngta yêu nhau r. Th thì ik xin vía ạk,Đi làm oằn lưng 8 tiếng đêm Noel vào threads cái thấy người ta yêu nhau rồi. Thôi thì đi xin vía ạ,"<s>: 0.0153, ▁Đi: 0.0386, ▁làm: 0.0965, ▁o: 0.0493, ằ: 0.0017, n: 0.0233, ▁lưng: 0.0007, ▁8: 0.015, ▁tiếng: 0.04, ▁đêm: 0.0108, ▁Noel: 6.4435, ▁vào: 0.0481, ▁thread: 0.0002, s: 0.0277, ▁cái: 0.0452, ▁thấy: 11.5218, ▁người: 0.078, ▁ta: 0.051, ▁yêu: 0.0611, ▁nhau: 0.0123, ▁rồi: 0.0149, .: 0.0376, ▁Thôi: 0.3026, ▁thì: 0.0505, ▁đi: 0.0205, ▁xin: 0.0103, ▁vía: 0.0, ▁ạ: 0.0123, </s>: 0.0837",0.659,11.5218
709,Mă đg stress màk nhìn n ht stress lun ds tr,Má đang stress mà nhìn nó hết stress luôn đó trời,"<s>: 0.0152, ▁Má: 8.2184, ▁đang: 0.0467, ▁stress: 0.0127, ▁mà: 0.0584, ▁nhìn: 0.0104, ▁nó: 0.0504, ▁hết: 0.0074, ▁stress: 0.0098, ▁luôn: 0.0367, ▁đó: 0.0318, ▁trời: 0.0043, </s>: 0.0609",0.6587,8.2184
3798,"cs bé user bằng tuổi ẻm đók, nhỏ chụt ít bn toàn mấy ah chj thuo🤣","có bé user bằng tuổi em đó, nhỏ chuột ít bạn toàn mấy anh chị thôi🤣","<s>: 0.0145, ▁có: 0.1392, ▁bé: 0.0095, ▁user: 0.0022, ▁bằng: 0.019, ▁tuổi: 0.029, ▁em: 0.5467, ▁đó: 0.09, ,: 0.1018, ▁nhỏ: 0.0087, ▁chuột: 11.5611, ▁ít: 0.2283, ▁bạn: 0.0365, ▁toàn: 0.0073, ▁mấy: 0.0074, ▁anh: 0.0203, ▁chị: 0.0568, ▁thôi: 0.0776, <unk>: 0.12, </s>: 0.06",0.6568,11.5611
4925,"Ra các cách onl như: Cake, Kredivo, Cub Vietnam, tnex, muadee, HD SAISON, các ví trả sau.... a hd free 2.","Ra các cách online như: Cake, Kredivo, Cub Vietnam, tnex, muadee, HD SAISON, các ví trả sau.... anh hướng dẫn free 2.","<s>: 0.0134, ▁Ra: 0.0492, ▁các: 0.0691, ▁cách: 0.0217, ▁online: 3.4668, ▁như: 0.1001, :: 0.03, ▁Ca: 0.0191, ke: 0.0165, ,: 0.0632, <unk>: 0.5464, vo: 0.0057, ,: 0.0594, ▁Cu: 0.0729, b: 0.1374, ▁Vietnam: 0.0415, ,: 0.0583, ▁: 4.4476, tne: 0.0581, x: 0.0627, ,: 0.0938, ▁mua: 0.0033, de: 0.194, e: 0.0219, ,: 0.0897, ▁HD: 0.0082, ▁S: 0.0212, AI: 0.0006, SON: 0.0004, ,: 0.0793, ▁các: 0.042, ▁ví: 0.0019, ▁trả: 0.0071, ▁sau: 0.02, .: 0.1169, ...: 0.0207, ▁anh: 2.0953, ▁hướng: 15.0674, ▁dẫn: 0.0007, ▁free: 0.2486, ▁2.: 0.0259, </s>: 0.0457",0.6558,15.0674
6338,Nếu bảo vệ quán ăn nhat hàng cafe thì dắt xe cực lắm,Nếu bảo vệ quán ăn nhà hàng cafe thì dắt xe cực lắm,"<s>: 0.015, ▁Nếu: 0.0154, ▁bảo: 0.0094, ▁vệ: 0.0066, ▁quán: 0.0212, ▁ăn: 0.0134, ▁nhà: 10.5687, ▁hàng: 0.2037, ▁cafe: 0.004, ▁thì: 0.076, ▁d: 0.0365, ắ: 0.0076, t: 0.0282, ▁xe: 0.0149, ▁cực: 0.003, ▁lắm: 0.0098, </s>: 0.0747",0.6534,10.5687
9278,"trc khi qua tbn còn yêu xa 4 tháng nx 🥹 ảnh ns g là ảnh lm dc ht, ngầu vl","trước khi qua Tây Ban Nha còn yêu xa 4 tháng nữa 🥹 anh nói gì là anh làm được hết, ngầu vãi lồn","<s>: 0.0141, ▁trước: 0.0587, ▁khi: 0.0415, ▁qua: 0.047, ▁Tây: 11.9211, ▁Ban: 2.2807, ▁Nha: 0.6559, ▁còn: 0.1181, ▁yêu: 0.0566, ▁xa: 0.0086, ▁4: 0.0332, ▁tháng: 0.0144, ▁nữa: 0.042, ▁: 0.0359, <unk>: 0.049, ▁anh: 1.5816, ▁nói: 0.0219, ▁gì: 1.9207, ▁là: 0.0656, ▁anh: 0.8057, ▁làm: 0.0431, ▁được: 0.0885, ▁hết: 0.0168, ,: 0.1479, ▁ng: 0.0908, ầ: 0.0064, u: 0.0313, ▁v: 0.0159, ã: 1.0625, i: 0.0361, ▁lồ: 0.0407, n: 0.1125, </s>: 0.0837",0.653,11.9211
8041,"Cs,xin ơn trên ban cho cn sự thông minh :))cuối tháng này lễ vào tới nơi nhé.","Có, xin ơn trên ban cho con sự thông minh :)) cuối tháng này lễ vào tới nơi nhé.","<s>: 0.0147, ▁Có: 0.1633, ,: 0.1353, ▁xin: 2.8917, ▁ơn: 0.0754, ▁trên: 0.0222, ▁ban: 0.0155, ▁cho: 0.0743, ▁con: 0.2862, ▁sự: 0.0254, ▁thông: 0.0063, ▁minh: 0.0294, <unk>: 3.0994, ▁cuối: 7.8704, ▁tháng: 0.01, ▁này: 0.0697, ▁lễ: 0.0082, ▁vào: 0.0203, ▁tới: 0.0267, ▁nơi: 0.0127, ▁nhé: 0.0101, .: 0.074, </s>: 0.0645",0.6524,7.8704
5162,Đợt mk tạo n liên kết cho VP bank bn,Đợt mình tạo nó liên kết cho VPBank bạn,"<s>: 0.0148, ▁Đ: 0.045, ợ: 0.0148, t: 0.0354, ▁mình: 0.1004, ▁tạo: 0.01, ▁nó: 0.1226, ▁liên: 0.0143, ▁kết: 0.0156, ▁cho: 0.0806, ▁: 1.9487, VP: 0.001, Bank: 7.2449, ▁bạn: 0.056, </s>: 0.0796",0.6523,7.2449
3574,Ăn đc 3 cuộn no mẹ r bf cơm là k ổn :))),Ăn được 3 cuộn no mẹ rồi buffet cơm là không ổn :))),"<s>: 0.0149, ▁Ăn: 0.0937, ▁được: 0.0767, ▁3: 0.028, ▁cu: 0.0438, ộ: 0.0064, n: 0.0912, ▁no: 0.0091, ▁mẹ: 0.0146, ▁rồi: 0.0239, ▁buffet: 10.2704, ▁cơm: 0.0031, ▁là: 0.062, ▁không: 0.1811, ▁ổn: 0.0032, <unk>: 0.09, </s>: 0.0637",0.6515,10.2704
3137,"tr ơi mik tày, ck mường xem gia phả vt tiếng dân tộc k hiểu luonn kkk","trời ơi mình Tày, chồng Mường xem gia phả viết tiếng dân tộc không hiểu luôn kkk","<s>: 0.0152, ▁trời: 0.0263, ▁ơi: 0.0258, ▁mình: 0.0503, ▁T: 8.1604, à: 2.9537, y: 0.0174, ,: 0.1249, ▁chồng: 0.0253, ▁M: 3.6824, ường: 0.007, ▁xem: 0.0145, ▁gia: 0.0147, ▁ph: 0.1084, ả: 0.0078, ▁viết: 0.0415, ▁tiếng: 0.0395, ▁dân: 0.0239, ▁tộc: 0.0107, ▁không: 0.1006, ▁hiểu: 0.0115, ▁luôn: 0.0005, ▁k: 0.7266, kk: 0.0009, </s>: 0.0706",0.6504,8.1604
2066,"dm để cn theo họ mẹ cho xog, n co chăm đéo đau màk để họ n lm j","địt mẹ để con theo họ mẹ cho xong, nó có chăm đéo đâu mà để họ nó làm gì","<s>: 0.014, ▁đ: 0.8772, ị: 1.2151, t: 0.0741, ▁mẹ: 0.153, ▁để: 0.1007, ▁con: 0.0394, ▁theo: 0.0199, ▁họ: 0.0276, ▁mẹ: 0.0206, ▁cho: 0.0365, ▁xong: 0.731, ,: 0.1057, ▁nó: 0.0282, ▁có: 1.0603, ▁chăm: 0.0034, ▁đ: 0.0259, é: 0.0051, o: 0.0348, ▁đâu: 12.4852, ▁mà: 0.1162, ▁để: 0.0631, ▁họ: 0.0725, ▁nó: 0.1008, ▁làm: 0.0356, ▁gì: 0.0242, </s>: 0.0768",0.6499,12.4852
5498,cskh online tư vấn online cho khách về mảng thời trang giày hoặc các job khác nếu phù hợp ạk Em ko lm telesales ko đòi nợ,chăm sóc khách hàng online tư vấn online cho khách về mảng thời trang giày hoặc các job khác nếu phù hợp ạ Em không làm telesales không đòi nợ,"<s>: 0.0145, ▁chăm: 6.5993, ▁sóc: 0.0133, ▁khách: 9.5114, ▁hàng: 4.9513, ▁online: 0.0048, ▁tư: 0.015, ▁vấn: 0.0147, ▁online: 0.0087, ▁cho: 0.0724, ▁khách: 0.0161, ▁về: 0.0444, ▁m: 0.0878, ảng: 0.0122, ▁thời: 0.0028, ▁trang: 0.0082, ▁giày: 0.0016, ▁hoặc: 0.0765, ▁các: 0.0771, ▁job: 0.0245, ▁khác: 0.0298, ▁nếu: 0.0556, ▁phù: 0.0192, ▁hợp: 0.0411, ▁ạ: 0.0176, ▁Em: 0.06, ▁không: 0.0484, ▁làm: 0.0785, ▁telesa: 0.0013, les: 0.0156, ▁không: 0.0888, ▁đòi: 0.002, ▁nợ: 0.0017, </s>: 0.0652",0.6494,9.5114
7773,tips hướng đến xây dựng hình ảnh cả nhân và lm ng côg chúg rất phù hợp.,tips hướng đến xây dựng hình ảnh cá nhân và làm người công chúng rất phù hợp.,"<s>: 0.0129, ▁tips: 0.0045, ▁hướng: 0.0098, ▁đến: 0.0415, ▁xây: 0.0059, ▁dựng: 0.0121, ▁hình: 0.0098, ▁ảnh: 0.0198, ▁cá: 9.4705, ▁nhân: 0.0599, ▁và: 0.1184, ▁làm: 0.0772, ▁người: 0.0564, ▁công: 0.0846, ▁chúng: 2.749, ▁rất: 0.0207, ▁phù: 0.0148, ▁hợp: 0.0438, .: 0.0796, </s>: 0.0802",0.6486,9.4705
5105,Ae cho hỏi tất toán cn tinvay này cs vay dc thêm ko ?,Anh em cho hỏi tất toán con Tinvay này có vay được thêm không ?,"<s>: 0.0151, ▁Anh: 0.196, ▁em: 3.8199, ▁cho: 0.0458, ▁hỏi: 0.026, ▁tất: 0.0053, ▁toán: 0.0127, ▁con: 0.3272, ▁Tin: 7.3481, va: 0.0068, y: 0.0043, ▁này: 0.051, ▁có: 0.1013, ▁vay: 0.0069, ▁được: 0.1033, ▁thêm: 0.0562, ▁không: 0.1098, ▁?: 0.0223, </s>: 0.058",0.6482,7.3481
5407,"Đưa bằng chứng ck và tnhan, giấy vay mượn các thứ ra","Đưa bằng chứng chuyển khoản và tin nhắn, giấy vay mượn các thứ ra","<s>: 0.0135, ▁Đ: 0.0603, ư: 0.036, a: 0.049, ▁bằng: 0.0272, ▁chứng: 0.0064, ▁chuyển: 11.6651, ▁khoản: 0.425, ▁và: 0.1133, ▁tin: 0.1333, ▁nhắn: 0.0083, ,: 0.0734, ▁giấy: 0.0434, ▁vay: 0.0029, ▁m: 0.0775, ượn: 0.0009, ▁các: 0.0698, ▁thứ: 0.0304, ▁ra: 0.0375, </s>: 0.0789",0.6476,11.6651
7,Ko bjk vs b tầm bn là cao nhưg c em t ms ra trg tiếng trung hsk4,Không biết với bạn tầm bao nhiêu là cao nhưng con em tôi mới ra trường tiếng trung hsk4,"<s>: 0.0136, ▁Không: 0.0846, ▁biết: 0.0113, ▁với: 0.0967, ▁bạn: 0.0325, ▁tầm: 0.002, ▁bao: 4.8398, ▁nhiêu: 0.3876, ▁là: 0.0575, ▁cao: 0.0199, ▁nhưng: 0.0778, ▁con: 0.1795, ▁em: 0.0356, ▁tôi: 0.1094, ▁mới: 0.033, ▁ra: 0.0471, ▁trường: 0.0246, ▁tiếng: 0.0111, ▁trung: 0.0215, ▁h: 7.2572, sk: 1.4506, 4: 0.0092, </s>: 0.0668",0.6465,7.2572
4055,"Nuôi cn nhg ko cs nhu cầu Collect merch, pass bớt hồi máu :","Nuôi con nhưng không có nhu cầu collect merch, pass bớt hồi máu :","<s>: 0.0152, ▁Nu: 0.0121, ôi: 0.0335, ▁con: 0.0495, ▁nhưng: 0.0869, ▁không: 0.1199, ▁có: 0.0864, ▁nhu: 0.0166, ▁cầu: 0.1449, ▁collect: 11.5109, ▁mer: 0.0002, ch: 0.0055, ,: 0.1082, ▁pass: 0.0003, ▁bớt: 0.004, ▁hồi: 0.0015, ▁máu: 0.0106, ▁:: 0.0044, </s>: 0.0721",0.6465,11.5109
2167,Cn thạch trang chắc cay từ ds h rùi màk n ko ns toẹt ra đấy thây 😌,Con Thạch Trang chắc cay từ đó giờ rồi mà nó không nói toẹt ra đấy thây 😌,"<s>: 0.0151, ▁Con: 0.0712, ▁Th: 12.2023, ạch: 1.0651, ▁Trang: 2.28, ▁chắc: 0.0103, ▁ca: 0.0271, y: 0.0144, ▁từ: 0.0436, ▁đó: 0.0211, ▁giờ: 0.1319, ▁rồi: 0.049, ▁mà: 0.0717, ▁nó: 0.0302, ▁không: 0.1401, ▁nói: 0.0938, ▁to: 0.1748, ẹ: 0.006, t: 0.0414, ▁ra: 0.047, ▁đấy: 0.0049, ▁thâ: 0.0029, y: 0.0236, ▁: 0.0653, <unk>: 0.0884, </s>: 0.0704",0.6458,12.2023
4297,Góc thắc mắc: Vì shaooo các mẹ bỉm xem T1 LOL nh màk T1 Valorant lại k thấy ai nhỉ.,Góc thắc mắc: Vì sao các mẹ bỉm xem T1 LoL nhiều mà T1 Valorant lại không thấy ai nhỉ.,"<s>: 0.015, ▁G: 0.0251, óc: 0.0067, ▁t: 0.0669, hắc: 0.0154, ▁mắc: 0.0173, :: 0.0816, ▁Vì: 0.0665, ▁sao: 0.0033, ▁các: 0.1005, ▁mẹ: 0.0164, ▁b: 0.1345, ỉ: 0.0353, m: 0.0245, ▁xem: 0.0321, ▁T: 0.2622, 1: 0.0384, ▁Lo: 14.4144, L: 4.5129, ▁nhiều: 0.0343, ▁mà: 0.1329, ▁T: 0.169, 1: 0.0294, ▁Valor: 0.0, ant: 0.0019, ▁lại: 0.0729, ▁không: 0.1336, ▁thấy: 0.0147, ▁ai: 0.027, ▁nhỉ: 0.0023, .: 0.1033, </s>: 0.0682",0.6456,14.4144
4007,hc bằng TV+TA (khoảng 30-35% các môn bằng TA) điểm chung là đều là bằng chính quy ht,học bằng tiếng Việt + tiếng Anh (khoảng 30-35% các môn bằng tiếng Anh) điểm chung là đều là bằng chính quy hết,"<s>: 0.016, ▁học: 0.0342, ▁bằng: 0.0327, ▁tiếng: 9.7766, ▁Việt: 3.8148, ▁+: 0.8281, ▁tiếng: 1.8437, ▁Anh: 0.0732, ▁(: 0.0543, kho: 0.0204, ảng: 0.0076, ▁30: 0.0057, -3: 0.0272, 5%: 0.0164, ▁các: 0.0472, ▁môn: 0.0071, ▁bằng: 0.0137, ▁tiếng: 2.2537, ▁Anh: 0.0649, ): 0.0234, ▁điểm: 0.0123, ▁chung: 0.0226, ▁là: 0.0625, ▁đều: 0.0658, ▁là: 0.0624, ▁bằng: 0.036, ▁chính: 0.0126, ▁quy: 0.0077, ▁hết: 0.0163, </s>: 0.0756",0.6445,9.7766
2163,nên tẩy chay mạnh để coi khu kh còn tiền thì lm đc cgi,nên tẩy chay mạnh để coi khi không còn tiền thì làm được cái gì,"<s>: 0.0136, ▁nên: 0.0504, ▁tẩy: 0.0002, ▁cha: 0.0032, y: 0.0314, ▁mạnh: 0.0106, ▁để: 0.0695, ▁coi: 0.0076, ▁khi: 10.7435, ▁không: 0.107, ▁còn: 0.0378, ▁tiền: 0.0297, ▁thì: 0.1071, ▁làm: 0.0862, ▁được: 0.1617, ▁cái: 0.0244, ▁gì: 0.0313, </s>: 0.0768",0.644,10.7435
1458,lúc nào cx để trang cá nhân ckhai thik soi thi soi tôi ko vướng,lúc nào cũng để trang cá nhân công khai thích soi thì soi tôi không vướng,"<s>: 0.0137, ▁lúc: 0.0306, ▁nào: 0.0203, ▁cũng: 0.0892, ▁để: 0.0516, ▁trang: 0.0113, ▁cá: 0.0172, ▁nhân: 0.0402, ▁công: 0.1755, ▁khai: 0.0988, ▁thích: 0.0216, ▁soi: 0.0007, ▁thì: 11.3998, ▁soi: 0.001, ▁tôi: 0.0403, ▁không: 0.1079, ▁v: 0.0295, ướng: 0.0005, </s>: 0.0632",0.6428,11.3998
8013,Tôi bik Viper cs tc dzới Peanut và tôi cm đc,Tôi biết Viper có tình cảm với Peanut và tôi chứng minh được,"<s>: 0.0145, ▁Tôi: 0.0361, ▁biết: 0.0432, ▁Vi: 0.0035, per: 0.0376, ▁có: 0.0828, ▁tình: 1.4755, ▁cảm: 0.3806, ▁với: 0.0952, ▁Pea: 0.0001, nut: 0.0002, ▁và: 0.0798, ▁tôi: 0.0473, ▁chứng: 8.2306, ▁minh: 0.1149, ▁được: 0.1827, </s>: 0.084",0.6417,8.2306
1080,chiéc xe đạp ngày nào em vẫn đạp lòi lôl 💔💔,chiếc xe đạp ngày nào em vẫn đạp lòi lồn 💔💔,"<s>: 0.0169, ▁chiếc: 8.5405, ▁xe: 0.031, ▁đạp: 0.0012, ▁ngày: 0.0205, ▁nào: 0.0344, ▁em: 0.067, ▁vẫn: 0.0263, ▁đạp: 0.0036, ▁l: 0.03, ò: 0.0027, i: 0.0618, ▁lồ: 2.2062, n: 0.2482, ▁: 0.0745, <unk>: 0.0629, <unk>: 0.0712, </s>: 0.0496",0.6416,8.5405
1636,Nh giải thưởng và ghi nhận tại các cuộc thi nhiếp ảnh báo chí trg nc và qt.,- Nhiều giải thưởng và ghi nhận tại các cuộc thi nhiếp ảnh báo chí trong nước và quốc tế.,"<s>: 0.0146, ▁-: 14.1568, ▁Nhiều: 0.1896, ▁giải: 0.0431, ▁thưởng: 0.0121, ▁và: 0.0389, ▁ghi: 0.0058, ▁nhận: 0.0152, ▁tại: 0.0538, ▁các: 0.0324, ▁cuộc: 0.0078, ▁thi: 0.2018, ▁n: 0.0687, hiếp: 0.0016, ▁ảnh: 0.038, ▁báo: 0.0312, ▁chí: 0.0089, ▁trong: 0.1867, ▁nước: 0.0154, ▁và: 0.056, ▁quốc: 0.0649, ▁tế: 0.017, .: 0.0605, </s>: 0.0617",0.6409,14.1568
7665,Đg hơi gảnk nhận coi tử vi free lấy tương tác nò,Đang hơi rảnh nhận coi tử vi free lấy tương tác nè,"<s>: 0.0166, ▁Đang: 0.1155, ▁hơi: 0.0061, ▁r: 2.0652, ả: 0.0122, nh: 0.2051, ▁nhận: 0.0215, ▁coi: 0.0116, ▁tử: 0.0053, ▁vi: 0.0139, ▁free: 0.0028, ▁lấy: 0.0153, ▁tương: 0.0004, ▁tác: 0.0144, ▁nè: 7.6598, </s>: 0.0872",0.6408,7.6598
8015,Đoạn này jisoo dth xĩu,Đoạn này Jisoo dễ thương xỉu,"<s>: 0.0153, ▁Đ: 0.0449, o: 0.1888, ạ: 0.0299, n: 0.0529, ▁này: 0.0293, ▁Ji: 1.0164, soo: 0.0017, ▁dễ: 0.012, ▁thương: 0.0151, ▁x: 0.2145, ỉ: 7.2453, u: 0.0369, </s>: 0.0674",0.6407,7.2453
3302,gảnk qá nên đẩy thuyền xog lại căn ngăn ak. r từ đâu xuất hiện 1 c xin đăng nhờ link để về xem lại sau.,rảnh quá nên đẩy thuyền xong lại can ngăn à. rồi từ đâu xuất hiện một con xin đăng nhờ link để về xem lại sau.,"<s>: 0.0137, ▁r: 0.8203, ả: 0.0096, nh: 0.1519, ▁quá: 0.0186, ▁nên: 0.0222, ▁đẩy: 0.0008, ▁thuyền: 0.0038, ▁xong: 1.7101, ▁lại: 0.031, ▁can: 12.6373, ▁ngăn: 0.0014, ▁à: 0.1718, .: 0.0353, ▁rồi: 0.0683, ▁từ: 0.0174, ▁đâu: 0.0152, ▁xuất: 0.0127, ▁hiện: 0.0187, ▁một: 3.8161, ▁con: 0.5135, ▁xin: 0.0217, ▁đăng: 0.0075, ▁nhờ: 0.0032, ▁link: 0.0016, ▁để: 0.0716, ▁về: 0.0495, ▁xem: 0.0087, ▁lại: 0.0309, ▁sau: 0.0207, .: 0.0997, </s>: 0.0735",0.6399,12.6373
4823,e cứ nch zới bố và mẹ vì họ cs li hôn thì cx vẫn p ik lm cs T lo cho e mak,em cứ nói chuyện với bố và mẹ vì họ có ly hôn thì cũng vẫn phải đi làm có tiền lo cho em mà,"<s>: 0.016, ▁em: 0.0693, ▁cứ: 0.0217, ▁nói: 0.0268, ▁chuyện: 0.0237, ▁với: 0.0963, ▁bố: 0.0121, ▁và: 0.1123, ▁mẹ: 0.0302, ▁vì: 0.0341, ▁họ: 0.0329, ▁có: 0.0822, ▁ly: 5.0287, ▁hôn: 0.0078, ▁thì: 0.0563, ▁cũng: 0.1151, ▁vẫn: 0.1017, ▁phải: 0.0341, ▁đi: 0.0239, ▁làm: 0.0293, ▁có: 0.1136, ▁tiền: 10.8235, ▁lo: 0.13, ▁cho: 0.0534, ▁em: 0.0742, ▁mà: 0.0223, </s>: 0.0889",0.6393,10.8235
2158,để cm em của tụi t trg sạch và để đứa trẻ của tụi t ik ht đời tuyển thủ màk kco nỗi oan ức nào bám riết,để chứng minh em của chúng tôi trong sạch và để đứa trẻ của chúng tôi đi hết đời tuyển thủ mà không có nỗi oan ức nào bám riết,"<s>: 0.013, ▁để: 0.1207, ▁chứng: 7.4539, ▁minh: 0.2203, ▁em: 2.1307, ▁của: 0.1028, ▁chúng: 5.8354, ▁tôi: 0.1069, ▁trong: 0.8124, ▁sạch: 0.0078, ▁và: 0.1107, ▁để: 0.0478, ▁đứa: 0.0023, ▁trẻ: 0.0143, ▁của: 0.1668, ▁chúng: 4.6082, ▁tôi: 0.0492, ▁đi: 0.0792, ▁hết: 0.0196, ▁đời: 0.0163, ▁tuyển: 0.0041, ▁thủ: 0.0095, ▁mà: 0.0621, ▁không: 0.0704, ▁có: 0.0735, ▁nỗi: 0.0047, ▁oan: 0.0109, ▁: 0.078, ức: 0.0018, ▁nào: 0.0237, ▁bá: 0.0007, m: 0.0221, ▁ri: 0.0018, ết: 0.0023, </s>: 0.0934",0.6393,7.4539
5359,đấy là b cho ngta thuê acc LinkedIn của b để seeding brand.,đấy là bạn cho người ta thuê tài khoản LinkedIn của bạn để seeding brand.,"<s>: 0.0139, ▁đấy: 0.0116, ▁là: 0.1056, ▁bạn: 0.0509, ▁cho: 0.0403, ▁người: 0.0687, ▁ta: 0.0786, ▁thuê: 0.0103, ▁tài: 11.3348, ▁khoản: 0.0291, ▁LinkedIn: 0.0043, ▁của: 0.1111, ▁bạn: 0.0497, ▁để: 0.0497, ▁see: 0.0001, ding: 0.0003, ▁brand: 0.001, .: 0.0967, </s>: 0.0678",0.6381,11.3348
994,‼️CẬP NHẬT GIÁ XĂNG 21H DỄ HIỂU NHẤT CHO ANK CE: - Sirius: 100k - Wave: 100k - Exciter đầy: 120k - Winner : 120k - Vision: 130k - Lead: 150k - SH: 150k Ch cs dấu hiệu dừng lại 🙄,‼️CẬP NHẬT GIÁ XĂNG 21 GIỜ DỄ HIỂU NHẤT CHO ANH CHỊ EM: - Sirius: 100k - Wave: 100k - Exciter đầy: 120k - Winner : 120k - Vision: 130k - Lead: 150k - SH: 150k Chưa có dấu hiệu dừng lại 🙄,"<s>: 0.0129, <unk>: 0.5915, <unk>: 5.3536, C: 0.0877, Ậ: 0.0047, P: 0.2769, ▁NH: 0.0172, Ậ: 0.004, T: 0.0818, ▁GIÁ: 0.0147, ▁X: 0.3735, Ă: 0.0065, NG: 0.0284, ▁21: 0.0044, ▁GI: 4.5515, Ờ: 0.0155, ▁D: 0.0832, Ễ: 0.0165, ▁HI: 0.0659, Ể: 0.0118, U: 0.1231, ▁NHẤT: 0.1305, ▁CHO: 0.1803, ▁A: 0.2657, NH: 0.7292, ▁CH: 5.4993, Ị: 1.356, ▁EM: 4.6486, :: 0.1302, ▁-: 0.023, ▁Siri: 0.0006, us: 0.0069, :: 0.0244, ▁100: 0.0051, k: 0.0352, ▁-: 0.0278, ▁Wave: 0.0001, :: 0.0206, ▁100: 0.0048, k: 0.0344, ▁-: 0.0249, ▁Exc: 0.0002, iter: 0.0021, ▁đầy: 0.0012, :: 0.0391, ▁120: 0.0015, k: 0.0264, ▁-: 0.0233, ▁Winner: 0.0005, ▁:: 0.0068, ▁120: 0.0031, k: 0.0287, ▁-: 0.0232, ▁Vision: 0.0175, :: 0.0102, ▁130: 0.118, k: 0.0402, ▁-: 0.0246, ▁Lead: 0.0005, :: 0.0115, ▁150: 0.0037, k: 0.0657, ▁-: 0.0523, </s>: 15.4563",0.638,15.4563
2898,"Giường gỗ 1m6x1m8, gỗ thiên nhiên 100%, hàng ngoại nhập => giá mua 10tr, thân giường gỗ ghép , giá thanh lý 1tr5","Giường gỗ 1m6x1m8, gỗ thiên nhiên 100%, hàng ngoại nhập => giá mua 10 triệu, thân giường gỗ ghép , giá thanh lý 1 triệu 500 ngàn","<s>: 0.0151, ▁Gi: 0.0208, ường: 0.0029, ▁gỗ: 0.0044, ▁1: 0.0221, m: 0.1176, 6: 0.0072, x: 0.018, 1: 0.0912, m: 0.036, 8: 0.0146, ,: 0.0742, ▁gỗ: 0.0092, ▁thiên: 0.0028, ▁nhiên: 0.0233, ▁100%: 0.0026, ,: 0.0824, ▁hàng: 0.0232, ▁ngoại: 0.01, ▁nhập: 0.0083, <unk>: 0.5046, ▁giá: 0.0418, ▁mua: 0.0116, ▁10: 0.0095, ▁triệu: 0.3222, ,: 0.207, ▁thân: 0.0013, ▁giường: 0.0016, ▁gỗ: 0.0021, ▁ghé: 0.0003, p: 0.0151, ▁: 0.1018, ,: 0.0745, ▁giá: 0.0248, ▁thanh: 0.002, ▁lý: 0.018, ▁1: 0.019, ▁triệu: 0.4675, ▁500: 13.1217, ▁ngàn: 10.3014, </s>: 0.2989",0.6374,13.1217
3495,dần dần mk chỉ chờ n var là mìnk vả toét l bằng một tràng mìh đã cbi từ trc thui,dần dần mình chỉ chờ nó va chạm là mình vả toét lồn bằng một tràng mình đã chuẩn bị từ trước thôi,"<s>: 0.0149, ▁dần: 0.0019, ▁dần: 0.0132, ▁mình: 0.0655, ▁chỉ: 0.1036, ▁chờ: 0.0385, ▁nó: 0.0392, ▁va: 8.9377, ▁chạm: 7.3834, ▁là: 0.414, ▁mình: 0.0716, ▁v: 0.1512, ả: 0.0194, ▁to: 0.1658, ét: 0.0026, ▁lồ: 0.2773, n: 0.1016, ▁bằng: 0.0348, ▁một: 0.0822, ▁tràn: 0.0011, g: 0.0907, ▁mình: 0.0322, ▁đã: 0.0489, ▁chuẩn: 0.0769, ▁bị: 0.0164, ▁từ: 0.0785, ▁trước: 0.0392, ▁thôi: 0.0604, </s>: 0.0738",0.6357,8.9377
8256,Mìnk đơn phương bn ấy 18/3 này b ấy bay sang Hàn du hc,Mình đơn phương bạn ấy 18/3 này bạn ấy bay sang Hàn Quốc du học,"<s>: 0.0149, ▁Mình: 0.0328, ▁đơn: 0.0082, ▁phương: 0.0094, ▁bạn: 0.0352, ▁ấy: 0.0084, ▁18: 0.0039, /3: 0.0073, ▁này: 0.0547, ▁bạn: 0.0582, ▁ấy: 0.0065, ▁bay: 0.0129, ▁sang: 0.0812, ▁Hàn: 0.0075, ▁Quốc: 9.9226, ▁du: 1.0807, ▁học: 0.0424, </s>: 0.0519",0.6355,9.9226
2883,"J4f th mom ơi,hoan hỉ cho tui nka bà,tại tui thấy mn cx lm nh r as.Nếu bà thấy phiền cho tui xl bà nh nka","Just for fun thôi mom ơi, hoan hỉ cho tôi nha bà, tại tôi thấy mọi người cũng làm nhiều rồi á. Nếu bà thấy phiền cho tôi xin lỗi bà nhiều nha","<s>: 0.0142, ▁Just: 8.5293, ▁for: 0.006, ▁fun: 0.0138, ▁thôi: 0.0291, ▁mom: 0.0039, ▁ơi: 0.0144, ,: 0.0808, ▁ho: 4.9169, an: 0.034, ▁h: 0.0763, ỉ: 0.0112, ▁cho: 0.0723, ▁tôi: 1.3446, ▁nha: 0.0163, ▁bà: 0.039, ,: 0.0796, ▁tại: 5.1275, ▁tôi: 0.8868, ▁thấy: 0.01, ▁mọi: 0.0342, ▁người: 0.0579, ▁cũng: 0.0723, ▁làm: 0.0345, ▁nhiều: 0.0309, ▁rồi: 0.0353, ▁á: 0.0181, .: 0.0563, ▁Nếu: 2.1657, ▁bà: 0.1148, ▁thấy: 0.0101, ▁phiền: 0.0006, ▁cho: 0.0497, ▁tôi: 0.7655, ▁xin: 0.3018, ▁lỗi: 0.0798, ▁bà: 0.0847, ▁nhiều: 0.0344, ▁nha: 0.0359, </s>: 0.1218",0.6353,8.5293
1359,Bả méo còn qtam nx đâu nên khỏi réo.,Bả đéo còn quan tâm nữa đâu nên khỏi réo.,"<s>: 0.0154, ▁B: 0.1015, ả: 0.0243, ▁đ: 10.0692, é: 0.0474, o: 0.0079, ▁còn: 0.0862, ▁quan: 0.003, ▁tâm: 0.0413, ▁nữa: 0.0401, ▁đâu: 0.0937, ▁nên: 0.0637, ▁khỏi: 0.0054, ▁ré: 0.0015, o: 0.0446, .: 0.0784, </s>: 0.0699",0.6349,10.0692
4152,Ui ngày xưa mjnhf nhớ từng mua tặng nyc 1 lần trg vincom,Ui ngày xưa mình nhớ từng mua tặng người yêu cũ 1 lần trong Vincom,"<s>: 0.0159, ▁U: 0.0847, i: 0.0567, ▁ngày: 0.0156, ▁xưa: 0.004, ▁mình: 0.6038, ▁nhớ: 1.676, ▁từng: 0.0167, ▁mua: 0.0103, ▁tặng: 0.0116, ▁người: 0.0063, ▁yêu: 0.1386, ▁cũ: 0.1273, ▁1: 0.1027, ▁lần: 0.017, ▁trong: 1.5443, ▁Vin: 7.5293, com: 0.004, </s>: 0.0934",0.6346,7.5293
7395,Bác nào am hiểu nghía qua cho e cung mệnh tài quan vs ạk 😇 Ik xem cần xem 3 cái qt nhất thì thầy bảo vứt mịe ik k cần xem ủa zalo??,Bác nào am hiểu nghía qua cho em cung Mệnh Tài Quan với ạ 😇 Đi xem cần xem 3 cái quan trọng nhất thì thầy bảo vứt mẹ đi không cần xem ủa Zalo??,"<s>: 0.0141, ▁Bác: 0.0077, ▁nào: 0.0211, ▁am: 0.0189, ▁hiểu: 0.0082, ▁ng: 0.1929, h: 0.0102, ía: 0.001, ▁qua: 0.0674, ▁cho: 0.063, ▁em: 0.0423, ▁cung: 0.0139, ▁M: 12.3457, ệ: 1.7481, nh: 0.2561, ▁Tài: 2.0148, ▁Quan: 3.1688, ▁với: 0.0331, ▁ạ: 0.0137, ▁: 0.0405, <unk>: 0.052, ▁Đi: 0.0479, ▁xem: 0.0056, ▁cần: 0.0095, ▁xem: 0.005, ▁3: 0.0595, ▁cái: 0.0142, ▁quan: 0.0281, ▁trọng: 0.1471, ▁nhất: 0.0359, ▁thì: 0.0519, ▁thầy: 0.0066, ▁bảo: 0.0287, ▁v: 0.0987, ứ: 0.0067, t: 0.0659, ▁mẹ: 3.501, ▁đi: 0.036, ▁không: 0.0826, ▁cần: 0.0129, ▁xem: 0.0058, ▁: 0.4533, ủ: 0.0025, a: 0.028, ▁Za: 5.3479, lo: 0.0103, <unk>: 0.1495, </s>: 0.0464",0.6338,12.3457
5576,"Bả thì 🍑🔥 ce trg group, trốn k trả nợ, thấy chủ nợ thì xoá post.","Bả thì 🍑🔥 chị em trong group, trốn không trả nợ, thấy chủ nợ thì xóa post.","<s>: 0.0155, ▁B: 0.1075, ả: 0.0357, ▁thì: 0.0661, ▁: 0.295, <unk>: 0.0274, <unk>: 0.0527, ▁chị: 0.9998, ▁em: 4.2763, ▁trong: 0.516, ▁group: 0.0033, ,: 0.1263, ▁trốn: 0.0007, ▁không: 0.095, ▁trả: 0.0116, ▁nợ: 0.0029, ,: 0.0884, ▁thấy: 0.0182, ▁chủ: 0.033, ▁nợ: 0.0016, ▁thì: 0.0837, <unk>: 8.8459, ▁post: 0.0026, .: 0.0754, </s>: 0.0457",0.633,8.8459
1669,ah chj nào cs kn zì cs thể chia sẻ cho em zới đk ạk huhuh em cx định thi đgnl ctct mak e sợ k kịp ạk,anh chị nào có kinh nghiệm gì có thể chia sẻ cho em với được không ạ huhu em cũng định thi đánh giá năng lực chính trị mà em sợ không kịp ạ,"<s>: 0.0145, ▁anh: 0.1145, ▁chị: 0.0467, ▁nào: 0.0144, ▁có: 0.0549, ▁kinh: 0.0213, ▁nghiệm: 0.024, ▁gì: 0.0255, ▁có: 0.0766, ▁thể: 0.0291, ▁chia: 0.0183, ▁sẻ: 0.0348, ▁cho: 0.1245, ▁em: 0.0586, ▁với: 0.0433, ▁được: 0.0676, ▁không: 8.3239, ▁ạ: 0.0118, ▁: 0.1299, huhu: 0.0005, ▁em: 0.4921, ▁cũng: 0.0687, ▁định: 0.0301, ▁thi: 0.1066, ▁đánh: 5.3935, ▁giá: 0.0059, ▁năng: 0.0077, ▁lực: 0.0945, ▁chính: 7.0409, ▁trị: 0.5778, ▁mà: 0.067, ▁em: 0.0916, ▁sợ: 0.0095, ▁không: 0.0375, ▁kịp: 0.0043, ▁ạ: 0.0067, </s>: 0.1422",0.6327,8.3239
6730,Ank đag lm chủ một trung tâm dạy Toán - Lý - Hoá - Văn - Ah tại quận 3 - TPHCM cho hs lớp 6 đến 12 vs hơn 200 hok viên chủ yếu là lớp 6 đến 9.,Anh đang làm chủ một trung tâm dạy Toán - Lý - Hóa - Văn - Anh tại Quận 3 - Thành phố Hồ Chí Minh cho học sinh lớp 6 đến 12 với hơn 200 học viên chủ yếu là lớp 6 đến 9.,"<s>: 0.0142, ▁Anh: 0.0346, ▁đang: 0.0132, ▁làm: 0.0414, ▁chủ: 0.0227, ▁một: 0.0356, ▁trung: 0.017, ▁tâm: 0.059, ▁dạy: 0.0037, ▁To: 0.0551, án: 0.0065, ▁-: 0.0617, ▁Lý: 0.002, ▁-: 0.1796, <unk>: 12.2544, ▁-: 0.8269, ▁Văn: 0.0168, ▁-: 0.2901, ▁Anh: 0.0314, ▁tại: 0.0685, ▁Quận: 6.0546, ▁3: 0.0067, ▁-: 0.0601, ▁Thành: 6.4538, ▁phố: 0.057, ▁Hồ: 0.0325, ▁Chí: 0.0282, ▁Minh: 0.0374, ▁cho: 0.0296, ▁học: 0.0481, ▁sinh: 3.2379, ▁lớp: 0.007, ▁6: 0.0094, ▁đến: 0.0092, ▁12: 0.0015, ▁với: 0.0174, ▁hơn: 0.0048, ▁200: 0.0029, ▁học: 0.0146, ▁viên: 0.0641, ▁chủ: 0.0151, ▁yếu: 0.0157, ▁là: 0.026, ▁lớp: 0.0064, ▁6: 0.006, ▁đến: 0.022, ▁9.: 0.005, </s>: 0.0465",0.6324,12.2544
9138,"Huhu ank ơi, HCM cx cs nh bông hoa xinhh đẹp chờ quà style từ tổng tài lắm nek, đừng quên tụi em nhaaa","Huhu anh ơi, Hồ Chí Minh cũng có nhiều bông hoa xinh đẹp chờ quà STYLE từ tổng tài lắm nè, đừng quên tụi em nha","<s>: 0.0138, ▁Huh: 0.002, u: 0.0542, ▁anh: 0.0601, ▁ơi: 0.0258, ,: 0.0803, ▁Hồ: 2.6013, ▁Chí: 0.0135, ▁Minh: 0.0236, ▁cũng: 0.0848, ▁có: 0.0809, ▁nhiều: 0.0518, ▁bông: 0.0017, ▁hoa: 0.0054, ▁xinh: 0.0012, ▁đẹp: 0.0811, ▁chờ: 0.0173, ▁quà: 0.0269, ▁: 13.0236, STYLE: 3.5439, ▁từ: 0.0223, ▁tổng: 0.0094, ▁tài: 0.0024, ▁lắm: 0.0142, ▁nè: 0.1517, ,: 0.0926, ▁đừng: 0.0068, ▁quên: 0.0015, ▁tụ: 0.0195, i: 0.0855, ▁em: 0.0571, ▁nha: 0.0384, </s>: 0.5418",0.6314,13.0236
9253,Cban gái cứ theo côg thức này mak mần nhé :))),Các bạn gái cứ theo công thức này mà làm nhé :))),"<s>: 0.0158, ▁Các: 0.1092, ▁bạn: 0.0504, ▁gái: 0.0126, ▁cứ: 0.0141, ▁theo: 0.0332, ▁công: 0.0093, ▁thức: 0.0014, ▁này: 0.0656, ▁mà: 0.0379, ▁làm: 8.3438, ▁nhé: 0.0336, <unk>: 0.0408, </s>: 0.06",0.6306,8.3438
4448,Màu xanh mang cgiac bình yên trung hoà lại kảm xúc ds ạk,Màu xanh mang cảm giác bình yên trung hòa lại cảm xúc đó ạ,"<s>: 0.0147, ▁Mà: 0.0016, u: 0.0568, ▁xanh: 0.0053, ▁mang: 0.0159, ▁cảm: 0.0091, ▁giác: 0.1005, ▁bình: 0.0129, ▁yên: 0.0052, ▁trung: 0.0075, <unk>: 10.1889, ▁lại: 0.0291, ▁cảm: 0.0443, ▁xúc: 0.0214, ▁đó: 0.0643, ▁ạ: 0.0229, </s>: 0.0976",0.6293,10.1889
6349,Là khi b kảm thấy lương cs cao cx ko thắng đc hoài bão tuổi trẻ :() lương tuy nh nhg t ko muốn ik lm đêm lên chọn dứt áo rời ik 🥲ai khuyên t cx hỏng lỏi,Là khi bạn cảm thấy lương có cao cũng không thắng được hoài bão tuổi trẻ :() lương tuy nhiều nhưng tôi không muốn đi làm đêm lên chọn dứt áo rời đi 🥲ai khuyên tôi cũng không nổi,"<s>: 0.0152, ▁Là: 0.1065, ▁khi: 0.0291, ▁bạn: 0.0531, ▁cảm: 0.0604, ▁thấy: 0.0138, ▁lương: 0.0109, ▁có: 0.0555, ▁cao: 0.0387, ▁cũng: 0.0924, ▁không: 0.0432, ▁thắng: 0.0039, ▁được: 0.0434, ▁h: 0.0158, oài: 0.0015, ▁bão: 0.0007, ▁tuổi: 0.0099, ▁trẻ: 0.0109, <unk>: 0.1497, ): 0.039, ▁lương: 0.0063, ▁tuy: 0.0225, ▁nhiều: 0.94, ▁nhưng: 0.0444, ▁tôi: 0.1312, ▁không: 0.0618, ▁muốn: 0.0231, ▁đi: 0.0315, ▁làm: 0.0352, ▁đêm: 0.0045, ▁lên: 0.0234, ▁chọn: 0.0225, ▁dứt: 0.0005, ▁áo: 0.0033, ▁rời: 0.001, ▁đi: 0.0208, ▁: 0.2146, <unk>: 0.1983, ai: 0.0175, ▁khuyên: 0.0075, ▁tôi: 0.0566, ▁cũng: 0.0753, ▁không: 8.1161, ▁nổi: 10.2369, </s>: 7.1659",0.6279,10.2369
5238,2: Bùng VAYVND cs bị thưa kiện ko?,2: Bùng VayVND có bị thưa kiện không?,"<s>: 0.0155, ▁2:: 0.1276, ▁B: 0.0173, ùng: 0.004, ▁Va: 7.2633, y: 1.7672, VN: 0.3264, D: 0.0376, ▁có: 0.0584, ▁bị: 0.0562, ▁thư: 0.0324, a: 0.0154, ▁kiện: 0.0045, ▁không: 0.1588, ?: 0.0815, </s>: 0.0694",0.6272,7.2633
8672,K bik mng tnao chứ mik và gf đg sống chung,Không biết mọi người thế nào chứ mình và girlfriend đang sống chung,"<s>: 0.0143, ▁Không: 0.22, ▁biết: 0.0095, ▁mọi: 0.0375, ▁người: 0.0436, ▁thế: 0.0134, ▁nào: 0.0363, ▁chứ: 0.0372, ▁mình: 0.0249, ▁và: 0.1044, ▁girlfriend: 8.5406, ▁đang: 0.0942, ▁sống: 0.0332, ▁chung: 0.089, </s>: 0.0894",0.6258,8.5406
5233,"Ko em ạk , app đen cs p nh đâu mak lên nợ xấu đc em","Không em ạ , app đen có phải ngân hàng đâu mà lên nợ xấu được em","<s>: 0.0145, ▁Không: 0.0906, ▁em: 0.0677, ▁ạ: 0.0459, ▁: 0.0594, ,: 0.1115, ▁app: 0.0081, ▁đen: 0.0116, ▁có: 0.2292, ▁phải: 0.3237, ▁ngân: 9.866, ▁hàng: 0.0091, ▁đâu: 1.3407, ▁mà: 0.0376, ▁lên: 0.0353, ▁nợ: 0.0046, ▁xấu: 0.0021, ▁được: 0.1113, ▁em: 0.0563, </s>: 0.073",0.6249,9.866
8024,Và mng nhìn cái lyrics này 🥺😭 ôi t khok ngay từ lần đầu nghe vì mel hay + lời touchin qá 🥺 'Họ cố ik định giá nhx kảm xúc,Và mọi người nhìn cái lyrics này 🥺😭 ôi tôi khóc ngay từ lần đầu nghe vì melody hay + lời touching quá 🥺 'Họ cố đi định giá những cảm xúc,"<s>: 0.0136, ▁Và: 0.0328, ▁mọi: 0.0405, ▁người: 0.0574, ▁nhìn: 0.0218, ▁cái: 0.0406, ▁lyrics: 0.0411, ▁này: 0.0256, ▁: 0.0683, <unk>: 0.0432, <unk>: 0.0676, ▁: 0.0542, ôi: 0.001, ▁tôi: 0.1478, ▁khóc: 0.0182, ▁ngay: 0.0135, ▁từ: 0.062, ▁lần: 0.0228, ▁đầu: 0.0367, ▁nghe: 0.0099, ▁vì: 0.0237, ▁melo: 7.1945, dy: 10.4715, ▁hay: 0.0526, ▁+: 0.0445, ▁lời: 0.0086, ▁touch: 0.0034, ing: 6.4713, ▁quá: 0.0143, ▁: 0.0501, <unk>: 0.0443, ▁': 0.1552, H: 0.0694, ọ: 0.0519, ▁cố: 0.0028, ▁đi: 0.0166, ▁định: 0.0034, ▁giá: 0.0229, ▁những: 0.1792, ▁cảm: 0.354, ▁xúc: 0.0245, </s>: 0.1379",0.6242,10.4715
8888,Trạm ơi ở HCM cx cs biển nx as💔😭,Trạm ơi ở Hồ Chí Minh cũng có biển nữa á 💔😭,"<s>: 0.0152, ▁Tr: 0.2136, ạ: 0.013, m: 0.1074, ▁ơi: 0.0221, ▁ở: 0.0694, ▁Hồ: 2.1725, ▁Chí: 0.0156, ▁Minh: 0.0227, ▁cũng: 0.0738, ▁có: 0.1234, ▁biển: 0.0048, ▁nữa: 0.11, ▁á: 0.1386, ▁: 7.96, <unk>: 0.0434, <unk>: 0.0858, </s>: 0.0392",0.6239,7.96
4155,Shop cs túi nào cs ngăn riêng đựng lap ko ạk chứ đựng vầy trầy ht lap màk dễ va đụng móp hư mh… lắm,Shop có túi nào có ngăn riêng đựng laptop không ạ chứ đựng vậy trầy hết laptop mà dễ va đụng móp hư màn hình… lắm,"<s>: 0.0145, ▁Shop: 0.0246, ▁có: 0.1025, ▁túi: 0.0109, ▁nào: 0.0359, ▁có: 0.095, ▁ngăn: 0.003, ▁riêng: 0.0172, ▁đựng: 0.0072, ▁laptop: 6.5472, ▁không: 0.0732, ▁ạ: 0.024, ▁chứ: 0.0249, ▁đựng: 0.0063, ▁vậy: 3.8549, ▁tr: 0.1227, ầ: 0.0066, y: 0.0311, ▁hết: 0.044, ▁laptop: 7.1112, ▁mà: 0.0814, ▁dễ: 0.01, ▁va: 0.032, ▁đụng: 0.003, ▁mó: 0.0001, p: 0.0835, ▁hư: 0.0005, ▁màn: 1.4317, ▁hình: 0.0066, ...: 0.0482, ▁lắm: 0.0047, </s>: 0.0967",0.6236,7.1112
8150,ik chang v mak t còn ns “ I will try my best “ đm lúc đók điên vcl,y chang vậy mà tao còn nói “ I will try my best “ địt mẹ lúc đó điên vãi lồn,"<s>: 0.0144, ▁y: 9.4691, ▁: 0.387, chang: 0.0037, ▁vậy: 0.0382, ▁mà: 0.0497, ▁tao: 2.3936, ▁còn: 0.0648, ▁nói: 0.0517, ▁“: 0.0223, ▁I: 0.1076, ▁will: 0.0826, ▁try: 0.0005, ▁my: 0.006, ▁best: 0.0071, ▁“: 0.09, ▁đ: 0.0276, ị: 2.0392, t: 0.0339, ▁mẹ: 0.0975, ▁lúc: 0.0681, ▁đó: 0.0383, ▁điên: 0.0001, ▁v: 0.0106, ã: 0.8969, i: 0.05, ▁lồ: 1.849, n: 0.0865, </s>: 0.0754",0.6228,9.4691
2878,"vớ va vớ vẩn, vote xoá bài","vớ va vớ vẩn, vote xóa bài","<s>: 0.0143, ▁v: 0.1791, ớ: 0.0045, ▁va: 0.0931, ▁v: 0.3058, ớ: 0.0066, ▁v: 0.0376, ẩ: 0.0095, n: 0.0354, ,: 0.0934, ▁vote: 0.0004, <unk>: 7.8041, ▁bài: 0.0231, </s>: 0.105",0.6223,7.8041
7803,Nếu màk cặp nào cg z thì tgia ctrinh như chx hề cs cuộc chia ly ik ạk.,Nếu mà cặp nào cũng thế thì tham gia chương trình Như chưa hề có cuộc chia ly đi ạ.,"<s>: 0.0139, ▁Nếu: 0.0181, ▁mà: 0.045, ▁cặp: 0.0219, ▁nào: 0.0198, ▁cũng: 0.0997, ▁thế: 0.6364, ▁thì: 0.0586, ▁tham: 1.1755, ▁gia: 0.0748, ▁chương: 1.3319, ▁trình: 0.0403, ▁Như: 10.0525, ▁chưa: 0.3644, ▁hề: 0.0604, ▁có: 0.0552, ▁cuộc: 0.0098, ▁chia: 0.0104, ▁ly: 0.0263, ▁đi: 0.036, ▁ạ: 0.0152, .: 0.0747, </s>: 0.0672",0.6221,10.0525
6446,Các bác xem nhx vị trí đag tuyển dụng ở bài ngay dưới bài này nka ❤️iuu,Các bác xem những vị trí đang tuyển dụng ở bài ngay dưới bài này nha ❤️yêu,"<s>: 0.0137, ▁Các: 0.0451, ▁bác: 0.015, ▁xem: 0.0274, ▁những: 0.0786, ▁vị: 0.0049, ▁trí: 0.0277, ▁đang: 0.0096, ▁tuyển: 0.0148, ▁dụng: 0.1041, ▁ở: 0.1173, ▁bài: 0.005, ▁ngay: 0.0229, ▁dưới: 0.0086, ▁bài: 0.0046, ▁này: 0.0361, ▁nha: 0.0182, <unk>: 0.0951, <unk>: 0.0926, yê: 12.8539, u: 0.0229, </s>: 0.0545",0.6215,12.8539
5266,voilai lúc khó khăn k còn cách nào thì mk cs vay ngiu mik h áy náy qá,với lại lúc khó khăn không còn cách nào thì mình có vay người yêu mình giờ áy náy quá,"<s>: 0.0148, ▁với: 7.8677, ▁lại: 6.2342, ▁lúc: 0.0187, ▁khó: 0.0192, ▁khăn: 0.0296, ▁không: 0.0973, ▁còn: 0.0276, ▁cách: 0.0267, ▁nào: 0.0375, ▁thì: 0.0821, ▁mình: 0.0579, ▁có: 0.1434, ▁vay: 0.0061, ▁người: 0.0244, ▁yêu: 0.0375, ▁mình: 0.0232, ▁giờ: 0.0436, ▁á: 0.0027, y: 0.0167, ▁ná: 0.0014, y: 0.0167, ▁quá: 0.0108, </s>: 0.0589",0.6208,7.8677
9261,"""Không...Phúc Nguyên kco dzề để ns zới Lâm Ah đâu...""","""Không... Phúc Nguyên không có gì để nói với Lâm Anh đâu...""","<s>: 0.0151, ▁"": 0.0888, Không: 0.1478, ...: 0.0146, ▁Phúc: 9.6894, ▁Nguyên: 0.0002, ▁không: 0.0597, ▁có: 0.1093, ▁gì: 0.0281, ▁để: 0.0925, ▁nói: 0.028, ▁với: 0.1338, ▁Lâm: 0.0005, ▁Anh: 0.0202, ▁đâu: 0.0286, ..."": 0.0291, </s>: 0.0571",0.6202,9.6894
9385,Còn cha gia Igeon chắc ngoài Goeun ra thì sẽ nch vs Haeun,Còn cha già Igeon chắc ngoài Goeun ra thì sẽ nói chuyện với Haeun,"<s>: 0.0155, ▁Còn: 0.0097, ▁cha: 0.0077, ▁già: 12.751, ▁I: 0.0702, ge: 0.001, on: 0.0094, ▁chắc: 0.0043, ▁ngoài: 0.0177, ▁Go: 0.0034, e: 0.0271, un: 0.0879, ▁ra: 0.0441, ▁thì: 0.1142, ▁sẽ: 0.0715, ▁nói: 0.0568, ▁chuyện: 0.0167, ▁với: 0.1133, ▁Ha: 0.0391, e: 0.0312, un: 0.0378, </s>: 0.0855",0.6189,12.751
7104,Đc thêm Ah Lực ngồi ngoài xúi mấy đứa mukbang vs full menu cn chụt 🤣,Được thêm Anh Lực ngồi ngoài xúi mấy đứa mukbang với full menu con chuột 🤣,"<s>: 0.0161, ▁Được: 0.1287, ▁thêm: 0.0478, ▁Anh: 0.1569, ▁L: 0.0403, ực: 0.0013, ▁ngồi: 0.0064, ▁ngoài: 0.0408, ▁x: 0.0557, ú: 0.0306, i: 0.0347, ▁mấy: 0.0101, ▁đứa: 0.0101, ▁: 2.7526, muk: 0.0002, bang: 0.0003, ▁với: 0.0475, ▁full: 0.0015, ▁menu: 0.0129, ▁con: 0.2736, ▁chuột: 10.9167, ▁: 0.1218, <unk>: 0.0667, </s>: 0.0497",0.6176,10.9167
4012,"- uk tao vẫn ship, kệ mẹ tao ik","- ừ tao vẫn ship, kệ mẹ tao đi","<s>: 0.0149, ▁-: 0.0383, ▁: 7.4375, ừ: 0.6314, ▁tao: 0.0337, ▁vẫn: 0.0346, ▁ship: 0.0029, ,: 0.1183, ▁k: 0.0654, ệ: 0.0537, ▁mẹ: 0.027, ▁tao: 0.0144, ▁đi: 0.03, </s>: 0.1325",0.6168,7.4375
3390,"Ê mak tui ko hiểu s lương của mik mak hỏi bắt mik ph ns cn số cụ thể ra ấy, tht sự rất là khíu chọ huhu","Ê mà tôi không hiểu sao lương của mình mà hỏi bắt mình phải nói con số cụ thể ra ấy, thật sự rất là khó chịu huhu","<s>: 0.0142, ▁Ê: 0.0012, ▁mà: 0.0581, ▁tôi: 2.2796, ▁không: 0.0505, ▁hiểu: 0.02, ▁sao: 0.0246, ▁lương: 0.01, ▁của: 0.078, ▁mình: 0.0167, ▁mà: 0.0537, ▁hỏi: 0.0207, ▁bắt: 0.0145, ▁mình: 0.0405, ▁phải: 0.0152, ▁nói: 0.0588, ▁con: 0.059, ▁số: 0.0311, ▁cụ: 0.0099, ▁thể: 0.0275, ▁ra: 0.0292, ▁ấy: 0.01, ,: 0.122, ▁thật: 0.0521, ▁sự: 0.0289, ▁rất: 0.0107, ▁là: 0.0277, ▁khó: 10.4515, ▁chịu: 5.6898, ▁: 0.3333, huhu: 0.0014, </s>: 0.0749",0.6161,10.4515
3865,em sẽ lấy zẻ hơn trên các app giao hàng cho ac ạk,em sẽ lấy rẻ hơn trên các app giao hàng cho anh chị ạ,"<s>: 0.016, ▁em: 0.1126, ▁sẽ: 0.0496, ▁lấy: 0.0099, ▁rẻ: 0.044, ▁hơn: 0.0896, ▁trên: 0.0597, ▁các: 0.0471, ▁app: 0.0037, ▁giao: 0.0077, ▁hàng: 0.0313, ▁cho: 0.0449, ▁anh: 0.2701, ▁chị: 8.9546, ▁ạ: 0.029, </s>: 0.0868",0.616,8.9546
9403,Thấy cx ngộ đứa nào hiền hiền ngoan ngoãn toàn gặp ck gia trưởng mak còn kte thấp kiêm đình ckồnq kì cục,Thấy cũng ngộ đứa nào hiền hiền ngoan ngoãn toàn gặp chồng gia trưởng mà còn kinh tế thấp kèm gia đình chồng kỳ cục,"<s>: 0.0151, ▁Th: 0.0146, ấ: 0.0114, y: 0.0518, ▁cũng: 0.0748, ▁ngộ: 0.0002, ▁đứa: 0.0102, ▁nào: 0.0338, ▁h: 0.0341, iền: 0.0047, ▁h: 0.0283, iền: 0.0202, ▁ngo: 0.0016, an: 0.0146, ▁ngo: 0.0012, ã: 0.0343, n: 0.0225, ▁toàn: 0.0035, ▁gặp: 0.009, ▁chồng: 0.0418, ▁gia: 0.0291, ▁trưởng: 0.0005, ▁mà: 0.0654, ▁còn: 0.0357, ▁kinh: 1.9567, ▁tế: 0.216, ▁thấp: 0.0064, ▁kèm: 13.9091, ▁gia: 0.7618, ▁đình: 0.1014, ▁chồng: 0.0152, ▁kỳ: 3.3307, ▁cục: 0.0015, </s>: 0.0653",0.6154,13.9091
13,Cơ hội lm ziệc ák lắm hở đâu cg tiếng trung chỗ mik m2 cs 10ng thì 9ng bjk ns... bắc giang nka 🗿,Cơ hội làm việc ác lắm hở đâu cũng tiếng trung chỗ mình mét vuông có 10 người thì 9 người biết nói... bắc giang nha 🗿,"<s>: 0.0141, ▁Cơ: 0.0097, ▁hội: 0.0477, ▁làm: 0.0878, ▁việc: 0.0192, ▁: 0.6034, ác: 0.0105, ▁lắm: 0.0207, ▁h: 0.1084, ở: 0.0015, ▁đâu: 0.0223, ▁cũng: 0.3411, ▁tiếng: 0.0208, ▁trung: 0.0163, ▁chỗ: 0.0078, ▁mình: 0.0172, ▁mét: 7.8846, ▁vu: 9.9439, ông: 0.5272, ▁có: 0.1956, ▁10: 0.0089, ▁người: 1.669, ▁thì: 0.0433, ▁9: 0.0103, ▁người: 0.644, ▁biết: 0.0052, ▁nói: 0.0448, ...: 0.0293, ▁b: 0.0922, ắ: 0.0198, c: 0.0925, ▁gian: 0.0072, g: 0.018, ▁nha: 0.0152, ▁: 0.0752, <unk>: 0.0448, </s>: 0.0428",0.6152,9.9439
8220,Hoa này thg cắm đc mấy ngày as sốp,Hoa này thường cắm được mấy ngày vậy shop,"<s>: 0.0152, ▁Hoa: 0.023, ▁này: 0.0421, ▁thường: 0.192, ▁c: 0.0887, ắ: 0.0148, m: 0.0242, ▁được: 0.1668, ▁mấy: 0.0145, ▁ngày: 0.0335, ▁vậy: 7.267, ▁shop: 0.0197, </s>: 0.0944",0.6151,7.267
1372,"Chx b ơi, h chắc ảnh đg ôm cn mèo chòn này ik ngủ r as","Chưa bạn ơi, giờ chắc ảnh đang ôm con mèo tròn này đi ngủ rồi á","<s>: 0.0159, ▁Chưa: 0.0859, ▁bạn: 0.0575, ▁ơi: 0.0143, ,: 0.0702, ▁giờ: 0.0503, ▁chắc: 0.0118, ▁ảnh: 0.6793, ▁đang: 0.0665, ▁ôm: 0.0016, ▁con: 0.012, ▁mè: 0.0033, o: 0.0666, ▁tròn: 10.9367, ▁này: 0.0665, ▁đi: 0.0294, ▁ngủ: 0.0041, ▁rồi: 0.0208, ▁á: 0.0239, </s>: 0.0734",0.6145,10.9367
8265,Khả năng sau khi xác định mqh vs Lam Ank thì Hà Lê sẽ lộ diện🥲,Khả năng sau khi xác định mối quan hệ với Lâm Anh thì Hà Lê sẽ lộ diện🥲,"<s>: 0.0134, ▁Khả: 0.0044, ▁năng: 0.0821, ▁sau: 0.0261, ▁khi: 0.0413, ▁xác: 0.0091, ▁định: 0.0255, ▁mối: 0.0114, ▁quan: 0.069, ▁hệ: 0.0654, ▁với: 0.0664, ▁Lâm: 11.9583, ▁Anh: 0.1516, ▁thì: 0.0411, ▁Hà: 0.0071, ▁Lê: 0.0003, ▁sẽ: 0.0339, ▁lộ: 0.0024, ▁diện: 0.0026, <unk>: 0.2287, </s>: 0.0466",0.6137,11.9583
1395,"tui ktra lại thấy nyc khoá fb r, còn nym xóa bài ms up 🤦🏻, r lun tui cx bdau cấn cấn r đoáaaa 🤷🏻‍♀️","tui kiểm tra lại thấy người yêu cũ khóa facebook rồi, còn người yêu mới xóa bài mới up 🤦🏻, rồi luôn tui cũng bắt đầu cấn cấn rồi đó 🤷🏻‍♀️","<s>: 0.0137, ▁tui: 0.1197, ▁kiểm: 0.0223, ▁tra: 0.0116, ▁lại: 0.0415, ▁thấy: 0.035, ▁người: 0.0101, ▁yêu: 0.1197, ▁cũ: 0.0876, <unk>: 11.9061, ▁facebook: 7.0705, ▁rồi: 0.0201, ,: 0.0978, ▁còn: 0.025, ▁người: 0.0248, ▁yêu: 0.0531, ▁mới: 0.3499, <unk>: 1.7251, ▁bài: 0.0056, ▁mới: 0.0208, ▁up: 0.0066, ▁: 0.1052, <unk>: 0.0473, <unk>: 0.0472, ,: 0.1071, ▁rồi: 0.0806, ▁luôn: 0.35, ▁tui: 0.2496, ▁cũng: 0.1121, ▁bắt: 0.0062, ▁đầu: 0.0023, ▁c: 0.063, ấ: 0.0054, n: 0.0348, ▁c: 0.0227, ấ: 0.007, n: 0.019, ▁rồi: 0.0215, ▁đó: 2.3881, ▁: 2.178, <unk>: 0.0339, <unk>: 0.0429, ▁: 0.0981, <unk>: 0.0499, <unk>: 0.3401, </s>: 0.0429",0.6135,11.9061
1982,=))) Chx cs ai ord 1 trà nhài vải lôfn như t ư,=))) Chưa có ai order 1 trà nhài vải lồn như tôi ư,"<s>: 0.0164, ▁=: 0.0163, ))): 0.0077, ▁Chưa: 0.0246, ▁có: 0.0693, ▁ai: 0.0372, ▁order: 2.2671, ▁1: 0.0885, ▁trà: 0.0028, ▁nhà: 0.0129, i: 0.1523, ▁v: 0.0748, ải: 0.0152, ▁lồ: 8.5782, n: 0.116, ▁như: 0.0553, ▁tôi: 0.2687, ▁: 0.3575, ư: 0.0021, </s>: 0.084",0.6123,8.5782
5130,=> Lãi suất nh khó giảm => Ng vay tiền áp lực hơn,=> Lãi suất ngân hàng khó giảm => Người vay tiền áp lực hơn,"<s>: 0.0137, <unk>: 0.1737, ▁L: 0.0458, ã: 0.0127, i: 0.0388, ▁suất: 0.0053, ▁ngân: 10.2603, ▁hàng: 0.0091, ▁khó: 0.0593, ▁giảm: 0.0272, <unk>: 0.1396, ▁Người: 0.0786, ▁vay: 0.0025, ▁tiền: 0.0175, ▁áp: 0.0093, ▁lực: 0.0121, ▁hơn: 0.0413, </s>: 0.0741",0.6123,10.2603
7645,Kph t pr nma chỗ t lấy 150 mak còn sợ ngta k hài lòng cơ Sau xem chỗ nào căng lắm cx chỉ 1 triệu cho các thầy cs tâm cs tầm th b nhứ trên 1m toàn bọn scam rách Nên tìm các thầy mak lớn tuổi r xem mấy chục năm r thì uy tín nka 500-1m mak cũg đág í,Không phải tôi PR nhưng mà chỗ tôi lấy 150 mà còn sợ người ta không hài lòng cơ Sau xem chỗ nào căng lắm cũng chỉ 1 triệu cho các thầy có tâm có tầm thôi bạn nhớ trên 1 triệu toàn bọn scam rách Nên tìm các thầy mà lớn tuổi rồi xem mấy chục năm rồi thì uy tín nha 500-1 triệu mà cũng đáng ý,"<s>: 0.0158, ▁Không: 0.3122, ▁phải: 0.0501, ▁tôi: 0.1429, ▁PR: 4.6694, ▁nhưng: 0.0574, ▁mà: 0.0344, ▁chỗ: 0.0123, ▁tôi: 0.0575, ▁lấy: 0.0091, ▁150: 0.0085, ▁mà: 0.0376, ▁còn: 0.0159, ▁sợ: 0.0173, ▁người: 0.0346, ▁ta: 0.0425, ▁không: 0.1047, ▁hài: 0.0048, ▁lòng: 0.0216, ▁cơ: 0.0058, ▁Sau: 0.0139, ▁xem: 0.0304, ▁chỗ: 0.0097, ▁nào: 0.0228, ▁căng: 0.0001, ▁lắm: 0.0148, ▁cũng: 0.0543, ▁chỉ: 0.0338, ▁1: 0.0187, ▁triệu: 0.0147, ▁cho: 0.0366, ▁các: 0.0409, ▁thầy: 0.005, ▁có: 0.0539, ▁tâm: 0.0243, ▁có: 0.0339, ▁tầm: 0.0003, ▁thôi: 0.0271, ▁bạn: 0.019, ▁nhớ: 4.6928, ▁trên: 0.0078, ▁1: 0.0848, ▁triệu: 2.4923, ▁toàn: 0.0639, ▁bọn: 0.0036, ▁scam: 0.0, ▁rá: 0.0005, ch: 0.0334, ▁Nên: 0.0184, ▁tìm: 0.011, ▁các: 0.191, ▁thầy: 0.0032, ▁mà: 0.0248, ▁lớn: 0.0092, ▁tuổi: 0.0133, ▁rồi: 0.023, ▁xem: 0.0092, ▁mấy: 0.0083, ▁chục: 0.0008, ▁năm: 0.0422, ▁rồi: 0.0155, ▁thì: 9.7559, ▁uy: 8.5311, </s>: 7.0327",0.6121,9.7559
2612,Ước j tiếng ah cg cs kiểu xưng hô ntn💔🥀,Ước gì tiếng Anh cũng có kiểu xưng hô như thế này 💔🥀,"<s>: 0.0161, ▁: 0.0657, Ư: 0.0104, ớ: 0.0054, c: 0.035, ▁gì: 0.0151, ▁tiếng: 0.0121, ▁Anh: 3.4953, ▁cũng: 0.0894, ▁có: 0.0796, ▁kiểu: 0.0064, ▁x: 0.0294, ư: 0.0024, ng: 0.0101, ▁hô: 0.0023, ▁như: 0.0338, ▁thế: 0.0572, ▁này: 0.3584, ▁: 8.2837, <unk>: 0.6994, <unk>: 0.0935, </s>: 0.06",0.6118,8.2837
9178,đặc biệt là mối tình đầu.Nhưng chẳng cs zề là ko thể cả.Mình cũg cs ng b nvay.Nhưng cta nên snghi thoáng ra ko cs tình yêu,đặc biệt là mối tình đầu. Nhưng chẳng có gì là không thể cả. Mình cũng có người bạn như vậy. Nhưng chúng ta nên suy nghĩ thoáng ra không có tình yêu,"<s>: 0.0136, ▁đặc: 0.0193, ▁biệt: 0.0115, ▁là: 0.0395, ▁mối: 0.0091, ▁tình: 0.0671, ▁đầu: 0.0308, .: 0.0556, ▁Nhưng: 7.685, ▁chẳng: 0.0356, ▁có: 0.0568, ▁gì: 0.0111, ▁là: 0.1015, ▁không: 0.0615, ▁thể: 0.0185, ▁cả: 0.0165, .: 0.0431, ▁Mình: 4.365, ▁cũng: 0.0219, ▁có: 0.084, ▁người: 0.0552, ▁bạn: 0.0578, ▁như: 0.0067, ▁vậy: 0.1806, .: 0.0714, ▁Nhưng: 7.2263, ▁chúng: 2.3462, ▁ta: 0.0559, ▁nên: 0.0629, ▁suy: 0.0204, ▁nghĩ: 0.0089, ▁thoáng: 0.0002, ▁ra: 0.0257, ▁không: 0.1308, ▁có: 0.053, ▁tình: 0.0363, ▁yêu: 0.0312, </s>: 0.1106",0.6112,7.685
8755,Tin mik ik nếu b cứ đâm đầu vào thì b sẽ xưng mắt th hoặc nếu cs cơ hội là k may cg xưng bụng đấy !,Tin mình đi nếu bạn cứ đâm đầu vào thì bạn sẽ sưng mắt thôi hoặc nếu có cơ hội là không may cũng sưng bụng đấy !,"<s>: 0.0149, ▁Tin: 0.0214, ▁mình: 0.0366, ▁đi: 0.0447, ▁nếu: 0.0364, ▁bạn: 0.0534, ▁cứ: 0.0138, ▁đâ: 0.0037, m: 0.024, ▁đầu: 0.0144, ▁vào: 0.0183, ▁thì: 0.0744, ▁bạn: 0.0721, ▁sẽ: 0.0343, ▁sư: 10.0817, ng: 0.0336, ▁mắt: 0.2985, ▁thôi: 0.0223, ▁hoặc: 0.0336, ▁nếu: 0.0495, ▁có: 0.038, ▁cơ: 0.0336, ▁hội: 0.0562, ▁là: 0.1036, ▁không: 0.0678, ▁may: 0.0031, ▁cũng: 0.0758, ▁sư: 8.6861, ng: 0.0252, ▁bụng: 0.0025, ▁đấy: 0.0072, ▁!: 0.0105, </s>: 0.08",0.6112,10.0817
2669,lương thưởng phúc lợi rõ ràng 🫶 Lh ngay 037.289.4811 để nhận ngay JD cả nhà oiiiii 💚,lương thưởng phúc lợi rõ ràng 🫶 Liên hệ ngay 037.289.4811 để nhận ngay Job Description cả nhà ơi 💚,"<s>: 0.0131, ▁lương: 0.0107, ▁thưởng: 0.0077, ▁phúc: 0.0454, ▁lợi: 0.0314, ▁rõ: 0.0041, ▁ràng: 0.0204, ▁: 0.0956, <unk>: 0.04, ▁Liên: 0.4547, ▁hệ: 0.0146, ▁ngay: 0.0132, ▁03: 0.005, 7.2: 0.1217, 89: 0.0204, .: 0.027, 48: 0.0132, 11: 0.0047, ▁để: 0.0495, ▁nhận: 0.0366, ▁ngay: 0.0199, ▁Job: 7.3648, ▁Description: 8.8212, ▁cả: 0.1531, ▁nhà: 0.0361, ▁ơi: 0.1645, ▁: 0.0572, <unk>: 0.0313, </s>: 0.037",0.6108,8.8212
742,Thay vì chọn màu ảnh và concept nhạt nhạt nàng thở nàng thơ thì tôi chọn màu ảnh nâu vàng sang xjnk yêu như mấy c Tây cho ảnh graduation 💪🏻🫶🏻🙏🏻,Thay vì chọn màu ảnh và concept nhạt nhạt nàng thơ nàng thơ thì tôi chọn màu ảnh nâu vàng sang xinh yêu như mấy chị Tây cho ảnh graduation 💪🏻🫶🏻🙏🏻,"<s>: 0.0134, ▁Thay: 0.0042, ▁vì: 0.0168, ▁chọn: 0.0147, ▁màu: 0.0076, ▁ảnh: 0.0696, ▁và: 0.1082, ▁concept: 0.0028, ▁nhạt: 0.0024, ▁nhạt: 0.0011, ▁nàng: 0.01, ▁thơ: 11.9842, ▁nàng: 8.5658, ▁thơ: 0.0115, ▁thì: 0.0454, ▁tôi: 0.0464, ▁chọn: 0.0228, ▁màu: 0.0048, ▁ảnh: 0.078, ▁nâu: 0.0005, ▁vàng: 0.0017, ▁sang: 0.0321, ▁xinh: 0.036, ▁yêu: 0.0114, ▁như: 0.0524, ▁mấy: 0.006, ▁chị: 1.8097, ▁Tây: 0.004, ▁cho: 0.0585, ▁ảnh: 0.0451, <unk>: 0.149, ation: 0.0139, ▁: 0.1144, <unk>: 0.037, <unk>: 0.0295, <unk>: 0.029, <unk>: 0.0318, <unk>: 0.0621, <unk>: 0.707, </s>: 0.1761",0.6104,11.9842
1265,Chuẩn b àh ik xuống ds chill chill hóng gió còn hơi xếp hàng đợi,Chuẩn bạn à đi xuống đó chill chill hóng gió còn hơn xếp hàng đợi,"<s>: 0.0145, ▁Chu: 0.0108, ẩ: 0.003, n: 0.0916, ▁bạn: 0.0625, ▁à: 0.0535, ▁đi: 0.1666, ▁xuống: 0.0151, ▁đó: 0.03, ▁chill: 0.0001, ▁chill: 0.0001, ▁hó: 0.0006, ng: 0.0245, ▁gió: 0.0027, ▁còn: 0.054, ▁hơn: 11.5528, ▁xếp: 0.0034, ▁hàng: 0.0134, ▁đợi: 0.0091, </s>: 0.0732",0.6091,11.5528
9337,kh thik dài dòng tốn tgian chỉ thik chửi ngta🤮🤮,không thích dài dòng tốn thời gian chỉ thích chửi người ta 🤮🤮,"<s>: 0.0142, ▁không: 0.0546, ▁thích: 0.0221, ▁dài: 0.0163, ▁dòng: 0.0039, ▁tố: 0.0034, n: 0.0451, ▁thời: 0.0132, ▁gian: 0.041, ▁chỉ: 0.1121, ▁thích: 0.0379, ▁ch: 0.059, ử: 0.0091, i: 0.0463, ▁người: 0.0752, ▁ta: 0.0625, ▁: 8.6254, <unk>: 2.254, </s>: 0.0609",0.6082,8.6254
5495,Bà pháp kiều ik bắt ghen chấn động địa cầu.,Bà Pháp Kiều đi bắt ghen chấn động địa cầu.,"<s>: 0.0134, ▁Bà: 0.0294, ▁Pháp: 7.1641, ▁Kiều: 0.9653, ▁đi: 0.0491, ▁bắt: 0.0078, ▁gh: 0.0034, en: 0.047, ▁chấn: 0.0004, ▁động: 0.0238, ▁địa: 0.0078, ▁cầu: 0.0174, .: 0.1124, </s>: 0.0712",0.608,7.1641
8246,"eo ôi cái cmt đók dở ng ak, thì từ bỏ ng này quen ngk chứ cs zề đâu mak cứ lm wa lên ?","eo ôi cái bình luận đó dở người à, thì từ bỏ người này quen người khác chứ có gì đâu mà cứ làm quá lên ?","<s>: 0.015, ▁eo: 0.0009, ▁: 0.0988, ôi: 0.0032, ▁cái: 0.0281, ▁bình: 11.6718, ▁luận: 4.9257, ▁đó: 0.0247, ▁d: 0.0921, ở: 0.006, ▁người: 0.0752, ▁à: 0.0509, ,: 0.0743, ▁thì: 0.0374, ▁từ: 0.0183, ▁bỏ: 0.0023, ▁người: 0.0516, ▁này: 0.0277, ▁quen: 0.0012, ▁người: 0.1143, ▁khác: 1.7114, ▁chứ: 0.0155, ▁có: 0.1042, ▁gì: 0.0144, ▁đâu: 0.0284, ▁mà: 0.0564, ▁cứ: 0.006, ▁làm: 0.0363, ▁quá: 0.0038, ▁lên: 0.0743, ▁?: 0.0149, </s>: 0.0647",0.6078,11.6718
5286,"Shaooo ôg ds k sang VN, cashout 5tr$ rùi đầu tư HDPE","Sao ông đó không sang Việt Nam, cashout 5 triệu USD rồi đầu tư HDPE","<s>: 0.0154, ▁Sao: 0.0721, ▁ông: 0.0234, ▁đó: 0.0775, ▁không: 0.0978, ▁sang: 0.0325, ▁Việt: 0.2078, ▁Nam: 0.0229, ,: 0.0855, ▁cash: 0.0103, out: 0.0604, ▁5: 0.0125, ▁triệu: 0.1305, ▁USD: 11.0203, ▁rồi: 0.0981, ▁đầu: 0.016, ▁tư: 0.0344, ▁HDP: 0.0043, E: 0.0671, </s>: 0.0588",0.6074,11.0203
8134,"Lần này là lm xoq lun rùi nka, mak dùng túi nilon lm bcs =>>","Lần này là làm xong luôn rồi nha, mà dùng túi nilon làm bao cao su =>>","<s>: 0.0145, ▁L: 0.134, ầ: 0.0302, n: 0.0393, ▁này: 0.0251, ▁là: 0.0807, ▁làm: 0.0628, ▁xong: 0.0147, ▁luôn: 0.0329, ▁rồi: 0.0269, ▁nha: 0.0159, ,: 0.0854, ▁mà: 0.0252, ▁dùng: 0.0184, ▁túi: 0.0009, ▁ni: 0.0014, lon: 0.0055, ▁làm: 0.0886, ▁bao: 2.5456, ▁cao: 9.5543, ▁su: 1.6852, ▁=: 0.0135, <unk>: 0.037, </s>: 0.034",0.6072,9.5543
5459,nhạc nghe tcam mak hay lứm cái bài I love you đók siu thik íiiiiiiii,nhạc nghe tình cảm mà hay lắm cái bài I love you đó siêu thích ý,"<s>: 0.0143, ▁nhạc: 0.0167, ▁nghe: 0.021, ▁tình: 0.5472, ▁cảm: 0.0201, ▁mà: 0.0426, ▁hay: 0.0139, ▁lắm: 8.6055, ▁cái: 0.0552, ▁bài: 0.0178, ▁I: 0.0255, ▁love: 0.0086, ▁you: 0.0046, ▁đó: 0.027, ▁siêu: 0.2666, ▁thích: 0.071, ▁ý: 0.4214, </s>: 0.7487",0.6071,8.6055
4026,"Zạ để em tìm hiểu về esty, em kảm ơn ah đã gợi ý ạk 🙇🏻‍♂️","Dạ để em tìm hiểu về Etsy, em cảm ơn anh đã gợi ý ạ 🙇🏻‍♂️","<s>: 0.0161, ▁Dạ: 0.0455, ▁để: 0.051, ▁em: 0.0642, ▁tìm: 0.0146, ▁hiểu: 0.0259, ▁về: 0.052, ▁Et: 7.753, sy: 6.2526, ,: 0.1659, ▁em: 0.0744, ▁cảm: 0.1177, ▁ơn: 0.0368, ▁anh: 0.016, ▁đã: 0.0784, ▁gợi: 0.0024, ▁ý: 0.052, ▁ạ: 0.0076, ▁: 0.0317, <unk>: 0.0384, <unk>: 0.0533, ▁: 0.08, <unk>: 0.0361, <unk>: 0.0796, </s>: 0.0294",0.607,7.753
3893,"Shop mất dạy wa, hồi xưa tui gả mèo mak ngta nuôi 5,6 năm t vẫn nch tư vấn chăm mèo đây.","Shop mất dạy quá, hồi xưa tôi gả mèo mà người ta nuôi 5, 6 năm tôi vẫn nói chuyện tư vấn chăm mèo đây.","<s>: 0.0149, ▁Shop: 0.0149, ▁mất: 0.0054, ▁dạy: 0.0011, ▁quá: 0.0097, ,: 0.0712, ▁hồi: 0.0028, ▁xưa: 0.0068, ▁tôi: 2.3786, ▁g: 0.1119, ả: 0.0052, ▁mè: 0.0054, o: 0.041, ▁mà: 0.0426, ▁người: 0.0444, ▁ta: 0.0355, ▁nuôi: 0.0165, ▁5: 4.6726, ,: 8.2499, ▁6: 3.715, ▁năm: 0.0645, ▁tôi: 0.0699, ▁vẫn: 0.0141, ▁nói: 0.1671, ▁chuyện: 0.0173, ▁tư: 0.0094, ▁vấn: 0.0134, ▁chăm: 0.0022, ▁mè: 0.0014, o: 0.068, ▁đây: 0.0152, .: 0.0956, </s>: 0.0481",0.607,8.2499
3304,"Tên nick thì oder... ncl các cháu h não ngắn tht, tạo còn ten hài ẻ :))","Tên nick thì order... nói chung là các cháu giờ não ngắn thật, tạo content hài ẻ :))","<s>: 0.014, ▁Tên: 0.0201, ▁nick: 0.0014, ▁thì: 0.0836, ▁order: 1.5197, ...: 0.0322, ▁nói: 0.2365, ▁chung: 0.2477, ▁là: 0.573, ▁các: 0.0644, ▁cháu: 0.0085, ▁giờ: 0.0721, ▁não: 0.006, ▁ngắn: 0.0069, ▁thật: 0.0698, ,: 0.1154, ▁tạo: 0.0048, ▁content: 9.8996, ▁hài: 0.0006, ▁: 0.6846, ẻ: 0.011, <unk>: 0.185, </s>: 0.0663",0.6054,9.8996
5095,Nay ngày Cát Tường Đức Địa Tạng Vương Bồ Tát 🙏 B cs DUYÊN zới Ngài 🙏 Lạy Đức Địa Tạng che chở GD B khổ não nợ nần,Nay ngày Cát Tường Đức Địa Tạng Vương Bồ Tát 🙏 Bạn có DUYÊN với Ngài 🙏 Lạy Đức Địa Tạng che chở GIA ĐÌNH BẠN khổ não nợ nần,"<s>: 0.0142, ▁Na: 0.0081, y: 0.0394, ▁ngày: 0.0256, ▁C: 0.0353, át: 0.0238, ▁T: 0.0193, ường: 0.0015, ▁Đức: 0.0032, ▁Địa: 0.0015, ▁T: 0.0224, ạ: 0.027, ng: 0.0135, ▁Vương: 0.0017, ▁Bồ: 0.0027, ▁Tá: 0.009, t: 0.0448, ▁: 0.0379, <unk>: 0.0495, ▁Bạn: 0.1476, ▁có: 0.1038, ▁D: 0.4727, UYÊN: 0.0006, ▁với: 0.03, ▁Ngài: 0.0098, ▁: 0.0402, <unk>: 0.0541, ▁L: 0.0232, ạ: 0.0042, y: 0.0304, ▁Đức: 0.0014, ▁Địa: 0.0011, ▁T: 0.0179, ạ: 0.0364, ng: 0.0226, ▁che: 0.0027, ▁chở: 0.0038, ▁: 9.541, GIA: 4.0399, ▁Đ: 1.8747, Ì: 0.3343, NH: 0.0165, ▁B: 1.5907, ẠN: 11.8086, ▁khổ: 0.0007, ▁não: 0.0039, ▁nợ: 0.0012, ▁n: 0.1086, ầ: 0.0048, n: 0.0288, </s>: 0.0508",0.6037,11.8086
6614,T chỉ là thu ngân của khu game thoi.Ý là nếu lm típ thì t sẽ ổn đjnh lương 5 củ,Tôi chỉ là thu ngân của khu game thôi.Ý là nếu làm tiếp thì tôi sẽ ổn định lương 5 củ,"<s>: 0.0152, ▁Tôi: 0.1622, ▁chỉ: 0.0503, ▁là: 0.047, ▁thu: 0.0589, ▁ngân: 0.011, ▁của: 0.0657, ▁khu: 0.0091, ▁game: 0.0156, ▁thôi: 0.0126, .: 0.0714, Ý: 0.0309, ▁là: 0.0676, ▁nếu: 0.0768, ▁làm: 0.1713, ▁tiếp: 8.3692, ▁thì: 0.0735, ▁tôi: 0.1058, ▁sẽ: 0.0869, ▁ổn: 0.0012, ▁định: 5.4572, ▁lương: 0.01, ▁5: 0.025, ▁củ: 0.0006, </s>: 0.0853",0.6032,8.3692
4931,nma xài nhầm thì tháng sau trả lại băng tiền dự định mua ban đầu chứ s lại nợ =)))))),nhưng mà xài nhầm thì tháng sau trả lại bằng tiền dự định mua ban đầu chứ sao lại nợ =)))))),"<s>: 0.0159, ▁nhưng: 0.0427, ▁mà: 0.0628, ▁x: 0.0218, à: 0.0547, i: 0.0074, ▁nhầm: 0.0146, ▁thì: 0.0659, ▁tháng: 0.0174, ▁sau: 0.0261, ▁trả: 0.0084, ▁lại: 0.0405, ▁bằng: 14.6789, ▁tiền: 0.2796, ▁dự: 0.02, ▁định: 0.0723, ▁mua: 0.0191, ▁ban: 0.0181, ▁đầu: 0.0506, ▁chứ: 0.0166, ▁sao: 0.0184, ▁lại: 0.0346, ▁nợ: 0.0136, ▁=: 0.0098, <unk>: 0.0286, </s>: 0.0443",0.6032,14.6789
2217,n hề màk n bcuoi “ khủng lồ to lớn “ ❌ “Khủng long”✅ “Dì ph lấy ckồnq “❌ “Dì bị bà bán ik “✅,nó hề mà nó buồn cười “ khổng lồ to lớn “ ❌ “Khủng long”✅ “Dì phải lấy chồng “❌ “Dì bị bà bán đi “✅,"<s>: 0.0142, ▁nó: 0.0461, ▁hề: 0.2634, ▁mà: 0.0622, ▁nó: 0.0383, ▁buồn: 1.446, ▁cười: 0.0137, ▁“: 0.0307, ▁khổ: 8.7304, ng: 13.104, ▁lồ: 0.0003, ▁to: 0.0418, ▁lớn: 0.0042, ▁“: 0.0331, ▁: 0.0633, <unk>: 0.036, ▁“: 0.049, K: 0.033, h: 0.0233, ủ: 0.0204, ng: 0.0131, ▁long: 0.0002, ”: 0.0098, <unk>: 0.0949, ▁“: 0.0215, D: 0.1797, ì: 0.0254, ▁phải: 0.0155, ▁lấy: 0.0077, ▁chồng: 0.0109, ▁“: 0.1933, <unk>: 0.0854, ▁“: 0.0393, D: 0.0778, ì: 0.0164, ▁bị: 0.0444, ▁bà: 0.0627, ▁bán: 0.012, ▁đi: 0.0181, ▁“: 0.1928, <unk>: 0.0823, </s>: 0.0382",0.6023,13.104
5479,Chúc b sang năm ms sức khoẻ - phát tài phát lộc vạn sự như ý nhé,Chúc bạn sang năm mới sức khỏe - phát tài phát lộc vạn sự như ý nhé,"<s>: 0.0136, ▁Chúc: 0.0163, ▁bạn: 0.0515, ▁sang: 0.0442, ▁năm: 0.029, ▁mới: 0.0227, ▁sức: 0.0085, <unk>: 7.6847, ▁-: 3.8272, ▁phát: 0.0127, ▁tài: 0.0203, ▁phát: 0.0078, ▁lộ: 0.001, c: 0.1113, ▁vạn: 0.0008, ▁sự: 0.0238, ▁như: 0.0409, ▁ý: 0.0087, ▁nhé: 0.0279, </s>: 0.0929",0.6023,7.6847
3681,tư duy như cái q =)))) ai mak muốn hiểu,tư duy như cái quần =)))) ai mà muốn hiểu,"<s>: 0.0151, ▁tư: 0.0094, ▁duy: 0.0021, ▁như: 0.0359, ▁cái: 0.0253, ▁quần: 7.1029, ▁=: 0.2221, <unk>: 0.2088, ▁ai: 0.0177, ▁mà: 0.0493, ▁muốn: 0.0472, ▁hiểu: 0.0111, </s>: 0.0805",0.6021,7.1029
4794,Xin vía nh tiền về zà trồng rau nuôi gà giống như chủ tuú :)),Xin vía nhiều tiền về già trồng rau nuôi gà giống như chủ status :)),"<s>: 0.0152, ▁Xin: 0.0161, ▁vía: 0.0003, ▁nhiều: 0.0442, ▁tiền: 0.0392, ▁về: 0.0467, ▁già: 0.1244, ▁trồng: 0.0475, ▁rau: 0.0634, ▁nuôi: 0.0151, ▁gà: 0.0071, ▁giống: 0.0056, ▁như: 0.0206, ▁chủ: 0.0295, ▁status: 8.2333, <unk>: 1.4546, </s>: 0.0643",0.6016,8.2333
5948,Nhưg suy ik nghỉ lại cx mọi thứ bh cg tốt đẹp hơn rất nh r ạk.,Nhưng suy đi nghĩ lại cũng mọi thứ bây giờ cũng tốt đẹp hơn rất nhiều rồi ạ.,"<s>: 0.0148, ▁Nhưng: 0.0236, ▁suy: 0.0029, ▁đi: 0.0712, ▁nghĩ: 11.6124, ▁lại: 0.0692, ▁cũng: 0.1257, ▁mọi: 0.0209, ▁thứ: 0.0287, ▁bây: 0.2713, ▁giờ: 0.0115, ▁cũng: 0.0791, ▁tốt: 0.0091, ▁đẹp: 0.0173, ▁hơn: 0.0553, ▁rất: 0.0076, ▁nhiều: 0.0144, ▁rồi: 0.0211, ▁ạ: 0.017, .: 0.0901, </s>: 0.0666",0.6014,11.6124
2872,Thsu kbiet giới trẻ nghĩ zì mak hù theo như phong trào v.,Thực sự không biết giới trẻ nghĩ gì mà hùa theo như phong trào vậy.,"<s>: 0.0164, ▁Thực: 1.758, ▁sự: 0.0251, ▁không: 0.0632, ▁biết: 0.0232, ▁giới: 0.007, ▁trẻ: 0.0235, ▁nghĩ: 0.023, ▁gì: 0.0779, ▁mà: 0.0705, ▁: 0.063, hù: 0.0022, a: 9.6233, ▁theo: 0.0457, ▁như: 0.0344, ▁phong: 0.0042, ▁trào: 0.0004, ▁vậy: 0.0211, .: 0.0777, </s>: 0.0678",0.6014,9.6233
5062,"tui mơi cs từ tháng 6 tới h neh bà m, dự là năm nay lm cố lm ráng để trả xg .","tui mới có từ tháng 6 tới giờ nè bà mẹ, dự là năm nay làm cố làm ráng để trả xong .","<s>: 0.0134, ▁tui: 0.131, ▁mới: 9.3281, ▁có: 0.0451, ▁từ: 0.0354, ▁tháng: 0.0098, ▁6: 0.0213, ▁tới: 0.009, ▁giờ: 0.0834, ▁nè: 0.0367, ▁bà: 0.034, ▁mẹ: 5.9715, ,: 0.3873, ▁dự: 0.0043, ▁là: 0.0572, ▁năm: 0.0167, ▁nay: 0.071, ▁làm: 0.1876, ▁cố: 0.0098, ▁làm: 0.0459, ▁rá: 0.0003, ng: 0.0167, ▁để: 0.0614, ▁trả: 0.0143, ▁xong: 0.05, ▁: 0.0858, .: 0.0496, </s>: 0.0514",0.601,9.3281
459,tặng nama royce nèk siêu hot dịp vlt🤭 🍫Nama chocolate Royce chỉ từ 26x🐟 Cs mix vị nka cả nhà 🌸Vị sốp đg cs: • Matcha • Cacao • Aulait • Ghana • Xoài • Tiramisu 🧏🏻‍♀️Hàng chuẩn nhật,tặng nama royce nè siêu hot dịp valentine🤭 🍫Nama chocolate Royce chỉ từ 26x🐟 Có mix vị nha cả nhà 🌸Vị shop đang có: • Matcha • Cacao • Aulait • Ghana • Xoài • Tiramisu 🧏🏻‍♀️Hàng chuẩn nhật,"<s>: 0.0137, ▁tặng: 0.0145, ▁nama: 0.0384, ▁: 0.8658, roy: 0.0002, ce: 0.0214, ▁nè: 0.015, ▁siêu: 0.0038, ▁hot: 0.0035, ▁dịp: 0.0048, ▁: 7.1829, valent: 2.678, ine: 1.4634, <unk>: 1.6265, ▁: 0.0907, <unk>: 0.0317, Na: 0.0388, ma: 0.6763, ▁chocolate: 0.0267, ▁: 0.15, Royce: 0.0001, ▁chỉ: 0.0442, ▁từ: 0.0135, ▁26: 0.0008, x: 0.0234, <unk>: 0.191, ▁Có: 0.0957, ▁mix: 0.0139, ▁vị: 0.0162, ▁nha: 0.0224, ▁cả: 0.0315, ▁nhà: 0.0253, ▁: 0.1035, <unk>: 0.0377, V: 0.0061, ị: 0.0058, ▁shop: 0.2867, ▁đang: 0.1399, ▁có: 0.0816, :: 0.0448, ▁•: 0.0024, ▁Match: 0.0018, a: 0.0146, ▁•: 0.0072, ▁Ca: 0.0167, cao: 0.0055, ▁•: 0.0049, ▁Aula: 0.0012, it: 0.119, ▁•: 0.0073, ▁Ghana: 0.0035, ▁•: 0.0029, ▁X: 0.0136, oài: 0.0004, ▁•: 0.0084, ▁Tira: 0.0002, mis: 0.0002, u: 0.0074, ▁: 0.2151, <unk>: 4.5943, <unk>: 7.3942, ▁: 8.0956, <unk>: 1.5887, </s>: 0.2027",0.6006,8.0956
2821,🤭🤭🥰🥰🥰 nhìn ngol wa a ơi,🤭🤭🥰🥰🥰 nhìn ngon quá anh ơi,"<s>: 0.0141, ▁: 0.0984, <unk>: 0.0209, <unk>: 0.05, <unk>: 0.0473, <unk>: 0.0716, <unk>: 7.2298, ▁nhìn: 0.0058, ▁ngon: 0.0163, ▁quá: 0.0176, ▁anh: 0.1381, ▁ơi: 0.0331, </s>: 0.0615",0.6003,7.2298
1935,t cũg muốn nổi điên nhma tới ds t như chững lại roi lại thoi 😭,tôi cũng muốn nổi điên nhưng mà tới đó tôi như chững lại rồi lại thôi 😭,"<s>: 0.0144, ▁tôi: 0.2259, ▁cũng: 0.0186, ▁muốn: 0.0136, ▁nổi: 0.0074, ▁điên: 0.0007, ▁nhưng: 0.0346, ▁mà: 0.0382, ▁tới: 0.0442, ▁đó: 0.0428, ▁tôi: 0.1014, ▁như: 0.058, ▁chữ: 0.0018, ng: 0.0279, ▁lại: 0.0225, ▁rồi: 7.8663, ▁lại: 3.8904, ▁thôi: 0.0384, ▁: 0.0303, <unk>: 0.059, </s>: 0.0574",0.5997,7.8663
8569,"b thử uống nh cafe đen mạnh nka, nhma chuyện này mk kh rcm tại vì n ảnh hưởng đến cycle của bn dzới hormone rất kh nên nka","bạn thử uống nhiều cà phê đen mạnh nha, nhưng mà chuyện này mình không recommend tại vì nó ảnh hưởng đến chu kỳ của bạn với hormone rất không nên nha","<s>: 0.014, ▁bạn: 0.0646, ▁thử: 0.0246, ▁uống: 0.0213, ▁nhiều: 0.051, ▁cà: 7.3795, ▁phê: 1.7614, ▁đen: 0.0124, ▁mạnh: 0.0032, ▁nha: 0.0194, ,: 0.1049, ▁nhưng: 0.075, ▁mà: 0.0494, ▁chuyện: 0.0309, ▁này: 0.0702, ▁mình: 0.1924, ▁không: 0.0511, ▁recommend: 1.0635, ▁tại: 0.0964, ▁vì: 0.0722, ▁nó: 0.0301, ▁ảnh: 0.0123, ▁hưởng: 0.0274, ▁đến: 0.1009, ▁chu: 7.3105, ▁kỳ: 1.5811, ▁của: 0.2509, ▁bạn: 0.059, ▁với: 0.0499, ▁hormone: 0.0174, ▁rất: 0.0089, ▁không: 0.1246, ▁nên: 0.0312, ▁nha: 0.047, </s>: 0.0989",0.5974,7.3795
6265,Lm CSKH bank thì nhắn mik nhé 0968420980,Làm chăm sóc khách hàng bank thì nhắn mình nhé 0968420980,"<s>: 0.0149, ▁Làm: 0.0849, ▁chăm: 8.8485, ▁sóc: 0.0004, ▁khách: 0.2135, ▁hàng: 0.0151, ▁bank: 0.0268, ▁thì: 0.0951, ▁nhắn: 0.0193, ▁mình: 0.0167, ▁nhé: 0.0421, ▁09: 0.0032, 684: 0.0684, 20: 0.0051, 980: 0.0314, </s>: 0.0698",0.5972,8.8485
4595,TUYỂN DỤNG DECOR NGHÀNH CƯỚI NKA TRANG : LƯƠNG 12tr/tháng - Thưởng theo show 500k-1tr/ show/ team tuỳ mức độ hạng mục Chế độ : - Ăn theo show 35k/ buổi - Off 2 ngày cs lương - 6 tháng ký hđ bảo hiểm xã hội theo chính sách nhà nc - thưởng lễ tết đầy đủ,TUYỂN DỤNG DECOR NGÀNH CƯỚI NHA TRANG : LƯƠNG 12 triệu/tháng - Thưởng theo show 500k-1 triệu/ show/ team tùy mức độ hạng mục Chế độ : - Ăn theo show 35k/ buổi - Off 2 ngày có lương - 6 tháng ký hợp đồng bảo hiểm xã hội theo chính sách nhà nước - thưởng lễ tết đầy đủ,"<s>: 0.0155, ▁TU: 0.0091, Y: 0.0206, Ể: 0.0036, N: 0.0222, ▁DỤNG: 0.012, ▁DE: 0.0123, COR: 0.0024, ▁NG: 0.089, ÀN: 3.7346, H: 0.2146, ▁C: 0.6375, Ư: 0.0119, Ớ: 0.0214, I: 0.0172, ▁N: 0.9877, HA: 0.6363, ▁TR: 0.0231, ANG: 0.0004, ▁:: 0.0376, ▁L: 0.0195, ƯƠNG: 0.0015, ▁12: 0.0119, ▁triệu: 0.2391, /: 0.0213, th: 0.1086, áng: 0.046, ▁-: 0.0288, ▁Th: 0.0335, ưởng: 0.0005, ▁theo: 0.0188, ▁show: 0.002, ▁500: 0.0099, k: 0.0121, -1: 0.0244, ▁triệu: 0.4211, /: 0.0094, ▁show: 0.0033, /: 0.0257, ▁team: 0.0047, <unk>: 9.2283, ▁mức: 2.7689, ▁độ: 0.0224, ▁hạng: 0.0117, ▁mục: 0.0187, ▁Chế: 0.0011, ▁độ: 0.0134, ▁:: 0.0418, ▁-: 0.0193, ▁Ăn: 0.0215, ▁theo: 0.0154, ▁show: 0.0021, ▁35: 0.0013, k: 0.0227, /: 0.0143, ▁buổi: 0.0105, ▁-: 0.0348, ▁Off: 0.0235, ▁2: 0.036, ▁ngày: 0.0114, ▁có: 0.0336, ▁lương: 10.5944, ▁-: 5.5583, </s>: 2.1199",0.5965,10.5944
7547,"Ohh, z để gen ra dc lá số tử vi như v thì b call sang đâu cs đc ạk?","Ohh, thế để generate ra được lá số tử vi như vậy thì bạn call sang đâu có được ạ?","<s>: 0.0158, ▁Oh: 0.0254, h: 0.4224, ,: 0.0806, ▁thế: 1.1778, ▁để: 0.0616, <unk>: 11.5452, ▁ra: 0.7406, ▁được: 0.0473, ▁lá: 0.0015, ▁số: 0.0049, ▁tử: 0.0016, ▁vi: 0.0066, ▁như: 0.054, ▁vậy: 0.0186, ▁thì: 0.0955, ▁bạn: 0.0632, ▁call: 0.0035, ▁sang: 0.0557, ▁đâu: 0.0342, ▁có: 0.2141, ▁được: 0.0704, ▁ạ: 0.0347, ?: 0.0751, </s>: 0.0614",0.5965,11.5452
782,Mik toán 10₫ cs giải Nhất Nhì Ba HSG tỉnh toán.,Mình toán 10 điểm có giải Nhất Nhì Ba Học sinh giỏi tỉnh toán.,"<s>: 0.0156, ▁Mình: 0.0404, ▁toán: 0.006, ▁10: 0.0093, ▁điểm: 7.7127, ▁có: 0.1786, ▁giải: 0.0154, ▁Nhất: 0.0105, ▁N: 0.0395, hì: 0.0022, ▁Ba: 0.066, ▁Học: 1.0707, ▁sinh: 1.0339, ▁giỏi: 0.2539, ▁tỉnh: 0.1132, ▁toán: 0.0087, .: 0.0838, </s>: 0.0709",0.5962,7.7127
8422,Ah ơi ank giỏi lắm ❤️🙌🏻 cn nào chửi ảnh “ bãi nào cx thấy mặt” thì dzô màk nghe 2 Neko ns nek :),Anh ơi anh giỏi lắm ❤️🙌🏻 con nào chửi ảnh “ bãi nào cũng thấy mặt” thì vô mà nghe Hai Neko nói nè :),"<s>: 0.0146, ▁Anh: 0.0203, ▁ơi: 0.0246, ▁anh: 0.0312, ▁giỏi: 0.0038, ▁lắm: 0.0139, <unk>: 0.1935, <unk>: 0.0878, <unk>: 0.0732, <unk>: 4.3942, ▁con: 0.0814, ▁nào: 0.0239, ▁ch: 0.0295, ử: 0.0123, i: 0.0198, ▁ảnh: 0.6591, ▁“: 0.0243, ▁bãi: 0.0001, ▁nào: 0.0205, ▁cũng: 0.0919, ▁thấy: 0.019, ▁mặt: 0.0062, ”: 0.011, ▁thì: 0.0898, ▁vô: 0.0119, ▁mà: 0.1524, ▁nghe: 0.0091, ▁Hai: 8.9024, ▁Ne: 0.0144, ko: 0.1016, ▁nói: 0.0437, ▁nè: 4.5723, <unk>: 0.0691, </s>: 0.4422",0.596,8.9024
1588,T cg đg thắc mắc tsao ko để ht hd để rời màk chọn đúng nhóm đag trg đà phát triển nhg ko thể chắc ảnh dc tại ảnh cg cs một niềm riêng của mk mak,Tôi cũng đang thắc mắc tại sao không để hết hợp đồng để rời mà chọn đúng nhóm đang trong đà phát triển nhưng không thể trách ảnh được tại ảnh cũng có một niềm riêng của mình mà,"<s>: 0.0142, ▁Tôi: 0.1601, ▁cũng: 0.056, ▁đang: 0.02, ▁t: 0.0216, hắc: 0.0023, ▁mắc: 0.0051, ▁tại: 0.1493, ▁sao: 0.0089, ▁không: 0.0547, ▁để: 0.0423, ▁hết: 0.0458, ▁hợp: 7.6692, ▁đồng: 0.0919, ▁để: 0.4433, ▁rời: 0.0015, ▁mà: 0.1092, ▁chọn: 0.0142, ▁đúng: 0.0081, ▁nhóm: 0.0083, ▁đang: 0.0142, ▁trong: 0.1044, ▁đà: 0.0006, ▁phát: 0.0164, ▁triển: 0.0186, ▁nhưng: 0.0636, ▁không: 0.0747, ▁thể: 0.0323, ▁trách: 14.3439, ▁ảnh: 0.4716, ▁được: 0.0447, ▁tại: 0.0643, ▁ảnh: 0.252, ▁cũng: 0.0693, ▁có: 0.0689, ▁một: 0.1143, ▁niềm: 0.0016, ▁riêng: 0.0039, ▁của: 0.1132, ▁mình: 0.0775, ▁mà: 0.0233, </s>: 0.1088",0.5954,14.3439
6270,"• Theo dõi hd lao động, ttin nhân sự.","• Theo dõi hợp đồng lao động, thông tin nhân sự.","<s>: 0.0143, ▁•: 0.0029, ▁Theo: 0.0123, ▁dõi: 0.0103, ▁hợp: 8.8601, ▁đồng: 0.1403, ▁la: 0.0107, o: 0.1183, ▁động: 0.0131, ,: 0.0719, ▁thông: 0.0298, ▁tin: 0.0575, ▁nhân: 0.0155, ▁sự: 0.0123, .: 0.0745, </s>: 0.0799",0.5952,8.8601
8488,Liêm Trinh ở Tật Ách mak cs Lưu Hoá Kị lun thì s ạk 😭😭😭,Liêm Trinh ở Tật Ách mà có Lưu Hóa Kỵ luôn thì sao ạ 😭😭😭,"<s>: 0.0158, ▁Li: 0.0428, êm: 0.0012, ▁Trin: 0.0078, h: 0.0069, ▁ở: 0.0706, ▁T: 0.0176, ật: 0.0032, ▁Á: 0.0054, ch: 0.015, ▁mà: 0.0478, ▁có: 0.1217, ▁Lưu: 0.0002, <unk>: 10.2459, ▁K: 0.0575, ỵ: 3.7388, ▁luôn: 0.106, ▁thì: 0.1258, ▁sao: 0.0229, ▁ạ: 0.0162, ▁: 0.0476, <unk>: 0.0351, <unk>: 0.0466, <unk>: 0.0522, </s>: 0.0197",0.5948,10.2459
2963,Tại hồi đók hay chs vs thằn lằn nẻn ý tưởng đột nhiên lóe lên ấy:),Tại hồi đó hay chơi với thằn lằn nên ý tưởng đột nhiên lóe lên ấy:),"<s>: 0.0138, ▁Tại: 0.0158, ▁hồi: 0.0152, ▁đó: 0.0263, ▁hay: 0.0217, ▁chơi: 0.0356, ▁với: 0.0774, ▁th: 0.0496, ằ: 0.0018, n: 0.0207, ▁l: 0.0211, ằ: 0.0019, n: 0.0162, ▁nên: 13.9992, ▁ý: 0.0622, ▁tưởng: 0.024, ▁đột: 0.0065, ▁nhiên: 0.0205, ▁ló: 0.0039, e: 0.2182, ▁lên: 0.0586, ▁ấy: 0.0198, :: 0.0409, ): 0.0301, </s>: 0.0592",0.5944,13.9992
4955,tui còn thấy vì cơ bản là nền tảng vững nên cố cs xu hướng muốn thao túng cả ng yêu thw mk theo ý mk :)),tui còn thấy vì cơ bản là nền tảng vững nên cổ có xu hướng muốn thao túng cả người yêu thương mình theo ý mình :)),"<s>: 0.013, ▁tui: 0.0867, ▁còn: 0.0957, ▁thấy: 0.0132, ▁vì: 0.0272, ▁cơ: 0.0138, ▁bản: 0.0213, ▁là: 0.0487, ▁nền: 0.0018, ▁tảng: 0.0052, ▁vững: 0.0057, ▁nên: 0.0629, ▁cổ: 14.4268, ▁có: 2.3474, ▁xu: 0.0052, ▁hướng: 0.0478, ▁muốn: 0.0156, ▁thao: 0.0002, ▁tú: 0.0071, ng: 0.0987, ▁cả: 0.0722, ▁người: 0.0446, ▁yêu: 0.0162, ▁thương: 0.0174, ▁mình: 0.0585, ▁theo: 0.053, ▁ý: 0.021, ▁mình: 0.0625, <unk>: 0.0597, </s>: 0.0697",0.594,14.4268
9183,28 Phú Thọ chào đồng hương đồng khói😂😂😂,28 Phú Thọ chào đồng hương đồng khói 😂😂😂,"<s>: 0.0148, ▁28: 0.0058, ▁Phú: 0.0001, ▁Th: 0.0119, ọ: 0.0118, ▁chào: 0.0035, ▁đồng: 0.0722, ▁hương: 0.0117, ▁đồng: 0.0308, ▁khó: 0.0381, i: 0.0332, ▁: 7.4044, <unk>: 0.0718, <unk>: 0.0625, <unk>: 1.6614, </s>: 0.0544",0.593,7.4044
7860,Dcm mặt thk Ruay y xì đúc thk cha winny💔,Địt con mẹ mặt thằng Ruay y xì đúc thằng cha Winny💔,"<s>: 0.0155, ▁Đ: 0.8903, ị: 0.6489, t: 0.0128, ▁con: 0.2112, ▁mẹ: 0.0136, ▁mặt: 0.1245, ▁thằng: 0.0946, ▁Rua: 0.0017, y: 0.0038, ▁y: 0.049, ▁x: 0.4659, ì: 0.0469, ▁đúc: 0.0003, ▁thằng: 0.0902, ▁cha: 0.0057, ▁Win: 8.9556, ny: 0.0118, <unk>: 0.1436, </s>: 0.0704",0.5928,8.9556
4218,Ng ik xkld zới du hc về nh lắm b ơi h toàn đòi trình độ toppik 5 nghe vt ns thành thạo bằng cấp,Người đi xuất khẩu lao động với du học về nhiều lắm bạn ơi giờ toàn đòi trình độ TOPIK 5 nghe viết nói thành thạo bằng cấp,"<s>: 0.015, ▁Người: 0.1032, ▁đi: 0.0247, ▁xuất: 4.5755, ▁khẩu: 0.7128, ▁la: 3.0487, o: 0.1974, ▁động: 0.0168, ▁với: 0.0267, ▁du: 0.0128, ▁học: 0.0132, ▁về: 0.0627, ▁nhiều: 0.0492, ▁lắm: 0.0133, ▁bạn: 0.044, ▁ơi: 0.0125, ▁giờ: 0.0291, ▁toàn: 0.0136, ▁đòi: 0.003, ▁trình: 0.0087, ▁độ: 0.0257, ▁TOP: 8.4188, IK: 1.7829, ▁5: 0.0155, ▁nghe: 0.0066, ▁viết: 0.0569, ▁nói: 0.0784, ▁thành: 0.0265, ▁th: 0.0493, ạo: 0.0061, ▁bằng: 0.0092, ▁cấp: 0.0084, </s>: 0.0741",0.5922,8.4188
3399,52kg Vk lm nh thì lấy ckồnq lm cv j thì hợp hả mng😜 Tình Trạng Hôn Nhân ĐỘK THÂN🌺 TLG: bequynh98z,52kg Vợ làm ngân hàng thì lấy chồng làm công việc gì thì hợp hả mọi người😜 Tình Trạng Hôn Nhân ĐỘC THÂN🌺 Telegram: bequynh98z,"<s>: 0.0138, ▁52: 0.0124, kg: 0.0239, ▁V: 0.7663, ợ: 0.1049, ▁làm: 0.0677, ▁ngân: 9.4381, ▁hàng: 0.014, ▁thì: 0.0907, ▁lấy: 0.0109, ▁chồng: 0.0058, ▁làm: 0.0697, ▁công: 0.0608, ▁việc: 0.4502, ▁gì: 0.0109, ▁thì: 0.0646, ▁hợp: 0.0078, ▁hả: 0.0042, ▁mọi: 0.0134, ▁người: 0.0664, <unk>: 0.0986, ▁Tình: 0.0096, ▁Tr: 0.0156, ạ: 0.0124, ng: 0.0165, ▁Hô: 0.0008, n: 0.0211, ▁Nhân: 0.0081, ▁Đ: 0.0915, Ộ: 0.0018, C: 2.4868, ▁TH: 0.4529, ÂN: 0.0009, <unk>: 0.071, ▁Telegram: 10.6416, :: 0.0317, ▁be: 0.0036, qu: 0.0021, y: 0.0162, nh: 0.006, 98: 0.0276, z: 0.032, </s>: 0.0579",0.5908,10.6416
3202,Gởi bn cái ôm tht chặt và cố gắng lên b nhé,Gửi bạn cái ôm thật chặt và cố gắng lên bạn nhé,"<s>: 0.0148, ▁Gửi: 7.7342, ▁bạn: 0.0526, ▁cái: 0.106, ▁ôm: 0.0006, ▁thật: 0.0197, ▁chặt: 0.0051, ▁và: 0.1483, ▁cố: 0.012, ▁gắng: 0.0041, ▁lên: 0.0296, ▁bạn: 0.0443, ▁nhé: 0.0239, </s>: 0.0659",0.5901,7.7342
2943,đến h 3x r tui ms chăm chỉ hơn ấy 😱 Như h tui đg hc chs rubic vs c tui này.,đến giờ 3x rồi tôi mới chăm chỉ hơn ấy 😱 Như giờ tôi đang học chơi rubik với con tôi này.,"<s>: 0.0134, ▁đến: 0.0704, ▁giờ: 0.1586, ▁3: 0.014, x: 0.1131, ▁rồi: 0.048, ▁tôi: 2.8144, ▁mới: 0.0598, ▁chăm: 0.0034, ▁chỉ: 0.0273, ▁hơn: 0.036, ▁ấy: 0.0157, ▁: 0.1078, <unk>: 0.0936, ▁Như: 0.0244, ▁giờ: 0.0578, ▁tôi: 1.6458, ▁đang: 0.1995, ▁học: 0.2061, ▁chơi: 0.0573, ▁rub: 0.0001, ik: 8.3713, ▁với: 0.0501, ▁con: 0.4053, ▁tôi: 1.6569, ▁này: 0.0582, .: 0.12, </s>: 0.0659",0.5891,8.3713
2625,nh lúc lười qa chả lẽ méo lm nx ik lm côg nhân cho cs bb,nhiều lúc lười quá chả lẽ đéo làm nữa đi làm công nhân cho có bạn bè,"<s>: 0.0149, ▁nhiều: 0.0623, ▁lúc: 0.0264, ▁l: 0.0771, ười: 0.0101, ▁quá: 0.002, ▁chả: 0.0094, ▁lẽ: 0.0132, ▁đ: 9.4225, é: 0.1109, o: 0.0092, ▁làm: 0.1502, ▁nữa: 0.1365, ▁đi: 0.0316, ▁làm: 0.0629, ▁công: 0.0078, ▁nhân: 0.0133, ▁cho: 0.0874, ▁có: 0.1692, ▁bạn: 0.1592, ▁bè: 2.284, </s>: 0.0961",0.5889,9.4225
8660,Mk dzới ny yêu nhau thì gọi chia sẽ csong hằng ngày của 2 đứa vs tâm sự thui,Mình với người yêu yêu nhau thì gọi chia sẻ cuộc sống hằng ngày của hai đứa với tâm sự thôi,"<s>: 0.015, ▁Mình: 0.0505, ▁với: 0.0522, ▁người: 0.0128, ▁yêu: 0.0441, ▁yêu: 0.1846, ▁nhau: 0.0981, ▁thì: 0.1118, ▁gọi: 0.0089, ▁chia: 0.0061, ▁sẻ: 8.9051, ▁cuộc: 0.0221, ▁sống: 0.0197, ▁hằng: 0.0033, ▁ngày: 0.0403, ▁của: 0.0763, ▁hai: 3.7205, ▁đứa: 0.0217, ▁với: 0.036, ▁tâm: 0.0067, ▁sự: 0.0255, ▁thôi: 0.0131, </s>: 0.0666",0.5887,8.9051
8510,Z thì lgi cs hp còn hơn cả địa ngục nếu cố chấp về sông chung,Vậy thì làm gì có hạnh phúc còn hơn cả địa ngục nếu cố chấp về sống chung,"<s>: 0.0152, ▁Vậy: 1.5266, ▁thì: 0.0598, ▁làm: 0.1224, ▁gì: 0.0753, ▁có: 0.0536, ▁hạnh: 0.0894, ▁phúc: 0.0112, ▁còn: 0.0243, ▁hơn: 0.0081, ▁cả: 0.0225, ▁địa: 0.0066, ▁ng: 0.0062, ục: 0.0021, ▁nếu: 0.0436, ▁cố: 0.0049, ▁chấp: 0.0029, ▁về: 0.0418, ▁sống: 10.1061, ▁chung: 0.0623, </s>: 0.0705",0.5884,10.1061
9418,đúng đắn hơn Vs lại tuỳ duyên nx cx nh b gặp 1 ng hp đến cuối đời Nên là kco j tuyệt đối cả,đúng đắn hơn Với lại tùy duyên nữa cũng nhiều bạn gặp một người hạnh phúc đến cuối đời Nên là không có gì tuyệt đối cả,"<s>: 0.0144, ▁đúng: 0.0056, ▁đắn: 0.0068, ▁hơn: 0.0468, ▁Với: 2.2645, ▁lại: 0.2489, <unk>: 8.762, ▁du: 1.6558, yên: 0.0609, ▁nữa: 0.069, ▁cũng: 0.0859, ▁nhiều: 0.0577, ▁bạn: 0.0244, ▁gặp: 0.0235, ▁một: 3.4865, ▁người: 0.069, ▁hạnh: 0.1384, ▁phúc: 0.0426, ▁đến: 0.0687, ▁cuối: 0.0372, ▁đời: 0.0386, ▁Nên: 0.0348, ▁là: 0.0747, ▁không: 0.0777, ▁có: 0.0752, ▁gì: 0.0117, ▁tuyệt: 0.0008, ▁đối: 0.0146, ▁cả: 0.0256, </s>: 0.0794",0.5867,8.762
8729,"Đừng yêu nhé, t cx co nan nma t ế nên t ik phá cho bằng đc 🤣","Đừng yêu nhé, tôi cũng có nạn nhưng mà tôi ế nên tôi đi phá cho bằng được 🤣","<s>: 0.0142, ▁Đừng: 0.0062, ▁yêu: 0.0311, ▁nhé: 0.0359, ,: 0.0925, ▁tôi: 0.1371, ▁cũng: 0.051, ▁có: 1.7746, ▁nạn: 11.0889, ▁nhưng: 0.0766, ▁mà: 0.0617, ▁tôi: 0.095, ▁: 0.0791, ế: 0.0125, ▁nên: 0.0407, ▁tôi: 0.0844, ▁đi: 0.0483, ▁phá: 0.0036, ▁cho: 0.1409, ▁bằng: 0.024, ▁được: 0.0467, ▁: 0.0357, <unk>: 0.0527, </s>: 0.0476",0.5867,11.0889
8250,hồi trc b mk cx bị v màk bị ngt quánh hội đồng tại ns tào lao 1 lần cái h ht lun 🤓🤓🫶🫶,hồi trước bạn mình cũng bị vậy mà bị người ta đánh hội đồng tại nói tào lao một lần cái giờ hết luôn 🤓🤓🫶🫶,"<s>: 0.0136, ▁hồi: 0.0145, ▁trước: 0.0311, ▁bạn: 0.0441, ▁mình: 0.1441, ▁cũng: 0.0696, ▁bị: 0.0478, ▁vậy: 0.0326, ▁mà: 0.0594, ▁bị: 0.0869, ▁người: 0.0323, ▁ta: 0.328, ▁đánh: 13.0384, ▁hội: 0.0874, ▁đồng: 0.0052, ▁tại: 0.0553, ▁nói: 0.0977, ▁: 0.1915, tà: 0.0021, o: 0.0202, ▁la: 0.0152, o: 0.0124, ▁một: 4.3387, ▁lần: 0.023, ▁cái: 0.0275, ▁giờ: 0.1217, ▁hết: 0.0452, ▁luôn: 0.1044, ▁: 0.086, <unk>: 0.0407, <unk>: 0.0366, <unk>: 0.0526, </s>: 0.0221",0.5857,13.0384
2242,hay là mỗi lần cc mik đều bày ra rùi nhận donate một chút lm quỹ như vầy cả hai bên đều dzui ý.,hay là mỗi lần concert chúng mình đều bày ra rồi nhận donate một chút làm quỹ như vầy cả hai bên đều vui ý.,"<s>: 0.013, ▁hay: 0.0121, ▁là: 0.0366, ▁mỗi: 0.0158, ▁lần: 0.0385, ▁concert: 6.721, ▁chúng: 8.3636, ▁mình: 0.1443, ▁đều: 0.0185, ▁bày: 0.0014, ▁ra: 0.0486, ▁rồi: 0.0841, ▁nhận: 0.0693, ▁donat: 0.0079, e: 0.0078, ▁một: 0.0607, ▁chút: 0.0132, ▁làm: 0.0485, ▁quỹ: 0.0075, ▁như: 0.0437, ▁v: 2.0569, ầ: 0.0092, y: 0.017, ▁cả: 0.0276, ▁hai: 0.0268, ▁bên: 0.037, ▁đều: 0.0205, ▁vui: 0.0158, ▁ý: 0.0424, .: 0.0787, </s>: 0.0686",0.5857,8.3636
9303,lượt sd trên titkok sẽ tăng giảm vì còn bị dính thuật toán sẽ trừ ik nhx story sau ht hạn 24h nên mng đừng lo lắng nek,lượt sử dụng trên TikTok sẽ tăng giảm vì còn bị dính thuật toán sẽ trừ đi những story sau hết hạn 24 giờ nên mọi người đừng lo lắng nè,"<s>: 0.013, ▁lượt: 0.0011, ▁sử: 0.0199, ▁dụng: 0.0154, ▁trên: 0.0412, ▁Tik: 6.1017, T: 7.586, ok: 0.3095, ▁sẽ: 0.0271, ▁tăng: 0.0375, ▁giảm: 0.0123, ▁vì: 0.0333, ▁còn: 0.0184, ▁bị: 0.0204, ▁dí: 0.0008, nh: 0.0459, ▁thuật: 0.0027, ▁toán: 0.0046, ▁sẽ: 0.0696, ▁trừ: 0.0023, ▁đi: 0.0407, ▁những: 0.0694, ▁story: 0.0031, ▁sau: 0.0268, ▁hết: 0.0291, ▁hạn: 0.0028, ▁24: 0.0065, ▁giờ: 1.8696, ▁nên: 0.0585, ▁mọi: 0.0251, ▁người: 0.1002, ▁đừng: 0.0102, ▁lo: 0.0179, ▁lắng: 0.0035, ▁nè: 4.3289, </s>: 0.112",0.5852,7.586
4916,Ai kiu ham hố k lượng sức mak mua.,Ai kêu ham hố không lượng sức mà mua.,"<s>: 0.0157, ▁Ai: 0.0433, ▁kêu: 7.1334, ▁ham: 0.0027, ▁h: 0.0396, ố: 0.0044, ▁không: 0.1145, ▁lượng: 0.0061, ▁sức: 0.003, ▁mà: 0.0338, ▁mua: 0.0189, .: 0.1004, </s>: 0.0689",0.5834,7.1334
8002,"tui cx ko rõ nx vì tui chỉ mnf nyc thui nhg chắc là đc, bà cố lên nèk","tui cũng không rõ nữa vì tui chỉ manifest người yêu cũ thôi nhưng chắc là được, bà cố lên nè","<s>: 0.0129, ▁tui: 0.1005, ▁cũng: 0.057, ▁không: 0.048, ▁rõ: 0.0245, ▁nữa: 0.0299, ▁vì: 0.0431, ▁tui: 0.1288, ▁chỉ: 0.0228, ▁manifest: 12.4732, ▁người: 0.0173, ▁yêu: 0.1711, ▁cũ: 0.2229, ▁thôi: 0.0317, ▁nhưng: 0.0646, ▁chắc: 0.0067, ▁là: 0.1099, ▁được: 0.0692, ,: 0.1613, ▁bà: 0.0582, ▁cố: 0.0071, ▁lên: 0.0369, ▁nè: 0.0299, </s>: 0.0628",0.5829,12.4732
4692,Bếp (chuẩn bị các nguyên liệu và topping cbi trc).,+ Bếp (chuẩn bị các nguyên liệu và topping chuẩn bị trước).,"<s>: 0.0134, ▁+: 10.7931, ▁B: 0.026, ếp: 0.0394, ▁(: 0.047, chu: 0.0507, ẩ: 0.0077, n: 0.0229, ▁bị: 0.0585, ▁các: 0.0632, ▁nguyên: 0.009, ▁liệu: 0.0111, ▁và: 0.0797, ▁to: 0.108, pping: 0.0001, ▁chuẩn: 0.0846, ▁bị: 0.0055, ▁trước: 0.051, ).: 0.1251, </s>: 0.0456",0.5821,10.7931
6236,"Tui ở Củ aChi, HCM lận bà ơi 😂😂😂","Tui ở Củ Chi, Hồ Chí Minh lận bà ơi 😂😂😂","<s>: 0.0152, ▁Tu: 0.0904, i: 0.05, ▁ở: 0.0387, ▁C: 0.1499, ủ: 0.003, ▁Chi: 7.0391, ,: 2.6446, ▁Hồ: 1.1145, ▁Chí: 0.0158, ▁Minh: 0.0303, ▁l: 0.1334, ận: 0.001, ▁bà: 0.0246, ▁ơi: 0.0276, ▁: 0.0557, <unk>: 0.0388, <unk>: 0.0521, <unk>: 0.079, </s>: 0.0202",0.5812,7.0391
9306,"Thg thì p yêu lắm hoặc là giống mối tình kco đc thì tb ms luỵ, còn ko thì tb như mng ns đấy 🤷🏼‍♂️","Thường thì phải yêu lắm hoặc là giống mối tình không có được thì Thiên Bình mới lụy, còn không thì Thiên Bình như mọi người nói đấy 🤷🏼‍♂️","<s>: 0.0163, ▁Thường: 0.1296, ▁thì: 0.0385, ▁phải: 0.0295, ▁yêu: 0.0407, ▁lắm: 0.0105, ▁hoặc: 0.0486, ▁là: 0.033, ▁giống: 0.01, ▁mối: 0.0087, ▁tình: 0.029, ▁không: 0.1519, ▁có: 0.2288, ▁được: 0.0488, ▁thì: 0.0567, ▁Thiên: 9.547, ▁Bình: 2.0589, ▁mới: 0.0563, ▁l: 3.2322, ụ: 2.0502, y: 0.2296, ,: 0.0482, ▁còn: 0.029, ▁không: 0.0335, ▁thì: 0.0369, ▁Thiên: 2.7295, ▁Bình: 0.3785, ▁như: 0.5619, ▁mọi: 0.1144, ▁người: 0.118, ▁nói: 0.0979, ▁đấy: 0.005, ▁: 0.0437, <unk>: 0.0312, <unk>: 0.0363, ▁: 0.1035, <unk>: 0.0285, <unk>: 0.1553, </s>: 0.0362",0.5806,9.547
8567,gây đók bn ơi tk ở dưới cs kn lắm n ns là chuẩn r,gay đó bạn ơi thằng ở dưới có kinh nghiệm lắm nó nói là chuẩn rồi,"<s>: 0.0131, ▁gay: 9.4511, ▁đó: 0.082, ▁bạn: 0.0386, ▁ơi: 0.0225, ▁thằng: 0.097, ▁ở: 0.076, ▁dưới: 0.017, ▁có: 0.1197, ▁kinh: 0.0117, ▁nghiệm: 0.1358, ▁lắm: 0.0335, ▁nó: 0.0553, ▁nói: 0.0434, ▁là: 0.1039, ▁chuẩn: 0.0038, ▁rồi: 0.0128, </s>: 0.0677",0.5769,9.4511
3977,Máy hút sữa Fatz Baby Resonance 3 Plus ms 90% (Em này mìnk mua ở concung dây hút mạnh nhg do kco ng trôg bé nên đổi sang Momcozy),Máy hút sữa Fatz Baby Resonance 3 Plus mới 90% (Em này mình mua ở Con Cưng dây hút mạnh nhưng do không có người trông bé nên đổi sang Momcozy),"<s>: 0.0142, ▁Máy: 0.0178, ▁hút: 0.0011, ▁sữa: 0.009, ▁Fat: 0.0003, z: 0.0024, ▁Baby: 0.0017, ▁Re: 0.0014, son: 0.0006, ance: 0.0012, ▁3: 0.0131, ▁Plus: 0.024, ▁mới: 0.0382, ▁90%: 0.0045, ▁(: 0.066, Em: 0.1082, ▁này: 0.0341, ▁mình: 0.0608, ▁mua: 0.0273, ▁ở: 0.0221, ▁Con: 3.5479, ▁C: 7.7796, ư: 11.5114, ng: 0.1265, ▁dây: 0.001, ▁hút: 0.0006, ▁mạnh: 0.0155, ▁nhưng: 0.0684, ▁do: 0.0619, ▁không: 0.013, ▁có: 0.0655, ▁người: 0.0404, ▁trông: 0.2694, ▁bé: 0.0184, ▁nên: 0.0647, ▁đổi: 0.0038, ▁sang: 0.0284, ▁Mom: 0.0004, co: 0.0348, zy: 0.0004, ): 0.0464, </s>: 0.0626",0.5764,11.5114
8521,"Câu chuyện thì thiếu j bn , nhân quả cho cả kẻ ngoại tình và kẻ thứ 3 ko ai chạy đc kết cục í.","Câu chuyện thì thiếu gì bạn, nhân quả cho cả kẻ ngoại tình và kẻ thứ ba không ai chạy được kết cục ý.","<s>: 0.0125, ▁Câu: 0.0114, ▁chuyện: 0.0093, ▁thì: 0.0466, ▁thiếu: 0.0126, ▁gì: 0.0203, ▁bạn: 0.0228, ,: 7.8655, ▁nhân: 0.0113, ▁quả: 0.0127, ▁cho: 0.0398, ▁cả: 0.0237, ▁kẻ: 0.0042, ▁ngoại: 0.0047, ▁tình: 0.0218, ▁và: 0.1119, ▁kẻ: 0.0035, ▁thứ: 0.0124, ▁ba: 6.0496, ▁không: 0.085, ▁ai: 0.0504, ▁chạy: 0.0025, ▁được: 0.0764, ▁kết: 0.0091, ▁cục: 0.0172, ▁ý: 1.4283, .: 0.1104, </s>: 0.0553",0.5761,7.8655
7025,"Cô thw mỹ đình , trc năm nào nhà mk cx cắm cọc cô nma từ ngày cô chuyển nhà thì lại mất số mất r .","Cô Thương Mỹ Đình , trước năm nào nhà mình cũng cắm cọc cô nhưng mà từ ngày cô chuyển nhà thì lại mất số mất rồi .","<s>: 0.0139, ▁Cô: 0.0489, ▁Thương: 6.1831, ▁Mỹ: 7.7066, ▁Đình: 4.8118, ▁: 0.1129, ,: 0.0794, ▁trước: 0.0304, ▁năm: 0.0597, ▁nào: 0.0217, ▁nhà: 0.0293, ▁mình: 0.1308, ▁cũng: 0.0574, ▁c: 0.0263, ắ: 0.0074, m: 0.0146, ▁c: 0.0314, ọc: 0.0011, ▁cô: 0.0711, ▁nhưng: 0.0819, ▁mà: 0.0391, ▁từ: 0.0347, ▁ngày: 0.0699, ▁cô: 0.0932, ▁chuyển: 0.0121, ▁nhà: 0.0376, ▁thì: 0.072, ▁lại: 0.0485, ▁mất: 0.0092, ▁số: 0.0088, ▁mất: 0.0061, ▁rồi: 0.0171, ▁: 0.0562, .: 0.0494, </s>: 0.0477",0.5749,7.7066
9148,"Trc đók mk giấu th chứ,Choi Gaon là vk mk,còn 5 a còn lại là ck mk đók ạk😌","Trước đó mình giấu thôi chứ, Choi Gaon là vợ mình, còn 5 anh còn lại là chồng mình đó ạ 😌","<s>: 0.0141, ▁Trước: 0.0546, ▁đó: 0.0408, ▁mình: 0.1144, ▁giấu: 0.0033, ▁thôi: 0.0895, ▁chứ: 0.0171, ,: 0.1772, ▁Cho: 1.7428, i: 0.0926, ▁Ga: 0.0017, on: 0.0193, ▁là: 0.0766, ▁vợ: 0.0532, ▁mình: 0.2445, ,: 0.1492, ▁còn: 2.3526, ▁5: 0.0253, ▁anh: 0.0588, ▁còn: 0.171, ▁lại: 0.0586, ▁là: 0.0946, ▁chồng: 0.0168, ▁mình: 0.1358, ▁đó: 0.0781, ▁ạ: 0.0245, ▁: 9.3469, <unk>: 1.3056, </s>: 0.0781",0.5737,9.3469
6277,"zạ, ng đẹp tham khảo thêm cả tất cho đỡ dãn tĩnh mạch nx cho ba nhaa","dạ, người đẹp tham khảo thêm cả tất cho đỡ giãn tĩnh mạch nữa cho ba nha","<s>: 0.0145, ▁dạ: 0.14, ,: 0.0756, ▁người: 0.0606, ▁đẹp: 0.0121, ▁tham: 0.0087, ▁khảo: 0.0357, ▁thêm: 0.0282, ▁cả: 0.0928, ▁tất: 0.0344, ▁cho: 0.1395, ▁đỡ: 0.0076, ▁giãn: 10.3266, ▁tĩnh: 0.0049, ▁mạch: 0.0073, ▁nữa: 0.1039, ▁cho: 0.0775, ▁ba: 0.032, ▁nha: 0.0412, </s>: 0.2275",0.5735,10.3266
7687,mik thì thấy n bị ê as b kiểu trg hợp của mik là nic của mìnk lm b vs bn của mk,mình thì thấy nó bị ê á bạn kiểu trường hợp của mình là người yêu cũ của mình làm bạn với bạn của mình,"<s>: 0.0142, ▁mình: 0.0205, ▁thì: 0.0632, ▁thấy: 0.0128, ▁nó: 0.0325, ▁bị: 0.0609, ▁ê: 0.0003, ▁á: 0.0302, ▁bạn: 0.0182, ▁kiểu: 0.0127, ▁trường: 0.4856, ▁hợp: 0.0097, ▁của: 0.1642, ▁mình: 0.022, ▁là: 0.0786, ▁người: 12.9364, ▁yêu: 0.0281, ▁cũ: 0.8659, ▁của: 0.1041, ▁mình: 0.0232, ▁làm: 0.037, ▁bạn: 0.0469, ▁với: 0.0516, ▁bạn: 0.0487, ▁của: 0.1582, ▁mình: 0.0278, </s>: 0.0955",0.5722,12.9364
2632,"Sống chung vs bm ck, lm freelancer tại nhà và cứ 10am hàng ngày bố ck tự động bật Bolero loa to đùng đùng lên.","Sống chung với bố mẹ chồng, làm freelancer tại nhà và cứ 10 giờ sáng hàng ngày bố chồng tự động bật Bolero loa to đùng đùng lên.","<s>: 0.0136, ▁Sống: 0.0289, ▁chung: 0.0218, ▁với: 0.0579, ▁bố: 0.1001, ▁mẹ: 4.1948, ▁chồng: 0.0113, ,: 0.1199, ▁làm: 0.1143, ▁freelance: 0.0008, r: 0.0207, ▁tại: 0.0734, ▁nhà: 0.0423, ▁và: 0.0729, ▁cứ: 0.0024, ▁10: 0.0019, ▁giờ: 6.3576, ▁sáng: 9.2667, ▁hàng: 0.0439, ▁ngày: 0.0129, ▁bố: 0.0083, ▁chồng: 0.0379, ▁tự: 0.0377, ▁động: 0.0862, ▁bật: 0.0004, ▁Bole: 0.0012, ro: 0.0044, ▁lo: 0.0269, a: 0.0365, ▁to: 0.0668, ▁đ: 0.0366, ùng: 0.0023, ▁đ: 0.0286, ùng: 0.0033, ▁lên: 0.0192, .: 0.1211, </s>: 0.0578",0.5712,9.2667
4765,Wtf tiền lạm phát hay kn của mn toàn đỉnk chóp v 😅 trg khi đók vẫn lương tb tại VN cs 7-10tr,What the fuck tiền lạm phát hay kỹ năng của mọi người toàn đỉnh chóp vậy 😅 trong khi đó vẫn lương trung bình tại Việt Nam có 7-10 triệu,"<s>: 0.0154, ▁What: 2.8437, ▁the: 0.044, <unk>: 6.9735, ▁tiền: 0.0065, ▁lạ: 0.0038, m: 0.0144, ▁phát: 0.005, ▁hay: 0.0213, ▁kỹ: 7.6268, ▁năng: 0.226, ▁của: 0.2009, ▁mọi: 0.1415, ▁người: 0.1157, ▁toàn: 0.0078, ▁đỉnh: 0.0834, ▁chó: 0.0112, p: 0.0189, ▁vậy: 0.1067, ▁: 0.1015, <unk>: 0.1, ▁trong: 0.6145, ▁khi: 0.0383, ▁đó: 0.0154, ▁vẫn: 0.0204, ▁lương: 0.0089, ▁trung: 0.0961, ▁bình: 0.2592, ▁tại: 0.0568, ▁Việt: 0.1251, ▁Nam: 0.0489, ▁có: 0.1014, ▁7: 0.0148, -10: 0.0151, ▁triệu: 0.3541, </s>: 0.1242",0.5711,7.6268
5264,"Khuyên nhá,bro thử hỏi thẳng ik,xem thái độ biểu kảm tnao,chứ tôi nhìn dòng chat cứ cgiac n kì kì s as bro","Khuyên nhá, bro thử hỏi thẳng đi, xem thái độ biểu cảm thế nào, chứ tôi nhìn dòng chat cứ cảm giác nó kỳ kỳ sao á bro","<s>: 0.015, ▁Khu: 0.0052, yên: 0.0067, ▁nhá: 0.0363, ,: 0.0856, ▁bro: 2.1764, ▁thử: 0.0115, ▁hỏi: 0.0182, ▁thẳng: 0.0077, ▁đi: 0.06, ,: 0.0827, ▁xem: 8.1413, ▁thái: 0.0156, ▁độ: 0.0202, ▁biểu: 0.0026, ▁cảm: 0.1291, ▁thế: 0.0096, ▁nào: 0.0456, ,: 0.1254, ▁chứ: 5.1889, ▁tôi: 0.0253, ▁nhìn: 0.016, ▁dòng: 0.0033, ▁chat: 0.0062, ▁cứ: 0.0056, ▁cảm: 0.0101, ▁giác: 0.042, ▁nó: 0.0483, ▁kỳ: 1.7119, ▁kỳ: 1.1415, ▁sao: 0.0693, ▁á: 0.0762, ▁bro: 0.0, </s>: 0.0747",0.571,8.1413
7657,Nếu cs niềm tin ở chỗ t thì qua coi hen haizz sau coi ai thì xem xg ms ck thấy hợp ý thì ck thui nka k cs mất tiền bậy,Nếu có niềm tin ở chỗ tao thì qua coi hen haizz sau coi ai thì xem xong mới chuyển khoản thấy hợp ý thì chuyển khoản thôi nha không có mất tiền bậy,"<s>: 0.0145, ▁Nếu: 0.0158, ▁có: 0.0423, ▁niềm: 0.0014, ▁tin: 0.0231, ▁ở: 0.0676, ▁chỗ: 0.0112, ▁tao: 3.7336, ▁thì: 0.0679, ▁qua: 0.0439, ▁coi: 0.0059, ▁hen: 0.0013, ▁hai: 0.0455, zz: 0.0001, ▁sau: 0.0205, ▁coi: 0.0072, ▁ai: 0.0254, ▁thì: 0.0603, ▁xem: 0.0136, ▁xong: 0.0112, ▁mới: 0.0317, ▁chuyển: 7.4538, ▁khoản: 2.3262, ▁thấy: 0.0671, ▁hợp: 0.0193, ▁ý: 0.0219, ▁thì: 0.0653, ▁chuyển: 6.4086, ▁khoản: 0.468, ▁thôi: 0.0664, ▁nha: 0.0192, ▁không: 0.0822, ▁có: 0.0482, ▁mất: 0.0033, ▁tiền: 0.0109, ▁b: 0.2994, ậy: 0.0012, </s>: 0.0934",0.571,7.4538
3253,"Trc lừa cọc 1-200tr, h đói 1-2tr cx lừa.","Trước lừa cọc 100-200 triệu, giờ đói 1-2 triệu cũng lừa.","<s>: 0.0152, ▁Trước: 0.0311, ▁lừa: 0.0027, ▁c: 0.0742, ọc: 0.0008, ▁100: 8.52, -200: 0.0604, ▁triệu: 0.8001, ,: 0.091, ▁giờ: 0.0453, ▁đó: 0.0045, i: 0.0342, ▁1-2: 0.0055, ▁triệu: 0.3114, ▁cũng: 0.1259, ▁lừa: 0.0052, .: 0.0841, </s>: 0.0614",0.5707,8.52
3704,Hồi đấy No.1 và các bài dàn hàng trên bxh nh tới nỗi năm ds Spotify Vn ph lập nguyên 1 bxh wrap-up (only Vnese singer) vì nếu tổng hợp chung thì top 50 Vn cũg ko đc wa 25 bài của nsi Ziệt.,Hồi đấy No.1 và các bài dàn hàng trên bảng xếp hạng nhiều tới nỗi năm đó Spotify Việt Nam phải lập nguyên một bảng xếp hạng wrap-up (only Vnese singer) vì nếu tổng hợp chung thì top 50 Việt Nam cũng không được quá 25 bài của nghệ sĩ Việt.,"<s>: 0.013, ▁Hồ: 0.0074, i: 0.0504, ▁đấy: 0.0046, ▁No: 0.0016, .: 0.0303, 1: 0.0399, ▁và: 0.0794, ▁các: 0.105, ▁bài: 0.0044, ▁dà: 0.0007, n: 0.024, ▁hàng: 0.004, ▁trên: 0.0266, ▁bảng: 6.5595, ▁xếp: 0.7802, ▁hạng: 0.3817, ▁nhiều: 0.0379, ▁tới: 0.0128, ▁nỗi: 0.0012, ▁năm: 0.0074, ▁đó: 0.0381, ▁Spotify: 0.0, ▁Việt: 0.4731, ▁Nam: 0.0542, ▁phải: 0.0195, ▁lập: 0.003, ▁nguyên: 0.0166, ▁một: 3.6355, ▁bảng: 1.6413, ▁xếp: 0.8821, ▁hạng: 0.2559, ▁wrap: 0.0003, -: 0.0035, up: 0.0152, ▁(: 0.0484, on: 0.0029, ly: 0.0012, ▁V: 0.1596, nese: 0.002, ▁sing: 0.0001, er: 0.0047, ): 0.0342, ▁vì: 0.0188, ▁nếu: 0.0088, ▁tổng: 0.002, ▁hợp: 0.0147, ▁chung: 0.0244, ▁thì: 0.0786, ▁top: 0.0025, ▁50: 0.0034, ▁Việt: 0.5616, ▁Nam: 0.0603, ▁cũng: 0.0517, ▁không: 0.1125, ▁được: 0.0675, ▁quá: 0.0033, ▁25: 0.0034, ▁bài: 0.003, ▁của: 0.0562, ▁nghệ: 11.0474, ▁sĩ: 0.4958, ▁Việt: 4.5237, </s>: 3.8953",0.5703,11.0474
4971,"Còn nếu bà muốn đỡ đần bame, tích thêm tài sản này kia thì ráng kiếm thêm hoặc chắc bóp chi tiêu as bà","Còn nếu bà muốn đỡ đần ba mẹ, tích thêm tài sản này kia thì ráng kiếm thêm hoặc chắt bóp chi tiêu á bà","<s>: 0.0136, ▁Còn: 0.0117, ▁nếu: 0.0493, ▁bà: 0.0562, ▁muốn: 0.0306, ▁đỡ: 0.0021, ▁đ: 0.056, ầ: 0.017, n: 0.0814, ▁ba: 0.0156, ▁mẹ: 0.0423, ,: 0.1117, ▁tích: 0.0023, ▁thêm: 0.0411, ▁tài: 0.0106, ▁sản: 0.107, ▁này: 0.0428, ▁kia: 0.031, ▁thì: 0.0473, ▁rá: 0.0007, ng: 0.029, ▁kiếm: 0.0052, ▁thêm: 0.0165, ▁hoặc: 0.0371, ▁ch: 14.2382, ắ: 1.8706, t: 1.847, ▁bó: 0.2881, p: 0.0475, ▁chi: 0.0178, ▁tiêu: 0.0427, ▁á: 0.0201, ▁bà: 0.0449, </s>: 0.0928",0.5696,14.2382
8456,nhg em thỏ mk nuôi thì ko cắn bh moàaaa ôm bế cx im re ngoan ngoãn nhắmm,nhưng em thỏ mình nuôi thì không cắn bao giờ mà ôm bế cũng im re ngoan ngoãn lắm,"<s>: 0.0152, ▁nhưng: 0.105, ▁em: 0.026, ▁th: 0.0533, ỏ: 0.0069, ▁mình: 0.1178, ▁nuôi: 0.0234, ▁thì: 0.0933, ▁không: 0.0748, ▁c: 0.0601, ắ: 0.0104, n: 0.053, ▁bao: 0.3253, ▁giờ: 0.0391, ▁mà: 4.0233, ▁ôm: 0.0059, ▁bế: 0.003, ▁cũng: 0.0796, ▁im: 0.0027, ▁re: 0.008, ▁ngo: 0.0024, an: 0.0053, ▁ngo: 0.0011, ã: 0.0196, n: 0.0376, ▁lắm: 10.0898, </s>: 0.0902",0.5693,10.0898
3933,"""m ship z là k tôn trọng cno còn j"" - shut up bitch 🥺🆑🫶🏻🚬","""mày ship thế là không tôn trọng chúng nó còn gì"" - shut up bitch 🥺🆑🫶🏻🚬","<s>: 0.0137, ▁"": 0.1102, m: 0.1972, à: 11.9618, y: 1.4182, ▁ship: 0.0031, ▁thế: 0.7154, ▁là: 0.0794, ▁không: 0.1179, ▁tôn: 0.0039, ▁trọng: 0.0248, ▁chúng: 0.1697, ▁nó: 0.3096, ▁còn: 0.08, ▁gì: 0.049, "": 0.0652, ▁-: 0.0154, ▁shu: 0.0023, t: 0.0132, ▁up: 0.0013, ▁bit: 0.0252, ch: 0.0349, ▁: 0.0615, <unk>: 0.0593, <unk>: 0.0591, <unk>: 0.0414, <unk>: 0.0424, <unk>: 0.7674, </s>: 0.0592",0.569,11.9618
5947,"Kảm ơn b nh, nh lúc thấy cb đồng lứa hc đh , cs một cv như ý cg hơi tuổi thân.","Cảm ơn bạn nhiều, nhiều lúc thấy các bạn đồng lứa học đại học , có một công việc như ý cũng hơi tủi thân.","<s>: 0.0137, ▁Cảm: 0.0211, ▁ơn: 0.0157, ▁bạn: 0.0342, ▁nhiều: 0.0173, ,: 0.0797, ▁nhiều: 0.0178, ▁lúc: 0.0263, ▁thấy: 0.0198, ▁các: 0.1652, ▁bạn: 0.0448, ▁đồng: 0.0209, ▁l: 0.1532, ứ: 0.0024, a: 0.021, ▁học: 0.0384, ▁đại: 0.2495, ▁học: 0.0976, ▁: 0.0869, ,: 0.0722, ▁có: 0.0774, ▁một: 0.0668, ▁công: 0.0522, ▁việc: 0.0294, ▁như: 0.0497, ▁ý: 0.0401, ▁cũng: 0.1107, ▁hơi: 0.0013, ▁tủ: 11.9738, i: 4.8356, ▁thân: 0.1935, .: 0.0879, </s>: 0.0539",0.5688,11.9738
2599,"Mốt mẹ lm bếp trưởng, c lm phụ bếp nka, đẩy ziệc cho bả, mik cx khiêm tốn lun, zới lại khõi gánh ziệc chi cho mợt","Mốt mẹ làm bếp trưởng, con làm phụ bếp nha, đẩy việc cho bả, mình cũng khiêm tốn luôn, với lại khỏi gánh việc chi cho mệt","<s>: 0.0143, ▁M: 0.0178, ốt: 0.0082, ▁mẹ: 0.0244, ▁làm: 0.0561, ▁bếp: 0.0084, ▁trưởng: 0.0012, ,: 0.0799, ▁con: 0.7004, ▁làm: 0.0881, ▁phụ: 0.0102, ▁bếp: 0.0076, ▁nha: 0.0095, ,: 0.0635, ▁đẩy: 0.0005, ▁việc: 0.0246, ▁cho: 0.0497, ▁b: 0.1592, ả: 0.0378, ,: 0.0787, ▁mình: 0.0264, ▁cũng: 0.0749, ▁khi: 0.0061, êm: 0.004, ▁tố: 0.0081, n: 0.0309, ▁luôn: 0.0483, ,: 0.1102, ▁với: 0.0567, ▁lại: 0.0231, ▁khỏi: 11.1917, ▁gá: 0.0002, nh: 0.0607, ▁việc: 0.0541, ▁chi: 0.0587, ▁cho: 0.0632, ▁mệt: 8.2951, </s>: 0.0577",0.5687,11.1917
5422,c này dzừa ngu dzừa ẩm ic màk còn ngang phè phè,con này vừa ngu vừa ẩm IC mà còn ngang phè phè,"<s>: 0.0146, ▁con: 0.6649, ▁này: 0.0352, ▁vừa: 0.0833, ▁ngu: 0.0011, ▁vừa: 0.0333, ▁: 0.0498, ẩ: 0.0171, m: 0.0103, ▁IC: 8.9162, ▁mà: 0.17, ▁còn: 0.035, ▁ngang: 0.0003, ▁ph: 0.1057, è: 0.0008, ▁ph: 0.0297, è: 0.0013, </s>: 0.0661",0.5686,8.9162
973,Cách tiếp cận của b kh nên bị bias từ bất kỳ nguồn ttin nào Trust the process - Thu thập data: TX nghỉ ziệc,Cách tiếp cận của bạn không nên bị bias từ bất kỳ nguồn thông tin nào Trust the process - Thu thập data: Tài xế nghỉ việc,"<s>: 0.014, ▁Cách: 0.0187, ▁tiếp: 0.016, ▁cận: 0.0298, ▁của: 0.1039, ▁bạn: 0.059, ▁không: 0.0518, ▁nên: 0.0248, ▁bị: 0.1437, ▁bi: 0.4529, as: 0.0021, ▁từ: 0.0861, ▁bất: 0.0168, ▁kỳ: 0.163, ▁nguồn: 0.0032, ▁thông: 0.0408, ▁tin: 0.0364, ▁nào: 0.0416, ▁Trust: 0.0026, ▁the: 0.005, ▁process: 0.0205, ▁-: 0.0491, ▁Thu: 0.0028, ▁thập: 0.0004, ▁data: 0.0097, :: 0.0617, ▁Tài: 7.4033, ▁x: 7.8949, ế: 1.3542, ▁nghỉ: 0.0079, ▁việc: 0.0059, </s>: 0.0595",0.5682,7.8949
4433,B nào cs nhu cầu ở Đn muốn lm mẫu free cho mk lhe minh nhé 0905.,Bạn nào có nhu cầu ở Đà Nẵng muốn làm mẫu free cho mình liên hệ mình nhé 0905.,"<s>: 0.0139, ▁Bạn: 0.0643, ▁nào: 0.0393, ▁có: 0.0738, ▁nhu: 0.0121, ▁cầu: 0.1359, ▁ở: 0.0697, ▁Đà: 0.4007, ▁Nẵng: 0.0397, ▁muốn: 0.0414, ▁làm: 0.086, ▁mẫu: 0.0175, ▁free: 0.0022, ▁cho: 0.086, ▁mình: 0.0312, ▁liên: 9.3781, ▁hệ: 0.0515, ▁mình: 2.3499, ▁nhé: 0.0107, ▁09: 0.001, 05: 0.0053, .: 0.0538, </s>: 0.0678",0.5666,9.3781
3360,Chứ úc ko dễ đâu nhất là mấy b ko bằng cấp hoặc lớn tuổi,Chứ Úc không dễ đâu nhất là mấy bạn không bằng cấp hoặc lớn tuổi,"<s>: 0.017, ▁Ch: 0.1497, ứ: 0.0283, ▁Úc: 9.3682, ▁không: 0.136, ▁dễ: 0.0187, ▁đâu: 0.0299, ▁nhất: 0.0826, ▁là: 0.033, ▁mấy: 0.0086, ▁bạn: 0.0215, ▁không: 0.1046, ▁bằng: 0.0314, ▁cấp: 0.013, ▁hoặc: 0.0408, ▁lớn: 0.0137, ▁tuổi: 0.0113, </s>: 0.0855",0.5663,9.3682
3630,"T hay add mấy chỗ loanh quanh khu t th, ko bjk cs gần chỗ b ko :D","Tôi hay thêm mấy chỗ loanh quanh khu tôi thôi, không biết có gần chỗ bạn không :D","<s>: 0.0147, ▁Tôi: 0.2139, ▁hay: 0.0336, ▁thêm: 11.897, ▁mấy: 0.0372, ▁chỗ: 0.0167, ▁loan: 0.0001, h: 0.0123, ▁quanh: 0.0057, ▁khu: 0.0218, ▁tôi: 0.0878, ▁thôi: 0.0349, ,: 0.0813, ▁không: 0.0612, ▁biết: 0.0076, ▁có: 0.0831, ▁gần: 0.0285, ▁chỗ: 0.0244, ▁bạn: 0.0998, ▁không: 0.1469, ▁:: 0.0066, D: 0.0241, </s>: 0.0671",0.5655,11.897
2647,vang hát từ bếp t1 màk tui ngồi trên t3 còn nghe thấy!,vang hát từ bếp tầng 1 mà tui ngồi trên tầng 3 còn nghe thấy!,"<s>: 0.0144, ▁vang: 0.0057, ▁hát: 0.0244, ▁từ: 0.0649, ▁bếp: 0.0095, ▁tầng: 8.8453, ▁1: 0.1173, ▁mà: 0.1649, ▁tui: 0.2636, ▁ngồi: 0.0118, ▁trên: 0.032, ▁tầng: 0.3237, ▁3: 0.0867, ▁còn: 0.0576, ▁nghe: 0.019, ▁thấy: 0.024, !: 0.0208, </s>: 0.0749",0.5645,8.8453
8808,chắc là để ngkhac gặp mìnk ở phiên bản tốt hơn =)))))) ý là yêu cx k xa nma n lạ lắm,Chắc là để người khác gặp mình ở phiên bản tốt hơn =)))))) ý là yêu cũng không xa nhưng mà nó lạ lắm,"<s>: 0.0138, ▁C: 14.324, hắc: 0.6333, ▁là: 0.0432, ▁để: 0.072, ▁người: 0.0732, ▁khác: 0.0209, ▁gặp: 0.0202, ▁mình: 0.0208, ▁ở: 0.0485, ▁phiên: 0.0022, ▁bản: 0.0525, ▁tốt: 0.0052, ▁hơn: 0.0225, ▁=: 0.0132, <unk>: 0.0374, ▁ý: 0.0035, ▁là: 0.0541, ▁yêu: 0.045, ▁cũng: 0.0548, ▁không: 0.0448, ▁xa: 0.0129, ▁nhưng: 0.0292, ▁mà: 0.0357, ▁nó: 0.0227, ▁lạ: 0.0039, ▁lắm: 0.0108, </s>: 0.0809",0.5643,14.324
6308,em cx đàn tìm hiểu chổ cho ba vào lm đây ... thấy cg nôn ik lm qá r,em cũng đang tìm hiểu chỗ cho ba vào làm đây ... thấy cũng nôn đi làm quá rồi,"<s>: 0.0146, ▁em: 0.132, ▁cũng: 0.0624, ▁đang: 10.8526, ▁tìm: 0.0344, ▁hiểu: 0.0325, ▁chỗ: 0.6912, ▁cho: 0.0659, ▁ba: 0.0158, ▁vào: 0.078, ▁làm: 0.0781, ▁đây: 0.0169, ▁...: 0.0101, ▁thấy: 0.0079, ▁cũng: 0.0591, ▁nô: 0.002, n: 0.0427, ▁đi: 0.0236, ▁làm: 0.0952, ▁quá: 0.0145, ▁rồi: 0.0136, </s>: 0.0544",0.5635,10.8526
4920,Ko huỷ nhưg ko mua hàng thì ai nắm đầu bn bắt trả nợ đc?,Không hủy nhưng không mua hàng thì ai nắm đầu bạn bắt trả nợ được?,"<s>: 0.015, ▁Không: 0.0717, <unk>: 9.2171, ▁nhưng: 0.1661, ▁không: 0.083, ▁mua: 0.0366, ▁hàng: 0.0361, ▁thì: 0.1034, ▁ai: 0.0478, ▁nắm: 0.0005, ▁đầu: 0.024, ▁bạn: 0.0535, ▁bắt: 0.0059, ▁trả: 0.0278, ▁nợ: 0.0095, ▁được: 0.1002, ?: 0.0523, </s>: 0.0621",0.5618,9.2171
3545,"Ỏ bjk ưn sốp, để tui note lại, tuần này đg ht chỗ ik ăn","Ỏ biết ăn shop, để tôi note lại, tuần này đang hết chỗ đi ăn","<s>: 0.0134, ▁: 0.0951, Ỏ: 0.0042, ▁biết: 0.0274, ▁ăn: 7.1633, ▁shop: 0.5224, ,: 0.1676, ▁để: 0.0576, ▁tôi: 1.2422, ▁note: 0.011, ▁lại: 0.0447, ,: 0.0887, ▁tuần: 0.0026, ▁này: 0.0252, ▁đang: 1.5851, ▁hết: 0.0573, ▁chỗ: 0.0056, ▁đi: 0.0185, ▁ăn: 0.0288, </s>: 0.0694",0.5615,7.1633
1505,Em hãy nghĩ tịch cực và cố gắng tiếp tục phía trc b của em hông tht lòng vs em thi coi như bn ấy là ng hông tốt,Em hãy nghĩ tích cực và cố gắng tiếp tục phía trước bạn của em không thật lòng với em thì coi như bạn ấy là người không tốt,"<s>: 0.0134, ▁Em: 0.0443, ▁hãy: 0.0242, ▁nghĩ: 0.0258, ▁tích: 7.5261, ▁cực: 0.0044, ▁và: 0.0808, ▁cố: 0.0142, ▁gắng: 0.0048, ▁tiếp: 0.0218, ▁tục: 0.0326, ▁phía: 0.0046, ▁trước: 0.0975, ▁bạn: 0.0539, ▁của: 0.1239, ▁em: 0.1287, ▁không: 0.034, ▁thật: 0.0898, ▁lòng: 0.0124, ▁với: 0.0271, ▁em: 0.141, ▁thì: 8.6007, ▁coi: 0.0096, ▁như: 0.0198, ▁bạn: 0.0313, ▁ấy: 0.0102, ▁là: 0.0606, ▁người: 0.034, ▁không: 0.0197, ▁tốt: 0.0024, </s>: 0.1094",0.5614,8.6007
803,cs ank cj nào ở sg khum ạk,có anh chị nào ở sài gòn không ạ,"<s>: 0.0146, ▁có: 0.1331, ▁anh: 0.103, ▁chị: 0.0311, ▁nào: 0.017, ▁ở: 0.082, ▁s: 7.7954, à: 0.0565, i: 0.0083, ▁g: 0.0017, ò: 0.0036, n: 0.0479, ▁không: 0.0046, ▁ạ: 0.0313, </s>: 0.0867",0.5611,7.7954
1506,tuong lai em đừng cho ik tíh kảm 50/50 thui nếu kco đáp ứng thì dừng lại th.,tương lai em đừng cho đi tình cảm 50/50 thôi nếu không có đáp ứng thì dừng lại thôi.,"<s>: 0.0151, ▁tương: 1.9331, ▁lai: 0.0452, ▁em: 0.0785, ▁đừng: 0.0088, ▁cho: 0.0304, ▁đi: 0.06, ▁tình: 9.8968, ▁cảm: 0.011, ▁50: 0.1766, /50: 0.0002, ▁thôi: 0.0294, ▁nếu: 0.0218, ▁không: 0.065, ▁có: 0.1179, ▁đáp: 0.0051, ▁ứng: 0.0813, ▁thì: 0.106, ▁dừng: 0.0014, ▁lại: 0.029, ▁thôi: 0.0061, .: 0.1043, </s>: 0.0759",0.5608,9.8968
1990,Má nhục vl vài tháng trc ngta còn gth bb dzô room chs um ùm um sùm mak bh để us ngta vào ns nthe🙂 cs thấy xấu mặt k bvh,Má nhục vãi lồn vài tháng trước người ta còn giới thiệu bạn bè vô room chơi um ùm um sùm mà bây giờ để user người ta vào nói như thế có thấy xấu mặt không ban vận hành,"<s>: 0.0145, ▁Má: 0.0021, ▁nh: 0.0226, ục: 0.0009, ▁v: 0.0351, ã: 1.027, i: 0.0686, ▁lồ: 0.1132, n: 0.1762, ▁vài: 0.0084, ▁tháng: 0.0183, ▁trước: 0.0449, ▁người: 0.0523, ▁ta: 0.0287, ▁còn: 0.0463, ▁giới: 0.3234, ▁thiệu: 0.0197, ▁bạn: 0.0811, ▁bè: 1.2485, ▁vô: 0.0098, ▁room: 0.0003, ▁chơi: 0.011, ▁um: 0.0031, ▁: 0.0892, ù: 0.0024, m: 0.0096, ▁um: 0.0098, ▁s: 0.0868, ù: 0.0071, m: 0.0179, ▁mà: 0.0382, ▁bây: 0.282, ▁giờ: 0.0075, ▁để: 0.0947, ▁user: 8.1926, ▁người: 0.0568, ▁ta: 0.016, ▁vào: 0.0335, ▁nói: 0.0221, ▁như: 0.0091, ▁thế: 0.0337, ▁có: 7.4405, ▁thấy: 0.0204, ▁xấu: 0.0016, ▁mặt: 0.0064, ▁không: 0.1207, ▁ban: 7.0453, ▁vận: 0.1551, ▁hành: 0.506, </s>: 0.3253",0.5597,8.1926
4180,"Mk sinh mổ dùng full dv ở sản tw ht 36 củ nka, lưu viện 5 hôm, dùng p 6 nka","Mình sinh mổ dùng full dịch vụ ở sản Trung Ương hết 36 củ nha, lưu viện 5 hôm, dùng phòng 6 nha","<s>: 0.0157, ▁Mình: 0.1927, ▁sinh: 0.0356, ▁m: 0.0677, ổ: 0.0377, ▁dùng: 0.0311, ▁full: 0.0013, ▁dịch: 0.1298, ▁vụ: 0.0052, ▁ở: 0.0586, ▁sản: 0.0041, ▁Trung: 9.7852, ▁: 5.1496, Ư: 1.0803, ơ: 0.0153, ng: 0.0528, ▁hết: 0.1386, ▁36: 0.0077, ▁củ: 0.0016, ▁nha: 0.025, ,: 0.1372, ▁lưu: 0.0009, ▁viện: 0.0338, ▁5: 0.0153, ▁hôm: 0.0147, ,: 0.0822, ▁dùng: 0.024, ▁phòng: 0.0521, ▁6: 0.0284, ▁nha: 0.0295, </s>: 0.0824",0.5592,9.7852
3396,Mốt t nổ 100 trẹo cho zui nhà dzui cửa 💥,Mốt tôi nổ 100 triệu cho vui nhà vui cửa 💥,"<s>: 0.016, ▁M: 0.0245, ốt: 0.0074, ▁tôi: 0.1521, ▁nổ: 0.0027, ▁100: 0.0061, ▁triệu: 7.8118, ▁cho: 0.0874, ▁vui: 0.0023, ▁nhà: 0.0423, ▁vui: 0.0152, ▁cửa: 0.0029, ▁: 0.0605, <unk>: 0.0838, </s>: 0.0566",0.5581,7.8118
8460,Ký tên: 1 ng bị thỏ phản bội.,Ký tên: Một người bị thỏ phản bội.,"<s>: 0.0156, ▁K: 0.0298, ý: 0.0186, ▁tên: 0.0054, :: 0.0427, ▁Một: 7.704, ▁người: 0.111, ▁bị: 0.0561, ▁th: 0.1234, ỏ: 0.0272, ▁phản: 0.0043, ▁bộ: 0.0306, i: 0.0449, .: 0.0889, </s>: 0.0607",0.5575,7.704
2497,Tặng mẹ ckồnq túi hapas ik mẹ ck thik lắm,Tặng mẹ chồng túi Hapas đi mẹ chồng thích lắm,"<s>: 0.0161, ▁T: 0.0405, ặng: 0.0017, ▁mẹ: 0.0265, ▁chồng: 0.0105, ▁túi: 0.0017, ▁Hapa: 7.444, s: 0.0614, ▁đi: 0.0374, ▁mẹ: 0.0422, ▁chồng: 0.002, ▁thích: 0.009, ▁lắm: 0.0223, </s>: 0.065",0.5557,7.444
6974,"em dg tìm hiểu ank này cx oke, ch chốt nhao mak tnhien nghe phán zị cg hơi chùn vì g em tíh date to marry thuii :((","em đang tìm hiểu anh này cũng ok, chưa chốt nhau mà tự nhiên nghe phán vậy cũng hơi chùn vì giờ em tính date to marry thôi :((","<s>: 0.0133, ▁em: 0.1268, ▁đang: 0.0285, ▁tìm: 0.0162, ▁hiểu: 0.0192, ▁anh: 0.0225, ▁này: 0.0339, ▁cũng: 0.0628, ▁ok: 0.0295, ,: 0.0795, ▁chưa: 4.9485, ▁ch: 0.0567, ốt: 0.0035, ▁nhau: 12.934, ▁mà: 0.034, ▁tự: 0.4674, ▁nhiên: 0.0059, ▁nghe: 0.0257, ▁phán: 0.01, ▁vậy: 0.2989, ▁cũng: 0.0528, ▁hơi: 0.0082, ▁chù: 0.0003, n: 0.0305, ▁vì: 0.0338, ▁giờ: 0.0769, ▁em: 0.0946, ▁tính: 0.0041, ▁date: 0.0002, ▁to: 0.0058, ▁mar: 0.0016, ry: 0.0006, ▁thôi: 0.1439, <unk>: 0.2048, (: 0.0074, </s>: 0.0957",0.555,12.934
9181,Mìnk đã snghi thoáng hơn trc đây và vẫn chăm chỉ lm ziệc kiếm tiền bn ạk.cảm ơn b đã động viên nhé😊,Mình đã suy nghĩ thoáng hơn trước đây và vẫn chăm chỉ làm việc kiếm tiền bạn ạ. Cảm ơn bạn đã động viên nhé 😊,"<s>: 0.0134, ▁Mình: 0.0516, ▁đã: 0.0471, ▁suy: 0.0035, ▁nghĩ: 0.0198, ▁thoáng: 0.0005, ▁hơn: 0.0401, ▁trước: 0.1056, ▁đây: 0.0096, ▁và: 0.0818, ▁vẫn: 0.0149, ▁chăm: 0.0017, ▁chỉ: 0.0249, ▁làm: 0.0529, ▁việc: 0.0322, ▁kiếm: 0.0042, ▁tiền: 0.0185, ▁bạn: 0.0603, ▁ạ: 0.0236, .: 0.0395, ▁Cảm: 4.9334, ▁ơn: 0.0274, ▁bạn: 0.0424, ▁đã: 0.0752, ▁động: 0.015, ▁viên: 0.0266, ▁nhé: 0.014, ▁: 9.2993, <unk>: 1.4378, </s>: 0.0844",0.5534,9.2993
8766,"Đến lần thứ 4 thứ 5 thì xịt nc lỏng lè, thậm chí là xịt ra cs một tí luonn… hsau mak cương là đau nhức vl","Đến lần thứ tư thứ năm thì xịt nước lỏng lè, thậm chí là xịt ra có một tí luôn… hôm sau mà cương là đau nhức vãi lồn","<s>: 0.0146, ▁Đến: 0.0171, ▁lần: 0.0528, ▁thứ: 0.0237, ▁tư: 9.9406, ▁thứ: 0.0638, ▁năm: 8.9335, ▁thì: 0.0621, ▁x: 0.0542, ị: 0.0059, t: 0.0175, ▁nước: 0.0593, ▁lỏng: 0.0008, ▁: 0.7047, lè: 0.0012, ,: 0.1251, ▁thậm: 0.0119, ▁chí: 0.0178, ▁là: 0.0325, ▁x: 0.0317, ị: 0.0096, t: 0.029, ▁ra: 0.0704, ▁có: 0.1923, ▁một: 0.1269, ▁tí: 0.0055, ▁luôn: 0.0002, ...: 0.0177, ▁hôm: 0.1374, ▁sau: 0.0192, ▁mà: 0.0669, ▁cương: 0.0005, ▁là: 0.0949, ▁đau: 0.0037, ▁nh: 0.0272, ức: 0.0018, ▁v: 0.028, ã: 1.8616, i: 0.0528, ▁lồ: 0.065, n: 0.123, </s>: 0.1159",0.5529,9.9406
4305,"Mẹ bỉm tập xây kênh, tui fl đầy đủ màk toàn bị huỷ thoai.","Mẹ bỉm tập xây kênh, tui follow đầy đủ mà toàn bị hủy thôi.","<s>: 0.0143, ▁Mẹ: 0.0263, ▁b: 0.1379, ỉ: 0.0206, m: 0.0312, ▁tập: 0.0352, ▁xây: 0.015, ▁kênh: 0.002, ,: 0.0809, ▁tui: 0.1418, ▁follow: 0.0557, ▁đầy: 0.0204, ▁đủ: 0.0231, ▁mà: 0.076, ▁toàn: 0.0181, ▁bị: 0.04, <unk>: 9.7835, ▁thôi: 0.3328, .: 0.0966, </s>: 0.0682",0.551,9.7835
2554,"Ck mik cg z, mik sinh mổ, sinh xog nằm mệt li bì, 1 tay ck chăm cn, thay tả, cho bú cả.","Chồng mình cũng thế, mình sinh mổ, sinh xong nằm mệt li bì, 1 tay chồng chăm con, thay tã, cho bú cả.","<s>: 0.014, ▁Ch: 0.0297, ồng: 0.0036, ▁mình: 0.1214, ▁cũng: 0.0654, ▁thế: 0.5898, ,: 0.0529, ▁mình: 0.0654, ▁sinh: 0.0478, ▁m: 0.0398, ổ: 0.0349, ,: 0.0767, ▁sinh: 0.0156, ▁xong: 0.0334, ▁nằm: 0.0053, ▁mệt: 0.0042, ▁li: 0.0052, ▁bì: 0.0006, ,: 0.0882, ▁1: 0.0458, ▁tay: 0.021, ▁chồng: 0.0056, ▁chăm: 0.0078, ▁con: 0.0311, ,: 0.0526, ▁thay: 0.0074, ▁t: 14.7612, ã: 2.1955, ,: 0.1304, ▁cho: 0.0154, ▁bú: 0.0026, ▁cả: 0.0258, .: 0.069, </s>: 0.0464",0.5503,14.7612
2857,sau cs cgai r hỏi tsao=)))dm đấu tranh nthe để snay cgai cmay cug duoc về ăn tết dzới cmay đấy ngu vcl ra 1 năm tết nội 1 năm tết ngoại cs lsao đâu bộ k về vs bme cmay chắc??,sau có con gái rồi hỏi tại sao=)))địt mẹ đấu tranh như thế để sau này con gái chúng mày cũng được về ăn tết với chúng mày đấy ngu vãi cả lồn ra 1 năm tết nội 1 năm tết ngoại có làm sao đâu bộ không về với bố mẹ chúng mày chắc??,"<s>: 0.0147, ▁sau: 0.0213, ▁có: 0.0423, ▁con: 0.053, ▁gái: 0.1693, ▁rồi: 0.034, ▁hỏi: 0.0239, ▁tại: 0.8564, ▁sao: 0.0073, =: 0.0076, ))): 0.0298, đ: 5.1302, ị: 0.0762, t: 0.0399, ▁mẹ: 0.0589, ▁đấu: 0.036, ▁tranh: 0.0055, ▁như: 0.0223, ▁thế: 0.0161, ▁để: 0.0853, ▁sau: 9.1829, ▁này: 1.2182, ▁con: 0.0418, ▁gái: 0.1201, ▁chúng: 0.1084, ▁mày: 0.2509, ▁cũng: 0.0285, ▁được: 3.1492, ▁về: 0.0522, ▁ăn: 0.0191, ▁tế: 0.0238, t: 0.0496, ▁với: 0.0588, ▁chúng: 0.0761, ▁mày: 0.0511, ▁đấy: 0.027, ▁ngu: 0.0, ▁v: 0.0276, ã: 0.9252, i: 0.0442, ▁cả: 0.98, ▁lồ: 0.0678, n: 0.154, ▁ra: 0.0708, ▁1: 0.0403, ▁năm: 0.0042, ▁tế: 0.0027, t: 0.0179, ▁nội: 0.0138, ▁1: 0.0325, ▁năm: 0.0073, ▁tế: 0.003, t: 0.0123, ▁ngoại: 0.0054, ▁có: 0.0754, ▁làm: 0.8079, ▁sao: 0.2898, ▁đâu: 0.0168, ▁bộ: 0.057, ▁không: 0.0746, ▁về: 0.0174, ▁với: 0.0431, ▁bố: 0.0722, </s>: 10.1025",0.5493,10.1025
5090,Lạy ngài địa Tạng Vương bồ tát phù hộ cho gđ cn sống hoà thuận và bình an,Lạy ngài Địa Tạng Vương bồ tát phù hộ cho gia đình con sống hòa thuận và bình an,"<s>: 0.0147, ▁L: 0.0567, ạ: 0.0068, y: 0.0258, ▁ngài: 0.0427, ▁Địa: 5.1839, ▁T: 0.0877, ạ: 0.0491, ng: 0.0166, ▁Vương: 0.0019, ▁b: 0.0398, ồ: 0.0024, ▁tá: 0.0007, t: 0.0329, ▁phù: 0.0059, ▁hộ: 0.0153, ▁cho: 0.043, ▁gia: 0.0185, ▁đình: 0.0652, ▁con: 0.2136, ▁sống: 0.0146, <unk>: 8.6582, ▁thuận: 0.0031, ▁và: 0.1171, ▁bình: 0.005, ▁an: 0.0113, </s>: 0.0774",0.5485,8.6582
6196,"Thiệc sự kiếm mấy job kh yc kn, cty sẽ đào tạo mak khó tht sự lun ạk 😭","Thiệt sự kiếm mấy job không yêu cầu kinh nghiệm, công ty sẽ đào tạo mà khó thật sự luôn ạ 😭","<s>: 0.0142, ▁Thi: 0.5154, ệt: 7.3482, ▁sự: 0.0571, ▁kiếm: 0.0168, ▁mấy: 0.0166, ▁job: 0.0294, ▁không: 0.0371, ▁yêu: 5.5495, ▁cầu: 0.1826, ▁kinh: 0.0535, ▁nghiệm: 0.0436, ,: 0.0798, ▁công: 0.2712, ▁ty: 0.1425, ▁sẽ: 0.0294, ▁đào: 0.0125, ▁tạo: 0.0228, ▁mà: 0.0325, ▁khó: 0.014, ▁thật: 0.0528, ▁sự: 0.0321, ▁luôn: 0.0412, ▁ạ: 0.0136, ▁: 0.0615, <unk>: 0.0546, </s>: 0.0535",0.5473,7.3482
8395,"Bị ns chs dơ, màk cái snl đấy Tú dùng peak vãi.","Bị nói chơi dơ, mà cái siêu năng lực đấy Tú dùng peak vãi.","<s>: 0.0134, ▁Bị: 0.015, ▁nói: 0.0288, ▁chơi: 0.2471, ▁d: 0.0745, ơ: 0.0091, ,: 0.0993, ▁mà: 0.0596, ▁cái: 0.0272, ▁siêu: 7.7031, ▁năng: 2.9126, ▁lực: 0.2247, ▁đấy: 0.0285, ▁Tú: 0.001, ▁dùng: 0.0194, ▁pe: 0.2341, ak: 0.0042, ▁v: 0.1553, ã: 0.0148, i: 0.0236, .: 0.074, </s>: 0.0652",0.547,7.7031
1422,Đặc biệt là cs soi đc bệnh và sức khoẻ cho các tình yêu neh.,Đặc biệt là có soi được bệnh và sức khỏe cho các tình yêu nè.,"<s>: 0.0131, ▁Đặc: 0.0835, ▁biệt: 0.031, ▁là: 0.0406, ▁có: 0.0861, ▁soi: 0.0004, ▁được: 0.0923, ▁bệnh: 0.032, ▁và: 0.1144, ▁sức: 0.0107, <unk>: 8.7274, ▁cho: 0.0968, ▁các: 0.0688, ▁tình: 0.0094, ▁yêu: 0.0259, ▁nè: 0.2011, .: 0.1372, </s>: 0.0589",0.5461,8.7274
8526,"Topic: luật nhân quả ngoại tình, phản bội và kẻ phá nát gđ ngkhac cs bị nhân quả hông?","Chủ đề: luật nhân quả ngoại tình, phản bội và kẻ phá nát gia đình người khác có bị nhân quả không?","<s>: 0.0128, ▁Chủ: 14.0723, ▁đề: 0.6961, :: 0.0645, ▁luật: 0.0267, ▁nhân: 0.0091, ▁quả: 0.0047, ▁ngoại: 0.0055, ▁tình: 0.0586, ,: 0.1186, ▁phản: 0.0035, ▁bộ: 0.059, i: 0.042, ▁và: 0.1123, ▁kẻ: 0.0117, ▁phá: 0.0031, ▁ná: 0.0013, t: 0.0414, ▁gia: 0.0183, ▁đình: 0.088, ▁người: 0.0367, ▁khác: 0.0082, ▁có: 0.0966, ▁bị: 0.0823, ▁nhân: 0.0059, ▁quả: 0.0026, ▁không: 0.0227, ?: 0.0624, </s>: 0.065",0.5459,14.0723
8573,chuyện là cuối tuần này gặp b gái yêu xa mak hnay rụng 🍓 mng cs cách nào để nhanh ht hong chứ ăn chay thêm 1 tháng nx chắc còn mỗi bộ xương wa 😭😭😭,chuyện là cuối tuần này gặp bạn gái yêu xa mà hôm nay rụng dâu mọi người có cách nào để nhanh hết không chứ ăn chay thêm một tháng nữa chắc còn mỗi bộ xương quá 😭😭😭,"<s>: 0.0142, ▁chuyện: 0.0171, ▁là: 0.0573, ▁cuối: 0.0041, ▁tuần: 0.0071, ▁này: 0.0281, ▁gặp: 0.016, ▁bạn: 0.0591, ▁gái: 0.0164, ▁yêu: 0.0702, ▁xa: 0.009, ▁mà: 0.036, ▁hôm: 0.0547, ▁nay: 0.0592, ▁rụng: 0.0041, ▁dâu: 10.4976, ▁mọi: 7.6682, ▁người: 0.0837, ▁có: 0.0906, ▁cách: 0.0166, ▁nào: 0.0434, ▁để: 0.0468, ▁nhanh: 0.0056, ▁hết: 0.0178, ▁không: 0.1546, ▁chứ: 0.0165, ▁ăn: 0.0524, ▁cha: 0.0014, y: 0.0431, ▁thêm: 0.0134, ▁một: 4.4955, ▁tháng: 0.0151, ▁nữa: 0.0327, ▁chắc: 0.005, ▁còn: 0.019, ▁mỗi: 0.0018, ▁bộ: 0.0194, ▁xương: 0.0004, ▁quá: 0.0145, ▁: 0.0558, <unk>: 0.0292, <unk>: 0.036, <unk>: 0.039, </s>: 0.0194",0.5452,10.4976
1364,t k ghét zì MN lâu lâu cũg dzô tim hay đọc post của bả và t cgiac cs zì ds thảo mai,tôi không ghét gì Mỹ Ngọc lâu lâu cũng vô tim hay đọc post của bả và tôi cảm giác có gì đó thảo mai,"<s>: 0.0129, ▁tôi: 0.2267, ▁không: 0.0599, ▁ghé: 0.0072, t: 0.0331, ▁gì: 0.0883, ▁Mỹ: 5.9806, ▁Ngọc: 7.5634, ▁lâu: 0.205, ▁lâu: 0.0164, ▁cũng: 0.0289, ▁vô: 0.0157, ▁tim: 0.0136, ▁hay: 0.0243, ▁đọc: 0.0218, ▁post: 0.0027, ▁của: 0.1302, ▁b: 0.6066, ả: 0.0229, ▁và: 0.1489, ▁tôi: 0.1086, ▁cảm: 0.0101, ▁giác: 0.1216, ▁có: 0.1295, ▁gì: 0.0722, ▁đó: 0.0156, ▁thảo: 0.0003, ▁mai: 0.0045, </s>: 0.0834",0.5433,7.5634
9336,Trộm vía kh giúp đc zề nhưg thở câu nào hãm câu đók🥰 tỏ ra rất chi là hiểu bk và ta đây,Trộm vía không giúp được gì nhưng thở câu nào hãm câu đó 🥰 tỏ ra rất chi là hiểu biết và ta đây,"<s>: 0.0154, ▁Tr: 0.0266, ộ: 0.0087, m: 0.0222, ▁vía: 0.0003, ▁không: 0.0961, ▁giúp: 0.0153, ▁được: 0.0784, ▁gì: 0.0127, ▁nhưng: 0.2617, ▁thở: 0.0022, ▁câu: 0.0067, ▁nào: 0.0247, ▁: 0.1706, hã: 0.0016, m: 0.0335, ▁câu: 0.0104, ▁đó: 0.0206, ▁: 9.5711, <unk>: 3.9544, ▁tỏ: 0.0001, ▁ra: 0.0283, ▁rất: 0.0065, ▁chi: 0.035, ▁là: 0.0638, ▁hiểu: 0.0085, ▁biết: 2.0946, ▁và: 0.1183, ▁ta: 0.0373, ▁đây: 0.0159, </s>: 0.0761",0.5425,9.5711
3541,Chay zo vi ăn buffet -> nma lúc tụi mik ik là 8h cs vẻ lúc ý muộn r nên là còn ít món hơi nhạt,Chay vô vi ăn buffet -> nhưng mà lúc tụi mình đi là 8 giờ có vẻ lúc ấy muộn rồi nên là còn ít món hơi nhạt,"<s>: 0.0153, ▁Cha: 0.0144, y: 0.0126, ▁vô: 0.1626, ▁vi: 0.7146, ▁ăn: 0.0208, ▁buffet: 0.0077, <unk>: 2.2803, ▁nhưng: 0.0361, ▁mà: 0.0281, ▁lúc: 0.0194, ▁tụ: 0.0104, i: 0.0932, ▁mình: 0.0314, ▁đi: 0.0329, ▁là: 0.0221, ▁8: 0.0038, ▁giờ: 1.6175, ▁có: 0.1012, ▁vẻ: 0.0006, ▁lúc: 0.0264, ▁ấy: 11.7434, ▁muộn: 0.0096, ▁rồi: 0.0381, ▁nên: 0.0302, ▁là: 0.1121, ▁còn: 0.0591, ▁ít: 0.0097, ▁món: 0.011, ▁hơi: 0.0177, ▁nhạt: 0.0008, </s>: 0.0747",0.5424,11.7434
8528,Haizzz cùng cảnh ngộ nhg t tin là nhân quả ko chừa 1 ai và luonn đúng địa chj bà ạk,Haizz cùng cảnh ngộ nhưng tôi tin là nhân quả không chừa một ai và luôn đúng địa chỉ bà ạ,"<s>: 0.015, ▁Hai: 0.0149, zz: 1.3094, ▁cùng: 0.0131, ▁cảnh: 0.0119, ▁ngộ: 0.0001, ▁nhưng: 0.031, ▁tôi: 0.3138, ▁tin: 0.0176, ▁là: 0.07, ▁nhân: 0.0095, ▁quả: 0.0069, ▁không: 0.1303, ▁ch: 0.1014, ừ: 0.0038, a: 0.0216, ▁một: 3.4249, ▁ai: 0.027, ▁và: 0.0763, ▁luôn: 0.0026, ▁đúng: 0.0126, ▁địa: 0.0075, ▁chỉ: 7.8675, ▁bà: 0.4721, ▁ạ: 0.0511, </s>: 0.0856",0.5422,7.8675
7844,"Tí thể nào cx lại thấy content của cn vk bị bê lên 1 page nào đók trên facebook, sau thêm wtm đii","Tí thể nào cũng lại thấy content của con vợ bị bê lên 1 page nào đó trên facebook, sau thêm watermark đi","<s>: 0.0139, ▁Tí: 0.285, ▁thể: 0.0591, ▁nào: 0.015, ▁cũng: 0.0992, ▁lại: 0.0635, ▁thấy: 0.0307, ▁content: 0.0002, ▁của: 0.0926, ▁con: 0.1659, ▁vợ: 0.0457, ▁bị: 0.0698, ▁bê: 0.001, ▁lên: 0.0892, ▁1: 0.105, ▁page: 0.0076, ▁nào: 0.0245, ▁đó: 0.0281, ▁trên: 0.0309, ▁facebook: 0.0114, ,: 0.148, ▁sau: 0.0296, ▁thêm: 0.0386, ▁water: 10.3724, mark: 2.2064, ▁đi: 0.2891, </s>: 0.2908",0.5412,10.3724
1461,Em bik là lên cty khók thì kh hay zị mak trg lúc yếu lòng ở cty e vẫn oà khók như đứa trẻ a ạk. Mn cx an ủi e nh lắm ạk🥺,Em biết là lên công ty khóc thì không hay vậy mà trong lúc yếu lòng ở công ty em vẫn òa khóc như đứa trẻ anh ạ. Mọi người cũng an ủi em nhiều lắm ạ🥺,"<s>: 0.0124, ▁Em: 0.0506, ▁biết: 0.0204, ▁là: 0.0346, ▁lên: 0.0604, ▁công: 0.0877, ▁ty: 0.0519, ▁khóc: 0.368, ▁thì: 0.0822, ▁không: 0.0445, ▁hay: 0.0531, ▁vậy: 2.1813, ▁mà: 0.0244, ▁trong: 0.1989, ▁lúc: 0.02, ▁yếu: 0.0058, ▁lòng: 0.0278, ▁ở: 0.0964, ▁công: 0.104, ▁ty: 0.0589, ▁em: 0.0832, ▁vẫn: 0.0158, ▁: 4.5664, ò: 5.2752, a: 9.403, ▁khóc: 0.5112, ▁như: 0.0444, ▁đứa: 0.0086, ▁trẻ: 0.0106, ▁anh: 0.2669, ▁ạ: 0.0176, .: 0.0392, ▁Mọi: 0.033, ▁người: 0.0451, ▁cũng: 0.0392, ▁an: 0.0211, ▁: 0.0963, ủ: 0.0094, i: 0.065, ▁em: 0.0975, ▁nhiều: 0.0223, ▁lắm: 0.0118, ▁ạ: 0.0117, <unk>: 0.0323, </s>: 0.0383",0.5411,9.403
8347,bth hoá ziệc tui an ủi hai nhỏ này😭 tại lúc tui khok ầm tr thì tụi n ôm tui as,bình thường hóa việc tui an ủi hai nhỏ này 😭 tại lúc tui khóc ầm trời thì tụi nó ôm tui á,"<s>: 0.0137, ▁bình: 0.0204, ▁thường: 0.0086, ▁hóa: 4.2123, ▁việc: 0.0264, ▁tui: 0.2667, ▁an: 0.0363, ▁: 0.1022, ủ: 0.0106, i: 0.0621, ▁hai: 0.0654, ▁nhỏ: 0.0249, ▁này: 0.055, ▁: 8.4994, <unk>: 2.0122, ▁tại: 0.0402, ▁lúc: 0.0242, ▁tui: 0.2911, ▁khóc: 0.0043, ▁: 0.3094, ầ: 0.007, m: 0.0141, ▁trời: 0.1724, ▁thì: 0.0583, ▁tụ: 0.0046, i: 0.0526, ▁nó: 0.0142, ▁ôm: 0.0018, ▁tui: 0.2324, ▁á: 0.0245, </s>: 0.0902",0.5406,8.4994
3913,Nhớ nhx ngày ng vào mèo nằm ôm nhau ngủ tới chiều kệ mẹ tgian hihi,Nhớ những ngày người và mèo nằm ôm nhau ngủ tới chiều kệ mẹ thời gian hihi,"<s>: 0.0154, ▁Nh: 0.0774, ớ: 0.0147, ▁những: 0.0603, ▁ngày: 0.028, ▁người: 0.0552, ▁và: 11.1573, ▁mè: 0.005, o: 0.0512, ▁nằm: 0.0107, ▁ôm: 0.0006, ▁nhau: 0.0082, ▁ngủ: 0.0101, ▁tới: 0.024, ▁chiều: 0.0051, ▁k: 0.1409, ệ: 0.0227, ▁mẹ: 0.0098, ▁thời: 0.0961, ▁gian: 0.0219, ▁hihi: 0.0131, </s>: 0.0656",0.5406,11.1573
9282,"Đúng là cn ng ns dc lm đc, ank ta tht sự hc tiếng r bay tới 🇪🇸 lun 🙂‍↕️","Đúng là con người nói được làm được, anh ta thật sự học tiếng rồi bay tới Tây Ban Nha luôn 🙂‍↕️","<s>: 0.014, ▁Đ: 0.0708, ú: 0.062, ng: 0.0178, ▁là: 0.0574, ▁con: 0.0737, ▁người: 0.0614, ▁nói: 0.0463, ▁được: 0.0881, ▁làm: 0.0314, ▁được: 0.0444, ,: 0.1085, ▁anh: 0.0301, ▁ta: 0.0134, ▁thật: 0.0522, ▁sự: 0.0265, ▁học: 0.1558, ▁tiếng: 0.0102, ▁rồi: 0.0309, ▁bay: 0.0058, ▁tới: 0.0391, ▁Tây: 9.3053, ▁Ban: 4.7574, ▁Nha: 0.4179, ▁luôn: 0.0084, <unk>: 0.4083, ▁: 0.0885, <unk>: 0.0584, <unk>: 0.073, </s>: 0.0574",0.5405,9.3053
2711,"Hội hoạ, điêu khắc, trà, rượu, đâu cs zề là quý tộc.","Hội họa, điêu khắc, trà, rượu, đâu có gì là quý tộc.","<s>: 0.0134, ▁Hội: 0.0177, <unk>: 9.9344, ,: 0.1813, ▁điê: 0.0014, u: 0.0225, ▁khắc: 0.0007, ,: 0.0975, ▁trà: 0.0018, ,: 0.0856, ▁rượu: 0.0043, ,: 0.0722, ▁đâu: 0.0157, ▁có: 0.0733, ▁gì: 0.0237, ▁là: 0.096, ▁quý: 0.0042, ▁tộc: 0.0103, .: 0.0878, </s>: 0.0645",0.5404,9.9344
2654,Mik mak lớn tiếng zới zk nvay là cô ấy đè đầu mk xuống bàn liếm ht đóng sữa rơi vãi đók,Mình mà lớn tiếng với vợ như vậy là cô ấy đè đầu mình xuống bàn liếm hết đống sữa rơi vãi đó,"<s>: 0.0152, ▁Mình: 0.0961, ▁mà: 0.0393, ▁lớn: 0.0085, ▁tiếng: 0.0122, ▁với: 0.1933, ▁vợ: 0.0092, ▁như: 0.0095, ▁vậy: 0.1337, ▁là: 0.0771, ▁cô: 0.064, ▁ấy: 0.0113, ▁đ: 0.0066, è: 0.0043, ▁đầu: 0.0155, ▁mình: 0.2044, ▁xuống: 0.032, ▁bàn: 0.0035, ▁l: 0.0597, iếm: 0.0003, ▁hết: 0.0175, ▁đ: 10.6432, ống: 4.1766, ▁sữa: 0.03, ▁rơi: 0.0022, ▁v: 0.1948, ã: 0.0121, i: 0.0275, ▁đó: 0.049, </s>: 0.0631",0.5404,10.6432
3981,em vẫn nhận đơn dùm mọi ng cho mấy ngày sau nka ạk do hnay em nhận đủ đơn rui để cho mấy b khách lê khác còn mua nx,em vẫn nhận đơn giùm mọi người cho mấy ngày sau nha ạ do hôm nay em nhận đủ đơn rồi để cho mấy bạn khách lẻ khác còn mua nữa,"<s>: 0.0143, ▁em: 0.1671, ▁vẫn: 0.0233, ▁nhận: 0.0202, ▁đơn: 0.0048, ▁gi: 3.9147, ù: 0.0012, m: 0.0361, ▁mọi: 0.0258, ▁người: 0.0316, ▁cho: 0.0499, ▁mấy: 0.0063, ▁ngày: 0.0303, ▁sau: 0.022, ▁nha: 0.0058, ▁ạ: 0.0378, ▁do: 0.0333, ▁hôm: 0.0689, ▁nay: 0.0867, ▁em: 0.121, ▁nhận: 0.0113, ▁đủ: 0.0101, ▁đơn: 0.0036, ▁rồi: 0.3453, ▁để: 0.1029, ▁cho: 0.0549, ▁mấy: 0.0175, ▁bạn: 0.0197, ▁khách: 0.0498, ▁lẻ: 13.3267, ▁khác: 0.0437, ▁còn: 0.042, ▁mua: 0.0131, ▁nữa: 0.0228, </s>: 0.0912",0.5387,13.3267
865,Lm Môi giới BĐS thì ib nhé e. Rất nh bn Nh đag cùng lm BĐS và lm rất tốt.,Làm Môi giới Bất động sản thì inbox nhé em. Rất nhiều bạn Ngân hàng đang cùng làm Bất động sản và làm rất tốt.,"<s>: 0.0137, ▁Làm: 0.0721, ▁Mô: 0.0046, i: 0.0121, ▁giới: 0.0133, ▁Bất: 2.8035, ▁động: 0.0585, ▁sản: 0.0937, ▁thì: 0.1154, ▁in: 0.1448, box: 0.0297, ▁nhé: 0.0229, ▁em: 0.0691, .: 0.0493, ▁R: 0.009, ấ: 0.01, t: 0.0135, ▁nhiều: 0.0168, ▁bạn: 0.0345, ▁Ngân: 7.5128, ▁hàng: 2.9462, ▁đang: 0.2626, ▁cùng: 0.067, ▁làm: 0.0772, ▁Bất: 2.6738, ▁động: 0.0333, ▁sản: 0.1878, ▁và: 0.0988, ▁làm: 0.1244, ▁rất: 0.0262, ▁tốt: 0.0091, .: 0.077, </s>: 0.0608",0.5377,7.5128
4495,"lacoste nhé đựng thoải mái ko bị mất form, mua thêm cái lót túi chia ngăn nếu bà bị ocd","Lacoste nhé đựng thoải mái không bị mất form, mua thêm cái lót túi chia ngăn nếu bà bị OCD","<s>: 0.013, ▁La: 7.6719, co: 0.0483, ste: 0.0017, ▁nhé: 0.0267, ▁đựng: 0.0024, ▁thoải: 0.0019, ▁mái: 0.0323, ▁không: 0.0952, ▁bị: 0.0449, ▁mất: 0.0056, ▁form: 0.0003, ,: 0.0945, ▁mua: 0.0163, ▁thêm: 0.013, ▁cái: 0.034, ▁ló: 0.0002, t: 0.025, ▁túi: 0.0045, ▁chia: 0.0014, ▁ngăn: 0.0005, ▁nếu: 0.0355, ▁bà: 0.0881, ▁bị: 0.0674, ▁O: 3.2941, CD: 2.7969, </s>: 0.0844",0.537,7.6719
4490,Lacoste hnhu cái quai y chang longchamp p k mom,Lacoste hình như cái quai y chang Longchamp phải không mom,"<s>: 0.0163, ▁La: 0.1775, co: 0.0762, ste: 0.0041, ▁hình: 0.0621, ▁như: 0.0124, ▁cái: 0.0527, ▁qua: 0.088, i: 0.0438, ▁y: 0.0384, ▁: 0.2445, chang: 0.0201, ▁Long: 8.0207, champ: 0.0001, ▁phải: 0.6017, ▁không: 0.1316, ▁mom: 0.0024, </s>: 0.0669",0.5366,8.0207
4044,Sorry cs b chốt r nka e. Mèo cụa cj hot wa !,Sorry có bạn chốt rồi nha em. Mèo của chị hot quá !,"<s>: 0.0151, ▁Sorry: 0.0192, ▁có: 0.0704, ▁bạn: 0.0758, ▁ch: 0.0249, ốt: 0.0021, ▁rồi: 0.0187, ▁nha: 0.0066, ▁em: 0.0761, .: 0.0628, ▁M: 0.0341, è: 0.0026, o: 0.0177, ▁của: 9.4801, ▁chị: 0.1326, ▁hot: 0.0047, ▁quá: 0.0289, ▁!: 0.0143, </s>: 0.0895",0.5356,9.4801
1378,Ảnh ck tui nka mingyu ph nấu ăn dọn dẹp hát cho t nghe mỗi ngày 💅🏻,Ảnh chồng tui nha Mingyu phải nấu ăn dọn dẹp hát cho tôi nghe mỗi ngày 💅🏻,"<s>: 0.0129, ▁Ảnh: 0.0265, ▁chồng: 0.0119, ▁tui: 0.1831, ▁nha: 0.0568, ▁M: 8.174, ing: 3.9055, yu: 0.0697, ▁phải: 0.0223, ▁nấu: 0.0103, ▁ăn: 0.0479, ▁dọn: 0.0005, ▁d: 0.0864, ẹ: 0.0117, p: 0.0525, ▁hát: 0.01, ▁cho: 0.1074, ▁tôi: 0.2882, ▁nghe: 0.0334, ▁mỗi: 0.0129, ▁ngày: 0.0538, ▁: 0.0588, <unk>: 0.0619, <unk>: 0.048, </s>: 0.042",0.5355,8.174
7339,định hướng và đưa giải pháp vde chứ ko tiêu cực doạ nạt zì,định hướng và đưa giải pháp vấn đề chứ không tiêu cực dọa nạt gì,"<s>: 0.0131, ▁định: 0.0088, ▁hướng: 0.0142, ▁và: 0.0837, ▁đưa: 0.0064, ▁giải: 0.0173, ▁pháp: 0.0251, ▁vấn: 0.1638, ▁đề: 0.0024, ▁chứ: 0.0269, ▁không: 0.0883, ▁tiêu: 0.0188, ▁cực: 0.012, <unk>: 8.5875, ▁nạ: 0.2791, t: 0.0722, ▁gì: 0.1009, </s>: 0.0902",0.5339,8.5875
3017,Mk dg hc thêm về BĐS Mìnk gặp gỡ rất nh ah đã cs gđinh và hok nh điều hay tư ziệc lập gđ.,Mình đang học thêm về Bất động sản Mình gặp gỡ rất nhiều anh đã có gia đình và học nhiều điều hay từ việc lập gia đình.,"<s>: 0.0136, ▁Mình: 0.0422, ▁đang: 0.0219, ▁học: 0.0287, ▁thêm: 0.0303, ▁về: 0.0267, ▁Bất: 2.7, ▁động: 0.0632, ▁sản: 0.0542, ▁Mình: 0.4196, ▁gặp: 0.0075, ▁gỡ: 0.0082, ▁rất: 0.0099, ▁nhiều: 0.0265, ▁anh: 0.0211, ▁đã: 0.0572, ▁có: 0.047, ▁gia: 0.0859, ▁đình: 0.1757, ▁và: 0.038, ▁học: 0.0402, ▁nhiều: 0.0733, ▁điều: 0.0119, ▁hay: 0.0366, ▁từ: 12.2383, ▁việc: 0.0242, ▁lập: 0.0081, ▁gia: 0.0319, ▁đình: 0.0605, .: 0.0825, </s>: 0.0609",0.5337,12.2383
7991,"Trg cơn sốt của ""Thỏ Ơi"" - 20h tối nay tuii xin kể cho Quý vị về Câu chuyện ng yêu cũ của tuii cách đây 5 năm : HỘI CHỨNG ÁI KỶ & RỐI LOẠN NHÂN CÁCH RANH GIỚI 🫠 - H ik soạn văn bản","Trong cơn sốt của ""Thỏ Ơi"" - 20 giờ tối nay tui xin kể cho Quý vị về Câu chuyện người yêu cũ của tui cách đây 5 năm : HỘI CHỨNG ÁI KỶ & RỐI LOẠN NHÂN CÁCH RANH GIỚI 🫠 - Giờ đi soạn văn bản","<s>: 0.0159, ▁Trong: 0.2374, ▁cơn: 0.0031, ▁số: 0.0088, t: 0.0677, ▁của: 0.081, ▁"": 0.0622, Th: 0.0538, ỏ: 0.0059, ▁: 0.2486, Ơ: 0.0022, i: 0.0428, "": 0.0278, ▁-: 0.0188, ▁20: 0.0011, ▁giờ: 3.495, ▁tối: 0.0117, ▁nay: 0.0234, ▁tui: 0.7075, ▁xin: 0.0133, ▁kể: 0.0042, ▁cho: 0.0556, ▁Quý: 0.0162, ▁vị: 0.053, ▁về: 0.0598, ▁Câu: 0.0117, ▁chuyện: 0.0105, ▁người: 0.0497, ▁yêu: 0.0251, ▁cũ: 0.0009, ▁của: 0.096, ▁tui: 0.3307, ▁cách: 0.0091, ▁đây: 0.0219, ▁5: 0.0121, ▁năm: 0.017, ▁:: 0.0082, ▁HỘI: 0.0006, ▁CH: 0.0128, Ứ: 0.002, NG: 0.0123, ▁Á: 0.0153, I: 0.0475, ▁K: 0.033, Ỷ: 0.0501, ▁&: 0.0388, ▁R: 0.0063, Ố: 0.0036, I: 0.011, ▁LO: 0.0026, ẠN: 0.0009, ▁NHÂN: 0.0003, ▁CÁC: 0.0008, H: 0.1609, ▁RA: 0.0011, NH: 0.0152, ▁GI: 0.0032, Ớ: 0.0159, I: 0.0475, ▁: 0.1787, <unk>: 5.6223, ▁-: 7.681, ▁Giờ: 9.3214, </s>: 4.9336",0.5333,9.3214
9206,Ôi giá xăng dầu thì tăng còn toi thì vẫn ch kím đc job 🙉🙉,Ôi giá xăng dầu thì tăng còn tôi thì vẫn chưa kiếm được công việc 🙉🙉,"<s>: 0.0147, ▁Ô: 0.0194, i: 0.0974, ▁giá: 0.0861, ▁xăng: 0.0059, ▁dầu: 0.0119, ▁thì: 0.0711, ▁tăng: 0.0759, ▁còn: 0.0384, ▁tôi: 0.2088, ▁thì: 0.0917, ▁vẫn: 0.0242, ▁chưa: 0.0246, ▁kiếm: 1.1033, ▁được: 0.1678, ▁công: 8.3758, ▁việc: 0.0289, ▁: 0.0734, <unk>: 0.0694, </s>: 0.0608",0.5325,8.3758
3348,"Nếu cs cx chỉ là tình cờ thoy, chỉ cần chào hỏi lịch sự đàng hoàng đừng lm lố th r dìa","Nếu có cũng chỉ là tình cờ thôi, chỉ cần chào hỏi lịch sự đàng hoàng đừng làm lố thôi rồi về","<s>: 0.0148, ▁Nếu: 0.0178, ▁có: 0.077, ▁cũng: 0.1004, ▁chỉ: 0.0313, ▁là: 0.0662, ▁tình: 0.0113, ▁cờ: 0.0008, ▁thôi: 0.032, ,: 0.14, ▁chỉ: 0.0317, ▁cần: 0.0324, ▁chào: 0.0022, ▁hỏi: 0.0143, ▁lịch: 0.0043, ▁sự: 0.0167, ▁đàn: 0.0025, g: 0.0181, ▁hoàng: 0.0058, ▁đừng: 0.0063, ▁làm: 0.0259, ▁l: 0.0603, ố: 0.0069, ▁thôi: 0.0842, ▁rồi: 0.0246, ▁về: 12.6547, </s>: 0.8908",0.5323,12.6547
4721,Lm ziệc đk ca sáng/ chiều hoặc linh hoạt ca (linh hoạt theo lịch hok và giữa cban trg team) • Ca sáng 09h30 - 12h30/ 13h • Ca chiều 12h30 - 17/ 18h • Ca tối 17h30/18h - 21:30,- Làm việc được ca sáng/ chiều hoặc linh hoạt ca (linh hoạt theo lịch học và giữa các bạn trong team) • Ca sáng 09h30 - 12h30/ 13h • Ca chiều 12h30 - 17/ 18h • Ca tối 17h30/18h - 21:30,"<s>: 0.0142, ▁-: 12.0987, ▁Làm: 0.0803, ▁việc: 0.012, ▁được: 0.0837, ▁ca: 0.0253, ▁sáng: 0.0083, /: 0.1876, ▁chiều: 0.0192, ▁hoặc: 0.0384, ▁linh: 0.0007, ▁hoạt: 0.0055, ▁ca: 0.0121, ▁(: 0.0432, lin: 0.0021, h: 0.0043, ▁hoạt: 0.0121, ▁theo: 0.0239, ▁lịch: 0.0036, ▁học: 0.1029, ▁và: 0.0638, ▁giữa: 0.0091, ▁các: 0.0121, ▁bạn: 0.8221, ▁trong: 0.0488, ▁team: 0.0075, ): 0.0345, ▁•: 0.0019, ▁Ca: 0.0057, ▁sáng: 0.0046, ▁09: 0.0008, h: 0.0143, 30: 0.0011, ▁-: 0.034, ▁12: 0.0026, h: 0.0234, 30: 0.0016, /: 0.0502, ▁13: 0.003, h: 0.1126, ▁•: 0.0017, ▁Ca: 0.0109, ▁chiều: 0.0232, ▁12: 0.0065, h: 0.0176, 30: 0.0008, ▁-: 0.0317, ▁17: 0.0006, /: 0.0465, ▁18: 0.0006, h: 0.1027, ▁•: 0.0015, ▁Ca: 0.0094, ▁tối: 0.0112, ▁17: 0.0016, h: 0.0192, 30: 0.0007, /18: 0.0195, h: 0.1395, ▁-: 9.802, ▁21:30: 8.5018, </s>: 0.1928",0.5318,30.0
4885,như mk(ko cs ý khoe chỉ là chia sẽ) cs khi thu nhập 500-700 mak các khoản cần chi cx tương đương thui b àh,như mình (không có ý khoe chỉ là chia sẻ) có khi thu nhập 500-700 mà các khoản cần chi cũng tương đương thôi bạn à,"<s>: 0.015, ▁như: 0.0673, ▁mình: 0.0478, ▁(: 4.7274, không: 1.2371, ▁có: 0.0663, ▁ý: 0.0349, ▁kho: 0.0048, e: 0.1389, ▁chỉ: 0.0644, ▁là: 0.0654, ▁chia: 0.0036, ▁sẻ: 10.0223, ): 0.1682, ▁có: 0.0991, ▁khi: 0.0353, ▁thu: 0.0548, ▁nhập: 0.043, ▁500: 0.0104, -: 0.0128, 700: 0.0062, ▁mà: 0.0386, ▁các: 0.1356, ▁khoản: 0.0061, ▁cần: 0.0182, ▁chi: 0.0244, ▁cũng: 0.0613, ▁tương: 0.0079, ▁đương: 0.0099, ▁thôi: 0.0596, ▁bạn: 0.0456, ▁à: 0.0328, </s>: 0.1581",0.531,10.0223
260,"Chj là nữ, 28t, đg mập mờ vs hhn, cj ko bik cs xe ghép đưa đón tận nơi về Hà Nam ko vì cj ở Vũng Tàu ☺️","Chị là nữ, 28 tuổi, đang mập mờ với hồng hài nhi, chị không biết có xe ghép đưa đón tận nơi về Hà Nam không vì chị ở Vũng Tàu ☺️","<s>: 0.0134, ▁Chị: 0.3008, ▁là: 0.0576, ▁nữ: 0.0579, ,: 0.1259, ▁28: 0.0035, ▁tuổi: 0.0321, ,: 0.0999, ▁đang: 0.0903, ▁m: 0.036, ập: 0.0003, ▁mờ: 0.0005, ▁với: 0.0652, ▁hồng: 7.8367, ▁hài: 7.9685, ▁nhi: 4.5071, ,: 0.0881, ▁chị: 0.129, ▁không: 0.0322, ▁biết: 0.0145, ▁có: 0.0814, ▁xe: 0.0155, ▁ghé: 0.0003, p: 0.0188, ▁đưa: 0.002, ▁đón: 0.0057, ▁tận: 0.0059, ▁nơi: 0.0211, ▁về: 0.0799, ▁Hà: 0.0483, ▁Nam: 0.0223, ▁không: 0.0702, ▁vì: 0.0277, ▁chị: 0.0953, ▁ở: 0.0518, ▁Vũ: 0.0007, ng: 0.0183, ▁Tàu: 0.0049, ▁: 0.0929, <unk>: 0.0557, <unk>: 0.0461, </s>: 0.0293",0.5298,7.9685
3795,t thì kiu ẻm là cgai iu neh b🤣 mak t hơn ẻm cs mấy tuổi ah🤣,tôi thì kêu em là con gái yêu nè bạn🤣 mà tôi hơn em có mấy tuổi à🤣,"<s>: 0.0147, ▁tôi: 0.1851, ▁thì: 0.0675, ▁kêu: 8.4248, ▁em: 0.2845, ▁là: 0.0408, ▁con: 0.1815, ▁gái: 0.0404, ▁yêu: 0.0585, ▁nè: 1.1693, ▁bạn: 0.035, <unk>: 0.1249, ▁mà: 0.0763, ▁tôi: 0.085, ▁hơn: 0.0261, ▁em: 0.1159, ▁có: 0.2156, ▁mấy: 0.0103, ▁tuổi: 0.0219, ▁à: 0.3917, <unk>: 0.0401, </s>: 0.0467",0.5298,8.4248
9256,Ai bảo b là bsi IT hiền hiền thiếu gái v😂😂,Ai bảo bạn là bác sĩ IT hiền hiền thiếu gái vậy 😂😂,"<s>: 0.0159, ▁Ai: 0.0256, ▁bảo: 0.0241, ▁bạn: 0.0662, ▁là: 0.0675, ▁bác: 1.4348, ▁sĩ: 0.0548, ▁IT: 0.0005, ▁h: 0.0312, iền: 0.0071, ▁h: 0.0431, iền: 0.0117, ▁thiếu: 0.0011, ▁gái: 0.0092, ▁vậy: 0.0591, ▁: 8.0127, <unk>: 0.0475, <unk>: 0.0651, </s>: 0.0365",0.527,8.0127
2563,"Vì nghe mấy cảnh này nên t book mẹ viện tư :))) đói cái bấm chuông cs ng mang cháo cho t, ck t ăn j kcmn :))))","Vì nghe mấy cảnh này nên tôi book mẹ viện tư :))) đói cái bấm chuông có người mang cháo cho tôi, chồng tôi ăn gì kệ con mẹ nó :))))","<s>: 0.0134, ▁Vì: 0.0242, ▁nghe: 0.0202, ▁mấy: 0.0188, ▁cảnh: 0.0153, ▁này: 0.0433, ▁nên: 0.0308, ▁tôi: 0.1274, ▁book: 0.0019, ▁mẹ: 0.0286, ▁viện: 0.0222, ▁tư: 0.0171, <unk>: 1.1771, ▁đó: 0.0032, i: 0.0283, ▁cái: 0.0396, ▁b: 0.03, ấ: 0.0113, m: 0.0212, ▁chu: 0.0015, ông: 0.0139, ▁có: 0.0628, ▁người: 0.0537, ▁mang: 0.0058, ▁chá: 0.0008, o: 0.1189, ▁cho: 0.1163, ▁tôi: 0.0922, ,: 0.1303, ▁chồng: 0.0059, ▁tôi: 0.0594, ▁ăn: 0.0609, ▁gì: 0.0316, ▁k: 3.713, ệ: 11.6063, ▁con: 2.9994, ▁mẹ: 0.3816, ▁nó: 0.2667, <unk>: 0.0992, ): 0.0363, </s>: 0.0467",0.5263,11.6063
1241,tầm này mak gần tới lượt mak cây xăng báo ht xăng chắc k kay đâu,tầm này mà gần tới lượt mà cây xăng báo hết xăng chắc không cay đâu,"<s>: 0.0152, ▁tầm: 0.0006, ▁này: 0.0262, ▁mà: 0.0446, ▁gần: 0.0044, ▁tới: 0.0205, ▁lượt: 0.0047, ▁mà: 0.0416, ▁cây: 0.006, ▁xăng: 0.0012, ▁báo: 0.0158, ▁hết: 0.0022, ▁xăng: 0.0017, ▁chắc: 0.0026, ▁không: 0.1186, ▁ca: 8.5956, y: 0.9324, ▁đâu: 0.0736, </s>: 0.0661",0.5249,8.5956
5358,B cs acc LinkedIn đã tạo đc khoảng 5 tháng đổ lên thì t chỉ cách kiếm tầm 7 800k 1 tháng,Bạn có tài khoản LinkedIn đã tạo được khoảng 5 tháng đổ lên thì tôi chỉ cách kiếm tầm 7 800k 1 tháng,"<s>: 0.0163, ▁Bạn: 0.0359, ▁có: 0.0799, ▁tài: 11.8459, ▁khoản: 0.0142, ▁LinkedIn: 0.0028, ▁đã: 0.0331, ▁tạo: 0.0031, ▁được: 0.0659, ▁khoảng: 0.0073, ▁5: 0.0156, ▁tháng: 0.0225, ▁đổ: 0.0005, ▁lên: 0.125, ▁thì: 0.0629, ▁tôi: 0.9312, ▁chỉ: 0.0569, ▁cách: 0.0306, ▁kiếm: 0.0094, ▁tầm: 0.0032, ▁7: 0.0162, ▁800: 0.0037, k: 0.0469, ▁1: 0.1215, ▁tháng: 0.0216, </s>: 0.0712",0.5247,11.8459
3835,:)) ở tù ah Đủ 18t là cs quyền tự sinh tự huỷ r S p khổ zị,:)) ở tù à Đủ 18 tuổi là có quyền tự sinh tự hủy rồi Sao phải khổ vậy,"<s>: 0.0152, <unk>: 0.9904, ▁ở: 0.0984, ▁tù: 0.0076, ▁à: 0.5614, ▁Đ: 0.023, ủ: 0.0321, ▁18: 0.0037, ▁tuổi: 0.0803, ▁là: 0.1208, ▁có: 0.0965, ▁quyền: 0.0368, ▁tự: 0.0232, ▁sinh: 0.0172, ▁tự: 0.0118, <unk>: 8.9756, ▁rồi: 0.0217, ▁Sao: 0.2131, ▁phải: 0.0696, ▁khổ: 0.0013, ▁vậy: 0.104, </s>: 0.0384",0.5246,8.9756
3690,Cái zụ QueQ cho only fan thái thì interfan thấy lm ầm dzề nhưg zụ điền form của interfan thì fan thái đỏng đỏng lên =))),Cái vụ QueQ cho only fan Thái thì interfan thấy làm ầm gì nhưng vụ điền form của interfan thì fan Thái đỏng đỏng lên =))),"<s>: 0.0146, ▁Cái: 0.0207, ▁vụ: 0.1024, ▁Que: 0.0039, Q: 0.0129, ▁cho: 0.0261, ▁only: 0.0018, ▁fan: 0.0045, ▁Thái: 8.9743, ▁thì: 0.0386, ▁inter: 0.2279, fan: 0.0045, ▁thấy: 0.0164, ▁làm: 0.0456, ▁: 0.3914, ầ: 0.0058, m: 0.0067, ▁gì: 0.0181, ▁nhưng: 0.3001, ▁vụ: 0.1076, ▁đ: 0.0123, iền: 0.0033, ▁form: 0.0002, ▁của: 0.1294, ▁inter: 0.3482, fan: 0.005, ▁thì: 0.0359, ▁fan: 0.0036, ▁Thái: 8.2898, ▁đỏ: 0.0014, ng: 0.0452, ▁đỏ: 0.0013, ng: 0.028, ▁lên: 0.0465, ▁=: 0.0259, ))): 0.0083, </s>: 0.0317",0.5227,8.9743
8237,Hữu duyên nghe đc chuyện của bn nì trên fở bò nên ms lội qua đây theo dõi để nghe tiếp chuyện tình đág iu này,Hữu duyên nghe được chuyện của bạn này trên Facebook nên mới lội qua đây theo dõi để nghe tiếp chuyện tình đáng yêu này,"<s>: 0.0152, ▁Hữu: 0.0021, ▁du: 0.0077, yên: 0.0125, ▁nghe: 0.0253, ▁được: 0.0574, ▁chuyện: 0.0196, ▁của: 0.1469, ▁bạn: 0.0488, ▁này: 2.8768, ▁trên: 0.0312, ▁Facebook: 7.0862, ▁nên: 4.2135, ▁mới: 0.0121, ▁lộ: 0.0114, i: 0.1387, ▁qua: 0.0322, ▁đây: 0.0137, ▁theo: 0.0068, ▁dõi: 0.007, ▁để: 0.0799, ▁nghe: 0.0174, ▁tiếp: 0.0579, ▁chuyện: 0.0226, ▁tình: 0.0272, ▁đáng: 0.0044, ▁yêu: 0.0346, ▁này: 0.0551, </s>: 0.0888",0.5225,7.0862
1881,Em kảm ơn ce đã khuyên răn c đàn bà mù quáng này😭,Em cảm ơn chị em đã khuyên răn con đàn bà mù quáng này😭,"<s>: 0.0146, ▁Em: 0.0976, ▁cảm: 0.1495, ▁ơn: 0.0343, ▁chị: 0.0342, ▁em: 9.2036, ▁đã: 0.0992, ▁khuyên: 0.0042, ▁ră: 0.0021, n: 0.0784, ▁con: 0.4307, ▁đàn: 0.0042, ▁bà: 0.0156, ▁m: 0.028, ù: 0.0091, ▁quá: 0.0028, ng: 0.0648, ▁này: 0.0201, <unk>: 0.0929, </s>: 0.06",0.5223,9.2036
5425,"Bhxh là tờ rời, wa trình tgia ds chứ bản gốc ai giữ lgi","Bảo hiểm xã hội là tờ rời, quá trình tham gia đó chứ bản gốc ai giữ làm gì","<s>: 0.0149, ▁Bảo: 7.371, ▁hiểm: 2.3256, ▁xã: 0.9845, ▁hội: 0.024, ▁là: 0.0276, ▁tờ: 0.0048, ▁rời: 0.0007, ,: 0.076, ▁quá: 0.0045, ▁trình: 0.0031, ▁tham: 0.1694, ▁gia: 0.0972, ▁đó: 0.1143, ▁chứ: 0.0271, ▁bản: 0.0228, ▁gốc: 0.0013, ▁ai: 0.0196, ▁giữ: 0.0083, ▁làm: 0.1004, ▁gì: 0.0141, </s>: 0.0597",0.5214,7.371
1767,Z chắc tuỳ loại hình ký dzới quyền lợi nx 😆 chứ thấy hđ bên t kinh phí nh phết thấy toàn trăm zới tỷ ah. Uh chiếu đài quốc gia mak nên họ k chiếu kiểu idol v đâu as TvT họ cg lựa nội dung lắm v,Thế chắc tùy loại hình ký với quyền lợi nữa 😆 chứ thấy hợp đồng bên tôi kinh phí nhiều phết thấy toàn trăm với tỷ à. Ừ chiếu đài quốc gia mà nên họ không chiếu kiểu idol vậy đâu á TvT họ cũng lựa nội dung lắm vậy,"<s>: 0.0143, ▁Thế: 0.3341, ▁chắc: 0.0179, <unk>: 9.5548, ▁loại: 2.4351, ▁hình: 0.0159, ▁ký: 0.0375, ▁với: 0.0476, ▁quyền: 0.0421, ▁lợi: 0.0291, ▁nữa: 0.1034, ▁: 0.096, <unk>: 0.0591, ▁chứ: 0.0096, ▁thấy: 0.0506, ▁hợp: 4.7056, ▁đồng: 0.1113, ▁bên: 0.0621, ▁tôi: 0.1082, ▁kinh: 0.0077, ▁phí: 0.0275, ▁nhiều: 0.0469, ▁ph: 0.0424, ết: 0.0025, ▁thấy: 0.0336, ▁toàn: 0.0052, ▁trăm: 0.0014, ▁với: 0.1159, ▁tỷ: 0.0088, ▁à: 0.243, .: 0.0517, ▁: 10.1538, Ừ: 0.2231, ▁chiếu: 0.0154, ▁đài: 0.0092, ▁quốc: 0.007, ▁gia: 0.0379, ▁mà: 0.0164, ▁nên: 0.0566, ▁họ: 0.0586, ▁không: 0.0857, ▁chiếu: 0.006, ▁kiểu: 0.0089, ▁idol: 0.0009, ▁vậy: 0.0621, ▁đâu: 0.0144, ▁á: 0.0474, ▁Tv: 0.0008, T: 0.0204, ▁họ: 0.1763, ▁cũng: 0.0783, ▁lựa: 0.0177, ▁nội: 0.006, ▁dung: 0.0141, ▁lắm: 0.0041, ▁vậy: 0.0794, </s>: 0.0931",0.5213,10.1538
222,"Bác qua giai đoạn thử ziệc ch, mik nhớ gd thử ziệc nghỉ lễ sẽ k dc tíh lương","Bác qua giai đoạn thử việc chưa, mình nhớ giai đoạn thử việc nghỉ lễ sẽ không được tính lương","<s>: 0.0135, ▁Bác: 0.0186, ▁qua: 0.0492, ▁giai: 0.0233, ▁đoạn: 0.0588, ▁thử: 0.0054, ▁việc: 0.015, ▁chưa: 0.0156, ,: 0.0815, ▁mình: 0.0765, ▁nhớ: 0.0352, ▁giai: 10.8286, ▁đoạn: 0.2745, ▁thử: 0.0043, ▁việc: 0.0133, ▁nghỉ: 0.0085, ▁lễ: 0.0085, ▁sẽ: 0.056, ▁không: 0.2147, ▁được: 0.0524, ▁tính: 0.0026, ▁lương: 0.0042, </s>: 0.1015",0.5201,10.8286
6788,Giá khá zẻ 70k/60' nên hỏi nh câu hỏi thoải mái.,Giá khá rẻ 70k/60 phút nên hỏi nhiều câu hỏi thoải mái.,"<s>: 0.0136, ▁Giá: 0.0275, ▁khá: 0.0253, ▁rẻ: 0.0123, ▁70: 0.006, k: 0.0088, /: 0.0047, 60: 0.0043, ▁phút: 8.2546, ▁nên: 0.7218, ▁hỏi: 0.0087, ▁nhiều: 0.0588, ▁câu: 0.0089, ▁hỏi: 0.0127, ▁thoải: 0.0014, ▁mái: 0.0136, .: 0.1043, </s>: 0.064",0.5195,8.2546
6850,"hiii cho mk hỏi là bth mn chán qá muốn ik xem bói thì mn sẽ hỏi nhx câu zì, xem về vde j as","hi cho mình hỏi là bình thường mọi người chán quá muốn đi xem bói thì mọi người sẽ hỏi những câu gì, xem về vấn đề gì á","<s>: 0.0144, ▁hi: 12.4036, ▁cho: 3.3431, ▁mình: 0.073, ▁hỏi: 0.0529, ▁là: 0.0667, ▁bình: 0.0127, ▁thường: 0.0075, ▁mọi: 0.0648, ▁người: 0.0872, ▁chán: 0.0032, ▁quá: 0.0065, ▁muốn: 0.0517, ▁đi: 0.0273, ▁xem: 0.0068, ▁bó: 0.0007, i: 0.0426, ▁thì: 0.054, ▁mọi: 0.0393, ▁người: 0.0772, ▁sẽ: 0.0201, ▁hỏi: 0.0225, ▁những: 0.1208, ▁câu: 0.0126, ▁gì: 0.0922, ,: 0.1219, ▁xem: 0.0088, ▁về: 0.041, ▁vấn: 0.015, ▁đề: 0.0096, ▁gì: 0.0257, ▁á: 0.0938, </s>: 0.1062",0.5189,12.4036
2077,đẻ cn ra là c của chung c m cx là c n thì n cx ph cs trách nghiệm ý cj k để z dc đâu,đẻ con ra là con của chung con mình cũng là con nó thì nó cũng phải có trách nhiệm ý chị không để vậy được đâu,"<s>: 0.0134, ▁đẻ: 0.016, ▁con: 0.0133, ▁ra: 0.1821, ▁là: 0.1038, ▁con: 0.0385, ▁của: 0.162, ▁chung: 0.0279, ▁con: 0.1139, ▁mình: 2.4529, ▁cũng: 0.085, ▁là: 0.083, ▁con: 0.0311, ▁nó: 0.1581, ▁thì: 0.0585, ▁nó: 0.0238, ▁cũng: 0.0838, ▁phải: 0.0199, ▁có: 0.0815, ▁trách: 0.0019, ▁nhiệm: 9.1564, ▁ý: 0.0098, ▁chị: 0.2246, ▁không: 0.2256, ▁để: 0.0701, ▁vậy: 1.4555, ▁được: 0.0449, ▁đâu: 0.0221, </s>: 0.0675",0.5182,9.1564
1580,t còn thấy zui vì bn nym của ex xinhh vkl ấy🦥chả hiểu shao lại dzui cơ=))),tôi còn thấy vui vì bạn người yêu mới của người yêu cũ xinh vãi cả lồn ấy🦥chả hiểu sao lại vui cơ=))),"<s>: 0.0132, ▁tôi: 0.1957, ▁còn: 0.0667, ▁thấy: 0.0097, ▁vui: 0.0113, ▁vì: 0.0334, ▁bạn: 0.0338, ▁người: 0.134, ▁yêu: 0.0108, ▁mới: 0.3359, ▁của: 0.1124, ▁người: 8.3902, ▁yêu: 0.0379, ▁cũ: 3.6239, ▁xinh: 0.0083, ▁v: 0.3042, ã: 1.5459, i: 0.0294, ▁cả: 1.3493, ▁lồ: 0.1787, n: 0.0873, ▁ấy: 0.022, <unk>: 0.2637, ch: 0.0303, ả: 0.035, ▁hiểu: 0.0048, ▁sao: 0.0023, ▁lại: 0.0695, ▁vui: 0.0559, ▁cơ: 0.0306, =: 0.0058, ))): 0.0081, </s>: 0.0427",0.5177,8.3902
1641,"Ngày qay trở lại ph tht hoành tráng nhé, hóng lém ạk ❤️","Ngày quay trở lại phải thật hoành tráng nhé, hóng lắm ạ ❤️","<s>: 0.0129, ▁Ngày: 0.0167, ▁quay: 0.8403, ▁trở: 0.0706, ▁lại: 0.0369, ▁phải: 0.0846, ▁thật: 0.0171, ▁hoàn: 0.0057, h: 0.0496, ▁trá: 0.0004, ng: 0.0098, ▁nhé: 0.0201, ,: 0.0855, ▁hó: 0.0003, ng: 0.0206, ▁lắm: 8.8718, ▁ạ: 0.0273, <unk>: 0.051, <unk>: 0.0832, </s>: 0.0454",0.5175,8.8718
4639,"♡ MỌI CHI TIẾT SẼ ĐC TRAO ĐỔI KĨ HƠN KHI PHỎNG VẤN ẠK ♡ CHỈ NHẬN CV Ở MAIL, KO NHẬN QUA TNHAN CÁC NỀN TẢNG KHÁC ẠK","♡ MỌI CHI TIẾT SẼ ĐƯỢC TRAO ĐỔI KỸ HƠN KHI PHỎNG VẤN Ạ ♡ CHỈ NHẬN CV Ở MAIL, KHÔNG NHẬN QUA TIN NHẮN CÁC NỀN TẢNG KHÁC Ạ","<s>: 0.0152, ▁: 0.0559, <unk>: 0.0221, ▁M: 0.0086, Ọ: 0.0141, I: 0.0464, ▁CHI: 0.0016, ▁TI: 0.0281, Ế: 0.0092, T: 0.0465, ▁S: 0.4604, Ẽ: 0.0695, ▁Đ: 0.2774, Ư: 0.7866, Ợ: 0.0273, C: 0.1953, ▁TRA: 0.0008, O: 0.0185, ▁Đ: 0.0283, Ổ: 0.013, I: 0.0703, ▁K: 0.1647, Ỹ: 5.5497, ▁H: 0.0914, Ơ: 0.0103, N: 0.0299, ▁K: 0.1868, HI: 0.0283, ▁PH: 0.016, Ỏ: 0.0032, NG: 0.0449, ▁V: 0.0281, Ấ: 0.0254, N: 0.0695, ▁: 0.079, Ạ: 0.0121, ▁: 0.7686, <unk>: 0.0247, ▁CH: 0.0181, Ỉ: 0.0098, ▁NH: 0.0037, Ậ: 0.0031, N: 0.0269, ▁CV: 0.0626, ▁Ở: 0.0383, ▁: 0.3373, MAIL: 0.0285, ,: 0.059, ▁KHÔNG: 0.2797, ▁NH: 0.0017, Ậ: 0.001, N: 0.0165, ▁: 0.2139, QUA: 0.003, ▁TIN: 3.291, ▁NH: 4.1362, Ắ: 3.6173, N: 0.146, ▁CÁC: 1.0335, ▁N: 0.0121, Ề: 0.0081, N: 0.0188, ▁T: 0.007, </s>: 10.3813",0.5169,10.3813
7463,"Xem rất nh chỗ rùi, nma kảm thấy thik nhx ng nào xem xoq đều dặn: CẦN ZÌ CỨ QLAI HỎI","Xem rất nhiều chỗ rồi, nhưng mà cảm thấy thích những người nào xem xong đều dặn: CẦN GÌ CỨ QUAY LẠI HỎI","<s>: 0.0143, ▁Xem: 0.021, ▁rất: 0.0116, ▁nhiều: 0.0533, ▁chỗ: 0.017, ▁rồi: 0.0317, ,: 0.0719, ▁nhưng: 0.0667, ▁mà: 0.0703, ▁cảm: 0.1045, ▁thấy: 0.0333, ▁thích: 0.025, ▁những: 0.0764, ▁người: 0.0697, ▁nào: 0.0269, ▁xem: 0.0203, ▁xong: 0.0027, ▁đều: 0.0353, ▁d: 0.067, ặ: 0.0157, n: 0.0362, :: 0.0821, ▁C: 0.0331, ẦN: 0.002, ▁G: 2.5578, Ì: 0.0135, ▁C: 0.0831, Ứ: 0.0009, ▁QU: 0.1858, AY: 4.2109, ▁L: 7.2452, Ạ: 2.3411, I: 0.2779, ▁H: 0.8749, Ỏ: 0.0052, I: 0.2722, </s>: 0.0668",0.5168,7.2452
7958,"Biển còn nh cá, vì s p lm cái pónk của 1 ng khác.","Biển còn nhiều cá, vì sao phải làm cái bóng của 1 người khác.","<s>: 0.0136, ▁Biển: 0.0077, ▁còn: 0.0762, ▁nhiều: 0.0828, ▁cá: 0.0268, ,: 0.0936, ▁vì: 0.0226, ▁sao: 0.0327, ▁phải: 0.0194, ▁làm: 0.0588, ▁cái: 0.0266, ▁bóng: 8.3072, ▁của: 0.1373, ▁1: 0.1732, ▁người: 0.0435, ▁khác: 0.0268, .: 0.0876, </s>: 0.0613",0.5165,8.3072
3588,"kảm ơn bồ ạk🥹chúc bn gà và chj sếp hp để mang tới cho tụi tui nh câu chuyện dthw hơn nhoa,buồn hay zui tui đều hóng hehe 🙌","cảm ơn bồ ạ 🥹 chúc bạn gà và chị sếp hạnh phúc để mang tới cho tụi tôi nhiều câu chuyện dễ thương hơn nha,buồn hay vui tôi đều hóng hehe 🙌","<s>: 0.0142, ▁cảm: 0.1198, ▁ơn: 0.0245, ▁b: 0.2729, ồ: 0.0313, ▁ạ: 0.0326, ▁: 4.7337, <unk>: 1.1608, ▁chúc: 9.5156, ▁bạn: 0.0518, ▁gà: 0.0045, ▁và: 0.1945, ▁chị: 0.0736, ▁s: 0.4346, ếp: 0.0234, ▁hạnh: 0.0283, ▁phúc: 0.0143, ▁để: 0.1336, ▁mang: 0.0138, ▁tới: 0.0156, ▁cho: 0.1349, ▁tụ: 0.0244, i: 0.1314, ▁tôi: 1.8323, ▁nhiều: 0.0641, ▁câu: 0.0076, ▁chuyện: 0.0084, ▁dễ: 0.0201, ▁thương: 0.0175, ▁hơn: 0.0521, ▁nha: 0.7755, ,: 0.2286, bu: 0.0163, ồn: 0.0005, ▁hay: 0.027, ▁vui: 0.0098, ▁tôi: 2.0728, ▁đều: 0.0188, ▁hó: 0.0001, ng: 0.0351, ▁hehe: 0.0012, ▁: 0.1418, <unk>: 0.0521, </s>: 0.0631",0.5143,9.5156
5170,"bà cs thể tải app CIC về check, hoặc nếu bà cs xài momo thì hnhu n cho check trên momo lun as","bà có thể tải app CIC về check, hoặc nếu bà có xài MoMo thì hình như nó cho check trên MoMo luôn á","<s>: 0.0153, ▁bà: 0.0506, ▁có: 0.0686, ▁thể: 0.0387, ▁tải: 0.0217, ▁app: 0.0018, ▁C: 0.4343, IC: 0.0047, ▁về: 0.0933, ▁check: 0.0062, ,: 0.1088, ▁hoặc: 0.0283, ▁nếu: 0.0631, ▁bà: 0.0765, ▁có: 0.0507, ▁x: 0.009, à: 0.0086, i: 0.0099, ▁Mo: 7.2955, Mo: 3.5468, ▁thì: 0.072, ▁hình: 0.5732, ▁như: 0.0095, ▁nó: 0.0375, ▁cho: 0.0514, ▁check: 0.007, ▁trên: 0.0668, ▁Mo: 2.1259, Mo: 1.43, ▁luôn: 0.0478, ▁á: 0.0092, </s>: 0.0646",0.5134,7.2955
9201,Trộm vía dzừa cs ny tâm lý từ a-z dzừa cs môi trg lm ziệc năng động dc giao tiếp dzới ng nc ngoài mở rộng kthuc và độk lập tc,Trộm vía vừa có người yêu tâm lý từ a đến z vừa có môi trường làm việc năng động được giao tiếp với người nước ngoài mở rộng kiến thức và độc lập tài chính,"<s>: 0.0149, ▁Tr: 0.029, ộ: 0.0064, m: 0.0145, ▁vía: 0.0002, ▁vừa: 0.077, ▁có: 0.0325, ▁người: 0.0097, ▁yêu: 0.0865, ▁tâm: 0.0123, ▁lý: 0.0153, ▁từ: 0.0343, ▁a: 1.1577, ▁đến: 11.8222, ▁z: 1.5179, ▁vừa: 0.0251, ▁có: 0.0405, ▁môi: 0.0006, ▁trường: 0.0032, ▁làm: 0.0332, ▁việc: 0.0162, ▁năng: 0.0006, ▁động: 0.0198, ▁được: 0.0603, ▁giao: 0.0052, ▁tiếp: 0.0215, ▁với: 0.0994, ▁người: 0.0402, ▁nước: 0.0791, ▁ngoài: 0.0112, ▁mở: 0.0015, ▁rộng: 0.0027, ▁kiến: 2.5249, ▁thức: 0.0341, ▁và: 0.0999, ▁độc: 0.1563, ▁lập: 0.0021, ▁tài: 2.1603, ▁chính: 0.124, </s>: 0.0846",0.5119,11.8222
2895,Vì p chuyển nhà nên mk cần pass em giường này Thiệt sự là kh nỡ vì deco p tone healing là siêu hợp lun ý hjc,Vì phải chuyển nhà nên mình cần pass em giường này Thiệt sự là không nỡ vì decor phòng tone healing là siêu hợp luôn ý hic,"<s>: 0.0146, ▁Vì: 0.0314, ▁phải: 0.1663, ▁chuyển: 0.0414, ▁nhà: 0.0414, ▁nên: 0.0444, ▁mình: 0.1289, ▁cần: 0.0528, ▁pass: 0.0002, ▁em: 0.07, ▁giường: 0.0049, ▁này: 0.0544, ▁Thi: 0.4973, ệt: 0.002, ▁sự: 0.0209, ▁là: 0.0434, ▁không: 0.054, ▁n: 0.0347, ỡ: 0.0013, ▁vì: 0.0197, ▁decor: 7.0786, ▁phòng: 0.0766, ▁tone: 0.0003, ▁hea: 0.0043, ling: 0.0047, ▁là: 0.0831, ▁siêu: 0.0049, ▁hợp: 0.0072, ▁luôn: 0.0427, ▁ý: 0.0048, ▁hic: 6.8273, </s>: 0.8724",0.5103,7.0786
8638,"Ảnh dang tay cái mỗi bên 3 em, dzừa đẹp lunnn","Ảnh dang tay cái mỗi bên ba em, vừa đẹp luôn","<s>: 0.0144, ▁Ảnh: 0.0248, ▁dan: 0.0647, g: 0.0402, ▁tay: 0.0179, ▁cái: 0.0534, ▁mỗi: 0.0212, ▁bên: 0.015, ▁ba: 7.0035, ▁em: 0.033, ,: 0.0989, ▁vừa: 0.0259, ▁đẹp: 0.0076, ▁luôn: 0.1396, </s>: 0.0919",0.5101,7.0035
5701,"Deft chắc cs roài=))))bạn cùng cs hay s đók,chỉ giỏi và đẹp","Deft chắc có rồi=))))bạn cũng có hay sao đó,chỉ giỏi và đẹp","<s>: 0.015, ▁De: 0.022, ft: 0.0008, ▁chắc: 0.0044, ▁có: 0.086, ▁rồi: 0.2981, =: 0.0159, <unk>: 0.0466, b: 0.0663, ạ: 0.0112, n: 0.0331, ▁cũng: 10.6455, ▁có: 0.0782, ▁hay: 0.0234, ▁sao: 0.0338, ▁đó: 0.0331, ,: 0.0792, ch: 0.0218, ỉ: 0.0462, ▁giỏi: 0.0023, ▁và: 0.0765, ▁đẹp: 0.0068, </s>: 0.0846",0.51,10.6455
7949,Hp chỉ đến vs ng bt điều :33 mấy dạng này cầu tr ở một mìh mạt kiếp ik,Hạnh phúc chỉ đến với người biết điều :33 mấy dạng này cầu trời ở một mình mạt kiếp đi,"<s>: 0.0152, ▁Hạnh: 9.539, ▁phúc: 1.1354, ▁chỉ: 0.0863, ▁đến: 0.0372, ▁với: 0.0408, ▁người: 0.0741, ▁biết: 0.0376, ▁điều: 0.0329, ▁: 0.3392, :33: 0.268, ▁mấy: 0.0283, ▁dạng: 0.0446, ▁này: 0.0299, ▁cầu: 0.0258, ▁trời: 0.6729, ▁ở: 0.0547, ▁một: 0.1022, ▁mình: 0.013, ▁m: 0.0725, ạt: 0.0017, ▁ki: 0.0016, ếp: 0.0024, ▁đi: 0.0218, </s>: 0.0475",0.509,33.0
7251,"Còn nka yên tâm, nếu tui ko gói nx nx khác gói vẫn là tui đào tạo nhenn","Còn nha yên tâm, nếu tui không gói nữa đứa khác gói vẫn là tui đào tạo nhen","<s>: 0.0131, ▁Còn: 0.0116, ▁nha: 0.1427, ▁yên: 0.0084, ▁tâm: 0.0664, ,: 0.1125, ▁nếu: 0.0351, ▁tui: 0.1616, ▁không: 0.0746, ▁gói: 0.0005, ▁nữa: 0.0994, ▁đứa: 9.4402, ▁khác: 0.0642, ▁gói: 0.0005, ▁vẫn: 0.032, ▁là: 0.0918, ▁tui: 0.1781, ▁đào: 0.0079, ▁tạo: 0.0146, ▁nh: 0.1781, en: 0.0178, </s>: 0.4429",0.5088,9.4402
3142,Ê cs ai họ Nguyễn Côg ko nhỡ đâu là họ hàng xa lắc lơ,Ê có ai họ Nguyễn Công không nhở đâu là họ hàng xa lắc lơ,"<s>: 0.0159, ▁Ê: 0.0004, ▁có: 0.0543, ▁ai: 0.0175, ▁họ: 0.0293, ▁Nguyễn: 0.0011, ▁Công: 0.034, ▁không: 0.0496, ▁nh: 0.0621, ở: 9.1608, ▁đâu: 0.0189, ▁là: 0.0531, ▁họ: 0.0274, ▁hàng: 0.0059, ▁xa: 0.0069, ▁lắc: 0.0002, ▁l: 0.0522, ơ: 0.0051, </s>: 0.0648",0.5084,9.1608
2012,"dzừa chịu đau, dzừa giữ sĩ diện cho ny trc mặt hdqt.","vừa chịu đau, vừa giữ sĩ diện cho người yêu trước mặt hội đồng quản trị.","<s>: 0.0136, ▁vừa: 0.0816, ▁chịu: 0.0168, ▁đau: 0.0125, ,: 0.0716, ▁vừa: 0.0186, ▁giữ: 0.012, ▁sĩ: 0.002, ▁diện: 0.0042, ▁cho: 0.1051, ▁người: 0.0287, ▁yêu: 0.0928, ▁trước: 0.0434, ▁mặt: 0.0209, ▁hội: 7.0909, ▁đồng: 0.665, ▁quản: 1.5653, ▁trị: 0.1684, .: 0.0636, </s>: 0.0843",0.5081,7.0909
7392,"Zạ tui cx thấy tui sống thiên kảm xúc, dễ mủi lòng thuyệt :(((","Dạ tui cũng thấy tui sống thiên cảm xúc, dễ mủi lòng thiệt :(((","<s>: 0.016, ▁Dạ: 0.0276, ▁tui: 0.1222, ▁cũng: 0.0922, ▁thấy: 0.0255, ▁tui: 0.1838, ▁sống: 0.0258, ▁thiên: 0.0047, ▁cảm: 0.022, ▁xúc: 0.0184, ,: 0.1317, ▁dễ: 0.0036, ▁m: 0.0578, ủ: 0.0029, i: 0.063, ▁lòng: 0.0052, ▁thiệt: 9.2496, ▁:: 0.0079, <unk>: 0.0501, </s>: 0.0461",0.5078,9.2496
3797,"cám ơn b confirm nka, tại t coi bên T đợt trc cs bà qly cứ nghiêm dzới nhóm =))) nên kh thk bà qly ds lắm","cảm ơn bạn confirm nha, tại tôi coi bên T đợt trước có bà quản lý cứ nghiêm với nhóm =))) nên không thích bà quản lý đó lắm","<s>: 0.0141, ▁cảm: 3.5851, ▁ơn: 0.0234, ▁bạn: 0.049, ▁confirm: 0.0037, ▁nha: 0.0043, ,: 0.0846, ▁tại: 0.0348, ▁tôi: 0.1591, ▁coi: 0.0045, ▁bên: 0.0189, ▁T: 1.3186, ▁đợt: 0.0008, ▁trước: 0.0633, ▁có: 0.0872, ▁bà: 0.0304, ▁quản: 7.8647, ▁lý: 0.3009, ▁cứ: 0.0189, ▁nghiêm: 0.0018, ▁với: 0.1272, ▁nhóm: 0.0126, ▁=: 0.0359, ))): 0.0133, ▁nên: 0.0389, ▁không: 0.0342, ▁thích: 0.8079, ▁bà: 0.0489, ▁quản: 1.6246, ▁lý: 0.189, ▁đó: 0.0304, ▁lắm: 0.0062, </s>: 0.1123",0.5076,7.8647
966,"Vì z, b nắm đc 2 data qtr cần kt cho kiểm định này - Tỉ lệ nghỉ ziệc/out app của tài xế.","Vì vậy, bạn nắm được 2 data quan trọng cần kiểm tra cho kiểm định này - Tỉ lệ nghỉ việc/out app của tài xế.","<s>: 0.013, ▁Vì: 0.0233, ▁vậy: 0.9177, ,: 0.0702, ▁bạn: 0.0324, ▁nắm: 0.0013, ▁được: 0.0429, ▁2: 0.0252, ▁data: 0.0148, ▁quan: 0.0256, ▁trọng: 0.169, ▁cần: 0.0482, ▁kiểm: 2.3636, ▁tra: 3.4313, ▁cho: 8.9775, ▁kiểm: 0.0311, ▁định: 0.039, ▁này: 0.0232, ▁-: 0.059, ▁T: 0.0308, ỉ: 0.0301, ▁lệ: 0.0074, ▁nghỉ: 0.0033, ▁việc: 0.0099, /: 0.0396, out: 0.0416, ▁app: 0.0065, ▁của: 0.0548, ▁tài: 0.0192, ▁x: 0.0077, ế: 0.0411, .: 0.0865, </s>: 0.0439",0.507,8.9775
5508,nay đến hạn momo của t mak n kiêng hay s ý kiểu momo tinh tế phết t k thấy nhắc j cả t tự động trả lunnn,nay đến hạn MoMo của tôi mà nó kiêng hay sao ý kiểu MoMo tinh tế phết tôi không thấy nhắc gì cả tôi tự động trả luôn,"<s>: 0.0149, ▁nay: 0.0168, ▁đến: 0.0153, ▁hạn: 0.004, ▁Mo: 7.8119, Mo: 3.6096, ▁của: 0.0605, ▁tôi: 0.1702, ▁mà: 0.073, ▁nó: 0.0477, ▁ki: 0.0097, êng: 0.0005, ▁hay: 0.0236, ▁sao: 0.0296, ▁ý: 0.0032, ▁kiểu: 0.007, ▁Mo: 3.1392, Mo: 1.4845, ▁tinh: 0.0034, ▁tế: 0.0042, ▁ph: 0.0351, ết: 0.008, ▁tôi: 0.0962, ▁không: 0.1091, ▁thấy: 0.0165, ▁nhắc: 0.0032, ▁gì: 0.0123, ▁cả: 0.0258, ▁tôi: 0.0691, ▁tự: 0.0171, ▁động: 0.1096, ▁trả: 0.0113, ▁luôn: 0.0493, </s>: 0.1145",0.5061,7.8119
3989,lkqt nx nên kbiet c số b đưa ra là trg hợp nào hệ nào nên ko thể đánh giá đk NEU (hệ clc) 1 năm 50tr 4 năm 200-250tr,liên kết quốc tế nữa nên không biết con số bạn đưa ra là trường hợp nào hệ nào nên không thể đánh giá được NEU (hệ chất lượng cao) 1 năm 50 triệu 4 năm 200-250 triệu,"<s>: 0.0139, ▁liên: 1.5723, ▁kết: 4.5067, ▁quốc: 5.5436, ▁tế: 0.2427, ▁nữa: 0.0909, ▁nên: 0.0429, ▁không: 0.035, ▁biết: 0.0301, ▁con: 0.4098, ▁số: 0.0223, ▁bạn: 0.0227, ▁đưa: 0.011, ▁ra: 0.0369, ▁là: 0.065, ▁trường: 0.3025, ▁hợp: 0.0194, ▁nào: 0.0541, ▁hệ: 0.0039, ▁nào: 0.048, ▁nên: 0.0254, ▁không: 0.0688, ▁thể: 0.0207, ▁đánh: 0.0068, ▁giá: 0.0208, ▁được: 0.0561, ▁N: 0.2186, EU: 0.0006, ▁(: 0.0547, h: 0.031, ệ: 0.0121, ▁chất: 7.5279, ▁lượng: 0.0397, ▁cao: 0.1747, ): 0.0872, ▁1: 0.0284, ▁năm: 0.0133, ▁50: 0.002, ▁triệu: 0.4603, ▁4: 0.0279, ▁năm: 0.0269, ▁200: 0.0033, -: 0.0227, 250: 0.0192, ▁triệu: 1.1771, </s>: 0.0735",0.5059,7.5279
6175,Cty sắp tuyển Marketing Staff (chủ yếu lm ziệc ở văn p Amata Biên Hoà).,Công ty sắp tuyển Marketing Staff (chủ yếu làm việc ở văn phòng Amata Biên Hòa).,"<s>: 0.0145, ▁Công: 0.1746, ▁ty: 0.0782, ▁sắp: 0.0178, ▁tuyển: 0.0138, ▁Marketing: 0.1092, ▁Staff: 0.0383, ▁(: 0.034, ch: 0.0195, ủ: 0.0165, ▁yếu: 0.0049, ▁làm: 0.0572, ▁việc: 0.0292, ▁ở: 0.0257, ▁văn: 0.003, ▁phòng: 0.0064, ▁A: 0.0335, mata: 0.0005, ▁Biên: 0.0004, <unk>: 10.3004, ).: 0.0991, </s>: 0.0437",0.5055,10.3004
3615,cả cái bát cái đũa để về nhà lm.T nghe phong phanh là z AK,cả cái bát cái đũa để về nhà làm. Tôi nghe phong phanh là vậy À,"<s>: 0.0145, ▁cả: 0.0704, ▁cái: 0.047, ▁bát: 0.0013, ▁cái: 0.056, ▁đ: 0.0191, ũ: 0.0085, a: 0.0647, ▁để: 0.0765, ▁về: 0.0635, ▁nhà: 0.06, ▁làm: 0.076, .: 0.1679, ▁Tôi: 0.9385, ▁nghe: 0.0267, ▁phong: 0.0012, ▁pha: 0.0008, nh: 0.0364, ▁là: 0.0733, ▁vậy: 0.841, ▁À: 8.3491, </s>: 0.0999",0.5042,8.3491
3208,em kảm ơn cj nh 🥹 em chúc cj và gđ nh sức khoẻ ạk,em cảm ơn chị nhiều 🥹 em chúc chị và gia đình nhiều sức khỏe ạ,"<s>: 0.0148, ▁em: 0.1533, ▁cảm: 0.0883, ▁ơn: 0.0385, ▁chị: 0.0391, ▁nhiều: 0.0179, ▁: 0.0832, <unk>: 0.0886, ▁em: 0.0761, ▁chúc: 0.0149, ▁chị: 0.0723, ▁và: 0.1666, ▁gia: 0.0155, ▁đình: 0.046, ▁nhiều: 0.03, ▁sức: 0.0047, <unk>: 8.408, ▁ạ: 0.1298, </s>: 0.0864",0.5039,8.408
2212,"Ngày xưa t sale khoá hc tiếng Nhật, t ns nhanh qá thay vì chúc ngta thi đạt kỳ thi JLPT thì t chúc thi đạt LGBT 🙂","Ngày xưa tôi sale khóa học tiếng Nhật, tôi nói nhanh quá thay vì chúc người ta thi đạt kỳ thi JLPT thì tôi chúc thi đạt LGBT 🙂","<s>: 0.0143, ▁Ngày: 0.009, ▁xưa: 0.0069, ▁tôi: 0.139, ▁sale: 0.0013, <unk>: 10.2374, ▁học: 5.468, ▁tiếng: 0.0238, ▁Nhật: 0.0136, ,: 0.1171, ▁tôi: 0.1103, ▁nói: 0.059, ▁nhanh: 0.0165, ▁quá: 0.0094, ▁thay: 0.0242, ▁vì: 0.0246, ▁chúc: 0.0089, ▁người: 0.0661, ▁ta: 0.1012, ▁thi: 0.0559, ▁đạt: 0.0418, ▁kỳ: 0.0091, ▁thi: 0.0265, ▁J: 0.0969, L: 0.0606, PT: 0.0006, ▁thì: 0.0684, ▁tôi: 0.0691, ▁chúc: 0.006, ▁thi: 0.0419, ▁đạt: 0.0293, ▁LGBT: 0.0063, <unk>: 0.0831, </s>: 0.0747",0.5036,10.2374
4999,"Nhưg cb đã lmj để trải qua n , cta cs thể chia sẽ ko?","Nhưng các bạn đã làm gì để trải qua nó , chúng ta có thể chia sẻ không?","<s>: 0.0161, ▁Nhưng: 0.0367, ▁các: 0.0926, ▁bạn: 0.0402, ▁đã: 0.0368, ▁làm: 0.0778, ▁gì: 0.0595, ▁để: 0.0643, ▁trải: 0.004, ▁qua: 0.0345, ▁nó: 0.0513, ▁: 0.2511, ,: 0.097, ▁chúng: 0.0268, ▁ta: 0.0476, ▁có: 0.1, ▁thể: 0.0511, ▁chia: 0.0039, ▁sẻ: 8.4869, ▁không: 1.3151, ?: 0.0909, </s>: 0.0595",0.502,8.4869
5460,Combo nhạc tình cs nhạc gđinh cs nhạc doạ ma cs nhạc đòi nợ cs lunnn!,Combo nhạc tình có nhạc gia đình có nhạc dọa ma có nhạc đòi nợ có luôn!,"<s>: 0.0159, ▁Com: 0.0053, bo: 0.0234, ▁nhạc: 0.0156, ▁tình: 0.0145, ▁có: 0.082, ▁nhạc: 0.0087, ▁gia: 0.7854, ▁đình: 0.0677, ▁có: 0.0701, ▁nhạc: 0.0106, <unk>: 8.7889, ▁ma: 0.2375, ▁có: 0.0935, ▁nhạc: 0.0108, ▁đòi: 0.0011, ▁nợ: 0.0019, ▁có: 0.206, ▁luôn: 0.0185, !: 0.0295, </s>: 0.0555",0.502,8.7889
5470,"Ôm b một cái, chúc gđ tht nh sức khoẻ và an khang","Ôm bạn một cái, chúc gia đình thật nhiều sức khỏe và an khang","<s>: 0.0141, ▁Ô: 0.0174, m: 0.057, ▁bạn: 0.0522, ▁một: 0.1003, ▁cái: 0.0131, ,: 0.1164, ▁chúc: 0.0216, ▁gia: 0.0923, ▁đình: 0.0789, ▁thật: 0.4259, ▁nhiều: 0.027, ▁sức: 0.0038, <unk>: 8.1096, ▁và: 0.0786, ▁an: 0.0395, ▁k: 0.0811, hang: 0.0144, </s>: 0.0868",0.4963,8.1096
8377,"=))))))))))))))))))))) cười to lun dhieu kiểu zề, nhờ?","=))))))))))))))))))))) cười to luôn đéo hiểu kiểu gì, nhờ?","<s>: 0.0141, ▁=: 0.0114, ))): 0.0081, <unk>: 0.0462, <unk>: 0.0487, <unk>: 0.0992, ▁cười: 0.0035, ▁to: 0.0242, ▁luôn: 0.0228, ▁đ: 7.074, é: 0.0501, o: 0.0263, ▁hiểu: 1.2537, ▁kiểu: 0.4801, ▁gì: 0.0177, ,: 0.1118, ▁nhờ: 0.003, ?: 0.0816, </s>: 0.0493",0.4961,7.074
3355,Ah họ mik bị lừa 2ty ik lm ở Úc năm 2024 nèk.,Anh họ mình bị lừa 2 tỷ đi làm ở Úc năm 2024 nè.,"<s>: 0.0167, ▁Anh: 0.0392, ▁họ: 0.068, ▁mình: 0.0215, ▁bị: 0.0542, ▁lừa: 0.0036, ▁2: 0.0412, ▁tỷ: 7.4616, ▁đi: 0.9015, ▁làm: 0.0736, ▁ở: 0.0437, ▁Úc: 0.0105, ▁năm: 0.0154, ▁20: 0.0046, 24: 0.0043, ▁nè: 0.0082, .: 0.0845, </s>: 0.0613",0.4952,7.4616
6976,z s bt dc ng họ cưới cs đúng là ck trg số mệnh của mk đâu đk.,vậy sao biết được người họ cưới có đúng là chồng trong số mệnh của mình đâu đúng không.,"<s>: 0.0133, ▁vậy: 1.2453, ▁sao: 0.0375, ▁biết: 0.057, ▁được: 0.0312, ▁người: 0.0315, ▁họ: 0.0531, ▁cưới: 0.009, ▁có: 0.1179, ▁đúng: 0.0287, ▁là: 0.0345, ▁chồng: 0.0207, ▁trong: 0.1091, ▁số: 0.0131, ▁mệnh: 0.0003, ▁của: 0.0996, ▁mình: 0.0565, ▁đâu: 0.1464, ▁đúng: 8.4035, ▁không: 0.2266, .: 0.0878, </s>: 0.0643",0.4949,8.4035
7857,Nhma Sam n giống cha winny thiệt as :)) 80% là y chang ba lớn,Nhưng mà Sam nó giống cha Winny thiệt á :)) 80% là y chang ba lớn,"<s>: 0.0161, ▁Nhưng: 0.0209, ▁mà: 0.1174, ▁Sam: 0.001, ▁nó: 0.0595, ▁giống: 0.0152, ▁cha: 0.0149, ▁Win: 8.67, ny: 0.0198, ▁thiệt: 0.3735, ▁á: 0.033, <unk>: 0.0836, ▁80%: 0.0025, ▁là: 0.0803, ▁y: 0.0271, ▁: 0.2228, chang: 0.0149, ▁ba: 0.0379, ▁lớn: 0.009, </s>: 0.0787",0.4949,8.67
4631,"Phúc lợi bhxh, company trip, thưởng quý, thưởng tết đầy đủ nka.","Phúc lợi bảo hiểm xã hội, company trip, thưởng quý, thưởng tết đầy đủ nha.","<s>: 0.0135, ▁Phúc: 0.0011, ▁lợi: 0.0131, ▁bảo: 7.2696, ▁hiểm: 2.0077, ▁xã: 0.9082, ▁hội: 0.0194, ,: 0.0715, ▁company: 0.0603, ▁trip: 0.0049, ,: 0.0958, ▁thưởng: 0.0032, ▁quý: 0.0036, ,: 0.0971, ▁thưởng: 0.0069, ▁tế: 0.0103, t: 0.082, ▁đầy: 0.0104, ▁đủ: 0.0241, ▁nha: 0.0061, .: 0.0886, </s>: 0.0707",0.494,7.2696
7397,Hmmm K ai khác là tui: rấc là duyên nợ vs 97😰,Hmmm Không ai khác là tui: rất là duyên nợ với 97😰,"<s>: 0.0163, ▁Hmmm: 0.0004, ▁Không: 0.2409, ▁ai: 0.0319, ▁khác: 0.0166, ▁là: 0.0845, ▁tui: 0.2387, :: 0.05, ▁rất: 7.2014, ▁là: 0.1029, ▁du: 0.0131, yên: 0.0211, ▁nợ: 0.0015, ▁với: 0.0596, ▁97: 0.0056, <unk>: 0.2388, </s>: 0.0729",0.4939,7.2014
1239,"S cs nh ng, xăng chx ht màk vẫn xếp hàng mua nhỉ.Hazzz","Sao có nhiều người, xăng chưa hết mà vẫn xếp hàng mua nhỉ.Haizzz","<s>: 0.0143, ▁Sao: 0.0193, ▁có: 0.0904, ▁nhiều: 0.0666, ▁người: 0.0535, ,: 0.0771, ▁xăng: 0.0052, ▁chưa: 0.0492, ▁hết: 0.0152, ▁mà: 0.0979, ▁vẫn: 0.0206, ▁xếp: 0.0004, ▁hàng: 0.0114, ▁mua: 0.0291, ▁nhỉ: 0.0036, .: 0.0521, Ha: 0.0055, i: 9.0136, zzz: 0.1941, </s>: 0.0538",0.4936,9.0136
1589,T nghĩ là ph ở lại cty ấy vì ch ht thời hạn hd màk,Tôi nghĩ là phải ở lại công ty ấy vì chưa hết thời hạn hợp đồng mà,"<s>: 0.0136, ▁Tôi: 0.1946, ▁nghĩ: 0.0199, ▁là: 0.0415, ▁phải: 0.0217, ▁ở: 0.0383, ▁lại: 0.0469, ▁công: 0.177, ▁ty: 0.0602, ▁ấy: 0.0125, ▁vì: 0.0349, ▁chưa: 0.0273, ▁hết: 0.0148, ▁thời: 0.0094, ▁hạn: 0.0347, ▁hợp: 8.3314, ▁đồng: 0.1009, ▁mà: 0.0853, </s>: 0.1062",0.4932,8.3314
176,1 h lm ko đủ 1 lít xăng 1 tháng lm ko đủ 1 chỉ vàng 1 năm lm kh đủ 1 m2 đất để chôn Chào mừng đến 2026,1 giờ làm không đủ 1 lít xăng 1 tháng làm không đủ 1 chỉ vàng 1 năm làm không đủ 1 mét vuông đất để chôn Chào mừng đến 2026,"<s>: 0.0147, ▁1: 0.0592, ▁giờ: 0.0425, ▁làm: 0.0586, ▁không: 0.0737, ▁đủ: 0.0127, ▁1: 0.0428, ▁lí: 0.0187, t: 0.0541, ▁xăng: 0.0025, ▁1: 0.0798, ▁tháng: 0.0201, ▁làm: 0.1082, ▁không: 0.0576, ▁đủ: 0.0081, ▁1: 0.0435, ▁chỉ: 0.0051, ▁vàng: 0.0016, ▁1: 0.07, ▁năm: 0.0374, ▁làm: 0.0791, ▁không: 0.0329, ▁đủ: 0.0084, ▁1: 0.0822, ▁mét: 5.6387, ▁vu: 10.5316, ông: 0.7184, ▁đất: 0.0251, ▁để: 0.068, ▁chô: 0.0003, n: 0.0514, ▁Chào: 0.0042, ▁mừng: 0.0053, ▁đến: 0.0188, ▁20: 0.0027, 26: 0.0026, </s>: 0.1173",0.4918,10.5316
1766,"Tr ơi tui cx cmt post đók nek mak ko ngờ bả inbox hỏi tht, thsu định đưa em Tin lên tv luonn 🥹🥹🥹","Trời ơi tôi cũng comment post đó nè mà không ngờ bả inbox hỏi thật, thực sự định đưa em Tin lên tivi luôn 🥹🥹🥹","<s>: 0.0137, ▁Trời: 0.021, ▁ơi: 0.0292, ▁tôi: 2.2669, ▁cũng: 0.1407, ▁comment: 0.2321, ▁post: 0.0026, ▁đó: 0.0577, ▁nè: 0.6887, ▁mà: 0.2497, ▁không: 0.0393, ▁ngờ: 0.0106, ▁b: 0.651, ả: 0.0344, ▁in: 0.0236, box: 0.0003, ▁hỏi: 0.0129, ▁thật: 0.1255, ,: 0.062, ▁thực: 0.1233, ▁sự: 0.0333, ▁định: 0.117, ▁đưa: 0.005, ▁em: 0.0573, ▁Tin: 0.003, ▁lên: 0.0667, ▁: 9.5474, tivi: 0.9135, ▁luôn: 0.0007, ▁: 0.0947, <unk>: 0.064, </s>: 0.049",0.4918,9.5474
8163,Uncrush một cách quan minh chính đại ik bà vì bà crush một ng đàng hoàng tử tế r ds,Uncrush một cách quang minh chính đại đi bà vì bà crush một người đàng hoàng tử tế rồi đó,"<s>: 0.0143, ▁Un: 0.017, c: 0.0055, rush: 0.0001, ▁một: 0.0561, ▁cách: 0.0139, ▁quang: 11.595, ▁minh: 0.0033, ▁chính: 0.0068, ▁đại: 0.0095, ▁đi: 0.0297, ▁bà: 0.048, ▁vì: 0.046, ▁bà: 0.052, ▁crush: 0.0006, ▁một: 0.1344, ▁người: 0.0698, ▁đàn: 0.002, g: 0.0523, ▁hoàng: 0.0044, ▁tử: 0.0014, ▁tế: 0.0125, ▁rồi: 0.0283, ▁đó: 0.016, </s>: 0.0719",0.4916,11.595
6244,Ko tốn tiền thuê mb là trg lòng nhẹ nhõm nh lắm as,Không tốn tiền thuê mặt bằng là trong lòng nhẹ nhõm nhiều lắm á,"<s>: 0.013, ▁Không: 0.0796, ▁tố: 0.0104, n: 0.0255, ▁tiền: 0.0211, ▁thuê: 0.0035, ▁mặt: 7.636, ▁bằng: 0.9972, ▁là: 0.0394, ▁trong: 0.1351, ▁lòng: 0.004, ▁nhẹ: 0.003, ▁nh: 0.0501, õ: 0.0033, m: 0.065, ▁nhiều: 0.0653, ▁lắm: 0.0254, ▁á: 0.0471, </s>: 0.0839",0.4899,7.636
6276,mong mẹ sức khoẻ nka bà ❤️ thw mấy ah cj lớn ở nhà gke .,mong mẹ sức khỏe nha bà ❤️ thương mấy anh chị lớn ở nhà ghê .,"<s>: 0.0149, ▁mong: 0.0343, ▁mẹ: 0.0483, ▁sức: 0.009, <unk>: 8.5915, ▁nha: 0.2229, ▁bà: 0.0272, <unk>: 0.2767, <unk>: 0.1217, ▁thương: 0.0088, ▁mấy: 0.011, ▁anh: 0.0189, ▁chị: 0.0552, ▁lớn: 0.0061, ▁ở: 0.0369, ▁nhà: 0.0418, ▁g: 0.4896, hê: 0.0049, ▁: 0.1494, .: 0.0469, </s>: 0.0628",0.4895,8.5915
1894,Nôn đk bt thiên thần giành thành côg 🪽💗🪽quá tar ơiii,Nôn được biết thiên thần giành thành công 🪽💗🪽quá ta ơi,"<s>: 0.0152, ▁N: 0.0561, ôn: 0.0068, ▁được: 0.1638, ▁biết: 0.077, ▁thiên: 0.0079, ▁thần: 0.0109, ▁giành: 0.0034, ▁thành: 0.0487, ▁công: 0.0217, ▁: 0.0926, <unk>: 0.0419, <unk>: 0.0425, <unk>: 0.0855, qu: 0.0491, á: 0.0657, ▁ta: 8.1888, ▁ơi: 0.0567, </s>: 0.2633",0.4894,8.1888
1599,t thắc mắc nh vcđ cái đặc biệt nhất là sắp ht hd r màk shao lại đột ngột ntn k định để hưởng thụ nốt 1năm cuối àh,tôi thắc mắc nhiều vãi cả đái cái đặc biệt nhất là sắp hết hợp đồng rồi mà sao lại đột ngột như thế này không định để hưởng thụ nốt 1 năm cuối à,"<s>: 0.015, ▁tôi: 0.2857, ▁t: 0.0462, hắc: 0.0044, ▁mắc: 0.0129, ▁nhiều: 0.0759, ▁v: 6.2176, ã: 0.5715, i: 0.052, ▁cả: 0.5851, ▁đá: 0.411, i: 0.1414, ▁cái: 0.2374, ▁đặc: 0.0317, ▁biệt: 0.0235, ▁nhất: 0.064, ▁là: 0.0953, ▁sắp: 0.011, ▁hết: 0.0207, ▁hợp: 9.6062, ▁đồng: 0.0305, ▁rồi: 0.1833, ▁mà: 0.0675, ▁sao: 0.0013, ▁lại: 0.0493, ▁đột: 0.0011, ▁ngộ: 0.0138, t: 0.0446, ▁như: 0.2943, ▁thế: 0.1016, ▁này: 0.4107, ▁không: 0.1687, ▁định: 0.0339, ▁để: 0.0659, ▁hưởng: 0.0041, ▁thụ: 0.0839, ▁n: 0.1194, ốt: 0.0403, ▁1: 0.1197, ▁năm: 0.3814, ▁cuối: 0.0482, ▁à: 0.0122, </s>: 0.1975",0.4879,9.6062
9330,"này là ảnh mở lòng r đúng k mn , em nên tỏ tình k","này là ảnh mở lòng rồi đúng không mọi người, em nên tỏ tình không","<s>: 0.0137, ▁này: 0.0729, ▁là: 0.0897, ▁ảnh: 0.2912, ▁mở: 0.0023, ▁lòng: 0.0124, ▁rồi: 0.0382, ▁đúng: 0.0052, ▁không: 0.0238, ▁mọi: 0.0136, ▁người: 0.0999, ,: 7.8601, ▁em: 0.0715, ▁nên: 0.027, ▁tỏ: 0.0004, ▁tình: 0.0145, ▁không: 0.0545, </s>: 0.0522",0.4857,7.8601
2259,Ph chấp nhận cs nhx mqh thw thì thw nhg kh hoà hợp về lối sống thói quen nhận thức,Phải chấp nhận có những mối quan hệ thương thì thương nhưng không hòa hợp về lối sống thói quen nhận thức,"<s>: 0.0152, ▁Phải: 0.0045, ▁chấp: 0.008, ▁nhận: 0.111, ▁có: 0.0712, ▁những: 0.0713, ▁mối: 0.0104, ▁quan: 0.0123, ▁hệ: 0.0258, ▁thương: 0.4102, ▁thì: 0.7107, ▁thương: 0.0789, ▁nhưng: 0.1157, ▁không: 0.0377, <unk>: 9.2269, ▁hợp: 0.5194, ▁về: 0.0433, ▁lối: 0.0019, ▁sống: 0.055, ▁thói: 0.0001, ▁quen: 0.0042, ▁nhận: 0.014, ▁thức: 0.0066, </s>: 0.0839",0.4849,9.2269
9025,t ghen tị zới 5 thg bé tại vì đứa nào đứa nấy cx cs 1 gđình siêu hp và yêu thw nhau.,tôi ghen tị với năm thằng bé tại vì đứa nào đứa nấy cũng có một gia đình siêu hạnh phúc và yêu thương nhau.,"<s>: 0.0141, ▁tôi: 0.3107, ▁gh: 0.0038, en: 0.0231, ▁t: 0.0259, ị: 0.0196, ▁với: 0.0461, ▁năm: 9.6111, ▁thằng: 0.0058, ▁bé: 0.0049, ▁tại: 0.0751, ▁vì: 0.0509, ▁đứa: 0.0038, ▁nào: 0.0136, ▁đứa: 0.0031, ▁n: 0.3786, ấ: 0.0083, y: 0.0208, ▁cũng: 0.113, ▁có: 0.0619, ▁một: 3.6226, ▁gia: 0.4423, ▁đình: 0.0575, ▁siêu: 0.0683, ▁hạnh: 0.0208, ▁phúc: 0.0142, ▁và: 0.1309, ▁yêu: 0.1082, ▁thương: 0.0205, ▁nhau: 0.0554, .: 0.0944, </s>: 0.0693",0.4843,9.6111
7505,T nhớ lần đầu t ik xem tử vi ank xem cho t bảo thg ít b cung nô xấu lắm.,Tôi nhớ lần đầu tôi đi xem tử vi anh xem cho tôi bảo thường ít bạn cung Nô xấu lắm.,"<s>: 0.0137, ▁Tôi: 0.1645, ▁nhớ: 0.0284, ▁lần: 0.0288, ▁đầu: 0.0371, ▁tôi: 0.0454, ▁đi: 0.031, ▁xem: 0.0115, ▁tử: 0.0055, ▁vi: 0.0139, ▁anh: 0.0449, ▁xem: 0.0257, ▁cho: 0.0478, ▁tôi: 0.054, ▁bảo: 0.021, ▁thường: 0.439, ▁ít: 0.0257, ▁bạn: 0.0604, ▁cung: 0.0069, ▁N: 10.1539, ô: 0.6746, ▁xấu: 0.0052, ▁lắm: 0.0099, .: 0.0816, </s>: 0.0575",0.4835,10.1539
8623,Cs thể là nam nữ tranh nhau lm ng đàn bà ấy lun😆😆,Có thể là nam nữ tranh nhau làm người đàn bà ấy luôn 😆😆,"<s>: 0.0151, ▁Có: 0.1479, ▁thể: 0.0277, ▁là: 0.036, ▁nam: 0.0123, ▁nữ: 0.0794, ▁tranh: 0.0068, ▁nhau: 0.0076, ▁làm: 0.0438, ▁người: 0.0494, ▁đàn: 0.0045, ▁bà: 0.0156, ▁ấy: 0.0247, ▁luôn: 0.0552, ▁: 8.012, <unk>: 0.0518, <unk>: 0.0732, </s>: 0.0335",0.4831,8.012
2070,Hay ph rửa rùi khi nào dùng lại lấy ra tiệt trùng r ms dc dùng z ạk???,Hay phải rửa rồi khi nào dùng lại lấy ra tiệt trùng rồi mới được dùng thế ạ?,"<s>: 0.0163, ▁Hay: 0.014, ▁phải: 0.0085, ▁rửa: 0.0036, ▁rồi: 0.0502, ▁khi: 0.059, ▁nào: 0.0291, ▁dùng: 0.0434, ▁lại: 0.0419, ▁lấy: 0.0038, ▁ra: 0.0571, ▁ti: 0.0143, ệt: 0.0071, ▁trùng: 0.0007, ▁rồi: 0.0414, ▁mới: 0.0101, ▁được: 0.0557, ▁dùng: 0.0319, ▁thế: 1.2134, ▁ạ: 0.0154, ?: 8.8115, </s>: 0.0621",0.4814,8.8115
7018,Nhờ mn chỉ giúp e/m xem quy trình là ntn dzới ạk.,Nhờ mọi người chỉ giúp em/mình xem quy trình là như thế nào với ạ.,"<s>: 0.0142, ▁N: 0.088, hờ: 0.0022, ▁mọi: 0.0308, ▁người: 0.0432, ▁chỉ: 0.0516, ▁giúp: 0.0173, ▁em: 0.0564, /: 0.0262, m: 0.2052, ình: 9.1785, ▁xem: 0.0228, ▁quy: 0.01, ▁trình: 0.0221, ▁là: 0.0744, ▁như: 0.0864, ▁thế: 0.3598, ▁nào: 0.0635, ▁với: 0.0731, ▁ạ: 0.0213, .: 0.0659, </s>: 0.0667",0.4809,9.1785
2772,"Tht, cgai nhà ngta về nhà n, nào ik đứng khép nép, nào cơm cúng, dọn dẹp, rửa bát như osin cs thoải mái đâu.","Thật, con gái nhà người ta về nhà nó, nào đi đứng khép nép, nào cơm cúng, dọn dẹp, rửa bát như ô sin có thoải mái đâu.","<s>: 0.0136, ▁Thật: 0.078, ,: 0.1535, ▁con: 0.2475, ▁gái: 0.0465, ▁nhà: 0.0359, ▁người: 0.0629, ▁ta: 0.0269, ▁về: 0.0731, ▁nhà: 0.0433, ▁nó: 0.0438, ,: 0.0835, ▁nào: 0.0104, ▁đi: 0.0187, ▁đứng: 0.0081, ▁kh: 0.0661, ép: 0.0004, ▁nép: 0.0007, ,: 0.0627, ▁nào: 0.0092, ▁cơm: 0.0058, ▁cú: 0.0014, ng: 0.0396, ,: 0.0783, ▁dọn: 0.0016, ▁d: 0.0876, ẹ: 0.0089, p: 0.0262, ,: 0.1408, ▁rửa: 0.0004, ▁bát: 0.0025, ▁như: 0.1017, ▁ô: 10.4244, ▁sin: 6.8795, ▁có: 0.1551, ▁thoải: 0.0037, ▁mái: 0.019, ▁đâu: 0.018, .: 0.0914, </s>: 0.0451",0.4804,10.4244
4323,Lm chủ nguồn sáng Lên ngay YTB 50mm Vietnam để hc sơ về bố cục & ánh sáng nka.,Làm chủ nguồn sáng Lên ngay YouTube 50mm Vietnam để học sơ về bố cục & ánh sáng nha.,"<s>: 0.0139, ▁Làm: 0.0561, ▁chủ: 0.0263, ▁nguồn: 0.0082, ▁sáng: 0.0064, ▁Lê: 0.0018, n: 0.0514, ▁ngay: 0.0129, ▁YouTube: 10.5542, ▁50: 0.0079, mm: 0.2417, ▁Vietnam: 0.0057, ▁để: 0.0649, ▁học: 0.1117, ▁sơ: 0.0119, ▁về: 0.058, ▁bố: 0.0026, ▁cục: 0.0027, ▁&: 0.113, ▁ánh: 0.0018, ▁sáng: 0.0079, ▁nha: 0.0076, .: 0.0759, </s>: 0.0564",0.4792,10.5542
791,"chìu hôm ấy 📸 Nhận chụp ảnh kỷ yếu, tn, concept, couple,... Giá siêu dthw, hỗ trợ nhiệt tình ht mức lun nka!","chiều hôm ấy 📸 Nhận chụp ảnh kỷ yếu, tốt nghiệp, concept, couple,... Giá siêu dễ thương, hỗ trợ nhiệt tình hết mức luôn nha!","<s>: 0.013, ▁chiều: 11.5439, ▁hôm: 0.0234, ▁ấy: 0.0105, ▁: 0.214, <unk>: 0.0557, ▁Nhận: 0.1167, ▁chụp: 0.012, ▁ảnh: 0.0681, ▁kỷ: 0.0042, ▁yếu: 0.001, ,: 0.1049, ▁tốt: 3.7623, ▁nghiệp: 0.0217, ,: 0.0977, ▁concept: 0.0016, ,: 0.1057, ▁couple: 0.0004, ,: 0.1577, ...: 0.0088, ▁Giá: 0.0766, ▁siêu: 0.0027, ▁dễ: 0.0336, ▁thương: 0.0113, ,: 0.0973, ▁hỗ: 0.0042, ▁trợ: 0.036, ▁nhiệt: 0.0013, ▁tình: 0.0207, ▁hết: 0.0343, ▁mức: 0.0093, ▁luôn: 0.0336, ▁nha: 0.0102, !: 0.0255, </s>: 0.0456",0.479,11.5439
2192,True :))) cg khoe thân gợi đòn cs nhiêu show ht màk tưởng mk trg sạch Bông tuyết zữ lắm,True :))) cũng khoe thân gợi đòn có nhiêu show hết mà tưởng mình trong sạch bông tuyết dữ lắm,"<s>: 0.0146, ▁True: 0.0014, <unk>: 0.2453, ▁cũng: 0.127, ▁kho: 0.014, e: 0.0406, ▁thân: 0.0024, ▁gợi: 0.0009, ▁đ: 0.0156, ò: 0.0128, n: 0.0309, ▁có: 0.1635, ▁nhiêu: 0.0819, ▁show: 0.0046, ▁hết: 0.0119, ▁mà: 0.0798, ▁tưởng: 0.0047, ▁mình: 0.111, ▁trong: 0.4262, ▁sạch: 0.0009, ▁bông: 10.4804, ▁tuyết: 0.001, ▁dữ: 0.0093, ▁lắm: 0.0191, </s>: 0.0609",0.4784,10.4804
2756,Buổi workshop thứ 3 - vẽ ngoại cảnh Tg dự kiến: 2h30 chiều thứ 7 ngày 21/3 Địa điểm: Côg viên giọt nc số 1 Lý Thái Tổ,Buổi workshop thứ 3 - vẽ ngoại cảnh Thời gian dự kiến: 2 giờ 30 phút chiều thứ 7 ngày 21/3 Địa điểm: Công viên giọt nước số 1 Lý Thái Tổ,"<s>: 0.015, ▁B: 0.0342, uổi: 0.0178, ▁workshop: 0.0112, ▁thứ: 0.0114, ▁3: 0.0579, ▁-: 0.035, ▁vẽ: 0.0045, ▁ngoại: 0.0108, ▁cảnh: 0.0205, ▁Thời: 0.1218, ▁gian: 0.0176, ▁dự: 0.0168, ▁kiến: 0.0919, :: 0.0333, ▁2: 0.0044, ▁giờ: 4.2216, ▁30: 2.8503, ▁phút: 9.9498, ▁chiều: 0.1995, ▁thứ: 0.0023, ▁7: 0.0106, ▁ngày: 0.0347, ▁2: 0.0023, 1/3: 0.0027, ▁Địa: 0.0041, ▁điểm: 0.0627, :: 0.0441, ▁Công: 0.0602, ▁viên: 0.0425, ▁giọt: 0.0, ▁nước: 0.0049, ▁số: 0.0185, ▁1: 0.0089, ▁Lý: 0.0015, ▁Thái: 0.0025, ▁Tổ: 0.0157, </s>: 0.1283",0.4782,9.9498
6505,"Zạ em vào cty từ tháng 11/2025, lm nvien parttime cs hd, k đóng bảo hiểm, nhg mỗi tháng bị khấu trừ 10% thuế tncn.","Dạ em vào công ty từ tháng 11/2025, làm nhân viên part-time có hợp đồng, không đóng bảo hiểm, nhưng mỗi tháng bị khấu trừ 10% thuế thu nhập cá nhân.","<s>: 0.0148, ▁Dạ: 0.0345, ▁em: 0.0851, ▁vào: 0.0259, ▁công: 0.2079, ▁ty: 0.0553, ▁từ: 0.0353, ▁tháng: 0.0089, ▁11: 0.0046, /: 0.0034, 2025: 0.0013, ,: 0.0618, ▁làm: 0.0732, ▁nhân: 0.0097, ▁viên: 0.0072, ▁part: 0.0, -: 2.8251, time: 0.026, ▁có: 0.1197, ▁hợp: 8.6694, ▁đồng: 0.0487, ,: 0.1515, ▁không: 0.079, ▁đóng: 0.0032, ▁bảo: 0.0095, ▁hiểm: 0.0043, ,: 0.0664, ▁nhưng: 0.1403, ▁mỗi: 0.0166, ▁tháng: 0.0075, ▁bị: 0.0854, ▁khấu: 0.0007, ▁trừ: 0.0037, ▁10%: 0.0014, ▁thuế: 0.0104, ▁thu: 3.865, ▁nhập: 0.0857, ▁cá: 2.3988, ▁nhân: 0.0973, .: 0.2188, </s>: 0.0363",0.478,8.6694
1281,"Em đổ ở cây Xuân Thuỷ ko ai dành, zới đkien ph cs mặt lúc 6h sáng=)))))","Em đổ ở cây Xuân Thuỷ không ai giành, với điều kiện phải có mặt lúc 6 giờ sáng=)))))","<s>: 0.0143, ▁Em: 0.0786, ▁đổ: 0.0038, ▁ở: 0.0639, ▁cây: 0.0397, ▁Xuân: 0.0015, ▁Thu: 0.008, ỷ: 0.0235, ▁không: 0.0802, ▁ai: 0.0267, ▁giành: 7.7441, ,: 0.0867, ▁với: 0.0561, ▁điều: 0.9015, ▁kiện: 0.0081, ▁phải: 0.0201, ▁có: 0.0708, ▁mặt: 0.0086, ▁lúc: 0.0198, ▁6: 0.0112, ▁giờ: 2.9485, ▁sáng: 0.0401, =: 0.0026, <unk>: 0.0404, ): 0.0401, </s>: 0.0327",0.4758,7.7441
8499,Bjk cs lưu niên Hóa Kỵ định ik hiến máu màk hoạ tới r 🤡,Biết có lưu niên Hóa Kỵ định đi hiến máu mà họa tới rồi 🤡,"<s>: 0.0161, ▁Bi: 0.3009, ết: 0.0007, ▁có: 0.107, ▁lưu: 0.0026, ▁niên: 0.007, <unk>: 0.5581, ▁K: 0.0585, ỵ: 0.019, ▁định: 0.012, ▁đi: 0.0751, ▁hiến: 0.0033, ▁máu: 0.0017, ▁mà: 0.0563, <unk>: 7.533, ▁tới: 0.4916, ▁rồi: 0.0605, ▁: 0.0512, <unk>: 0.0795, </s>: 0.0543",0.4744,7.533
5621,NHỈIIIIII ời ơi ng đâu màk dịu dàng chân thành hài hước tài năng VÀ đẹp giai vãi nồi ý 😭🫶🏻 lần nào gặp về lại thik ổng hơn nhìu lắm,NHỈ ời ơi người đâu mà dịu dàng chân thành hài hước tài năng VÀ đẹp trai vãi nồi ý 😭🫶🏻 lần nào gặp về lại thích ổng hơn nhiều lắm,"<s>: 0.0143, ▁NH: 0.0579, Ỉ: 0.0173, ▁: 9.5946, ời: 0.4729, ▁ơi: 0.0384, ▁người: 0.0932, ▁đâu: 0.0172, ▁mà: 0.0427, ▁dịu: 0.0004, ▁dàng: 0.0078, ▁chân: 0.0019, ▁thành: 0.0111, ▁hài: 0.0018, ▁h: 0.0122, ước: 0.0012, ▁tài: 0.0068, ▁năng: 0.0221, ▁VÀ: 0.3432, ▁đẹp: 0.0035, ▁trai: 8.4822, ▁v: 0.1346, ã: 0.0205, i: 0.0359, ▁n: 0.0333, ồi: 0.0052, ▁ý: 0.0021, ▁: 0.0956, <unk>: 0.0522, <unk>: 0.0514, <unk>: 0.0824, ▁lần: 0.0109, ▁nào: 0.0219, ▁gặp: 0.0079, ▁về: 0.0891, ▁lại: 0.0488, ▁thích: 0.01, ▁ổn: 0.1642, g: 0.0555, ▁hơn: 0.0275, ▁nhiều: 0.1279, ▁lắm: 0.0074, </s>: 0.0686",0.4743,9.5946
8128,đợt đók trưa cái cs ôg lớp 9 zới bé lớp 6 ik vào p tin hc xg cắc cùm cum ở trỏng nguyên buổi trưa,đợt đó trưa cái có ông lớp 9 với bé lớp 6 đi vào phòng tin học xong cắc cùm cum ở trong đó nguyên buổi trưa,"<s>: 0.0155, ▁đợt: 0.0022, ▁đó: 0.0344, ▁trưa: 0.0053, ▁cái: 0.024, ▁có: 0.0795, ▁ông: 0.0117, ▁lớp: 0.0273, ▁9: 0.0101, ▁với: 0.0948, ▁bé: 0.0443, ▁lớp: 0.0312, ▁6: 0.0116, ▁đi: 0.0202, ▁vào: 0.0223, ▁phòng: 0.1303, ▁tin: 0.0413, ▁học: 0.0283, ▁xong: 0.0086, ▁c: 0.1222, ắ: 0.0044, c: 0.0532, ▁cù: 0.0005, m: 0.0956, ▁cum: 0.0784, ▁ở: 0.0372, ▁trong: 7.8777, ▁đó: 5.6197, ▁nguyên: 0.5545, ▁buổi: 0.0035, ▁trưa: 0.003, </s>: 0.0857",0.4743,7.8777
3873,"tui báo bé bị gbc, bên đók bảo “không muốn bé chết ở tay bọn m” nên đòi lại, mang trả thì doạ ko hoàn tiền","tôi báo bé bị gbc, bên đó bảo “không muốn bé chết ở tay bọn mày” nên đòi lại, mang trả thì dọa không hoàn tiền","<s>: 0.014, ▁tôi: 2.4814, ▁báo: 0.0498, ▁bé: 0.0116, ▁bị: 0.0493, ▁g: 2.4057, bc: 0.2395, ,: 0.1156, ▁bên: 0.0486, ▁đó: 0.0318, ▁bảo: 0.0402, ▁“: 0.071, không: 0.2269, ▁muốn: 0.0155, ▁bé: 0.0062, ▁chết: 0.006, ▁ở: 0.0378, ▁tay: 0.0343, ▁bọn: 0.0027, ▁mày: 0.0207, ”: 0.0056, ▁nên: 0.027, ▁đòi: 0.0048, ▁lại: 0.0391, ,: 0.1334, ▁mang: 0.0073, ▁trả: 0.0112, ▁thì: 0.1219, <unk>: 8.9721, ▁không: 0.2971, ▁hoàn: 0.002, ▁tiền: 0.011, </s>: 0.0933",0.4738,8.9721
3940,"xưa h chó mèo mk toàn cho bú dặm nvay từ ngày 1 vì đợt chó mẹ mất hoặc k bjk chăm c, trộm vía khoẻ chán, quậy khùg","xưa giờ chó mèo mình toàn cho bú dặm như vậy từ ngày 1 vì đợt chó mẹ mất hoặc không biết chăm con, trộm vía khỏe chán, quậy khùng","<s>: 0.0138, ▁xưa: 0.0038, ▁giờ: 0.0211, ▁chó: 0.0103, ▁mè: 0.0109, o: 0.0319, ▁mình: 0.1339, ▁toàn: 0.0172, ▁cho: 0.0257, ▁bú: 0.0123, ▁dặm: 0.0023, ▁như: 0.0228, ▁vậy: 0.2038, ▁từ: 0.0737, ▁ngày: 0.0219, ▁1: 0.0252, ▁vì: 0.0263, ▁đợt: 0.0005, ▁chó: 0.0049, ▁mẹ: 0.0146, ▁mất: 0.0334, ▁hoặc: 0.0264, ▁không: 0.0534, ▁biết: 0.014, ▁chăm: 0.0063, ▁con: 0.0811, ,: 0.1602, ▁trộm: 0.0001, ▁vía: 0.0, <unk>: 10.0914, ▁chán: 4.7733, ,: 0.0918, ▁qu: 0.0088, ậy: 0.0023, ▁kh: 1.3586, ùng: 0.0473, </s>: 0.0801",0.4731,10.0914
1313,cái event mời Xoài Non gần đây cs nym của Xemesis tham dự nx kìa :))))))))) shao brand mời cú chân động v tr,cái event mời Xoài Non gần đây có người yêu mới của Xemesis tham dự nữa kìa :))))))))) sao brand mời cú chấn động vậy trời,"<s>: 0.0153, ▁cái: 0.0238, ▁event: 0.0061, ▁mời: 0.0045, ▁X: 0.0385, oài: 0.0013, ▁Non: 0.0048, ▁gần: 0.0242, ▁đây: 0.0188, ▁có: 0.0531, ▁người: 0.0579, ▁yêu: 0.0526, ▁mới: 0.2584, ▁của: 0.1089, ▁Xem: 0.0033, es: 0.032, is: 0.023, ▁tham: 0.0109, ▁dự: 0.0622, ▁nữa: 0.0876, ▁kì: 0.0063, a: 0.0085, <unk>: 0.183, <unk>: 0.1046, ▁sao: 0.0042, ▁brand: 0.0017, ▁mời: 0.0025, ▁cú: 0.0035, ▁chấn: 14.2304, ▁động: 0.0048, ▁vậy: 0.0197, ▁trời: 0.0057, </s>: 0.0544",0.4702,14.2304
6021,"Ksao đâu b, qtr ck ko nghĩ zậy là dc, qtrong là đứa bé đg mang ấy, n khỏe là dược","Không sao đâu bạn, quan trọng chồng không nghĩ vậy là được, quan trọng là đứa bé đang mang ấy, nó khỏe là được","<s>: 0.0159, ▁Không: 0.0169, ▁sao: 0.0528, ▁đâu: 0.0149, ▁bạn: 0.0548, ,: 0.0956, ▁quan: 0.059, ▁trọng: 0.395, ▁chồng: 0.2415, ▁không: 0.0714, ▁nghĩ: 0.0179, ▁vậy: 0.1519, ▁là: 0.1186, ▁được: 0.0666, ,: 0.0906, ▁quan: 0.0309, ▁trọng: 0.0148, ▁là: 0.14, ▁đứa: 0.0028, ▁bé: 0.0084, ▁đang: 0.0438, ▁mang: 0.008, ▁ấy: 0.0119, ,: 0.095, ▁nó: 0.0417, <unk>: 0.4458, ▁là: 0.0751, ▁được: 11.0559, </s>: 0.1602",0.4689,11.0559
4029,Mk góp í xíu :3 Mìnk cg thấy ân tượng và thấy b lm rất đẹp,Mình góp ý xíu :3 Mình cũng thấy ấn tượng và thấy bạn làm rất đẹp,"<s>: 0.0156, ▁Mình: 0.0424, ▁góp: 0.0035, ▁ý: 0.3592, ▁x: 0.6555, íu: 0.0187, ▁:: 0.0021, 3: 0.0138, ▁Mình: 0.0457, ▁cũng: 0.0729, ▁thấy: 0.0156, ▁ấn: 7.7538, ▁tượng: 0.0051, ▁và: 0.1381, ▁thấy: 0.0091, ▁bạn: 0.0271, ▁làm: 0.0526, ▁rất: 0.0152, ▁đẹp: 0.0215, </s>: 0.1045",0.4686,7.7538
7553,Chứ dùng api key của b thì bnhieu cho đủ tốn lắm đók,Chứ dùng API key của bạn thì bao nhiêu cho đủ tốn lắm đó,"<s>: 0.0154, ▁Ch: 0.1159, ứ: 0.0232, ▁dùng: 0.0283, ▁API: 7.8181, ▁key: 0.0016, ▁của: 0.1056, ▁bạn: 0.0611, ▁thì: 0.0671, ▁bao: 0.0173, ▁nhiêu: 0.0175, ▁cho: 0.0264, ▁đủ: 0.0073, ▁tố: 0.0027, n: 0.0159, ▁lắm: 0.0284, ▁đó: 0.0176, </s>: 0.0567",0.4681,7.8181
7032,Cô cg còn trẻ nên nch dthw đág iu lắm mak xem chuẩn nka còn bán cả vật phẩm phong thuỷ nx,Cô cũng còn trẻ nên nói chuyện dễ thương đáng yêu lắm mà xem chuẩn nha còn bán cả vật phẩm phong thủy nữa,"<s>: 0.0141, ▁Cô: 0.022, ▁cũng: 0.1039, ▁còn: 0.0543, ▁trẻ: 0.0191, ▁nên: 0.0231, ▁nói: 0.1063, ▁chuyện: 0.012, ▁dễ: 0.0155, ▁thương: 0.0413, ▁đáng: 0.0063, ▁yêu: 0.0216, ▁lắm: 0.0141, ▁mà: 0.0166, ▁xem: 0.0077, ▁chuẩn: 0.0018, ▁nha: 0.0269, ▁còn: 0.0671, ▁bán: 0.0264, ▁cả: 0.0407, ▁vật: 0.0069, ▁phẩm: 0.0147, ▁phong: 0.0047, <unk>: 11.4136, ▁nữa: 0.0121, </s>: 0.0706",0.4678,11.4136
4948,"Tớ tìm dc ôg bán trâm trên sàn cam nx nèk, ms cb ghé qua thăm ôg nhé 🥰:","Tớ tìm được ông bán trâm trên sàn cam nữa nè, mời các bạn ghé qua thăm ông nhé 🥰:","<s>: 0.0156, ▁T: 0.1915, ớ: 0.0177, ▁tìm: 0.0225, ▁được: 0.0669, ▁ông: 0.0247, ▁bán: 0.0323, ▁tr: 0.2288, âm: 0.001, ▁trên: 0.0375, ▁sàn: 0.0092, ▁cam: 0.0011, ▁nữa: 0.0892, ▁nè: 0.0048, ,: 0.0626, ▁mời: 11.2438, ▁các: 0.096, ▁bạn: 0.0324, ▁ghé: 0.0025, ▁qua: 0.0296, ▁thăm: 0.0281, ▁ông: 0.0087, ▁nhé: 0.0162, ▁: 0.1243, <unk>: 0.091, :: 0.0488, </s>: 0.1006",0.4677,11.2438
4329,Bb ank em đồng nghiệp ik qua cs j bổ sung thêm cho đỡ ngại =))),Bạn bè anh em đồng nghiệp đi qua có gì bổ sung thêm cho đỡ ngại =))),"<s>: 0.0143, ▁Bạn: 0.4849, ▁bè: 7.8109, ▁anh: 0.1769, ▁em: 0.0501, ▁đồng: 0.0577, ▁nghiệp: 0.0327, ▁đi: 0.172, ▁qua: 0.0364, ▁có: 0.1358, ▁gì: 0.0784, ▁bổ: 0.0024, ▁sung: 0.0388, ▁thêm: 0.0198, ▁cho: 0.0881, ▁đỡ: 0.0058, ▁ngại: 0.0034, ▁=: 0.0469, ))): 0.013, </s>: 0.0503",0.4659,7.8109
4967,🌎Hỗ trợ v.a.y tiêu dùng Shinhan🌎 👉🏻21-58 tuổi 👉🏻Giải ngân nhanh,🌎Hỗ trợ vay tiêu dùng Shinhan🌎 👉🏻21-58 tuổi 👉🏻Giải ngân nhanh,"<s>: 0.0152, ▁: 0.0726, <unk>: 0.0115, H: 0.0251, ỗ: 0.0039, ▁trợ: 0.011, ▁vay: 10.6309, ▁tiêu: 0.7326, ▁dùng: 0.1281, ▁Shin: 0.0005, han: 0.0009, <unk>: 0.1941, ▁: 0.0563, <unk>: 0.0216, <unk>: 0.0789, 21: 0.1225, -: 0.077, 58: 0.086, ▁tuổi: 0.0067, ▁: 0.048, <unk>: 0.0282, <unk>: 0.0515, Gi: 0.0869, ải: 0.0049, ▁ngân: 0.0073, ▁nhanh: 0.0063, </s>: 0.0594",0.4655,10.6309
4841,"Nhg còn sức khoẻ tốt là đc r, mấy năm gần đây bệnh lặt vặt nh qá.","Nhưng còn sức khỏe tốt là được rồi, mấy năm gần đây bệnh lặt vặt nhiều quá.","<s>: 0.0169, ▁Nhưng: 0.0311, ▁còn: 0.0401, ▁sức: 0.0066, <unk>: 9.3807, ▁tốt: 0.0547, ▁là: 0.0904, ▁được: 0.0649, ▁rồi: 0.0234, ,: 0.1045, ▁mấy: 0.0135, ▁năm: 0.0393, ▁gần: 0.0202, ▁đây: 0.0153, ▁bệnh: 0.0183, ▁l: 0.1092, ặt: 0.0048, ▁vặt: 0.0014, ▁nhiều: 0.056, ▁quá: 0.0151, .: 0.0815, </s>: 0.0524",0.4655,9.3807
8090,Bảo t chảnh cx đc nhg ít ra tỏ tình tt để ngta còn thấy sự trân thành chứ,Bảo tôi chảnh cũng được nhưng ít ra tỏ tình trực tiếp để người ta còn thấy sự chân thành chứ,"<s>: 0.0153, ▁Bảo: 0.0205, ▁tôi: 0.1585, ▁chả: 0.0003, nh: 0.0266, ▁cũng: 0.0802, ▁được: 0.0682, ▁nhưng: 0.0755, ▁ít: 0.0062, ▁ra: 0.0279, ▁tỏ: 0.0006, ▁tình: 0.0236, ▁trực: 0.4575, ▁tiếp: 0.029, ▁để: 0.0901, ▁người: 0.0996, ▁ta: 0.0433, ▁còn: 0.0764, ▁thấy: 0.0113, ▁sự: 0.0471, ▁chân: 9.6241, ▁thành: 0.0394, ▁chứ: 0.0121, </s>: 0.0765",0.4629,9.6241
7506,Ah xem 2-3 chục bn thì ms cs 1 b cung nô xấu như e. Kbt nên buồn hay zui :'))),Anh xem 2-3 chục bạn thì mới có 1 bạn cung Nô xấu như em. Không biết nên buồn hay vui :'))),"<s>: 0.0149, ▁Anh: 0.0198, ▁xem: 0.0163, ▁2-3: 0.0078, ▁chục: 0.0007, ▁bạn: 0.04, ▁thì: 0.0598, ▁mới: 0.02, ▁có: 0.0504, ▁1: 0.1045, ▁bạn: 0.0317, ▁cung: 0.0081, ▁N: 11.1965, ô: 0.5841, ▁xấu: 0.0096, ▁như: 0.0944, ▁em: 0.0452, .: 0.0632, ▁Không: 0.2195, ▁biết: 0.007, ▁nên: 0.0616, ▁buồn: 0.003, ▁hay: 0.0413, ▁vui: 0.0275, ▁:: 0.029, ': 0.1464, ))): 0.0097, </s>: 0.0362",0.4624,11.1965
1791,Bách nay lớn r Ht xem audio mak thay bằng xem thời sự ăn cơm r,Bách nay lớn rồi hết xem audio mà thay bằng xem thời sự ăn cơm rồi,"<s>: 0.0183, ▁B: 0.0445, ách: 0.0059, ▁nay: 0.0318, ▁lớn: 0.0049, ▁rồi: 0.0283, ▁hết: 8.2872, ▁xem: 0.053, ▁audio: 0.0022, ▁mà: 0.0465, ▁thay: 0.0237, ▁bằng: 0.0224, ▁xem: 0.0301, ▁thời: 0.0074, ▁sự: 0.0343, ▁ăn: 0.0167, ▁cơm: 0.0033, ▁rồi: 0.0363, </s>: 0.0741",0.4616,8.2872
6483,Yêu cầu: giao tiếp tiếng Ank cơ bản vì đa số là khách Hàn Quốc và mặt hàng khá dễ tư vấn (mứt dừa lạnk).,* Yêu cầu: giao tiếp tiếng Anh cơ bản vì đa số là khách Hàn Quốc và mặt hàng khá dễ tư vấn (mứt dừa lạnh).,"<s>: 0.0125, ▁*: 13.7064, ▁Yêu: 0.025, ▁cầu: 0.0594, :: 0.0367, ▁giao: 0.0069, ▁tiếp: 0.0134, ▁tiếng: 0.0217, ▁Anh: 0.0152, ▁cơ: 0.0214, ▁bản: 0.127, ▁vì: 0.0384, ▁đa: 0.0114, ▁số: 0.0778, ▁là: 0.0302, ▁khách: 0.0157, ▁Hàn: 0.0102, ▁Quốc: 0.0131, ▁và: 0.0647, ▁mặt: 0.005, ▁hàng: 0.0288, ▁khá: 0.0126, ▁dễ: 0.0085, ▁tư: 0.009, ▁vấn: 0.0118, ▁(: 0.065, m: 0.0113, ứ: 0.001, t: 0.0312, ▁dừa: 0.0009, ▁lạnh: 0.4269, ).: 0.2058, </s>: 0.0467",0.4597,13.7064
7491,Mk ko bt bác xem cho b nnao nhma b mk zới mk ik xem mak bác nch chung ko ns trọng tâm,Mình không biết bác xem cho bạn như nào nhưng mà bạn mình với mình đi xem mà bác nói chung chung không nói trọng tâm,"<s>: 0.0143, ▁Mình: 0.0696, ▁không: 0.0664, ▁biết: 0.0939, ▁bác: 0.0134, ▁xem: 0.0318, ▁cho: 0.0887, ▁bạn: 0.2797, ▁như: 0.1983, ▁nào: 0.9066, ▁nhưng: 0.0633, ▁mà: 0.0475, ▁bạn: 0.0403, ▁mình: 0.2257, ▁với: 0.0711, ▁mình: 0.0905, ▁đi: 0.0701, ▁xem: 0.0149, ▁mà: 0.0523, ▁bác: 0.015, ▁nói: 0.0149, ▁chung: 1.1878, ▁chung: 8.9291, ▁không: 0.1078, ▁nói: 0.0505, ▁trọng: 0.0109, ▁tâm: 0.0216, </s>: 0.0899",0.4595,8.9291
7017,"Mn ơi e/m chx ik coi bói bh, mak đg tíh đợt này ik xem.","Mọi người ơi em/mình chưa đi coi bói bao giờ, mà đang tính đợt này đi xem.","<s>: 0.0131, ▁Mọi: 0.0325, ▁người: 0.0658, ▁ơi: 0.0113, ▁em: 0.0735, /: 0.0404, m: 0.2677, ình: 9.8802, ▁chưa: 0.0371, ▁đi: 0.0502, ▁coi: 0.0042, ▁bó: 0.0006, i: 0.0267, ▁bao: 0.0859, ▁giờ: 0.056, ,: 0.0769, ▁mà: 0.0343, ▁đang: 0.4973, ▁tính: 0.0063, ▁đợt: 0.0003, ▁này: 0.0289, ▁đi: 0.0297, ▁xem: 0.0099, .: 0.0722, </s>: 0.0696",0.4588,9.8802
3245,Thấy bác ghi Úc ko cs XKLĐ em ms chợt nhớ lại.,Thấy bác ghi Úc không có xuất khẩu lao động em mới chợt nhớ lại.,"<s>: 0.015, ▁Th: 0.0196, ấ: 0.0127, y: 0.0556, ▁bác: 0.0232, ▁ghi: 0.0061, ▁Úc: 0.009, ▁không: 0.0915, ▁có: 0.0545, ▁xuất: 8.3343, ▁khẩu: 0.1958, ▁la: 0.6581, o: 0.1342, ▁động: 0.0115, ▁em: 0.1329, ▁mới: 0.0226, ▁chợ: 0.0005, t: 0.0493, ▁nhớ: 0.0094, ▁lại: 0.052, .: 0.0779, </s>: 0.0544",0.4555,8.3343
1108,xin zalo về gửi suộc cho t. Nhưg tới h thì 2 b ấy chỉ tặng cho t cái chai đók,xin zalo về gửi source cho tôi. Nhưng tới giờ thì 2 bạn ấy chỉ tặng cho tôi cái chai đó,"<s>: 0.0174, ▁xin: 0.0222, ▁za: 0.0206, lo: 0.0248, ▁về: 0.0535, ▁gửi: 0.0175, ▁source: 10.3053, ▁cho: 0.1023, ▁tôi: 0.1476, .: 0.0781, ▁Nhưng: 0.0771, ▁tới: 0.0335, ▁giờ: 0.0784, ▁thì: 0.0774, ▁2: 0.0533, ▁bạn: 0.0545, ▁ấy: 0.0253, ▁chỉ: 0.0636, ▁tặng: 0.0126, ▁cho: 0.0892, ▁tôi: 0.1191, ▁cái: 0.0626, ▁cha: 0.002, i: 0.0421, ▁đó: 0.1128, </s>: 0.0967",0.4534,10.3053
1289,hqua ik cả đất Hà Đông kh chỗ nào thưa cả (ảnh đây là cây gần cty t) May cs đơn bên Đan Phượng nên t chạy liên sang ds,hôm qua đi cả đất Hà Đông không chỗ nào thưa cả (ảnh đây là cây gần công ty tao) May có đơn bên Đan Phượng nên tao chạy luôn sang đó,"<s>: 0.0148, ▁hôm: 0.0307, ▁qua: 0.0768, ▁đi: 0.0486, ▁cả: 0.0312, ▁đất: 0.0135, ▁Hà: 0.0431, ▁Đông: 0.0155, ▁không: 0.0401, ▁chỗ: 0.038, ▁nào: 0.0211, ▁thư: 0.0106, a: 0.0128, ▁cả: 0.037, ▁(: 0.0632, ả: 0.0056, nh: 0.014, ▁đây: 0.0251, ▁là: 0.0503, ▁cây: 0.0066, ▁gần: 0.0151, ▁công: 0.3387, ▁ty: 0.087, ▁tao: 4.0424, ): 0.0341, ▁May: 0.0323, ▁có: 0.1435, ▁đơn: 0.0018, ▁bên: 0.0452, ▁Đ: 0.0447, an: 0.0204, ▁Ph: 0.0037, ượng: 0.0026, ▁nên: 0.0561, ▁tao: 1.686, ▁chạy: 0.0031, ▁luôn: 10.8059, ▁sang: 0.0294, ▁đó: 0.0072, </s>: 0.0801",0.4519,10.8059
1745,Ns nửa câu lại “dặ” 1 cái tất cả là tại ôg 😞,Nói nửa câu lại “dạ” 1 cái tất cả là tại ông 😞,"<s>: 0.0167, ▁Nói: 0.0609, ▁nửa: 0.0151, ▁câu: 0.0103, ▁lại: 0.0337, ▁“: 0.0528, d: 0.0271, ạ: 7.3311, ”: 0.0074, ▁1: 0.2029, ▁cái: 0.0244, ▁tất: 0.0186, ▁cả: 0.0269, ▁là: 0.103, ▁tại: 0.0371, ▁ông: 0.0241, <unk>: 0.0785, </s>: 0.0465",0.4509,7.3311
7369,"Nguồn lực cá nhân (nhân hoà) lên vận theo từng Thái tuế của chu kỳ tiểu vận, k đánh giá hay dán nhãn e ạk.","Nguồn lực cá nhân (nhân hòa) lên vận theo từng Thái Tuế của chu kỳ tiểu vận, không đánh giá hay dán nhãn em ạ.","<s>: 0.0123, ▁Nguồn: 0.0371, ▁lực: 0.0137, ▁cá: 0.0674, ▁nhân: 0.0839, ▁(: 0.0677, n: 0.0223, hân: 0.0002, <unk>: 9.678, ): 0.0281, ▁lên: 0.0623, ▁vận: 0.0029, ▁theo: 0.0173, ▁từng: 0.0082, ▁Thái: 0.0011, ▁Tu: 4.0245, ế: 0.0174, ▁của: 0.0946, ▁chu: 0.0176, ▁kỳ: 0.0137, ▁tiểu: 0.0004, ▁vận: 0.0107, ,: 0.1149, ▁không: 0.1143, ▁đánh: 0.0104, ▁giá: 0.0249, ▁hay: 0.0608, ▁dán: 0.0003, ▁nhãn: 0.0005, ▁em: 0.1011, ▁ạ: 0.0352, .: 0.0692, </s>: 0.0448",0.4502,9.678
4909,Mik từng cs thu nhập loanh quoanh 200tr đều đặn hàng tháng trg 1 năm cách đây 3-4 năm trc.,Mình từng có thu nhập loanh quanh 200 triệu đều đặn hàng tháng trong 1 năm cách đây 3-4 năm trước.,"<s>: 0.0132, ▁Mình: 0.0598, ▁từng: 0.0173, ▁có: 0.0604, ▁thu: 0.0249, ▁nhập: 0.0414, ▁loan: 0.0002, h: 0.0135, ▁quanh: 10.8241, ▁200: 0.0485, ▁triệu: 0.4155, ▁đều: 0.0093, ▁đ: 0.1597, ặ: 0.0139, n: 0.0299, ▁hàng: 0.0155, ▁tháng: 0.0133, ▁trong: 0.0642, ▁1: 0.0624, ▁năm: 0.0243, ▁cách: 0.0113, ▁đây: 0.0168, ▁3-4: 0.0067, ▁năm: 0.0433, ▁trước: 0.0308, .: 0.0568, </s>: 0.0592",0.4495,10.8241
6658,vì nếu tl ko khéo thì NTD sẽ mặc định rằng b là ng nhảy ziệc và rất khó đặt niềm tin.,vì nếu trả lời không khéo thì nhà tuyển dụng sẽ mặc định rằng bạn là người nhảy việc và rất khó đặt niềm tin.,"<s>: 0.0128, ▁vì: 0.0712, ▁nếu: 0.0296, ▁trả: 0.1286, ▁lời: 0.0012, ▁không: 0.071, ▁khéo: 0.0013, ▁thì: 0.0865, ▁nhà: 9.7341, ▁tuyển: 1.8022, ▁dụng: 0.0866, ▁sẽ: 0.0468, ▁mặc: 0.0011, ▁định: 0.0205, ▁rằng: 0.02, ▁bạn: 0.0446, ▁là: 0.0528, ▁người: 0.0644, ▁nhảy: 0.0008, ▁việc: 0.0087, ▁và: 0.0556, ▁rất: 0.0177, ▁khó: 0.0135, ▁đặt: 0.003, ▁niềm: 0.0009, ▁tin: 0.018, .: 0.1038, </s>: 0.0641",0.4486,9.7341
7998,mnf ng yêu cũ qay về thành côg trc thềm 2026 rùi mng ơi 😝😝 hoá ra manifest là cs thậttt mấy ngày nay cứ nổ hũ hoài thuii,manifest người yêu cũ quay về thành công trước thềm 2026 rồi mọi người ơi 😝😝 hóa ra manifest là có thật mấy ngày nay cứ nổ hũ hoài thôi,"<s>: 0.0143, ▁manifest: 9.7429, ▁người: 0.9007, ▁yêu: 0.0329, ▁cũ: 0.0023, ▁quay: 0.1195, ▁về: 0.039, ▁thành: 0.0475, ▁công: 0.0034, ▁trước: 0.0525, ▁th: 0.0175, ề: 0.0052, m: 0.0215, ▁20: 0.0038, 26: 0.0035, ▁rồi: 0.0392, ▁mọi: 0.0337, ▁người: 0.0484, ▁ơi: 0.0116, ▁: 0.0372, <unk>: 0.032, <unk>: 0.0417, ▁hóa: 5.7386, ▁ra: 0.0281, ▁manifest: 0.0014, ▁là: 0.0769, ▁có: 0.0778, ▁thật: 0.0016, ▁mấy: 0.009, ▁ngày: 0.0293, ▁nay: 0.0587, ▁cứ: 0.0087, ▁nổ: 0.0004, ▁h: 0.0168, ũ: 0.0041, ▁h: 0.0117, oài: 0.001, ▁thôi: 0.104, </s>: 0.0724",0.4485,9.7429
6947,"- Nếu ngta ns b cs hoạ về lời qua tiếng lại, hãy ik hát karaoke cho dui.","- Nếu người ta nói bạn có họa về lời qua tiếng lại, hãy đi hát karaoke cho vui.","<s>: 0.0148, ▁-: 0.061, ▁Nếu: 0.0281, ▁người: 0.0606, ▁ta: 0.0473, ▁nói: 0.0887, ▁bạn: 0.0225, ▁có: 0.0934, <unk>: 8.4834, ▁về: 0.1646, ▁lời: 0.0217, ▁qua: 0.0465, ▁tiếng: 0.0222, ▁lại: 0.0207, ,: 0.1112, ▁hãy: 0.0116, ▁đi: 0.0368, ▁hát: 0.0077, ▁karaoke: 0.0048, ▁cho: 0.072, ▁vui: 0.6723, .: 0.0785, </s>: 0.0804",0.4457,8.4834
1557,ấy zị mak chỉ cần cs 4 5 ngày ckhai ik chs riêng cùng ngkhac 1 cách zẻ @@ Éo tin tưởng đk chút nào,ấy vậy mà chỉ cần có 4 5 ngày công khai đi chơi riêng cùng người khác 1 cách vui vẻ @@ Đéo tin tưởng được chút nào,"<s>: 0.0153, ▁ấy: 0.0091, ▁vậy: 0.3045, ▁mà: 0.0597, ▁chỉ: 0.0364, ▁cần: 0.0239, ▁có: 0.1057, ▁4: 0.0238, ▁5: 0.0508, ▁ngày: 0.0171, ▁công: 0.1358, ▁khai: 0.0523, ▁đi: 0.1429, ▁chơi: 0.068, ▁riêng: 0.006, ▁cùng: 0.0214, ▁người: 0.0847, ▁khác: 0.0199, ▁1: 0.2093, ▁cách: 0.0206, ▁vui: 2.4863, ▁vẻ: 0.0184, ▁: 0.1194, <unk>: 0.0747, ▁Đ: 9.9555, é: 0.4265, o: 0.0109, ▁tin: 0.0318, ▁tưởng: 0.0166, ▁được: 0.04, ▁chút: 0.0184, ▁nào: 0.0142, </s>: 0.0793",0.4454,9.9555
2086,Nhx mqh k ảnh hưởng hoặc ảnh hưởng tiêu cực đến bthan và cn ngày một ngày hai ks.,Những mối quan hệ không ảnh hưởng hoặc ảnh hưởng tiêu cực đến bản thân và con ngày một ngày hai không sao.,"<s>: 0.0142, ▁Những: 0.1664, ▁mối: 0.0204, ▁quan: 0.0186, ▁hệ: 0.0219, ▁không: 0.0697, ▁ảnh: 0.0187, ▁hưởng: 0.0107, ▁hoặc: 0.0284, ▁ảnh: 0.0169, ▁hưởng: 0.0271, ▁tiêu: 0.0133, ▁cực: 0.0644, ▁đến: 0.04, ▁bản: 0.0085, ▁thân: 0.0211, ▁và: 0.1065, ▁con: 0.3468, ▁ngày: 0.0565, ▁một: 0.1026, ▁ngày: 0.0162, ▁hai: 0.0273, ▁không: 1.5978, ▁sao: 8.5825, .: 0.0995, </s>: 0.0739",0.445,8.5825
2837,Buổi đầu ngày 21 và buổi sau ngày 28 cho buổi ws hiệu quả hơn nhé mng.,Buổi đầu ngày 21 và buổi sau ngày 28 cho buổi workshop hiệu quả hơn nhé mọi người.,"<s>: 0.0143, ▁B: 0.0367, uổi: 0.005, ▁đầu: 0.0312, ▁ngày: 0.0242, ▁21: 0.0032, ▁và: 0.0275, ▁buổi: 0.0039, ▁sau: 0.0172, ▁ngày: 0.0187, ▁28: 0.0023, ▁cho: 0.0149, ▁buổi: 0.003, ▁workshop: 9.2019, ▁hiệu: 0.008, ▁quả: 0.0456, ▁hơn: 0.0636, ▁nhé: 0.0164, ▁mọi: 0.009, ▁người: 0.0965, .: 0.0674, </s>: 0.0728",0.4447,9.2019
4006,hệ chất lượng cao bác ạk hệ tiêu chuẩn thì hphi bth hok bằng TV hệ chất lượng cao thì hphi thg x2 tiêu chuẩn,hệ chất lượng cao bác ạ hệ tiêu chuẩn thì học phí bình thường học bằng tiếng Việt hệ chất lượng cao thì học phí thường x2 tiêu chuẩn,"<s>: 0.0156, ▁hệ: 0.007, ▁chất: 0.0128, ▁lượng: 0.035, ▁cao: 0.0117, ▁bác: 0.0178, ▁ạ: 0.046, ▁hệ: 0.0178, ▁tiêu: 0.0295, ▁chuẩn: 0.0172, ▁thì: 0.058, ▁học: 1.1291, ▁phí: 0.159, ▁bình: 0.4548, ▁thường: 0.0145, ▁học: 0.0722, ▁bằng: 0.0196, ▁tiếng: 7.0882, ▁Việt: 3.5356, ▁hệ: 0.0983, ▁chất: 0.0129, ▁lượng: 0.0312, ▁cao: 0.0186, ▁thì: 0.0504, ▁học: 0.0494, ▁phí: 0.0286, ▁thường: 0.0312, ▁x: 0.9036, 2: 0.1359, ▁tiêu: 0.0091, ▁chuẩn: 0.0066, </s>: 0.0944",0.4441,7.0882
2439,Kco cái là tốt tuyệt đối hay xấu hoàn toàn cả.chỉ cs cái phù hợp nhất trg ko thời ấy thui.,Không có cái là tốt tuyệt đối hay xấu hoàn toàn cả. Chỉ có cái phù hợp nhất trong không thời ấy thôi.,"<s>: 0.014, ▁Không: 0.0632, ▁có: 0.055, ▁cái: 0.024, ▁là: 0.0755, ▁tốt: 0.0143, ▁tuyệt: 0.0008, ▁đối: 0.012, ▁hay: 0.036, ▁xấu: 0.0049, ▁hoàn: 0.0048, ▁toàn: 0.0096, ▁cả: 0.0199, .: 0.06, ▁Chỉ: 10.6232, ▁có: 0.0554, ▁cái: 0.0323, ▁phù: 0.0087, ▁hợp: 0.0105, ▁nhất: 0.027, ▁trong: 0.3582, ▁không: 0.2602, ▁thời: 0.0356, ▁ấy: 0.0268, ▁thôi: 0.006, .: 0.0748, </s>: 0.0612",0.4435,10.6232
6698,bên mkt fresher tầm bnhiu v ạk em ms ra trg lương htai 10 nma cty nhàm chán,bên marketing fresher tầm bao nhiêu vậy ạ em mới ra trường lương hiện tại 10 nhưng mà công ty nhàm chán,"<s>: 0.0152, ▁bên: 0.0608, ▁marketing: 1.8257, ▁fresh: 0.0003, er: 0.0039, ▁tầm: 0.0008, ▁bao: 0.0017, ▁nhiêu: 0.0134, ▁vậy: 0.0152, ▁ạ: 0.0115, ▁em: 0.0916, ▁mới: 0.0158, ▁ra: 0.0426, ▁trường: 0.0469, ▁lương: 0.0056, ▁hiện: 8.5491, ▁tại: 0.258, ▁10: 0.0084, ▁nhưng: 0.1346, ▁mà: 0.0373, ▁công: 0.0641, ▁ty: 0.1788, ▁nhà: 0.0269, m: 0.0349, ▁chán: 0.0012, </s>: 0.0822",0.4433,8.5491
6512,nhg họ cg cs sẵn danh sách nlđ đã nghỉ ziệc để gửi dần sau 31/3 vẫn dc,nhưng họ cũng có sẵn danh sách người lao động đã nghỉ việc để gửi dần sau 31/3 vẫn được,"<s>: 0.0156, ▁nhưng: 0.0729, ▁họ: 0.0531, ▁cũng: 0.0484, ▁có: 0.0649, ▁sẵn: 0.0032, ▁danh: 0.0044, ▁sách: 0.0223, ▁người: 1.7307, ▁la: 7.461, o: 0.7026, ▁động: 0.0347, ▁đã: 0.038, ▁nghỉ: 0.0021, ▁việc: 0.0073, ▁để: 0.0991, ▁gửi: 0.0105, ▁dần: 0.0016, ▁sau: 0.0614, ▁3: 0.007, 1/3: 0.0047, ▁vẫn: 0.0593, ▁được: 0.0689, </s>: 0.058",0.443,7.461
532,";; cs thì Đậu c thất tình, k cs thì ấm ức em Cún xink nnay TS K CS RUMOR???",";; có thì Đậu con thất tình, không có thì ấm ức em Cún xinh như này TẠI SAO KHÔNG CÓ RUMOR???","<s>: 0.0139, ▁;: 0.0035, ;: 0.0551, ▁có: 0.0857, ▁thì: 0.0578, ▁Đ: 0.0206, ậu: 0.003, ▁con: 0.1744, ▁thất: 0.0086, ▁tình: 0.0428, ,: 0.0884, ▁không: 0.0998, ▁có: 0.043, ▁thì: 0.0894, ▁ấm: 0.0008, ▁: 0.0881, ức: 0.0025, ▁em: 0.0808, ▁Cú: 0.0014, n: 0.066, ▁xinh: 1.1098, ▁như: 0.5185, ▁này: 0.1376, ▁TẠI: 7.8938, ▁SA: 0.5806, O: 0.0368, ▁KHÔNG: 0.7698, ▁C: 2.3042, Ó: 0.0989, ▁RU: 0.0013, MOR: 0.0094, <unk>: 0.051, </s>: 0.0397",0.4417,7.8938
9413,Kp buông thả mak hãy cho bthan m đc trải nghiệm sau này ko phụ thuộc tc vào ai cs hp hơn nh nka,Không phải buông thả mà hãy cho bản thân mình được trải nghiệm sau này không phụ thuộc tình cảm vào ai cuộc sống hạnh phúc hơn nhiều nha,"<s>: 0.0141, ▁Không: 0.0821, ▁phải: 0.0573, ▁bu: 0.0036, ông: 0.0099, ▁thả: 0.0011, ▁mà: 0.0581, ▁hãy: 0.0132, ▁cho: 0.0403, ▁bản: 0.0043, ▁thân: 0.0303, ▁mình: 0.725, ▁được: 0.0887, ▁trải: 0.0017, ▁nghiệm: 0.0323, ▁sau: 0.0553, ▁này: 0.1043, ▁không: 0.1189, ▁phụ: 0.0253, ▁thuộc: 0.0479, ▁tình: 1.2323, ▁cảm: 0.2913, ▁vào: 0.1329, ▁ai: 0.0262, ▁cuộc: 8.3404, ▁sống: 0.1025, ▁hạnh: 2.1745, ▁phúc: 0.0285, ▁hơn: 0.0819, ▁nhiều: 0.0741, ▁nha: 0.0215, </s>: 0.0775",0.4405,8.3404
4806,Kiểu ng thík yên tĩnh lm vườn thik chăm sóc gđ cs cv nhẹ nhàng ổn định...nghĩ cảnh sáng ra 2vc chạy bộ r về chăm sóc vườn,Kiểu người thích yên tĩnh làm vườn thích chăm sóc gia đình có công việc nhẹ nhàng ổn định... nghĩ cảnh sáng ra hai vợ chồng chạy bộ rồi về chăm sóc vườn,"<s>: 0.0133, ▁Kiể: 0.0034, u: 0.087, ▁người: 0.0686, ▁thích: 0.0263, ▁yên: 0.0025, ▁tĩnh: 0.0162, ▁làm: 0.0951, ▁vườn: 0.0021, ▁thích: 0.0043, ▁chăm: 0.0052, ▁sóc: 0.0095, ▁gia: 0.0318, ▁đình: 0.0955, ▁có: 0.0915, ▁công: 0.1891, ▁việc: 0.0236, ▁nhẹ: 0.0132, ▁nhàng: 0.0052, ▁ổn: 0.0018, ▁định: 0.0096, ...: 0.0145, ▁nghĩ: 9.3353, ▁cảnh: 0.0057, ▁sáng: 0.0052, ▁ra: 0.0249, ▁hai: 4.6981, ▁vợ: 1.1474, ▁chồng: 0.0137, ▁chạy: 0.0055, ▁bộ: 0.0162, ▁rồi: 0.0306, ▁về: 0.0379, ▁chăm: 0.0021, ▁sóc: 0.0085, ▁vườn: 0.0029, </s>: 0.1476",0.4403,9.3353
1117,"Mưa lưả, hoả ca, hoả lực pằng pằng chéo😶","Mưa lửa, hoả ca, hoả lực pằng pằng chéo😶","<s>: 0.015, ▁M: 0.043, ư: 0.0044, a: 0.0189, ▁lửa: 7.0948, ,: 0.0694, ▁ho: 0.1155, ả: 0.0116, ▁ca: 0.021, ,: 0.1121, ▁ho: 0.2434, ả: 0.0308, ▁lực: 0.0072, ▁p: 1.3498, ằng: 0.0074, ▁p: 0.2348, ằng: 0.0021, ▁: 0.1177, ché: 0.0014, o: 0.0415, <unk>: 0.0755, </s>: 0.0657",0.4401,7.0948
6953,"dnay em cứ liên tục gặp p vđ về tngt, hỏng hóc về xe ms mua thì em nên lm j ạk","dạo này em cứ liên tục gặp phải vấn đề về tai nạn giao thông, hỏng hóc về xe mới mua thì em nên làm gì ạ","<s>: 0.0139, ▁dạ: 0.0785, o: 0.0018, ▁này: 0.0818, ▁em: 0.0639, ▁cứ: 0.0187, ▁liên: 0.0109, ▁tục: 0.0168, ▁gặp: 0.0058, ▁phải: 0.4751, ▁vấn: 0.0675, ▁đề: 0.0067, ▁về: 0.0913, ▁tai: 7.2482, ▁nạn: 1.7758, ▁giao: 2.8802, ▁thông: 0.5132, ,: 0.056, ▁hỏng: 0.0076, ▁hó: 0.0026, c: 0.137, ▁về: 0.0658, ▁xe: 0.0177, ▁mới: 0.0343, ▁mua: 0.0388, ▁thì: 0.0991, ▁em: 0.0892, ▁nên: 0.0396, ▁làm: 0.0266, ▁gì: 0.0149, ▁ạ: 0.0217, </s>: 0.0812",0.4401,7.2482
4997,để đánh đổi cs nợ nần áp lực bằng cờ bạc k ?,để đánh đổi cuộc sống nợ nần áp lực bằng cờ bạc không ?,"<s>: 0.0139, ▁để: 0.2263, ▁đánh: 0.011, ▁đổi: 0.0148, ▁cuộc: 7.142, ▁sống: 0.0557, ▁nợ: 0.0722, ▁n: 0.0247, ầ: 0.0089, n: 0.0533, ▁áp: 0.0061, ▁lực: 0.0241, ▁bằng: 0.0474, ▁cờ: 0.007, ▁bạc: 0.0036, ▁không: 0.1257, ▁?: 0.016, </s>: 0.0647",0.4399,7.142
3439,Đg cs ctrinh j hả c s em thấy mn mua nh z ạk. Srr em k bt nên hỏi ạk huhu,Đang có chương trình gì hả chị sao em thấy mọi người mua nhiều thế ạ. Xin lỗi em không biết nên hỏi ạ huhu,"<s>: 0.0143, ▁Đang: 0.0766, ▁có: 0.071, ▁chương: 0.2613, ▁trình: 0.0336, ▁gì: 0.0208, ▁hả: 0.0057, ▁chị: 0.7135, ▁sao: 0.1398, ▁em: 0.0838, ▁thấy: 0.0156, ▁mọi: 0.024, ▁người: 0.0407, ▁mua: 0.0207, ▁nhiều: 0.0299, ▁thế: 0.8714, ▁ạ: 0.0064, .: 0.045, ▁Xin: 9.1743, ▁lỗi: 0.4946, ▁em: 0.1496, ▁không: 0.0498, ▁biết: 0.0473, ▁nên: 0.0938, ▁hỏi: 0.028, ▁ạ: 0.0201, ▁: 0.1194, huhu: 0.001, </s>: 0.0819",0.4391,9.1743
6515,Tôi nghỉ cty cũ từ tháng 4 và check lương chỉ cs 1 tháng thêm thươnge tết thực nhận là 11tr còn lại toàn 5 6 tr,Tôi nghỉ công ty cũ từ tháng 4 và check lương chỉ có 1 tháng thêm thưởng tết thực nhận là 11 triệu còn lại toàn 5 6 triệu,"<s>: 0.0158, ▁Tôi: 0.0542, ▁nghỉ: 0.006, ▁công: 0.1081, ▁ty: 0.1135, ▁cũ: 0.0156, ▁từ: 0.0291, ▁tháng: 0.0128, ▁4: 0.0094, ▁và: 0.0429, ▁check: 0.0022, ▁lương: 0.0175, ▁chỉ: 0.1508, ▁có: 0.1039, ▁1: 0.0459, ▁tháng: 0.0145, ▁thêm: 0.0255, ▁thưởng: 11.1729, ▁tế: 0.0085, t: 0.0603, ▁thực: 0.0125, ▁nhận: 0.0198, ▁là: 0.11, ▁11: 0.0108, ▁triệu: 0.281, ▁còn: 0.0593, ▁lại: 0.0444, ▁toàn: 0.0062, ▁5: 0.0218, ▁6: 0.0671, ▁triệu: 1.264, </s>: 0.1018",0.4378,11.1729
3846,vs bánh của bà là ai đặt ròi ms bdau đổ để bánh nóng và ngonnnnn ớ,với bánh của bà là ai đặt rồi mới bắt đầu đổ để bánh nóng và ngon á,"<s>: 0.0147, ▁với: 0.3051, ▁bánh: 0.0077, ▁của: 0.1952, ▁bà: 0.0972, ▁là: 0.1205, ▁ai: 0.0602, ▁đặt: 0.0068, ▁rồi: 0.0711, ▁mới: 0.05, ▁bắt: 0.0117, ▁đầu: 0.0023, ▁đổ: 0.0008, ▁để: 0.0754, ▁bánh: 0.003, ▁nóng: 0.0056, ▁và: 0.1291, ▁ngon: 0.008, ▁á: 7.4681, </s>: 0.1066",0.437,7.4681
8093,"1 điều lunnn cần thiết cho 1 mqh chính thức: ""Lời tỏ tình TT"" và hoa (cho lãng mạn th chứ bảo là bắt buộc thì cx hơi qa","1 điều luôn cần thiết cho 1 mối quan hệ chính thức: ""Lời tỏ tình TRỰC TIẾP"" và hoa (cho lãng mạn thôi chứ bảo là bắt buộc thì cũng hơi quá","<s>: 0.0141, ▁1: 0.1273, ▁điều: 0.0141, ▁luôn: 0.0293, ▁cần: 0.016, ▁thiết: 0.0656, ▁cho: 0.0323, ▁1: 0.0878, ▁mối: 0.0049, ▁quan: 0.0447, ▁hệ: 0.0236, ▁chính: 0.0284, ▁thức: 0.0304, :: 0.1003, ▁"": 0.0363, L: 0.1463, ời: 0.0019, ▁tỏ: 0.0008, ▁tình: 0.0155, ▁TR: 7.2645, Ự: 4.533, C: 0.0356, ▁TI: 4.4703, Ế: 0.0063, P: 0.3289, "": 0.0316, ▁và: 0.0577, ▁hoa: 0.0123, ▁(: 0.0533, cho: 0.6759, ▁lãng: 0.0007, ▁mạn: 0.0036, ▁thôi: 0.0159, ▁chứ: 0.0108, ▁bảo: 0.0157, ▁là: 0.0688, ▁bắt: 0.0052, ▁buộc: 0.0105, ▁thì: 0.0811, ▁cũng: 0.0909, ▁hơi: 0.0022, ▁quá: 0.0448, </s>: 0.0956",0.4357,7.2645
7707,Cs thể hiện tại luonn=)))T confirm đợt T sang Hàn gặp bả ik quanh lol park nhé(chồng T cx mấy lần thấy bả ở Gangnam,Có thể hiện tại luôn=)))Tôi confirm đợt tôi sang Hàn gặp bả đi quanh LOL Park nhé(chồng tôi cũng mấy lần thấy bả ở Gangnam,"<s>: 0.0151, ▁Có: 0.0788, ▁thể: 0.0036, ▁hiện: 0.0285, ▁tại: 0.0679, ▁luôn: 0.0027, =: 0.0068, ))): 0.0232, Tôi: 0.5924, ▁confirm: 0.0005, ▁đợt: 0.0012, ▁tôi: 0.9589, ▁sang: 0.0351, ▁Hàn: 0.0278, ▁gặp: 0.0242, ▁b: 0.0871, ả: 0.0325, ▁đi: 0.0805, ▁quanh: 0.0133, ▁LOL: 8.8619, ▁Park: 3.4811, ▁nhé: 0.0172, (: 0.0151, ch: 0.018, ồng: 0.0021, ▁tôi: 0.8124, ▁cũng: 0.0696, ▁mấy: 0.0118, ▁lần: 0.0148, ▁thấy: 0.0082, ▁b: 0.0221, ả: 0.0358, ▁ở: 0.0253, ▁Gang: 0.0001, nam: 0.0026, </s>: 0.1632",0.4345,8.8619
1382,"Còn cnay bả lưu vào thời điểm ổng đag nổi as, màk đã cs NYM nx :))","Còn cái này bả lưu vào thời điểm ổng đang nổi á, mà đã có người yêu mới nữa :))","<s>: 0.0138, ▁Còn: 0.0116, ▁cái: 0.0726, ▁này: 0.0796, ▁b: 0.4231, ả: 0.0218, ▁lưu: 0.0012, ▁vào: 0.0279, ▁thời: 0.0316, ▁điểm: 0.0963, ▁ổn: 0.1238, g: 0.0736, ▁đang: 0.037, ▁nổi: 0.0009, ▁á: 0.0106, ,: 0.1228, ▁mà: 0.0786, ▁đã: 0.0805, ▁có: 0.0905, ▁người: 8.6888, ▁yêu: 0.0644, ▁mới: 0.1915, ▁nữa: 0.356, <unk>: 0.0897, </s>: 0.0549",0.4337,8.6888
5169,Này content chứ ch xác thực sinh trắc hok và từng mua/trả đủ ít nhất 4 đợt thì lsao sọppe cho m mức 17.5m này đc 😑,Này content chứ chưa xác thực sinh trắc học và từng mua/trả đủ ít nhất 4 đợt thì làm sao Shopee cho mày mức 17.5 triệu này được 😑,"<s>: 0.0136, ▁: 0.1322, Này: 0.0026, ▁content: 0.0003, ▁chứ: 0.0515, ▁chưa: 0.0607, ▁xác: 0.0137, ▁thực: 0.0128, ▁sinh: 0.0085, ▁tr: 0.2841, ắ: 0.0049, c: 0.0178, ▁học: 0.0174, ▁và: 0.1238, ▁từng: 0.0067, ▁mua: 0.018, /: 0.0327, tr: 0.0421, ả: 0.0043, ▁đủ: 0.0463, ▁ít: 0.0042, ▁nhất: 0.0282, ▁4: 0.0131, ▁đợt: 0.0031, ▁thì: 0.0657, ▁làm: 0.1813, ▁sao: 0.0038, ▁Shop: 8.8353, ee: 4.363, ▁cho: 0.035, ▁mày: 0.4484, ▁mức: 0.0061, ▁17.: 0.0034, 5: 0.0022, ▁triệu: 2.0705, ▁này: 0.1457, ▁được: 0.0534, ▁: 0.0769, <unk>: 0.0612, </s>: 0.046",0.4335,8.8353
3060,gđ ank ce thw nhau Còn các ah ce bn muốn hỏi về tư vấn tc thì cứ inb mik sẵn sàng share kn nhé 🙏,gia đình anh chị em thương nhau Còn các anh chị em bạn muốn hỏi về tư vấn tài chính thì cứ inbox mình sẵn sàng share kinh nghiệm nhé 🙏,"<s>: 0.0141, ▁gia: 0.296, ▁đình: 0.041, ▁anh: 0.0537, ▁chị: 0.0481, ▁em: 9.0358, ▁thương: 0.3219, ▁nhau: 0.0172, ▁Còn: 0.0102, ▁các: 0.04, ▁anh: 0.0128, ▁chị: 0.0264, ▁em: 1.8546, ▁bạn: 0.0208, ▁muốn: 0.025, ▁hỏi: 0.0322, ▁về: 0.0292, ▁tư: 0.0149, ▁vấn: 0.0046, ▁tài: 2.4854, ▁chính: 0.1097, ▁thì: 0.0788, ▁cứ: 0.0091, ▁in: 0.1741, box: 0.1333, ▁mình: 0.0105, ▁sẵn: 0.0031, ▁sàng: 0.0129, ▁share: 0.0013, ▁kinh: 0.0063, ▁nghiệm: 0.0521, ▁nhé: 0.0153, ▁: 0.0662, <unk>: 0.0424, </s>: 0.0389",0.4325,9.0358
4505,Tui cs cái tui lazada p may lại quai kb bao lần nhg ik đâu cg quăng tất cả đồ vào về lại quăng quật khỏi ph nghĩ.,Tui có cái tui Lazada phải may lại quai không biết bao lần nhưng đi đâu cũng quăng tất cả đồ vào về lại quăng quật khỏi phải nghĩ.,"<s>: 0.0145, ▁Tu: 0.1415, i: 0.0562, ▁có: 0.0395, ▁cái: 0.0216, ▁tui: 0.1201, ▁Lazada: 9.5691, ▁phải: 0.5548, ▁may: 0.0059, ▁lại: 0.0645, ▁qua: 0.2433, i: 0.1446, ▁không: 0.0931, ▁biết: 4.0021, ▁bao: 0.0081, ▁lần: 0.0632, ▁nhưng: 0.1734, ▁đi: 0.0214, ▁đâu: 0.0028, ▁cũng: 0.0525, ▁qu: 0.0031, ăng: 0.0059, ▁tất: 0.0388, ▁cả: 0.0404, ▁đồ: 0.0092, ▁vào: 0.0788, ▁về: 0.1073, ▁lại: 0.0544, ▁qu: 0.003, ăng: 0.0288, ▁qu: 0.0086, ật: 0.0056, ▁khỏi: 0.001, ▁phải: 0.0109, ▁nghĩ: 0.0064, .: 0.114, </s>: 0.0773",0.432,9.5691
5195,"N chỉ doạ lm ziệc vs bên phường hay dán hình các thứ , nhưg tht ra n ko lm đâu :)))","Nó chỉ dọa làm việc với bên phường hay dán hình các thứ , nhưng thật ra nó không làm đâu :)))","<s>: 0.0149, ▁Nó: 0.0297, ▁chỉ: 0.0612, <unk>: 9.124, ▁làm: 0.1903, ▁việc: 0.0221, ▁với: 0.06, ▁bên: 0.1574, ▁phường: 0.0438, ▁hay: 0.0439, ▁dán: 0.0008, ▁hình: 0.0512, ▁các: 0.1076, ▁thứ: 0.0362, ▁: 0.1388, ,: 0.0816, ▁nhưng: 0.1985, ▁thật: 0.031, ▁ra: 0.0651, ▁nó: 0.037, ▁không: 0.0972, ▁làm: 0.061, ▁đâu: 0.0223, <unk>: 0.0473, </s>: 0.0536",0.4311,9.124
3728,Cs Mất Kết Nối của Dương Domic Từng Quen của Wren Evans Ko Đau Nx Rùi EXSH,Có Mất Kết Nối của Dương Domic Từng Quen của Wren Evans Không Đau Nữa Rồi EXSH,"<s>: 0.0154, ▁Có: 0.1499, ▁M: 0.0202, ấ: 0.02, t: 0.0241, ▁Kết: 0.0079, ▁N: 0.046, ối: 0.0052, ▁của: 0.0959, ▁Dương: 0.0062, ▁Dom: 0.0007, ic: 0.0145, ▁Từ: 0.0033, ng: 0.0174, ▁Que: 0.0005, n: 0.0201, ▁của: 0.1124, ▁W: 0.0085, ren: 0.0039, ▁Evans: 0.0, ▁Không: 0.1849, ▁Đa: 0.0002, u: 0.0126, ▁Nữ: 9.021, a: 0.8797, ▁Rồi: 1.7329, ▁EX: 0.0001, SH: 0.0205, </s>: 0.0696",0.4308,9.021
245,"Uno đg cần tuyển hoạ sĩ webtoon nh khâu, lm remote 100%, lương ngol nghẻ nọi ng ơiiii","Uno đang cần tuyển hoạ sĩ webtoon nhiều khâu, làm remote 100%, lương ngon nghẻ mọi người ơi","<s>: 0.014, ▁Uno: 0.0017, ▁đang: 0.0433, ▁cần: 0.0383, ▁tuyển: 0.0103, ▁ho: 0.2957, ạ: 0.0407, ▁sĩ: 0.0237, ▁web: 0.0015, toon: 0.0005, ▁nhiều: 0.063, ▁khâu: 0.0166, ,: 0.0633, ▁làm: 0.0574, ▁remote: 0.0002, ▁100%: 0.0032, ,: 0.1202, ▁lương: 0.0021, ▁ngon: 0.0301, ▁ng: 0.3508, h: 0.019, ẻ: 0.0034, ▁mọi: 9.2988, ▁người: 0.0628, ▁ơi: 0.0076, </s>: 0.6308",0.4307,9.2988
2451,"""mình thấy cban nữ"", ""sau này bme mất thì b sẽ lsao khi về zà"":)?","""mình thấy các bạn nữ"", ""sau này bố, mẹ mất thì bạn sẽ làm sao khi về già"":)?","<s>: 0.0155, ▁"": 0.0696, m: 0.0178, ình: 0.0117, ▁thấy: 0.0226, ▁các: 0.0637, ▁bạn: 0.0665, ▁nữ: 0.0164, "",: 0.0456, ▁"": 0.0461, sau: 0.3892, ▁này: 0.0242, ▁bố: 0.0928, ,: 10.194, ▁mẹ: 0.0695, ▁mất: 0.0086, ▁thì: 0.088, ▁bạn: 0.1201, ▁sẽ: 0.0355, ▁làm: 0.3806, ▁sao: 0.3314, ▁khi: 0.0623, ▁về: 0.0258, ▁già: 0.0348, "": 0.0229, :: 0.0401, ): 0.044, ?: 0.0536, </s>: 0.0679",0.4297,10.194
8404,"đừng thấy idol trung của mìnk k share hay phát ngôn zì về đlb màk tung hô họ liêm nhé, chẳng qua họ k ns thui =))))))))))","đừng thấy idol Trung của mình không share hay phát ngôn gì về đường lưỡi bò mà tung hô họ liêm nhé, chẳng qua họ không nói thôi =))))))))))","<s>: 0.0146, ▁đừng: 0.0098, ▁thấy: 0.0425, ▁idol: 0.0029, ▁Trung: 7.1307, ▁của: 0.2163, ▁mình: 0.0334, ▁không: 0.1201, ▁share: 0.004, ▁hay: 0.1175, ▁phát: 0.0266, ▁ngôn: 0.0073, ▁gì: 0.117, ▁về: 0.0356, ▁đường: 3.833, ▁lưỡi: 2.3977, ▁bò: 0.3161, ▁mà: 0.0624, ▁tung: 0.0001, ▁hô: 0.0007, ▁họ: 0.0274, ▁li: 0.0166, êm: 0.0013, ▁nhé: 0.0126, ,: 0.0849, ▁chẳng: 0.0006, ▁qua: 0.019, ▁họ: 0.0372, ▁không: 0.1181, ▁nói: 0.0681, ▁thôi: 0.0364, ▁=: 0.0061, <unk>: 0.0313, <unk>: 0.0485, </s>: 0.0341",0.4294,7.1307
6888,văn hoá thờ mẫu thờ thần linh thiên nhiên sau này du nhập Nho giáo từ đầu Côg Nguyên thì ms bị mất ik.,văn hóa thờ mẫu thờ thần linh thiên nhiên sau này du nhập Nho giáo từ đầu Công nguyên thì mới bị mất đi.,"<s>: 0.0127, ▁văn: 0.0105, ▁hóa: 3.67, ▁thờ: 0.0213, ▁mẫu: 0.0056, ▁thờ: 0.0161, ▁thần: 0.0328, ▁linh: 0.003, ▁thiên: 0.003, ▁nhiên: 0.0181, ▁sau: 0.0394, ▁này: 0.0219, ▁du: 0.0075, ▁nhập: 0.0115, ▁N: 0.0644, ho: 0.0138, ▁giáo: 0.0156, ▁từ: 0.0445, ▁đầu: 0.0217, ▁Công: 0.0523, ▁nguyên: 7.5443, ▁thì: 0.0555, ▁mới: 0.0103, ▁bị: 0.1253, ▁mất: 0.0115, ▁đi: 0.0282, .: 0.0955, </s>: 0.0513",0.4288,7.5443
2261,kiểu txuc dzừa ph thì ít va chạm nhx lúc ở cạnh thì chỉ cố gắng dành điều tốt cho nhau th 🤓,kiểu tiếp xúc vừa phải thì ít va chạm những lúc ở cạnh thì chỉ cố gắng dành điều tốt cho nhau thôi 🤓,"<s>: 0.0131, ▁kiểu: 0.0095, ▁tiếp: 8.1383, ▁xúc: 2.0328, ▁vừa: 0.1958, ▁phải: 0.0458, ▁thì: 0.0413, ▁ít: 0.0123, ▁va: 0.0078, ▁chạm: 0.0042, ▁những: 0.4552, ▁lúc: 0.0105, ▁ở: 0.0481, ▁cạnh: 0.0285, ▁thì: 0.1041, ▁chỉ: 0.0983, ▁cố: 0.0158, ▁gắng: 0.0035, ▁dành: 0.0048, ▁điều: 0.0313, ▁tốt: 0.0059, ▁cho: 0.0659, ▁nhau: 0.0229, ▁thôi: 0.006, ▁: 0.037, <unk>: 0.0551, </s>: 0.0588",0.4279,8.1383
7365,hồng trần là cõi tạm :) Tr ơiii t tiếc tiền mak t tứccc as.Các bác cs in4 chỗ nào xem tử vi hay mak kiểu phân tích rõ ràng cho tui xin zới 🥹,hồng trần là cõi tạm :) Trời ơi tôi tiếc tiền mà tôi tức á.Các bác có info chỗ nào xem tử vi hay mà kiểu phân tích rõ ràng cho tui xin với 🥹,"<s>: 0.0136, ▁hồng: 0.0014, ▁trần: 0.0016, ▁là: 0.0766, ▁c: 0.1318, õi: 0.0004, ▁tạm: 0.0026, <unk>: 1.5192, ▁Trời: 0.1071, ▁ơi: 0.0154, ▁tôi: 0.6124, ▁tiếc: 0.0009, ▁tiền: 0.0159, ▁mà: 0.0558, ▁tôi: 0.0719, ▁tức: 0.0016, ▁á: 6.3604, .: 0.0625, C: 0.0675, ác: 0.024, ▁bác: 0.01, ▁có: 0.0666, ▁info: 7.1903, ▁chỗ: 0.0268, ▁nào: 0.0158, ▁xem: 0.0142, ▁tử: 0.0044, ▁vi: 0.0083, ▁hay: 0.0191, ▁mà: 0.0366, ▁kiểu: 0.0047, ▁phân: 0.0041, ▁tích: 0.0109, ▁rõ: 0.0031, ▁ràng: 0.0068, ▁cho: 0.054, ▁tui: 0.9875, ▁xin: 0.0096, ▁với: 0.1126, ▁: 0.0882, <unk>: 0.0697, </s>: 0.0523",0.4271,7.1903
3132,"S các ôg giữ dc phả hệ từ đời nào z nhỉ, họ tôi bị Mẽo đốt phả r, h chỉ đến đời cụ kị tôi th","Sao các ông giữ được phả hệ từ đời nào vậy nhỉ, họ tôi bị Mỹ đốt phả rồi, giờ chỉ đến đời cụ kỵ tôi thôi","<s>: 0.0167, ▁Sao: 0.0069, ▁các: 0.0803, ▁ông: 0.0252, ▁giữ: 0.0094, ▁được: 0.0581, ▁ph: 0.0427, ả: 0.0255, ▁hệ: 0.0077, ▁từ: 0.057, ▁đời: 0.0216, ▁nào: 0.0521, ▁vậy: 0.4485, ▁nhỉ: 0.0064, ,: 0.1354, ▁họ: 0.0287, ▁tôi: 0.0512, ▁bị: 0.0711, ▁Mỹ: 8.6161, ▁đốt: 0.0024, ▁ph: 0.0887, ả: 0.0182, ▁rồi: 0.0175, ,: 0.0863, ▁giờ: 0.0172, ▁chỉ: 0.0866, ▁đến: 0.022, ▁đời: 0.0225, ▁cụ: 0.0038, ▁k: 0.1651, ỵ: 4.0685, ▁tôi: 0.0372, ▁thôi: 0.0072, </s>: 0.0663",0.4256,8.6161
2099,Csong muôn màu màk nhìn vào đoạn màu hồng màk sống chứ b xui mấy em ý xem cái khúc màu xám lgi 😂,Cuộc sống muôn màu mà nhìn vào đoạn màu hồng mà sống chứ bạn xui mấy em ấy xem cái khúc màu xám làm gì 😂,"<s>: 0.0148, ▁Cuộc: 0.0154, ▁sống: 0.0085, ▁mu: 0.0293, ôn: 0.0031, ▁màu: 0.0045, ▁mà: 0.0559, ▁nhìn: 0.0117, ▁vào: 0.0485, ▁đoạn: 0.0033, ▁màu: 0.0065, ▁hồng: 0.0008, ▁mà: 0.0751, ▁sống: 0.0112, ▁chứ: 0.0102, ▁bạn: 0.0647, ▁xu: 0.0015, i: 0.0532, ▁mấy: 0.0055, ▁em: 0.0124, ▁ấy: 12.7363, ▁xem: 0.012, ▁cái: 0.0383, ▁khúc: 0.0008, ▁màu: 0.0015, ▁x: 0.0263, ám: 0.001, ▁làm: 0.1222, ▁gì: 0.0393, ▁: 0.0606, <unk>: 0.052, </s>: 0.0407",0.424,12.7363
5514,Nhưg bank lại chốt ngày 14 và tbao nợ ngày 17 mak ko tb đến kh ngày chốt thì theo b ai kỳ 😩,Nhưng bank lại chốt ngày 14 và thông báo nợ ngày 17 mà không thông báo đến khách hàng ngày chốt thì theo bạn ai kỳ 😩,"<s>: 0.0161, ▁Nhưng: 0.0308, ▁bank: 0.014, ▁lại: 0.06, ▁ch: 0.0078, ốt: 0.0032, ▁ngày: 0.0205, ▁14: 0.0027, ▁và: 0.0384, ▁thông: 0.4897, ▁báo: 0.0253, ▁nợ: 0.0114, ▁ngày: 0.0217, ▁17: 0.0055, ▁mà: 0.0446, ▁không: 0.0627, ▁thông: 0.1039, ▁báo: 0.1053, ▁đến: 0.0265, ▁khách: 11.2484, ▁hàng: 0.3614, ▁ngày: 0.3912, ▁ch: 0.0388, ốt: 0.0036, ▁thì: 0.0732, ▁theo: 0.0237, ▁bạn: 0.042, ▁ai: 0.0987, ▁kỳ: 0.0049, ▁: 0.076, <unk>: 0.0497, </s>: 0.054",0.4236,11.2484
1445,"Qá mệt lun as, ct từ đầu năm 2022 r tới h vẫn vào xem tik t đăng zề bằng đủ thứ acc 🙏🏻","Quá mệt luôn á, chia tay từ đầu năm 2022 rồi tới giờ vẫn vào xem tiktok tôi đăng gì bằng đủ thứ tài khoản 🙏🏻","<s>: 0.0171, ▁Quá: 0.1257, ▁mệt: 0.0027, ▁luôn: 0.1858, ▁á: 0.0084, ,: 0.0982, ▁chia: 0.1065, ▁tay: 0.0064, ▁từ: 0.0836, ▁đầu: 0.0162, ▁năm: 0.0286, ▁2022: 0.0067, ▁rồi: 0.0456, ▁tới: 0.0259, ▁giờ: 0.0239, ▁vẫn: 0.0325, ▁vào: 0.0418, ▁xem: 0.0092, ▁tik: 0.0039, tok: 0.0158, ▁tôi: 0.1445, ▁đăng: 0.0027, ▁gì: 0.0299, ▁bằng: 0.0235, ▁đủ: 0.018, ▁thứ: 0.0066, ▁tài: 12.1047, ▁khoản: 0.0794, ▁: 0.1182, <unk>: 0.0574, <unk>: 0.0398, </s>: 0.03",0.4231,12.1047
1764,Bên t cx lm gói qcao vs VTV :)) bên t thì doanh nghiệp to nhưg cx ký các cái gói tvc nhỏ kèm nhưg về cơ bản là đắt lắm nka :)),Bên tôi cũng làm gói quảng cáo với VTV :)) bên tôi thì doanh nghiệp to nhưng cũng ký các cái gói TVC nhỏ kèm nhưng về cơ bản là đắt lắm nha :)),"<s>: 0.0129, ▁Bên: 0.0303, ▁tôi: 0.0967, ▁cũng: 0.0698, ▁làm: 0.1026, ▁gói: 0.0008, ▁quảng: 0.4553, ▁cáo: 0.009, ▁với: 0.1169, ▁V: 0.0481, TV: 0.0075, <unk>: 1.1461, ▁bên: 0.0147, ▁tôi: 0.0955, ▁thì: 0.0565, ▁doanh: 0.0127, ▁nghiệp: 0.0525, ▁to: 0.0705, ▁nhưng: 0.2157, ▁cũng: 0.1126, ▁ký: 0.0852, ▁các: 0.179, ▁cái: 0.4023, ▁gói: 0.0003, ▁TV: 7.7377, C: 4.5613, ▁nhỏ: 0.0197, ▁kèm: 0.0139, ▁nhưng: 0.1198, ▁về: 0.0284, ▁cơ: 0.0203, ▁bản: 0.0599, ▁là: 0.0257, ▁đắt: 0.0043, ▁lắm: 0.005, ▁nha: 0.0067, <unk>: 0.0239, </s>: 0.0307",0.4224,7.7377
1680,"Nếu màk g muốn hc nn thì p tht chăm, nhma ko cs gốc sợ nhanh nản tại vì sat cg khoai đấy","Nếu mà giờ muốn học ngoại ngữ thì phải thật chăm, nhưng mà không có gốc sợ nhanh nản tại vì sat cũng khoai đấy","<s>: 0.0135, ▁Nếu: 0.0168, ▁mà: 0.0367, ▁giờ: 0.2018, ▁muốn: 0.0244, ▁học: 0.1216, ▁ngoại: 10.1209, ▁ngữ: 1.4831, ▁thì: 0.0741, ▁phải: 0.0367, ▁thật: 0.1215, ▁chăm: 0.0055, ,: 0.1073, ▁nhưng: 0.1043, ▁mà: 0.0195, ▁không: 0.1031, ▁có: 0.0636, ▁gốc: 0.0024, ▁sợ: 0.0114, ▁nhanh: 0.0065, ▁n: 0.0254, ả: 0.0094, n: 0.0771, ▁tại: 0.0861, ▁vì: 0.0307, ▁sat: 0.0077, ▁cũng: 0.0687, ▁khoa: 0.0044, i: 0.0247, ▁đấy: 0.0091, </s>: 0.0684",0.4221,10.1209
3685,tht sự tụi Thái n đk ik event free riết sơ hở là đòi quyền lợi:)))) né fan Inter như né tà mặc dù kh ai lgi mấy má,thật sự tụi Thái nó được đi event free riết sơ hở là đòi quyền lợi:)))) né fan International như né tà mặc dù không ai làm gì mấy má,"<s>: 0.014, ▁thật: 0.0389, ▁sự: 0.0379, ▁tụ: 0.0081, i: 0.0299, ▁Thái: 0.0079, ▁nó: 0.0304, ▁được: 0.0763, ▁đi: 0.0519, ▁event: 0.0034, ▁free: 0.0014, ▁ri: 0.0032, ết: 0.0009, ▁sơ: 0.001, ▁h: 0.0299, ở: 0.0042, ▁là: 0.0771, ▁đòi: 0.004, ▁quyền: 0.0083, ▁lợi: 0.0217, :: 0.0388, <unk>: 0.1612, ▁né: 0.0001, ▁fan: 0.0041, ▁International: 14.7983, ▁như: 0.0692, ▁né: 0.0003, ▁: 0.2434, tà: 0.0003, ▁mặc: 0.0039, ▁dù: 0.0108, ▁không: 0.022, ▁ai: 0.0205, ▁làm: 0.0829, ▁gì: 0.0075, ▁mấy: 0.0016, ▁má: 0.0046, </s>: 0.0798",0.421,14.7983
3804,"Tui hơn ẻm cs mấy tháng th, nhg nhất quyết kêu bằng “ẻm” chứ ko bb j ht nka 🤣","Tui hơn em có mấy tháng thôi, nhưng nhất quyết kêu bằng “em” chứ không bạn bè gì hết nha 🤣","<s>: 0.0146, ▁Tu: 0.1741, i: 0.0634, ▁hơn: 0.0146, ▁em: 0.3339, ▁có: 0.1987, ▁mấy: 0.0106, ▁tháng: 0.011, ▁thôi: 0.0648, ,: 0.0831, ▁nhưng: 0.08, ▁nhất: 0.0097, ▁quyết: 0.0088, ▁kêu: 0.0039, ▁bằng: 0.0167, ▁“: 0.1274, em: 7.9541, ”: 0.0135, ▁chứ: 0.0238, ▁không: 0.0641, ▁bạn: 1.7118, ▁bè: 0.5013, ▁gì: 0.0503, ▁hết: 0.0054, ▁nha: 0.0379, ▁: 0.0826, <unk>: 0.0458, </s>: 0.0482",0.4198,7.9541
3526,chẳng bjk snay càng ngày càng lạm phát màk bme càng lớn tuổi lương chẳng tăng thì chật vật đến nhường nào:(,chẳng biết sau này càng ngày càng lạm phát mà bố mẹ càng lớn tuổi lương chẳng tăng thì chật vật đến nhường nào:(,"<s>: 0.0137, ▁chẳng: 0.031, ▁biết: 0.0069, ▁sau: 10.7103, ▁này: 1.2671, ▁càng: 0.0099, ▁ngày: 0.0202, ▁càng: 0.0101, ▁lạ: 0.0012, m: 0.0213, ▁phát: 0.0047, ▁mà: 0.1251, ▁bố: 0.1467, ▁mẹ: 0.0286, ▁càng: 0.0092, ▁lớn: 0.0154, ▁tuổi: 0.0192, ▁lương: 0.0182, ▁chẳng: 0.0242, ▁tăng: 0.0442, ▁thì: 0.1036, ▁ch: 0.0294, ật: 0.0064, ▁vật: 0.0186, ▁đến: 0.0419, ▁nh: 0.1078, ường: 0.0048, ▁nào: 0.0231, :: 0.0385, (: 0.008, </s>: 0.0818",0.4191,10.7103
3810,Cười điên sự tích bú liếm CT của chanh cám bdau từ cái dưa th này nèk 🤣 sự sỉ nhục của bố bỉm + sự bú liếm CT của cám chanh qua lời helen cs vẻ tự hào qá.,Cười điên sự tích bú liếm CT của chanh cám bắt đầu từ cái dưa thối này nè 🤣 sự sỉ nhục của bố bỉm + sự bú liếm CT của cám chanh qua lời Helen có vẻ tự hào quá.,"<s>: 0.0134, ▁C: 0.0726, ười: 0.0006, ▁điên: 0.0006, ▁sự: 0.0529, ▁tích: 0.0078, ▁bú: 0.0027, ▁l: 0.0415, iếm: 0.001, ▁CT: 0.0436, ▁của: 0.0707, ▁chan: 0.0036, h: 0.0236, ▁cá: 0.0186, m: 0.0109, ▁bắt: 0.4356, ▁đầu: 0.0041, ▁từ: 0.0316, ▁cái: 0.0211, ▁dư: 0.0024, a: 0.0318, ▁th: 4.6132, ối: 5.8081, ▁này: 0.0388, ▁nè: 0.0044, ▁: 0.1321, <unk>: 0.0352, ▁sự: 0.0219, ▁s: 0.4827, ỉ: 0.0077, ▁nh: 0.022, ục: 0.0061, ▁của: 0.116, ▁bố: 0.0092, ▁b: 0.185, ỉ: 0.0208, m: 0.0294, ▁+: 0.0378, ▁sự: 0.0158, ▁bú: 0.0011, ▁l: 0.0544, iếm: 0.0008, ▁CT: 0.015, ▁của: 0.0873, ▁cá: 0.0192, m: 0.018, ▁chan: 0.0001, h: 0.0507, ▁qua: 0.0317, ▁lời: 0.0116, ▁Helen: 9.8952, ▁có: 1.2299, ▁vẻ: 0.0003, ▁tự: 0.0086, ▁hào: 0.0033, ▁quá: 0.0187, .: 0.0922, </s>: 0.0492",0.4149,9.8952
2112,Khi anti Jisoo chửi cô là khọm u40 tôi kảm thấy bị sỉ nhục vì tôi xét về tuổi tác cả BP p gọi tôi bằng cj,Khi anti Jisoo chửi cô là khọm u40 tôi cảm thấy bị sỉ nhục vì tôi xét về tuổi tác cả Blackpink phải gọi tôi bằng chị,"<s>: 0.0149, ▁Khi: 0.0306, ▁anti: 0.0012, ▁Ji: 0.0021, soo: 0.0095, ▁ch: 0.0393, ử: 0.0201, i: 0.0249, ▁cô: 0.0231, ▁là: 0.067, ▁kh: 0.2877, ọ: 0.0115, m: 0.0682, ▁u: 0.1093, 40: 0.0255, ▁tôi: 0.0306, ▁cảm: 0.0568, ▁thấy: 0.0131, ▁bị: 0.0791, ▁s: 0.3775, ỉ: 0.0041, ▁nh: 0.0112, ục: 0.0035, ▁vì: 0.0468, ▁tôi: 0.0258, ▁xét: 0.0007, ▁về: 0.0215, ▁tuổi: 0.0071, ▁tác: 0.0041, ▁cả: 0.021, ▁Black: 12.1072, pin: 1.98, k: 0.2067, ▁phải: 0.1244, ▁gọi: 0.0067, ▁tôi: 0.0643, ▁bằng: 0.0147, ▁chị: 0.0861, </s>: 0.0926",0.4133,12.1072
8480,"Bb mih nhắn hay gọi đều bị chặn, mk chỉ nghĩ hắn gặp p vđề zề khó khăn, nên áp lực","Bạn bè mình nhắn hay gọi đều bị chặn, mình chỉ nghĩ hắn gặp phải vấn đề gì khó khăn, nên áp lực","<s>: 0.014, ▁Bạn: 0.3507, ▁bè: 9.1056, ▁mình: 0.009, ▁nhắn: 0.0152, ▁hay: 0.1078, ▁gọi: 0.0135, ▁đều: 0.0421, ▁bị: 0.0764, ▁chặn: 0.0015, ,: 0.1489, ▁mình: 0.0945, ▁chỉ: 0.0855, ▁nghĩ: 0.0449, ▁hắn: 0.0084, ▁gặp: 0.018, ▁phải: 0.2691, ▁vấn: 0.2719, ▁đề: 0.0744, ▁gì: 0.0112, ▁khó: 0.0185, ▁khăn: 0.0338, ,: 0.1575, ▁nên: 0.0347, ▁áp: 0.0077, ▁lực: 0.0117, </s>: 0.087",0.4116,9.1056
4220,"Thấy nản wa mn, mẹ bỉm sau khoảng tgian chăm c thì lúc ra nhập thị trg lao động tht gian nan.","Thấy nản quá mọi người, mẹ bỉm sau khoảng thời gian chăm con thì lúc gia nhập thị trường lao động thật gian nan.","<s>: 0.0145, ▁Th: 0.0243, ấ: 0.0047, y: 0.0351, ▁n: 0.0449, ả: 0.0112, n: 0.0354, ▁quá: 0.0039, ▁mọi: 0.0184, ▁người: 0.0989, ,: 0.0647, ▁mẹ: 0.0187, ▁b: 0.047, ỉ: 0.0364, m: 0.0194, ▁sau: 0.0273, ▁khoảng: 0.0061, ▁thời: 0.0241, ▁gian: 0.0748, ▁chăm: 0.005, ▁con: 0.0547, ▁thì: 0.0369, ▁lúc: 0.0114, ▁gia: 12.5942, ▁nhập: 0.5853, ▁thị: 0.0115, ▁trường: 0.0022, ▁la: 0.0457, o: 0.1948, ▁động: 0.0316, ▁thật: 0.0514, ▁gian: 0.0319, ▁nan: 0.0013, .: 0.0604, </s>: 0.0429",0.4106,12.5942
8949,Tht ra đây ms là real couple 🤣 các bé anti đừng ghen dùm c Ty nx đc ko.,Thật ra đây mới là real couple 🤣 các bé anti đừng ghen giùm chị Ty nữa được không.,"<s>: 0.016, ▁Thật: 0.0471, ▁ra: 0.058, ▁đây: 0.0299, ▁mới: 0.0215, ▁là: 0.0586, ▁real: 0.0003, ▁couple: 0.0009, ▁: 0.1559, <unk>: 0.078, ▁các: 0.0345, ▁bé: 0.007, ▁anti: 0.0087, ▁đừng: 0.0108, ▁gh: 0.0041, en: 0.0383, ▁gi: 8.8878, ù: 0.0046, m: 0.0356, ▁chị: 0.8386, ▁Ty: 0.0007, ▁nữa: 0.0599, ▁được: 0.0693, ▁không: 0.06, .: 0.0921, </s>: 0.0572",0.4106,8.8878
4506,"Cái túi màu đỏ cs khoá tiện as mom, tui săn mak k đủ đc màu, thiếu cái màu vàng, màu xanh thì 2 cái 😂","Cái túi màu đỏ có khóa tiện á mom, tui săn mà không đủ được màu, thiếu cái màu vàng, màu xanh thì 2 cái 😂","<s>: 0.0133, ▁Cái: 0.0386, ▁túi: 0.0064, ▁màu: 0.0101, ▁đỏ: 0.003, ▁có: 0.0927, <unk>: 11.9162, ▁tiện: 0.0252, ▁á: 0.016, ▁mom: 0.0035, ,: 0.0935, ▁tui: 0.2708, ▁să: 0.0122, n: 0.0861, ▁mà: 0.0363, ▁không: 0.0702, ▁đủ: 0.0095, ▁được: 0.1572, ▁màu: 0.009, ,: 0.0886, ▁thiếu: 0.005, ▁cái: 0.0279, ▁màu: 0.0037, ▁vàng: 0.0129, ,: 0.135, ▁màu: 0.0053, ▁xanh: 0.0013, ▁thì: 0.0892, ▁2: 0.0474, ▁cái: 0.0323, ▁: 0.066, <unk>: 0.0557, </s>: 0.0526",0.4089,11.9162
7954,c đag k bt đủ ds c gái ơi:))))))) c kiếm a nào lương 50tr như c và nhà k cs tsan để dành ik r baoh mua đc nhà và xe:))) phụ nữ nên an phận 1 chút c ạk ms trẻ đẹp dc kkk,chị đang không biết đủ đó chị gái ơi:))))))) chị kiếm anh nào lương 50 triệu như chị và nhà không có tài sản để dành đi rồi bao giờ mua được nhà và xe:))) phụ nữ nên an phận 1 chút chị ạ mới trẻ đẹp được kaka,"<s>: 0.0144, ▁chị: 0.2368, ▁đang: 0.1315, ▁không: 0.0747, ▁biết: 0.0224, ▁đủ: 0.0178, ▁đó: 0.1393, ▁chị: 0.5276, ▁gái: 0.0102, ▁ơi: 0.0259, :: 0.059, ): 0.0409, <unk>: 0.0865, ▁chị: 0.1496, ▁kiếm: 0.0041, ▁anh: 0.049, ▁nào: 0.0132, ▁lương: 0.0183, ▁50: 0.0037, ▁triệu: 0.25, ▁như: 0.0315, ▁chị: 0.348, ▁và: 0.0701, ▁nhà: 0.0414, ▁không: 0.0531, ▁có: 0.0569, ▁tài: 3.3718, ▁sản: 4.6524, ▁để: 0.0622, ▁dành: 0.0047, ▁đi: 0.0337, ▁rồi: 0.0314, ▁bao: 0.0043, ▁giờ: 0.0664, ▁mua: 0.008, ▁được: 0.053, ▁nhà: 0.0347, ▁và: 0.1144, ▁xe: 0.0227, :: 0.0425, ))): 0.0089, ▁phụ: 0.0202, ▁nữ: 0.0233, ▁nên: 0.01, ▁an: 0.0102, ▁phận: 0.0008, ▁1: 0.0698, ▁chút: 0.006, ▁chị: 0.151, ▁ạ: 0.0314, ▁mới: 0.1694, ▁trẻ: 0.0118, ▁đẹp: 0.0125, ▁được: 0.0438, ▁kaka: 11.0924, </s>: 0.2242",0.4083,11.0924
3849,bà cs kêu là bà ms ik bệnh viện về vì tăng huyết áp nên bà mệt lắm nhg p về bán tại bà thuê mặt bằng 200k 1 ngày.,bà có kêu là bà mới đi bệnh viện về vì tăng huyết áp nên bà mệt lắm nhưng phải về bán tại bà thuê mặt bằng 200 nghìn một ngày.,"<s>: 0.0136, ▁bà: 0.0426, ▁có: 0.045, ▁kêu: 0.0041, ▁là: 0.0314, ▁bà: 0.0481, ▁mới: 0.0221, ▁đi: 0.0426, ▁bệnh: 0.09, ▁viện: 0.0135, ▁về: 0.1037, ▁vì: 0.0589, ▁tăng: 0.0741, ▁huyết: 0.006, ▁áp: 0.0075, ▁nên: 0.0499, ▁bà: 0.0632, ▁mệt: 0.0015, ▁lắm: 0.0206, ▁nhưng: 0.1083, ▁phải: 0.0958, ▁về: 0.071, ▁bán: 0.0308, ▁tại: 0.0563, ▁bà: 0.0619, ▁thuê: 0.0023, ▁mặt: 0.0035, ▁bằng: 0.0046, ▁200: 0.0066, ▁nghìn: 7.8633, ▁một: 4.584, ▁ngày: 0.0408, .: 0.1076, </s>: 0.0489",0.4066,7.8633
4855,98 là cgai nên k dám nợ kể cả trả góp :)) Mỗi tháng gửi bố 1 ít để bố trả nợ nh thui,98 là con gái nên không dám nợ kể cả trả góp :)) Mỗi tháng gửi bố 1 ít để bố trả nợ ngân hàng thôi,"<s>: 0.015, ▁98: 0.0046, ▁là: 0.0645, ▁con: 0.0859, ▁gái: 0.0287, ▁nên: 0.0513, ▁không: 0.0998, ▁dám: 0.0085, ▁nợ: 0.0068, ▁kể: 0.0038, ▁cả: 0.0456, ▁trả: 0.0094, ▁góp: 0.0012, <unk>: 0.2399, ▁Mỗ: 0.0053, i: 0.0419, ▁tháng: 0.0159, ▁gửi: 0.0038, ▁bố: 0.0136, ▁1: 0.0822, ▁ít: 0.0031, ▁để: 0.0305, ▁bố: 0.0091, ▁trả: 0.0119, ▁nợ: 0.0048, ▁ngân: 10.6408, ▁hàng: 0.013, ▁thôi: 0.1805, </s>: 0.0596",0.4062,10.6408
2109,"cái cmt cứ cô cô bà bà, gọi chj cho chẻ mng ơi😁😁 iem chào c, chj xì tin qa ạk","cái comment cứ cô cô bà bà, gọi chị cho trẻ mọi người ơi😁😁 em chào chị, chị xì tin quá ạ","<s>: 0.0133, ▁cái: 0.0566, ▁comment: 0.4468, ▁cứ: 0.0104, ▁cô: 0.0314, ▁cô: 0.0445, ▁bà: 0.0112, ▁bà: 0.007, ,: 0.0941, ▁gọi: 0.0045, ▁chị: 0.2554, ▁cho: 0.0382, ▁trẻ: 8.7987, ▁mọi: 0.0798, ▁người: 0.0476, ▁ơi: 0.0302, <unk>: 0.0531, <unk>: 0.0734, ▁em: 0.6043, ▁chào: 0.003, ▁chị: 0.0279, ,: 0.0984, ▁chị: 0.1134, ▁x: 0.5468, ì: 0.0634, ▁tin: 0.0198, ▁quá: 0.0028, ▁ạ: 0.0303, </s>: 0.0847",0.4031,8.7987
5212,Cái vđ nằm ở chỗ “để bthan ko cs tiền” khi ko cs ng thân bbe hay nh hỗ trợ đók.,Cái vấn đề nằm ở chỗ “để bản thân không có tiền” khi không có người thân bạn bè hay ngân hàng hỗ trợ đó.,"<s>: 0.014, ▁Cái: 0.0249, ▁vấn: 0.0772, ▁đề: 0.0179, ▁nằm: 0.0231, ▁ở: 0.0479, ▁chỗ: 0.0071, ▁“: 0.0604, đ: 0.0172, ể: 0.0947, ▁bản: 0.0501, ▁thân: 0.0707, ▁không: 0.0486, ▁có: 0.0555, ▁tiền: 0.014, ”: 0.0072, ▁khi: 0.1111, ▁không: 0.0685, ▁có: 0.0551, ▁người: 0.0537, ▁thân: 0.01, ▁bạn: 0.1427, ▁bè: 0.0096, ▁hay: 0.0588, ▁ngân: 11.048, ▁hàng: 0.061, ▁hỗ: 0.0176, ▁trợ: 0.0093, ▁đó: 0.087, .: 0.0792, </s>: 0.0442",0.4028,11.048
4830,tuổi e đã lgi ra T kh thì e cs thể ns zới ôg bà ngoại hoặc ôg bà nội về chuyện này .,tuổi em đã làm gì ra tiền không thì em có thể nói với ông bà ngoại hoặc ông bà nội về chuyện này .,"<s>: 0.0144, ▁tuổi: 0.0225, ▁em: 0.1465, ▁đã: 0.0389, ▁làm: 0.0419, ▁gì: 0.0196, ▁ra: 0.125, ▁tiền: 9.6739, ▁không: 0.1987, ▁thì: 0.0872, ▁em: 0.0601, ▁có: 0.0929, ▁thể: 0.0291, ▁nói: 0.0317, ▁với: 0.0974, ▁ông: 0.011, ▁bà: 0.027, ▁ngoại: 0.009, ▁hoặc: 0.0403, ▁ông: 0.006, ▁bà: 0.0223, ▁nội: 0.0098, ▁về: 0.0675, ▁chuyện: 0.0217, ▁này: 0.0394, ▁: 0.2154, .: 0.0527, </s>: 0.0523",0.4019,9.6739
5249,"=> Câu tl là kh, VAYVND này khi bùng thì ae cứ yên tâm thoải mái nhé vay trên web thì kco vde j ht.","=> Câu trả lời là không, VayVND này khi bùng thì anh em cứ yên tâm thoải mái nhé vay trên web thì không có vấn đề gì hết.","<s>: 0.0144, <unk>: 0.3411, ▁Câu: 0.0208, ▁trả: 0.0005, ▁lời: 0.0019, ▁là: 0.052, ▁không: 0.0592, ,: 0.0549, ▁Va: 7.9128, y: 5.2818, VN: 0.0529, D: 0.0447, ▁này: 0.0276, ▁khi: 0.0361, ▁b: 0.0083, ùng: 0.0016, ▁thì: 0.0507, ▁anh: 0.174, ▁em: 0.0903, ▁cứ: 0.0187, ▁yên: 0.0019, ▁tâm: 0.0356, ▁thoải: 0.0008, ▁mái: 0.0277, ▁nhé: 0.0072, ▁vay: 0.0029, ▁trên: 0.0468, ▁web: 0.0112, ▁thì: 0.0803, ▁không: 0.102, ▁có: 0.1218, ▁vấn: 0.0103, ▁đề: 0.0119, ▁gì: 0.0082, ▁hết: 0.0031, .: 0.0685, </s>: 0.0744",0.4016,7.9128
746,… (được check mỹ phẩm thoải mai nếu cs yêu cầu) Lh khó zalo: 0869.245.247 (Thanh Thuỳ) Hoặc ig: stormi..h3t Cám ơn các tình iu 💕,… (được check mỹ phẩm thoải mái nếu có yêu cầu) Liên hệ zalo: 0869.245.247 (Thanh Thuỳ) Hoặc instagram: stormi..h3t Cám ơn các tình yêu 💕,"<s>: 0.0134, ▁...: 0.019, ▁(: 0.1532, đ: 0.0424, ược: 0.0762, ▁check: 0.0069, ▁mỹ: 0.0016, ▁phẩm: 0.0467, ▁thoải: 0.0017, ▁mái: 9.2461, ▁nếu: 0.0736, ▁có: 0.0549, ▁yêu: 0.0177, ▁cầu: 0.0495, ): 0.028, ▁Liên: 0.7683, ▁hệ: 0.0166, ▁za: 8.0856, lo: 0.0119, :: 0.0694, ▁08: 0.0066, 69: 0.0008, .: 0.0373, 24: 0.006, 5.2: 0.0507, 47: 0.0308, ▁(: 0.059, Tha: 0.0016, nh: 0.0462, ▁Thu: 0.0117, ỳ: 0.0029, ): 0.037, ▁Ho: 0.1104, ặc: 0.0234, ▁instagram: 0.1693, :: 0.0313, ▁stor: 0.0003, mi: 0.0036, .: 0.0997, .: 0.1325, h: 0.1162, 3: 0.0302, t: 0.4035, ▁Cá: 0.0021, m: 0.027, ▁ơn: 0.0261, ▁các: 0.0837, ▁tình: 0.0066, ▁yêu: 0.0358, ▁: 0.3028, <unk>: 0.0774, </s>: 0.0553",0.4002,9.2461
7020,"b qua địa chỉ bên mk cô Đoan Trang xem tử vi, phong thuỷ, kinh dịch,... siêu chuẩn siêu kĩ ở Thái Thịnh ạk 🧡","bạn qua địa chỉ bên mình cô Đoan Trang xem tử vi, phong thủy, kinh dịch,... siêu chuẩn siêu kỹ ở Thái Thịnh ạ 🧡","<s>: 0.0133, ▁bạn: 0.0629, ▁qua: 0.1159, ▁địa: 0.0121, ▁chỉ: 0.0197, ▁bên: 0.0428, ▁mình: 0.04, ▁cô: 0.0824, ▁Đ: 0.0319, oan: 0.0029, ▁Trang: 0.0012, ▁xem: 0.0188, ▁tử: 0.0074, ▁vi: 0.0186, ,: 0.0801, ▁phong: 0.0078, <unk>: 10.9297, ,: 0.0815, ▁kinh: 0.0155, ▁dịch: 0.0183, ,: 0.158, ...: 0.0086, ▁siêu: 0.0015, ▁chuẩn: 0.0012, ▁siêu: 0.0066, ▁kỹ: 1.5395, ▁ở: 0.0731, ▁Thái: 0.0043, ▁Thị: 0.006, nh: 0.0399, ▁ạ: 0.0154, ▁: 0.0487, <unk>: 0.0544, </s>: 0.0465",0.4002,10.9297
2552,Mổ đẻ xoq về là nhờ y tá dạy thay bỉm cho cn ăn .,Mổ đẻ xong về là nhờ y tá dạy thay bỉm cho con ăn.,"<s>: 0.0148, ▁M: 0.0702, ổ: 0.0212, ▁đẻ: 0.0051, ▁xong: 0.006, ▁về: 0.0692, ▁là: 0.0944, ▁nhờ: 0.0275, ▁y: 0.0154, ▁tá: 0.003, ▁dạy: 0.0083, ▁thay: 0.0161, ▁b: 0.0935, ỉ: 0.0253, m: 0.0257, ▁cho: 0.0778, ▁con: 0.0925, ▁ăn: 0.039, .: 7.2326, </s>: 0.0645",0.4001,7.2326
2865,Nhà t chỉ cúng 1 mâm sáng m1 cs gà nem canh măng + pónk,Nhà tôi chỉ cúng 1 mâm sáng mùng 1 có gà nem canh măng + bóng,"<s>: 0.0135, ▁Nhà: 0.1381, ▁tôi: 0.1823, ▁chỉ: 0.0327, ▁cú: 0.0034, ng: 0.0344, ▁1: 0.0932, ▁mâ: 0.0023, m: 0.1095, ▁sáng: 0.0247, ▁m: 0.3054, ùng: 0.1211, ▁1: 0.0752, ▁có: 0.0264, ▁gà: 0.0104, ▁nem: 0.0031, ▁can: 0.0016, h: 0.0039, ▁mă: 0.0063, ng: 0.0487, ▁+: 0.0231, ▁bóng: 7.1384, </s>: 0.7764",0.3989,7.1384
9289,Tui đu J-drama và Jpop chục năm r ch thấy quả visual nào tới ngưỡng này 😩 Giọng lúc hậm hực “Hmmm” vs điệu cười ngố tàu cuti xỉu 😩 Giai nhân trg mộng bao ng vẫn bị ghost ht ns nổi 🥹,Tui đu J-drama và J-pop chục năm rồi chưa thấy quả visual nào tới ngưỡng này 😩 Giọng lúc hậm hực “Hmmm” với điệu cười ngố tàu cute xỉu 😩 Giai nhân trong mộng bao người vẫn bị ghost hết nói nổi 🥹,"<s>: 0.0146, ▁Tu: 0.1093, i: 0.0552, ▁: 0.0559, đu: 0.006, ▁J: 0.0261, -: 0.0086, drama: 0.0212, ▁và: 0.0584, ▁J: 0.0131, -: 7.1704, pop: 0.0314, ▁chục: 0.0015, ▁năm: 0.0246, ▁rồi: 0.0386, ▁chưa: 0.0255, ▁thấy: 0.0314, ▁quả: 0.0021, ▁visual: 0.0041, ▁nào: 0.0238, ▁tới: 0.0182, ▁ngưỡng: 0.001, ▁này: 0.0318, ▁: 0.036, <unk>: 0.0404, ▁Gi: 0.0053, ọ: 0.0209, ng: 0.011, ▁lúc: 0.0064, ▁h: 0.0179, ậm: 0.002, ▁h: 0.0059, ực: 0.018, ▁“: 0.0681, H: 0.1333, mm: 0.0671, m: 0.0212, ”: 0.0154, ▁với: 0.0292, ▁điệu: 0.0029, ▁cười: 0.0018, ▁ng: 0.0461, ố: 0.0023, ▁tàu: 0.0042, ▁cute: 3.7903, ▁x: 0.0157, ỉ: 0.0042, u: 0.0203, ▁: 0.0535, <unk>: 0.0445, ▁Gia: 0.0011, i: 0.0103, ▁nhân: 0.0059, ▁trong: 0.4922, ▁mộng: 0.0081, ▁bao: 0.0275, ▁người: 0.0912, ▁vẫn: 0.0113, ▁bị: 0.0256, ▁g: 0.0036, host: 0.0, ▁hết: 0.0089, ▁nói: 9.0548, </s>: 3.5162",0.3986,9.0548
4814,"Kaka h lấy vk về trồng rau nuôi gà, cs an nhàn hưởng thụ nhất màk cn ng hướng đến nka bn","Kaka giờ lấy vợ về trồng rau nuôi gà, cuộc sống an nhàn hưởng thụ nhất mà con người hướng đến nha bạn","<s>: 0.0143, ▁Kaka: 0.0475, ▁giờ: 0.0208, ▁lấy: 0.0213, ▁vợ: 0.0186, ▁về: 0.0385, ▁trồng: 0.0573, ▁rau: 0.0573, ▁nuôi: 0.0159, ▁gà: 0.0045, ,: 0.137, ▁cuộc: 8.6232, ▁sống: 0.0176, ▁an: 1.122, ▁nhà: 0.0076, n: 0.0301, ▁hưởng: 0.0035, ▁thụ: 0.0269, ▁nhất: 0.0452, ▁mà: 0.0494, ▁con: 0.0798, ▁người: 0.0664, ▁hướng: 0.0046, ▁đến: 0.0352, ▁nha: 0.0488, ▁bạn: 0.0526, </s>: 0.1176",0.3986,8.6232
6825,Cj này xem cx rất chuẩn vì từng xem cho bố mìnk về vận hạn sức khoẻ và rất đúng.,Chị này xem cũng rất chuẩn vì từng xem cho bố mình về vận hạn sức khỏe và rất đúng.,"<s>: 0.0133, ▁Chị: 0.0559, ▁này: 0.0427, ▁xem: 0.013, ▁cũng: 0.0505, ▁rất: 0.0224, ▁chuẩn: 0.0091, ▁vì: 0.0335, ▁từng: 0.0078, ▁xem: 0.0146, ▁cho: 0.0765, ▁bố: 0.0147, ▁mình: 0.0165, ▁về: 0.0644, ▁vận: 0.0041, ▁hạn: 0.0043, ▁sức: 0.0023, <unk>: 8.3862, ▁và: 0.1095, ▁rất: 0.0218, ▁đúng: 0.0217, .: 0.0895, </s>: 0.0662",0.3974,8.3862
4935,"Mk thấy xài cnay tiện mak,nói chung là cs vay cs trả th","Mình thấy xài cái này tiện mà, nói chung là có vay có trả thôi","<s>: 0.0155, ▁Mình: 0.0699, ▁thấy: 0.0163, ▁x: 0.026, à: 0.0338, i: 0.0106, ▁cái: 0.02, ▁này: 0.0576, ▁tiện: 0.013, ▁mà: 0.0499, ,: 0.1179, ▁nói: 7.0773, ▁chung: 0.0085, ▁là: 0.0561, ▁có: 0.1249, ▁vay: 0.0076, ▁có: 0.136, ▁trả: 0.0152, ▁thôi: 0.0241, </s>: 0.0635",0.3972,7.0773
7061,thực ra âm binh vs ma xó khác j cái google map cs khả năng ik xuyên tường đâu 🤧 ở nhà các cụ cài tường lửa cái là ú ớ ngay,thực ra âm binh với ma xó khác gì cái Google Maps có khả năng đi xuyên tường đâu 🤧 ở nhà các cụ cài tường lửa cái là ú ớ ngay,"<s>: 0.0142, ▁thực: 0.0141, ▁ra: 0.0409, ▁âm: 0.0021, ▁binh: 0.0034, ▁với: 0.0544, ▁ma: 0.0447, ▁x: 0.145, ó: 0.0067, ▁khác: 0.0175, ▁gì: 0.0464, ▁cái: 0.0258, ▁Google: 7.4173, ▁Maps: 5.7386, ▁có: 0.0648, ▁khả: 0.0174, ▁năng: 0.1269, ▁đi: 0.0448, ▁xuyên: 0.0004, ▁tường: 0.0018, ▁đâu: 0.0196, ▁: 0.0724, <unk>: 0.0573, ▁ở: 0.0531, ▁nhà: 0.0179, ▁các: 0.0406, ▁cụ: 0.0022, ▁cài: 0.001, ▁tường: 0.0008, ▁lửa: 0.0003, ▁cái: 0.0446, ▁là: 0.0473, ▁ú: 0.0107, ▁: 0.3254, ớ: 0.0039, ▁ngay: 0.0121, </s>: 0.0881",0.3952,7.4173
8438,"Tui cx hc lớp này , đc 3 buổi , từ hồi Khoá Môi , đến h vẫn chx cs buổi thứ 4 😆😆😆","Tui cũng học lớp này , được 3 buổi , từ hồi Khóa Môi , đến giờ vẫn chưa có buổi thứ 4 😆😆😆","<s>: 0.0145, ▁Tu: 0.1437, i: 0.0867, ▁cũng: 0.0625, ▁học: 0.0192, ▁lớp: 0.0057, ▁này: 0.0631, ▁: 0.0804, ,: 0.1007, ▁được: 0.0505, ▁3: 0.0364, ▁buổi: 0.0053, ▁: 0.0533, ,: 0.0695, ▁từ: 0.0445, ▁hồi: 0.0115, <unk>: 11.9075, ▁Mô: 0.0089, i: 0.0398, ▁: 0.0644, ,: 0.0604, ▁đến: 0.0512, ▁giờ: 0.034, ▁vẫn: 0.0153, ▁chưa: 0.031, ▁có: 0.0554, ▁buổi: 0.0086, ▁thứ: 0.0085, ▁4: 0.021, ▁: 0.0895, <unk>: 0.0513, <unk>: 0.0427, <unk>: 0.0517, </s>: 0.034",0.3948,11.9075
5847,Rãnh zo Tiểu YY coi lại mấy cái stream cũ ta ns ngọt thui r lun hỏi shao ms cs 1 năm mak leo top kinh z,Rảnh vô Tiểu YY coi lại mấy cái stream cũ ta nói ngọt thôi rồi luôn hỏi sao mới có 1 năm mà leo top kinh thế,"<s>: 0.0172, ▁R: 0.0569, ả: 7.7236, nh: 0.0027, ▁vô: 2.8728, ▁Tiểu: 0.0379, ▁: 0.369, YY: 0.0131, ▁coi: 0.006, ▁lại: 0.0217, ▁mấy: 0.0186, ▁cái: 0.0196, ▁stream: 0.0006, ▁cũ: 0.0154, ▁ta: 0.0695, ▁nói: 0.0688, ▁ngọt: 0.0013, ▁thôi: 0.2295, ▁rồi: 0.0384, ▁luôn: 0.0898, ▁hỏi: 0.0185, ▁sao: 0.0068, ▁mới: 0.0293, ▁có: 0.0811, ▁1: 0.0285, ▁năm: 0.0189, ▁mà: 0.0377, ▁leo: 0.0004, ▁top: 0.0236, ▁kinh: 0.0017, ▁thế: 0.6086, </s>: 0.0653",0.3935,7.7236
6051,"Đừng tự snghi nặng nề đè nén mk qá ảnh hưởng sức khoẻ, ảnh hưởng c.","Đừng tự suy nghĩ nặng nề đè nén mình quá ảnh hưởng sức khỏe, ảnh hưởng con.","<s>: 0.0127, ▁Đừng: 0.0139, ▁tự: 0.1053, ▁suy: 0.008, ▁nghĩ: 0.0257, ▁nặng: 0.0069, ▁n: 0.045, ề: 0.0162, ▁đ: 0.007, è: 0.0099, ▁né: 0.0001, n: 0.0762, ▁mình: 0.1076, ▁quá: 0.0111, ▁ảnh: 0.0037, ▁hưởng: 0.0035, ▁sức: 0.0047, <unk>: 8.2252, ,: 0.1659, ▁ảnh: 0.0101, ▁hưởng: 0.0052, ▁con: 0.4498, .: 0.0704, </s>: 0.0579",0.3934,8.2252
5865,"nhả vía lm 4 năm 1 cty ko nhảy ziệc, đồng nghiệp hoà thuận, ko toxic, kh ổ rắn, support nhau cùng ik lên.","nhả vía làm 4 năm 1 công ty không nhảy việc, đồng nghiệp hòa thuận, không toxic, không ổ rắn, support nhau cùng đi lên.","<s>: 0.0135, ▁nh: 0.0549, ả: 0.0043, ▁vía: 0.0001, ▁làm: 0.0824, ▁4: 0.0161, ▁năm: 0.0217, ▁1: 0.1148, ▁công: 0.2482, ▁ty: 0.0815, ▁không: 0.0729, ▁nhảy: 0.002, ▁việc: 0.0264, ,: 0.0643, ▁đồng: 0.042, ▁nghiệp: 0.1055, <unk>: 9.5331, ▁thuận: 2.857, ,: 0.1113, ▁không: 0.0458, ▁: 0.2517, toxic: 0.0001, ,: 0.1035, ▁không: 0.0243, ▁: 0.1891, ổ: 0.0233, ▁r: 0.0202, ắ: 0.0587, n: 0.0272, ,: 0.0837, ▁support: 0.0005, ▁nhau: 0.0168, ▁cùng: 0.0314, ▁đi: 0.0235, ▁lên: 0.0307, .: 0.1165, </s>: 0.0538",0.3933,9.5331
1429,thay vì lm đẹp để phát triển bthan thì cgiac như cay cú ngta chứ ko hề balance chút nào =))) mak ch chắc ngta qt tới sự hiện diện của mik,thay vì làm đẹp để phát triển bản thân thì cảm giác như cay cú người ta chứ không hề cân bằng chút nào =))) mà chưa chắc người ta quan tâm tới sự hiện diện của mình,"<s>: 0.0142, ▁thay: 0.0293, ▁vì: 0.0119, ▁làm: 0.16, ▁đẹp: 0.0205, ▁để: 0.1449, ▁phát: 0.0247, ▁triển: 0.0287, ▁bản: 0.0013, ▁thân: 0.0116, ▁thì: 0.0481, ▁cảm: 0.0109, ▁giác: 0.0292, ▁như: 0.0539, ▁ca: 0.0152, y: 0.0102, ▁cú: 0.0003, ▁người: 0.0747, ▁ta: 0.0483, ▁chứ: 0.0392, ▁không: 0.0813, ▁hề: 0.0231, ▁cân: 12.6697, ▁bằng: 2.1248, ▁chút: 0.0135, ▁nào: 0.0479, ▁=: 0.023, ))): 0.0107, ▁mà: 0.0448, ▁chưa: 0.0453, ▁chắc: 0.0038, ▁người: 0.0765, ▁ta: 0.0275, ▁quan: 0.06, ▁tâm: 0.0913, ▁tới: 0.0343, ▁sự: 0.0413, ▁hiện: 0.0097, ▁diện: 0.0168, ▁của: 0.0864, ▁mình: 0.014, </s>: 0.1855",0.393,12.6697
4262,"Mom oi mom mua bỉm này ở đâu zay ạk, chỗ em mua ht hàng roi 🥲","Mom ơi mom mua bỉm này ở đâu vậy ạ, chỗ em mua hết hàng rồi 🥲","<s>: 0.0157, ▁Mom: 0.0074, ▁ơi: 0.0527, ▁mom: 0.0129, ▁mua: 0.0183, ▁b: 0.0593, ỉ: 0.024, m: 0.0268, ▁này: 0.0512, ▁ở: 0.0559, ▁đâu: 0.0249, ▁vậy: 0.1522, ▁ạ: 0.0074, ,: 0.0768, ▁chỗ: 0.0032, ▁em: 0.116, ▁mua: 0.012, ▁hết: 0.0064, ▁hàng: 0.0076, ▁rồi: 8.0819, ▁: 0.1041, <unk>: 0.053, </s>: 0.0488",0.3921,8.0819
1590,h mak out thì tương đương phá hd đến ối tiền… còn lại t cg rất thắc mắc,giờ mà out thì tương đương phá hợp đồng đến ối tiền… còn lại tôi cũng rất thắc mắc,"<s>: 0.0153, ▁giờ: 0.0603, ▁mà: 0.0308, ▁out: 0.0052, ▁thì: 0.069, ▁tương: 0.003, ▁đương: 0.0025, ▁phá: 0.0026, ▁hợp: 8.3274, ▁đồng: 0.0284, ▁đến: 0.1272, ▁: 0.2507, ối: 0.0062, ▁tiền: 0.0234, ...: 0.0233, ▁còn: 0.0314, ▁lại: 0.0315, ▁tôi: 0.1556, ▁cũng: 0.072, ▁rất: 0.0115, ▁t: 0.0134, hắc: 0.0088, ▁mắc: 0.0026, </s>: 0.0765",0.3908,8.3274
1449,"r bị cả hai r shao, lâu lâu đến hẹn lại lên nma chắc nym cx kb thg nyc stalk t nh hơn n nghĩ 🧎‍♀️","rồi bị cả hai rồi sao, lâu lâu đến hẹn lại lên nhưng mà chắc người yêu mới cũng không biết thằng người yêu cũ stalk tôi nhiều hơn nó nghĩ 🧎‍♀️","<s>: 0.0143, ▁rồi: 0.0313, ▁bị: 0.0489, ▁cả: 0.0272, ▁hai: 0.0146, ▁rồi: 0.006, ▁sao: 0.0013, ,: 0.0699, ▁lâu: 0.0068, ▁lâu: 0.0264, ▁đến: 0.024, ▁hẹn: 0.0025, ▁lại: 0.0394, ▁lên: 0.0279, ▁nhưng: 0.0958, ▁mà: 0.032, ▁chắc: 0.01, ▁người: 0.082, ▁yêu: 0.168, ▁mới: 1.4934, ▁cũng: 0.1378, ▁không: 0.0345, ▁biết: 0.2789, ▁thằng: 12.1506, ▁người: 0.058, ▁yêu: 0.0158, ▁cũ: 0.083, ▁stal: 0.0164, k: 0.0721, ▁tôi: 0.1477, ▁nhiều: 0.0257, ▁hơn: 0.0169, ▁nó: 0.069, ▁nghĩ: 0.0129, ▁: 0.046, <unk>: 0.0262, ▁: 0.0873, <unk>: 0.0211, <unk>: 0.0793, </s>: 0.0303",0.3908,12.1506
6445,stk bdau cs dư chứ ko âm như trc Nhả vía cực mạnh tại post này 📌Còn ai ch tìm dc cv phù hợp thì vào wall của tui nhận vía ngay nhaaa,số tài khoản bắt đầu có dư chứ không âm như trước Nhả vía cực mạnh tại post này 📌Còn ai chưa tìm được công việc phù hợp thì vào wall của tui nhận vía ngay nha,"<s>: 0.0141, ▁số: 12.1689, ▁tài: 1.3936, ▁khoản: 0.0218, ▁bắt: 0.9917, ▁đầu: 0.0061, ▁có: 0.0728, ▁dư: 0.0042, ▁chứ: 0.0285, ▁không: 0.1096, ▁âm: 0.0068, ▁như: 0.0719, ▁trước: 0.0776, ▁Nh: 0.0266, ả: 0.0049, ▁vía: 0.0002, ▁cực: 0.004, ▁mạnh: 0.0054, ▁tại: 0.0933, ▁post: 0.0014, ▁này: 0.0356, ▁: 0.0813, <unk>: 0.0962, C: 0.0161, ò: 0.0062, n: 0.0244, ▁ai: 0.0225, ▁chưa: 0.0383, ▁tìm: 0.0137, ▁được: 0.0691, ▁công: 0.0609, ▁việc: 0.0462, ▁phù: 0.0374, ▁hợp: 0.0445, ▁thì: 0.1134, ▁vào: 0.0383, ▁wall: 0.0109, ▁của: 0.1414, ▁tui: 0.2534, ▁nhận: 0.0104, ▁vía: 0.0001, ▁ngay: 0.028, ▁nha: 0.0351, </s>: 0.8517",0.3904,12.1689
4247,Ank ck là Bồ nhí của chj sếp cũ và nhx ng trên xe đók đều bt mqh của họ.,Anh chồng là bồ nhí của chị sếp cũ và những người trên xe đó đều biết mối quan hệ của họ.,"<s>: 0.014, ▁Anh: 0.0356, ▁chồng: 0.0477, ▁là: 0.0846, ▁b: 9.1561, ồ: 0.1026, ▁nh: 0.1514, í: 0.0018, ▁của: 0.1246, ▁chị: 0.0725, ▁s: 0.1122, ếp: 0.0153, ▁cũ: 0.0035, ▁và: 0.1299, ▁những: 0.1, ▁người: 0.0816, ▁trên: 0.0165, ▁xe: 0.0104, ▁đó: 0.0516, ▁đều: 0.0234, ▁biết: 0.0688, ▁mối: 0.1357, ▁quan: 0.0217, ▁hệ: 0.0483, ▁của: 0.0725, ▁họ: 0.0373, .: 0.0962, </s>: 0.0656",0.3886,9.1561
8427,lâu lâu đăng ảnh fan mừng muốn ch mak cx lên ns này ns nọ đc :)))) tha cho ổng ik mấy mẹ,lâu lâu đăng ảnh fan mừng muốn chết mà cũng lên nói này nói nọ được :)))) tha cho ổng đi mấy mẹ,"<s>: 0.014, ▁lâu: 0.0097, ▁lâu: 0.0288, ▁đăng: 0.0139, ▁ảnh: 0.0541, ▁fan: 0.0043, ▁mừng: 0.0051, ▁muốn: 0.0209, ▁chết: 9.4222, ▁mà: 0.0472, ▁cũng: 0.1101, ▁lên: 0.0464, ▁nói: 0.0202, ▁này: 0.0273, ▁nói: 0.0161, ▁n: 0.2713, ọ: 0.0297, ▁được: 0.0537, <unk>: 0.1797, ): 0.024, ▁tha: 0.0002, ▁cho: 0.0912, ▁ổn: 0.1582, g: 0.0703, ▁đi: 0.0397, ▁mấy: 0.005, ▁mẹ: 0.013, </s>: 0.0764",0.3876,9.4222
3785,Mong bé lúc nào cx năng lượng như z. Mak quên bớt lm Fan Ovtk ik nka ghép nhạc xog p gth ko là bà c hoang mang liền,Mong bé lúc nào cũng năng lượng như vậy. Mà quên bớt làm Fan Overthinking đi nha ghép nhạc xong phải giải thích không là bà con hoang mang liền,"<s>: 0.0134, ▁Mong: 0.0169, ▁bé: 0.0205, ▁lúc: 0.012, ▁nào: 0.0257, ▁cũng: 0.1321, ▁năng: 0.0063, ▁lượng: 0.0545, ▁như: 0.0385, ▁vậy: 0.586, .: 0.088, ▁Mà: 0.0556, ▁quên: 0.0023, ▁bớt: 0.005, ▁làm: 0.0474, ▁Fan: 0.0228, ▁Over: 7.7948, think: 1.6795, ing: 0.0465, ▁đi: 0.0448, ▁nha: 0.0347, ▁ghé: 0.0002, p: 0.0235, ▁nhạc: 0.0066, ▁xong: 1.2801, ▁phải: 1.0877, ▁giải: 0.3305, ▁thích: 0.023, ▁không: 0.0909, ▁là: 0.0605, ▁bà: 0.022, ▁con: 0.125, ▁hoang: 0.0005, ▁mang: 0.0033, ▁liền: 0.0022, </s>: 0.1194",0.3862,7.7948
8326,Bth hóa mấy ziệc này nhé ạk chứ dăm ba cái post ý kiên riêng trên threads r lại lm nh ng mất thoải mái zới nhạy kảm hơn í,Bình thường hóa mấy việc này nhé ạ chứ dăm ba cái post ý kiến riêng trên threads rồi lại làm nhiều người mất thoải mái với nhạy cảm hơn ý,"<s>: 0.0158, ▁Bình: 0.0167, ▁thường: 0.0195, ▁hóa: 0.0012, ▁mấy: 0.01, ▁việc: 0.0328, ▁này: 0.041, ▁nhé: 0.0221, ▁ạ: 0.0313, ▁chứ: 0.0234, ▁d: 0.0945, ăm: 0.0008, ▁ba: 0.0325, ▁cái: 0.0192, ▁post: 0.0007, ▁ý: 0.0218, ▁kiến: 11.9409, ▁riêng: 0.0083, ▁trên: 0.0268, ▁thread: 0.0002, s: 0.0416, ▁rồi: 0.0174, ▁lại: 0.0188, ▁làm: 0.0173, ▁nhiều: 0.0414, ▁người: 0.0421, ▁mất: 0.006, ▁thoải: 0.0044, ▁mái: 0.0264, ▁với: 0.0655, ▁nhạy: 0.0005, ▁cảm: 0.0066, ▁hơn: 0.0603, ▁ý: 0.6774, </s>: 0.0876",0.3849,11.9409
3031,Éo hiểu s mấy khứa cứ ph zo táp chê cgai ngta zà này nọ.,Đéo hiểu sao mấy khứa cứ phải vô táp chê con gái người ta già này nọ.,"<s>: 0.0141, ▁Đ: 7.6524, é: 0.4404, o: 0.0087, ▁hiểu: 0.0029, ▁sao: 0.0018, ▁mấy: 0.0023, ▁khứ: 0.0001, a: 0.0176, ▁cứ: 0.0204, ▁phải: 0.0139, ▁vô: 0.2719, ▁táp: 0.0001, ▁ch: 0.0187, ê: 0.0056, ▁con: 0.0965, ▁gái: 0.0379, ▁người: 0.0887, ▁ta: 0.0304, ▁già: 0.16, ▁này: 0.0707, ▁n: 0.5259, ọ: 0.0136, .: 0.0626, </s>: 0.0665",0.3849,7.6524
6980,Trc mih nằm mơ thấy đc dắt ik xuống dưới â.m phủ 🥹 xuống ý trôg mọi thứ chỉ đen trắng vs như nhà hồi xưa.,Trước mình nằm mơ thấy được dắt đi xuống dưới âm phủ 🥹 xuống ý trông mọi thứ chỉ đen trắng với như nhà hồi xưa.,"<s>: 0.0146, ▁Trước: 0.0402, ▁mình: 0.0437, ▁nằm: 0.0075, ▁mơ: 0.0069, ▁thấy: 0.0343, ▁được: 0.0571, ▁d: 0.0278, ắ: 0.0133, t: 0.055, ▁đi: 0.0631, ▁xuống: 0.0152, ▁dưới: 0.0068, ▁âm: 10.3929, ▁phủ: 0.0289, ▁: 0.2857, <unk>: 0.0632, ▁xuống: 0.0086, ▁ý: 0.009, ▁trông: 0.6138, ▁mọi: 0.0257, ▁thứ: 0.0312, ▁chỉ: 0.1049, ▁đen: 0.0029, ▁trắng: 0.0028, ▁với: 0.0642, ▁như: 0.0385, ▁nhà: 0.0526, ▁hồi: 0.0155, ▁xưa: 0.0055, .: 0.0997, </s>: 0.0746",0.3846,10.3929
6865,mk còn là LLQ dzới Âu Cơ chứ ng TQ là do Nữ Oa nặn ra =))) nma do đẩy nho giáo lên mức cực đoan nên sự chuyển giao về âm / cân bằng âm dương khó hơn VN mk rất nh,mình còn là Lạc Long Quân với Âu Cơ chứ người Trung Quốc là do Nữ Oa nặn ra =))) nhưng mà do đẩy Nho giáo lên mức cực đoan nên sự chuyển giao về âm / cân bằng âm dương khó hơn Việt Nam mình rất nhiều,"<s>: 0.0142, ▁mình: 0.1434, ▁còn: 0.0699, ▁là: 0.0565, ▁Lạc: 12.8374, ▁Long: 1.9135, ▁Quân: 1.8415, ▁với: 0.0289, ▁Âu: 0.0002, ▁Cơ: 0.0004, ▁chứ: 0.0233, ▁người: 0.0971, ▁Trung: 0.1823, ▁Quốc: 0.0687, ▁là: 0.0878, ▁do: 0.05, ▁Nữ: 0.0222, ▁O: 0.0742, a: 0.0525, ▁n: 0.0294, ặ: 0.0041, n: 0.0315, ▁ra: 0.0546, ▁=: 0.0228, ))): 0.0072, ▁nhưng: 0.0412, ▁mà: 0.0771, ▁do: 0.0355, ▁đẩy: 0.003, ▁N: 2.6663, ho: 0.0112, ▁giáo: 0.0161, ▁lên: 0.0429, ▁mức: 0.0057, ▁cực: 0.0004, ▁đo: 0.0019, an: 0.0087, ▁nên: 0.0597, ▁sự: 0.047, ▁chuyển: 0.0031, ▁giao: 0.0159, ▁về: 0.0382, ▁âm: 0.0061, ▁/: 0.1382, ▁cân: 0.0001, ▁bằng: 0.0071, ▁âm: 0.0032, ▁dương: 0.0043, ▁khó: 0.0095, ▁hơn: 0.0351, ▁Việt: 0.2455, ▁Nam: 0.039, ▁mình: 0.1224, ▁rất: 0.018, ▁nhiều: 0.0158, </s>: 0.0911",0.3843,12.8374
870,Mk nghĩ 9 toán ch đủ để ik gia sư lớp 10 11 12 đâu bn ạk… Cs thể l67 j đók thì còn đc chứ c3 thì hơi qá sức b đấy…,Mình nghĩ 9 toán chưa đủ để đi gia sư lớp 10 11 12 đâu bạn ạ… Có thể lớp 6 7 gì đó thì còn được chứ cấp 3 thì hơi quá sức bạn đấy…,"<s>: 0.0134, ▁Mình: 0.0594, ▁nghĩ: 0.0172, ▁9: 0.0098, ▁toán: 0.0194, ▁chưa: 0.0453, ▁đủ: 0.0094, ▁để: 0.0675, ▁đi: 0.0735, ▁gia: 0.0093, ▁sư: 0.0295, ▁lớp: 0.0099, ▁10: 0.0098, ▁11: 0.0043, ▁12: 0.0036, ▁đâu: 0.007, ▁bạn: 0.0484, ▁ạ: 0.0371, ...: 0.0105, ▁Có: 0.1556, ▁thể: 0.0173, ▁lớp: 2.1227, ▁6: 7.5398, ▁7: 4.1239, ▁gì: 0.0935, ▁đó: 0.0632, ▁thì: 0.0918, ▁còn: 0.0266, ▁được: 0.0647, ▁chứ: 0.008, ▁cấp: 0.1596, ▁3: 0.1347, ▁thì: 0.0525, ▁hơi: 0.0016, ▁quá: 0.0357, ▁sức: 0.0031, ▁bạn: 0.0362, ▁đấy: 0.0085, ...: 0.0217, </s>: 0.0634",0.3827,7.5398
8381,"T thấy này k hẳn chs dơ đâu, tại cách ảnh chs n hèn hèn thui =))) chứ snl này là sd đúng cách ấy","Tôi thấy này không hẳn chơi dơ đâu, tại cách ảnh chơi nó hèn hèn thôi =))) chứ siêu năng lực này là sử dụng đúng cách ấy","<s>: 0.0134, ▁Tôi: 0.1993, ▁thấy: 0.0344, ▁này: 0.0358, ▁không: 0.0946, ▁hẳn: 0.0056, ▁chơi: 0.0603, ▁d: 0.0476, ơ: 0.0044, ▁đâu: 0.0258, ,: 0.1649, ▁tại: 0.0355, ▁cách: 0.014, ▁ảnh: 0.4491, ▁chơi: 0.0153, ▁nó: 0.0347, ▁hè: 0.0001, n: 0.0495, ▁hè: 0.0004, n: 0.0766, ▁thôi: 0.0161, ▁=: 0.0366, ))): 0.0169, ▁chứ: 0.0083, ▁siêu: 7.3615, ▁năng: 3.618, ▁lực: 0.2632, ▁này: 0.058, ▁là: 0.0776, ▁sử: 0.3163, ▁dụng: 0.0162, ▁đúng: 0.0304, ▁cách: 0.0212, ▁ấy: 0.0074, </s>: 0.0909",0.38,7.3615
768,Rõ là nh ôg gv trên lớp ns sùi bọt lên hs đâu cs hiểu ồ ạt ik hok thêm,Rõ là nhiều ông giáo viên trên lớp nói sùi bọt lên học sinh đâu có hiểu ồ ạt đi học thêm,"<s>: 0.0157, ▁R: 0.0462, õ: 0.0049, ▁là: 0.0339, ▁nhiều: 0.0581, ▁ông: 0.0178, ▁giáo: 0.0493, ▁viên: 0.0378, ▁trên: 0.0291, ▁lớp: 0.0047, ▁nói: 0.0653, ▁s: 1.0849, ùi: 0.1754, ▁b: 0.0379, ọ: 0.0066, t: 0.0249, ▁lên: 0.0448, ▁học: 0.1922, ▁sinh: 8.8657, ▁đâu: 0.018, ▁có: 0.055, ▁hiểu: 0.0056, ▁: 0.186, ồ: 0.0011, ▁: 0.1358, ạt: 0.0035, ▁đi: 0.0682, ▁học: 0.0199, ▁thêm: 0.0103, </s>: 0.0881",0.3795,8.8657
5730,Em thấy app thì cs tăng giá mak kbt phần đấy cs tới đc tài xế kh nx hjc,Em thấy app thì có tăng giá mà không biết phần đấy có tới được tài xế không nữa hic,"<s>: 0.0143, ▁Em: 0.0598, ▁thấy: 0.022, ▁app: 0.0087, ▁thì: 0.1249, ▁có: 0.0652, ▁tăng: 0.0402, ▁giá: 0.0274, ▁mà: 0.0814, ▁không: 0.038, ▁biết: 0.0702, ▁phần: 0.0617, ▁đấy: 0.0315, ▁có: 0.1158, ▁tới: 0.0321, ▁được: 0.0515, ▁tài: 0.0048, ▁x: 0.0138, ế: 0.0218, ▁không: 0.125, ▁nữa: 0.0428, ▁hic: 7.5698, </s>: 0.0632",0.3776,7.5698
3546,"Bánh nì 79k (hoặc 75, ko nhớ rõ) ở quán Breadbae trg Royal city, ăn rõ vị matcha, kem siêu ngol.","Bánh này 79 nghìn (hoặc 75, không nhớ rõ) ở quán Breadbae trong Royal city, ăn rõ vị matcha, kem siêu ngon.","<s>: 0.0126, ▁Bán: 0.0087, h: 0.0712, ▁này: 3.497, ▁79: 0.031, ▁nghìn: 8.5371, ▁(: 0.0518, ho: 0.0783, ặc: 0.0206, ▁75: 0.0038, ,: 0.0861, ▁không: 0.0486, ▁nhớ: 0.0209, ▁rõ: 0.0365, ): 0.0188, ▁ở: 0.0607, ▁quán: 0.0344, ▁Bre: 0.0008, ad: 0.0041, ba: 0.0832, e: 0.0111, ▁trong: 0.2793, ▁Royal: 0.0005, ▁city: 0.0033, ,: 0.0889, ▁ăn: 0.0311, ▁rõ: 0.0116, ▁vị: 0.0273, ▁match: 0.0001, a: 0.0598, ,: 0.0815, ▁kem: 0.0032, ▁siêu: 0.0033, ▁ngon: 0.0082, .: 0.0736, </s>: 0.0667",0.3738,8.5371
813,Sau seri rcm lần trc thì trộm vía các em 2k8 book ank nào cx full lịch thì nay lên cho cban danh sách các thợ chụp đẹp,Sau series recommend lần trước thì trộm vía các em 2k8 book anh nào cũng full lịch thì nay lên cho các bạn danh sách các thợ chụp đẹp,"<s>: 0.0144, ▁Sau: 0.0435, ▁series: 9.453, ▁recommend: 1.8345, ▁lần: 0.2991, ▁trước: 0.0265, ▁thì: 0.0445, ▁trộm: 0.0, ▁vía: 0.0, ▁các: 0.1347, ▁em: 0.0238, ▁2: 0.0169, k: 0.0344, 8: 0.018, ▁book: 0.0005, ▁anh: 0.0292, ▁nào: 0.0192, ▁cũng: 0.1241, ▁full: 0.0003, ▁lịch: 0.005, ▁thì: 0.0871, ▁nay: 0.0103, ▁lên: 0.0342, ▁cho: 0.0635, ▁các: 0.0187, ▁bạn: 0.0506, ▁danh: 0.0058, ▁sách: 0.0857, ▁các: 0.0639, ▁th: 0.0217, ợ: 0.0124, ▁chụp: 0.0025, ▁đẹp: 0.0111, </s>: 0.1113",0.3735,9.453
8673,chắc cx cả 3 tháng r k cs hs (dù trc ds cả 2 nhu cầu khá cao) nhưg mik nghĩ đây chắc là chuyện bthg giữa các cặp đôi?,chắc cũng cả ba tháng rồi không có học sinh (dù trước đó cả hai nhu cầu khá cao) nhưng mình nghĩ đây chắc là chuyện bình thường giữa các cặp đôi?,"<s>: 0.0152, ▁chắc: 0.0051, ▁cũng: 0.081, ▁cả: 0.0381, ▁ba: 7.7139, ▁tháng: 0.0174, ▁rồi: 0.0794, ▁không: 0.0565, ▁có: 0.0457, ▁học: 0.7631, ▁sinh: 1.6213, ▁(: 0.0538, d: 0.0197, ù: 0.0071, ▁trước: 0.0259, ▁đó: 0.015, ▁cả: 0.052, ▁hai: 2.8048, ▁nhu: 0.0055, ▁cầu: 0.1196, ▁khá: 0.0153, ▁cao: 0.019, ): 0.0255, ▁nhưng: 0.1111, ▁mình: 0.0599, ▁nghĩ: 0.0129, ▁đây: 0.0127, ▁chắc: 0.0069, ▁là: 0.0428, ▁chuyện: 0.0131, ▁bình: 0.0071, ▁thường: 0.0189, ▁giữa: 0.0363, ▁các: 0.0372, ▁cặp: 0.0085, ▁đôi: 0.0253, ?: 0.09, </s>: 0.0566",0.3721,7.7139
8143,lúc đók chả bik nên dzui hay buồn nx vì cr 1 ng qa tốt h thì move on r nma nghĩ lại vẫn thấy dyeu 😭,lúc đó chả biết nên vui hay buồn nữa vì crush một người quá tốt giờ thì move on rồi nhưng mà nghĩ lại vẫn thấy đáng yêu 😭,"<s>: 0.0143, ▁lúc: 0.0349, ▁đó: 0.0295, ▁chả: 0.0429, ▁biết: 0.0075, ▁nên: 0.0723, ▁vui: 0.001, ▁hay: 0.0132, ▁buồn: 0.0077, ▁nữa: 0.1717, ▁vì: 0.0228, ▁crush: 0.0445, ▁một: 3.1604, ▁người: 0.0668, ▁quá: 0.0062, ▁tốt: 0.02, ▁giờ: 0.039, ▁thì: 0.0825, ▁move: 0.0001, ▁on: 0.0112, ▁rồi: 0.0463, ▁nhưng: 0.0487, ▁mà: 0.0643, ▁nghĩ: 0.0081, ▁lại: 0.0327, ▁vẫn: 0.0248, ▁thấy: 0.0108, ▁đáng: 7.4696, ▁yêu: 0.0955, ▁: 0.0964, <unk>: 0.0596, </s>: 0.0576",0.3707,7.4696
7241,"hehe tui bán onl 2 năm tr, mơi mở tiệm dc tháng thoai😚😚 (tại mất nick bán hoa cũ nên cay qá mở tiệm lun)","hehe tui bán online 2 năm trời, mới mở tiệm được tháng thôi😚😚 (tại mất nick bán hoa cũ nên cay quá mở tiệm luôn)","<s>: 0.0147, ▁hehe: 0.003, ▁tui: 0.0936, ▁bán: 0.0207, ▁online: 4.2898, ▁2: 0.0179, ▁năm: 0.0144, ▁trời: 0.4471, ,: 0.0724, ▁mới: 7.4188, ▁mở: 0.0046, ▁t: 0.0325, iệm: 0.0017, ▁được: 0.0446, ▁tháng: 0.0266, ▁thôi: 0.2994, <unk>: 0.3709, <unk>: 0.1533, ▁(: 0.0467, t: 0.0133, ạ: 0.0126, i: 0.0207, ▁mất: 0.0094, ▁nick: 0.0003, ▁bán: 0.0177, ▁hoa: 0.0094, ▁cũ: 0.0096, ▁nên: 0.0568, ▁ca: 0.0126, y: 0.0119, ▁quá: 0.0063, ▁mở: 0.0018, ▁t: 0.0297, iệm: 0.0015, ▁luôn: 0.014, ): 0.0463, </s>: 0.0636",0.3706,7.4188
6161,Cs 1 số b gen z bây h ik lm rất hiếu thắng và ko nghiêm túc nhg hãy tin mik ik nếu b đàng hoàng ngoan ngoãn,Có 1 số bạn Gen Z bây giờ đi làm rất hiếu thắng và không nghiêm túc nhưng hãy tin mình đi nếu bạn đàng hoàng ngoan ngoãn,"<s>: 0.0153, ▁Có: 0.0551, ▁1: 0.0485, ▁số: 0.0394, ▁bạn: 0.0296, ▁Gen: 7.0456, ▁Z: 4.6775, ▁bây: 0.0114, ▁giờ: 0.0178, ▁đi: 0.0649, ▁làm: 0.0995, ▁rất: 0.0073, ▁hi: 0.0087, ếu: 0.0023, ▁thắng: 0.0116, ▁và: 0.1604, ▁không: 0.0714, ▁nghiêm: 0.0026, ▁túc: 0.0076, ▁nhưng: 0.0688, ▁hãy: 0.0103, ▁tin: 0.0236, ▁mình: 0.0343, ▁đi: 0.0739, ▁nếu: 0.0348, ▁bạn: 0.0598, ▁đàn: 0.0047, g: 0.0597, ▁hoàng: 0.0035, ▁ngo: 0.0015, an: 0.014, ▁ngo: 0.0016, ã: 0.0202, n: 0.0198, </s>: 0.0909",0.3685,7.0456
3970,"Máy hâm sữa Moaz bebe ms 80-90% (chỉ xài trg tháng đầu, tvia ebe ít dậy khuya nên k xài nh), pass 500K 4.","Máy hâm sữa Moaz bebe mới 80-90% (chỉ xài trong tháng đầu, trộm vía em bé ít dậy khuya nên không xài nhiều), pass 500K 4.","<s>: 0.0136, ▁Máy: 0.0178, ▁hâ: 0.0008, m: 0.0194, ▁sữa: 0.0048, ▁Mo: 0.0157, az: 0.0039, <unk>: 0.7943, ▁mới: 0.0227, ▁80-: 0.0233, 90%: 0.0736, ▁(: 0.0415, ch: 0.0142, ỉ: 0.0423, ▁x: 0.0247, à: 0.022, i: 0.0077, ▁trong: 0.2448, ▁tháng: 0.0271, ▁đầu: 0.0418, ,: 0.0775, ▁trộm: 12.6987, ▁vía: 0.098, ▁em: 0.0053, ▁bé: 0.1706, ▁ít: 0.0234, ▁dậy: 0.0019, ▁khu: 0.0247, ya: 0.0248, ▁nên: 0.0656, ▁không: 0.08, ▁x: 0.018, à: 0.0357, i: 0.0128, ▁nhiều: 0.0447, ),: 0.0677, ▁pass: 0.0001, ▁500: 0.005, K: 0.0179, ▁4.: 0.0065, </s>: 0.054",0.3656,12.6987
7357,"Ôiii ước đc nghe vài tiếng bác ơi, ik xem để hiểu thêm về cuộc đời mik mak thấy khủng khíp qa 😭","Ôi ước được nghe vài tiếng bác ơi, đi xem để hiểu thêm về cuộc đời mình mà thấy khủng khiếp quá 😭","<s>: 0.0135, ▁Ô: 0.0334, i: 0.2282, ▁ước: 0.1445, ▁được: 0.0359, ▁nghe: 0.0246, ▁vài: 0.0045, ▁tiếng: 0.011, ▁bác: 0.0151, ▁ơi: 0.0233, ,: 0.1017, ▁đi: 0.0319, ▁xem: 0.0122, ▁để: 0.0767, ▁hiểu: 0.0162, ▁thêm: 0.0161, ▁về: 0.0379, ▁cuộc: 0.0201, ▁đời: 0.0169, ▁mình: 0.0233, ▁mà: 0.025, ▁thấy: 0.0222, ▁khủng: 0.0012, ▁k: 8.3341, hiếp: 1.1788, ▁quá: 0.0019, ▁: 0.0453, <unk>: 0.0524, </s>: 0.0506",0.3655,8.3341
8582,theo dân gian thì uống nc dừa để ht nhanh as mak k bik cs hiệu quả k tại tuỳ cơ địa từng ng =)))))),theo dân gian thì uống nước dừa để hết nhanh á mà không biết có hiệu quả không tại tùy cơ địa từng người =)))))),"<s>: 0.0139, ▁theo: 0.0395, ▁dân: 0.0095, ▁gian: 0.0035, ▁thì: 0.0571, ▁uống: 0.0084, ▁nước: 0.0025, ▁dừa: 0.0046, ▁để: 0.0504, ▁hết: 0.0946, ▁nhanh: 0.0129, ▁á: 0.0433, ▁mà: 0.0497, ▁không: 0.0532, ▁biết: 0.004, ▁có: 0.0645, ▁hiệu: 0.0068, ▁quả: 0.0367, ▁không: 0.1688, ▁tại: 0.0594, <unk>: 9.1024, ▁cơ: 0.1796, ▁địa: 0.0104, ▁từng: 0.0307, ▁người: 0.0392, ▁=: 0.0082, <unk>: 0.0292, </s>: 0.0383",0.365,9.1024
2637,"về ns vs tk ckồnq là đg bầu cs muốn t bị trầm kảm xog cháu nội nhà m tự kỷ hông , để n bảo bố n","về nói với thằng chồng là đang bầu có muốn tôi bị trầm cảm xong cháu nội nhà mày tự kỷ không, để nó bảo bố nó","<s>: 0.0141, ▁về: 0.1391, ▁nói: 0.027, ▁với: 0.0524, ▁thằng: 0.1433, ▁chồng: 0.0034, ▁là: 0.0734, ▁đang: 0.1284, ▁bầu: 0.0076, ▁có: 0.1113, ▁muốn: 0.0195, ▁tôi: 0.1626, ▁bị: 0.0431, ▁trầm: 0.0004, ▁cảm: 0.0098, ▁xong: 1.6292, ▁cháu: 0.0111, ▁nội: 0.0058, ▁nhà: 0.0399, ▁mày: 0.0816, ▁tự: 0.0096, ▁kỷ: 0.0005, ▁không: 0.0241, ,: 7.8461, ▁để: 0.0603, ▁nó: 0.0504, ▁bảo: 0.0146, ▁bố: 0.0121, ▁nó: 0.0173, </s>: 0.1008",0.3613,7.8461
8327,"Bn thík ai thì cổ vũ ng đók thui, muôn lgi thì lm, sống và lm điều bthan muốn.","Bạn thích ai thì cổ vũ người đó thôi, muốn làm gì thì làm, sống và làm điều bản thân muốn.","<s>: 0.0128, ▁Bạn: 0.0398, ▁thích: 0.01, ▁ai: 0.0292, ▁thì: 0.0641, ▁cổ: 0.0024, ▁vũ: 0.0072, ▁người: 0.0902, ▁đó: 0.0219, ▁thôi: 0.0138, ,: 0.0733, ▁muốn: 8.2312, ▁làm: 0.0361, ▁gì: 0.0693, ▁thì: 0.0587, ▁làm: 0.0772, ,: 0.0465, ▁sống: 0.0154, ▁và: 0.0935, ▁làm: 0.0456, ▁điều: 0.0137, ▁bản: 0.0593, ▁thân: 0.0688, ▁muốn: 0.0325, .: 0.095, </s>: 0.0735",0.3608,8.2312
6702,Nên th đừng để HR ph tốn thêm tiền xăng ik tìm nx🔥 Rất nh vị trí đg mở: Sales/ Sales Support/ Kỹ thuật/ Sản xuất ... 📍 Địa điểm lm ziệc: Hà Nội | Hưng Yên | Hải Dương | Hà Nam | TP.HCM | Bắc Ninh,Nên thôi đừng để HR phải tốn thêm tiền xăng đi tìm nữa🔥 Rất nhiều vị trí đang mở: Sales/ Sales Support/ Kỹ thuật/ Sản xuất ... 📍 Địa điểm làm việc: Hà Nội | Hưng Yên | Hải Dương | Hà Nam | Thành phố Hồ Chí Minh | Bắc Ninh,"<s>: 0.0133, ▁Nên: 0.0143, ▁thôi: 0.0383, ▁đừng: 0.009, ▁để: 0.0202, ▁HR: 0.0023, ▁phải: 0.0166, ▁tố: 0.0035, n: 0.0079, ▁thêm: 0.0222, ▁tiền: 0.0164, ▁xăng: 0.0028, ▁đi: 0.0569, ▁tìm: 0.0198, ▁nữa: 0.0154, <unk>: 0.1131, ▁R: 0.0305, ấ: 0.0149, t: 0.0081, ▁nhiều: 0.0201, ▁vị: 0.0033, ▁trí: 0.0195, ▁đang: 0.0234, ▁mở: 0.0046, :: 0.0612, ▁Sales: 0.0011, /: 0.034, ▁Sales: 0.0013, ▁Support: 0.0184, /: 0.0439, ▁Kỹ: 0.0029, ▁thuật: 0.0098, /: 0.0332, ▁Sản: 0.0072, ▁xuất: 0.054, ▁...: 0.0208, ▁: 0.121, <unk>: 0.0427, ▁Địa: 0.0074, ▁điểm: 0.0292, ▁làm: 0.1084, ▁việc: 0.0088, :: 0.0503, ▁Hà: 0.0091, ▁Nội: 0.0052, ▁: 0.0986, |: 0.0042, ▁Hưng: 0.0062, ▁Yên: 0.0181, ▁: 0.0923, |: 0.0068, ▁Hải: 0.0037, ▁Dương: 0.0206, ▁: 0.0705, |: 0.0277, ▁Hà: 0.0175, ▁Nam: 0.0219, ▁: 0.0579, |: 8.2069, ▁Thành: 5.4493, ▁phố: 0.034, ▁Hồ: 0.0549, ▁Chí: 0.0219, </s>: 7.6549",0.3599,8.2069
1432,tb mấy còn ten xồn lm trên mấy page côg cộng 😭 dhs nh ng cứ thik a dua theo mấy cái quotes nhổn lm ở đâu ra ý xog nghĩ rằng phụ nữ ai cx xấu tíh như mk,trung bình mấy content xồn làm trên mấy page công cộng 😭 đéo hiểu sao nhiều người cứ thích a dua theo mấy cái quotes nhổn làm ở đâu ra ý xong nghĩ rằng phụ nữ ai cũng xấu tính như mình,"<s>: 0.015, ▁trung: 0.1368, ▁bình: 0.0243, ▁mấy: 0.0128, ▁content: 10.017, ▁x: 0.2347, ồn: 0.0111, ▁làm: 0.1005, ▁trên: 0.0384, ▁mấy: 0.015, ▁page: 0.0087, ▁công: 0.0321, ▁cộng: 0.0018, ▁: 0.1813, <unk>: 0.035, ▁đ: 4.6935, é: 0.0612, o: 0.0252, ▁hiểu: 0.0294, ▁sao: 0.0312, ▁nhiều: 0.0273, ▁người: 0.0209, ▁cứ: 0.0121, ▁thích: 0.0277, ▁a: 1.3665, ▁dua: 0.0001, ▁theo: 0.0246, ▁mấy: 0.007, ▁cái: 0.0119, ▁quote: 0.002, s: 0.0226, ▁nh: 0.0238, ổ: 0.0105, n: 0.1001, ▁làm: 0.0333, ▁ở: 0.0253, ▁đâu: 0.0171, ▁ra: 0.0115, ▁ý: 0.0039, ▁xong: 0.5548, ▁nghĩ: 0.0041, ▁rằng: 0.0093, ▁phụ: 0.0155, ▁nữ: 0.0096, ▁ai: 0.0208, ▁cũng: 0.0846, ▁xấu: 0.0016, ▁tính: 0.007, ▁như: 0.0493, ▁mình: 0.032, </s>: 0.0976",0.3596,10.017
2183,"T bán goi tập Citygym, ai dki inb t nghen, tặng 1-2 tháng tập thử tại Citygym","Tôi bán gói tập Citygym, ai đăng ký inbox tôi nghen, tặng 1-2 tháng tập thử tại Citygym","<s>: 0.0139, ▁Tôi: 0.2588, ▁bán: 0.0273, ▁gói: 7.6861, ▁tập: 0.037, ▁City: 0.0388, gym: 0.0202, ,: 0.1093, ▁ai: 0.0257, ▁đăng: 0.2549, ▁ký: 0.0441, ▁in: 0.1704, box: 0.0947, ▁tôi: 0.1133, ▁nghe: 0.0163, n: 0.0686, ,: 0.1104, ▁tặng: 0.0033, ▁1-2: 0.0064, ▁tháng: 0.0086, ▁tập: 0.0246, ▁thử: 0.0058, ▁tại: 0.0575, ▁City: 0.0214, gym: 0.0182, </s>: 0.0976",0.359,7.6861
6622,Nhân dịp tháng 3 nghe đồn là tháng nhảy ziệc thì tui muốn confirm lại cs ph 95% lý do nghỉ ziệc nằm ở ziệc b k thik/ ko thể hoà hợp vs quản lý/leader tt của mk hông?,Nhân dịp tháng 3 nghe đồn là tháng nhảy việc thì tui muốn confirm lại có phải 95% lý do nghỉ việc nằm ở việc bạn không thích/ không thể hòa hợp với quản lý/leader trực tiếp của mình không?,"<s>: 0.0131, ▁Nhân: 0.0046, ▁dịp: 0.0035, ▁tháng: 0.0221, ▁3: 0.0158, ▁nghe: 0.0066, ▁đồ: 0.01, n: 0.0507, ▁là: 0.0635, ▁tháng: 0.0109, ▁nhảy: 0.0022, ▁việc: 0.0148, ▁thì: 0.0589, ▁tui: 0.1145, ▁muốn: 0.036, ▁confirm: 0.0008, ▁lại: 0.0826, ▁có: 0.1654, ▁phải: 0.0273, ▁95%: 0.0169, ▁lý: 0.0169, ▁do: 0.0778, ▁nghỉ: 0.0097, ▁việc: 0.0122, ▁nằm: 0.015, ▁ở: 0.0302, ▁việc: 0.0205, ▁bạn: 0.0596, ▁không: 0.0654, ▁thích: 0.0178, /: 0.0101, ▁không: 0.0566, ▁thể: 0.0464, <unk>: 11.0745, ▁hợp: 2.8013, ▁với: 0.0358, ▁quản: 0.0118, ▁lý: 0.0175, /: 0.0106, le: 0.0032, ader: 0.0001, ▁trực: 1.5638, ▁tiếp: 0.056, ▁của: 0.0958, ▁mình: 0.1242, ▁không: 0.0348, ?: 0.1814, </s>: 0.0459",0.3586,11.0745
8523,"Đúng là cs rất nh quả khác nhau nhưg chung quy cx là ngoại tình, phá náy gđ nta mak ra.","Đúng là có rất nhiều quả khác nhau nhưng chung quy cũng là ngoại tình, phá nát gia đình người ta mà ra.","<s>: 0.0133, ▁Đ: 0.0654, ú: 0.0498, ng: 0.0225, ▁là: 0.0437, ▁có: 0.0752, ▁rất: 0.011, ▁nhiều: 0.0304, ▁quả: 0.0177, ▁khác: 0.0128, ▁nhau: 0.0131, ▁nhưng: 0.1589, ▁chung: 0.0042, ▁quy: 0.0032, ▁cũng: 0.103, ▁là: 0.067, ▁ngoại: 0.004, ▁tình: 0.0205, ,: 0.1201, ▁phá: 0.0049, ▁ná: 0.0018, t: 8.4438, ▁gia: 0.0191, ▁đình: 0.0816, ▁người: 0.8371, ▁ta: 0.2411, ▁mà: 0.0352, ▁ra: 0.0535, .: 0.0956, </s>: 0.0565",0.3569,8.4438
2704,"Hội hoạ thì còn tùy bà muốn hc vẽ hay hok phân tích nghệ thuật, nh ng dạy hơn, cs trg chính quy và thầy cô cs thể mời về","Hội họa thì còn tùy bà muốn học vẽ hay học phân tích nghệ thuật, nhiều người dạy hơn, có trường chính quy và thầy cô có thể mời về","<s>: 0.0144, ▁Hội: 0.0149, <unk>: 9.7439, ▁thì: 0.0479, ▁còn: 0.0369, <unk>: 1.1164, ▁bà: 0.0228, ▁muốn: 0.0449, ▁học: 0.016, ▁vẽ: 0.0041, ▁hay: 0.03, ▁học: 0.0414, ▁phân: 0.0047, ▁tích: 0.0064, ▁nghệ: 0.0063, ▁thuật: 0.0122, ,: 0.0892, ▁nhiều: 0.0279, ▁người: 0.0404, ▁dạy: 0.0043, ▁hơn: 0.0293, ,: 0.0687, ▁có: 0.0691, ▁trường: 0.1342, ▁chính: 0.009, ▁quy: 0.01, ▁và: 0.0818, ▁thầy: 0.0107, ▁cô: 0.0489, ▁có: 0.045, ▁thể: 0.0239, ▁mời: 0.0017, ▁về: 0.04, </s>: 0.0723",0.3521,9.7439
6312,Tôi c.trai 33t màk nghĩ đến chạy grab và ship là thấy ớn vì lâu lâu cs ziệc ik xa nắng gió n mệt nhừ ng lun ấy,Tôi con trai 33 tuổi mà nghĩ đến chạy Grab và ship là thấy ớn vì lâu lâu có việc đi xa nắng gió nó mệt nhừ người luôn ấy,"<s>: 0.0134, ▁Tôi: 0.0439, ▁con: 1.2331, ▁trai: 0.0953, ▁33: 0.0045, ▁tuổi: 0.0282, ▁mà: 0.0845, ▁nghĩ: 0.0194, ▁đến: 0.0346, ▁chạy: 0.0075, ▁Grab: 9.9277, ▁và: 0.0849, ▁ship: 0.0026, ▁là: 0.0546, ▁thấy: 0.0188, ▁: 0.1751, ớ: 0.0014, n: 0.0196, ▁vì: 0.0277, ▁lâu: 0.0063, ▁lâu: 0.0281, ▁có: 0.065, ▁việc: 0.0347, ▁đi: 0.0298, ▁xa: 0.0106, ▁nắng: 0.0028, ▁gió: 0.0056, ▁nó: 0.0267, ▁mệt: 0.0059, ▁nh: 0.0356, ừ: 0.0057, ▁người: 0.0565, ▁luôn: 0.0453, ▁ấy: 0.0051, </s>: 0.0606",0.3515,9.9277
9350,n tweet thêm ở dưới kảm ơn tác giả đã cho hai đứa trải nghiệm sâu sắc luonn kè mak cx cs dám tag ai đâu...,nó tweet thêm ở dưới cảm ơn tác giả đã cho hai đứa trải nghiệm sâu sắc luôn kìa mà cũng có dám tag ai đâu...,"<s>: 0.0145, ▁nó: 0.0405, ▁tweet: 0.0409, ▁thêm: 0.019, ▁ở: 0.0556, ▁dưới: 0.015, ▁cảm: 0.2337, ▁ơn: 0.0528, ▁tác: 0.026, ▁giả: 0.287, ▁đã: 0.0665, ▁cho: 0.0255, ▁hai: 0.041, ▁đứa: 0.0086, ▁trải: 0.0012, ▁nghiệm: 0.0342, ▁sâu: 0.0055, ▁sắc: 0.0079, ▁luôn: 0.0015, ▁kì: 8.0915, a: 0.8968, ▁mà: 0.029, ▁cũng: 0.1485, ▁có: 0.1483, ▁dám: 0.0287, ▁tag: 0.0002, ▁ai: 0.023, ▁đâu: 0.0281, ...: 0.0567, </s>: 0.0657",0.3498,8.0915
9247,đúng r nta cs đầu óc nên đầy sạn trg não =)))) IT đầy ôg còn yêu đc nhà gái cs đk màk còn xink nka bsi cg z,đúng rồi người ta có đầu óc nên đầy sạn trong não =)))) IT đầy ông còn yêu được nhà gái có điều kiện mà còn xinh nha bác sĩ cũng thế,"<s>: 0.0146, ▁đúng: 0.0042, ▁rồi: 0.0177, ▁người: 0.6933, ▁ta: 0.1423, ▁có: 0.0682, ▁đầu: 0.0147, ▁: 0.0854, óc: 0.0082, ▁nên: 0.0792, ▁đầy: 0.0069, ▁sạn: 0.0001, ▁trong: 0.0148, ▁não: 0.0047, ▁=: 0.0094, <unk>: 0.0397, ▁IT: 0.0002, ▁đầy: 0.0052, ▁ông: 0.057, ▁còn: 0.0503, ▁yêu: 0.0144, ▁được: 0.051, ▁nhà: 0.0396, ▁gái: 0.0098, ▁có: 0.1509, ▁điều: 8.0579, ▁kiện: 0.0278, ▁mà: 0.1574, ▁còn: 0.026, ▁xinh: 0.7923, ▁nha: 0.0914, ▁bác: 0.5871, ▁sĩ: 0.0211, ▁cũng: 0.0893, ▁thế: 1.0869, </s>: 0.0651",0.3496,8.0579
7465,Bên Ann.tuvitrondoi né nka bây trả cái file A4 dài 40 trang vận hạn zề t đọc là bt văn cóp ở web tử vi cổ hc,Bên Ann.tuvitrondoi né nha bây trả cái file A4 dài 40 trang vận hạn gì tôi đọc là biết văn copy ở web tử vi cổ học,"<s>: 0.0134, ▁Bên: 0.026, ▁Ann: 0.0071, .: 0.1196, tu: 0.0197, vit: 0.0036, ro: 0.0019, ndo: 0.0037, i: 0.1646, ▁né: 0.0006, ▁nha: 0.0189, ▁bây: 0.0064, ▁trả: 0.0059, ▁cái: 0.0596, ▁file: 0.0012, ▁A: 0.027, 4: 0.0093, ▁dài: 0.0018, ▁40: 0.0045, ▁trang: 0.0189, ▁vận: 0.0011, ▁hạn: 0.0048, ▁gì: 0.0159, ▁tôi: 0.1577, ▁đọc: 0.0179, ▁là: 0.0966, ▁biết: 0.082, ▁văn: 0.0128, ▁copy: 11.4699, ▁ở: 0.0654, ▁web: 0.0039, ▁tử: 0.0021, ▁vi: 0.0029, ▁cổ: 0.0013, ▁học: 0.0285, </s>: 0.0707",0.3485,11.4699
6387,nghỉ cuối tuần & lễ) Xiền nhận: part 4.500k - full 8.500k 📌 Xíu yêu cầu nhỏ: 19+ nèk khum vướng ziệc hc nh nek,nghỉ cuối tuần & lễ) Tiền nhận: part 4.500k - full 8.500k 📌 Xíu yêu cầu nhỏ: 19+ nè không vướng việc học nhiều nè,"<s>: 0.014, ▁nghỉ: 0.0064, ▁cuối: 0.0207, ▁tuần: 0.0239, ▁&: 0.1261, ▁lễ: 0.0152, ): 0.0597, ▁Tiền: 8.7421, ▁nhận: 0.034, :: 0.0532, ▁part: 0.0001, ▁4.: 0.0053, 500: 0.0632, k: 0.0565, ▁-: 0.0175, ▁full: 0.0003, ▁8.: 0.0052, 500: 0.1441, k: 0.0708, ▁: 0.0454, <unk>: 0.051, ▁X: 0.0473, íu: 0.0565, ▁yêu: 0.0072, ▁cầu: 0.0254, ▁nhỏ: 0.0166, :: 0.0718, ▁19: 0.0008, +: 0.0006, ▁nè: 0.0032, ▁không: 0.0685, ▁v: 0.1617, ướng: 0.0024, ▁việc: 0.0476, ▁học: 0.0757, ▁nhiều: 0.1942, ▁nè: 2.8467, </s>: 0.0579",0.3484,8.7421
8598,dù cố che dấu đến đâu thì cg ko giấu đc cư dân mạng nên sẵn đây mìnk ns luonn mik là ny ảnh as 🐧,dù cố che giấu đến đâu thì cũng không giấu được cư dân mạng nên sẵn đây mình nói luôn mình là người yêu ảnh á 🐧,"<s>: 0.0149, ▁dù: 0.0718, ▁cố: 0.0146, ▁che: 0.0054, ▁giấu: 8.5601, ▁đến: 0.0275, ▁đâu: 0.0269, ▁thì: 0.061, ▁cũng: 0.0537, ▁không: 0.0681, ▁giấu: 0.0016, ▁được: 0.0629, ▁cư: 0.0045, ▁dân: 0.0327, ▁mạng: 0.0078, ▁nên: 0.072, ▁sẵn: 0.0003, ▁đây: 0.0176, ▁mình: 0.0336, ▁nói: 0.0651, ▁luôn: 0.0007, ▁mình: 0.0284, ▁là: 0.0797, ▁người: 0.0054, ▁yêu: 0.0231, ▁ảnh: 0.7985, ▁á: 0.1224, ▁: 0.082, <unk>: 0.048, </s>: 0.0498",0.348,8.5601
7896,"ôg ko thấy ""ẻm yêu nh hơn"" vs ""em khok vì ng yêu cũ"" n mâu thuẫn ak?","ông không thấy ""em yêu nhiều hơn"" với ""em khóc vì người yêu cũ"" nó mâu thuẫn à?","<s>: 0.0136, ▁ông: 0.0635, ▁không: 0.0393, ▁thấy: 0.0247, ▁"": 0.0413, em: 8.1546, ▁yêu: 0.0576, ▁nhiều: 0.0282, ▁hơn: 0.0194, "": 0.0304, ▁với: 0.0485, ▁"": 0.0727, em: 0.4984, ▁khóc: 0.0163, ▁vì: 0.0532, ▁người: 0.049, ▁yêu: 0.0292, ▁cũ: 0.0015, "": 0.0474, ▁nó: 0.023, ▁mâ: 0.001, u: 0.0219, ▁thu: 0.0151, ẫ: 0.0078, n: 0.0367, ▁à: 0.1117, ?: 0.1266, </s>: 0.0629",0.3463,8.1546
7552,Bn lm free ko lợi nhuận thì nên để cho ng dùng tự điền api key vào là dùng đk th.,Bạn làm free không lợi nhuận thì nên để cho người dùng tự điền API key vào là dùng được thôi.,"<s>: 0.0138, ▁Bạn: 0.0224, ▁làm: 0.0733, ▁free: 0.0034, ▁không: 0.0751, ▁lợi: 0.0336, ▁nhuận: 0.0123, ▁thì: 0.0966, ▁nên: 0.0541, ▁để: 0.096, ▁cho: 0.0647, ▁người: 0.0558, ▁dùng: 0.0121, ▁tự: 0.0576, ▁đ: 0.0231, iền: 0.0036, ▁API: 7.6402, ▁key: 0.0013, ▁vào: 0.0247, ▁là: 0.0633, ▁dùng: 0.019, ▁được: 0.0328, ▁thôi: 0.0221, .: 0.0987, </s>: 0.0568",0.3463,7.6402
5156,"t quên trả n chậm 1 ngày , 82k mak n đã doạ t nợ xấu r chứ nhìn 11tr này chắc t k nuốt nổi cơm","tôi quên trả nó chậm 1 ngày , 82k mà nó đã dọa tôi nợ xấu rồi chứ nhìn 11 triệu này chắc tôi không nuốt nổi cơm","<s>: 0.0146, ▁tôi: 0.177, ▁quên: 0.0051, ▁trả: 0.0107, ▁nó: 0.0384, ▁chậm: 0.0103, ▁1: 0.0574, ▁ngày: 0.0236, ▁: 0.0706, ,: 0.0875, ▁82: 0.0139, k: 0.0503, ▁mà: 0.0696, ▁nó: 0.0168, ▁đã: 0.0558, <unk>: 9.7748, ▁tôi: 0.0792, ▁nợ: 0.0122, ▁xấu: 0.0033, ▁rồi: 0.0172, ▁chứ: 0.0093, ▁nhìn: 0.008, ▁11: 0.0039, ▁triệu: 0.3789, ▁này: 0.0397, ▁chắc: 0.0046, ▁tôi: 0.0685, ▁không: 0.052, ▁nu: 0.0237, ốt: 0.0216, ▁nổi: 0.0616, ▁cơm: 0.0049, </s>: 0.0792",0.3438,9.7748
6930,thầy bói năm nào cx bảo năm sau lấy ck từ năm 22t nhg g U40 vẫn ngôi ở nhà và xem anime đây🤣,thầy bói năm nào cũng bảo năm sau lấy chồng từ năm 22 tuổi nhưng giờ U40 vẫn ngồi ở nhà và xem anime đây🤣,"<s>: 0.0148, ▁thầy: 0.0192, ▁bó: 0.0039, i: 0.0351, ▁năm: 0.0286, ▁nào: 0.0245, ▁cũng: 0.0422, ▁bảo: 0.0149, ▁năm: 0.0102, ▁sau: 0.0347, ▁lấy: 0.0098, ▁chồng: 0.0058, ▁từ: 0.0652, ▁năm: 0.0113, ▁22: 0.0009, ▁tuổi: 0.0545, ▁nhưng: 0.1671, ▁giờ: 0.0732, ▁U: 0.0155, 40: 0.0048, ▁vẫn: 0.0306, ▁ngồi: 9.2997, ▁ở: 0.0637, ▁nhà: 0.0291, ▁và: 0.0931, ▁xem: 0.0156, ▁anime: 0.0075, ▁đây: 0.016, <unk>: 0.07, </s>: 0.0543",0.3438,9.2997
1562,thấy ny xưng hô vck vs c khác lúc y mìnk đến khi bt mk ct thì n kêu kco tc j vs cn đók,thấy người yêu xưng hô vợ chồng với con khác lúc yêu mình đến khi biết mình chia tay thì nó kêu không có tình cảm gì với con đó,"<s>: 0.0139, ▁thấy: 0.0172, ▁người: 0.0259, ▁yêu: 0.1057, ▁x: 0.0402, ư: 0.0057, ng: 0.0108, ▁hô: 0.0052, ▁vợ: 0.9519, ▁chồng: 0.26, ▁với: 0.045, ▁con: 0.1256, ▁khác: 0.0225, ▁lúc: 0.0281, ▁yêu: 7.9896, ▁mình: 0.215, ▁đến: 0.1039, ▁khi: 0.0206, ▁biết: 0.0547, ▁mình: 0.1729, ▁chia: 0.0022, ▁tay: 0.0237, ▁thì: 0.0735, ▁nó: 0.0508, ▁kêu: 0.006, ▁không: 0.0742, ▁có: 0.1124, ▁tình: 0.5289, ▁cảm: 0.0992, ▁gì: 0.0164, ▁với: 0.0865, ▁con: 0.1934, ▁đó: 0.0677, </s>: 0.0959",0.3425,7.9896
1326,Tớ nghĩ một tình eo đúng nghĩa thì sẽ k để bn hoài nghi về giá trị hay c ng mik.,Tớ nghĩ một tình yêu đúng nghĩa thì sẽ không để bạn hoài nghi về giá trị hay con người mình.,"<s>: 0.0143, ▁T: 0.2509, ớ: 0.0257, ▁nghĩ: 0.016, ▁một: 0.0587, ▁tình: 0.0229, ▁yêu: 7.5128, ▁đúng: 0.0306, ▁nghĩa: 0.0195, ▁thì: 0.1613, ▁sẽ: 0.0681, ▁không: 0.112, ▁để: 0.0411, ▁bạn: 0.0636, ▁h: 0.0157, oài: 0.0021, ▁nghi: 0.0082, ▁về: 0.0434, ▁giá: 0.044, ▁trị: 0.017, ▁hay: 0.0511, ▁con: 0.1253, ▁người: 0.0589, ▁mình: 0.0145, .: 0.0638, </s>: 0.0564",0.3422,7.5128
4769,Tips nhé cùng vị trí trình độ thử ứng tuyển ngoài Vn hoặc NGOs (quanh khu vực SEA ch ns đến APEC hay EMEA),Tips nhé cùng vị trí trình độ thử ứng tuyển ngoài Việt Nam hoặc NGOs (quanh khu vực Đông Nam Á chưa nói đến APEC hay EMEA),"<s>: 0.0135, ▁Tips: 0.0121, ▁nhé: 0.0846, ▁cùng: 0.0149, ▁vị: 0.0077, ▁trí: 0.0398, ▁trình: 0.0265, ▁độ: 0.0124, ▁thử: 0.0111, ▁ứng: 0.01, ▁tuyển: 0.0749, ▁ngoài: 0.0163, ▁Việt: 0.2192, ▁Nam: 0.045, ▁hoặc: 0.0456, ▁NGO: 0.0005, s: 0.0124, ▁(: 0.0396, qua: 0.0519, nh: 0.0171, ▁khu: 0.0087, ▁vực: 0.0016, ▁Đông: 8.6778, ▁Nam: 0.1485, ▁Á: 1.6839, ▁chưa: 0.0329, ▁nói: 0.0535, ▁đến: 0.0454, ▁APEC: 0.0031, ▁hay: 0.0562, ▁EM: 0.0003, EA: 0.0004, ): 0.0328, </s>: 0.0765",0.3405,8.6778
7966,Đến lúc đók thì mk ms nhận ra: tk này rất cs thể chính là tk clone của ng yêu mk.,Đến lúc đó thì mình mới nhận ra: tài khoản này rất có thể chính là tài khoản clone của người yêu mình.,"<s>: 0.0126, ▁Đến: 0.0133, ▁lúc: 0.0161, ▁đó: 0.0529, ▁thì: 0.073, ▁mình: 0.0755, ▁mới: 0.0324, ▁nhận: 0.019, ▁ra: 0.0512, :: 0.0259, ▁tài: 7.5314, ▁khoản: 0.0294, ▁này: 0.0953, ▁rất: 0.0098, ▁có: 0.0702, ▁thể: 0.0192, ▁chính: 0.0534, ▁là: 0.0309, ▁tài: 0.751, ▁khoản: 0.0086, ▁clo: 0.0004, ne: 0.0014, ▁của: 0.1016, ▁người: 0.1041, ▁yêu: 0.0191, ▁mình: 0.1717, .: 0.0758, </s>: 0.0591",0.3394,7.5314
5011,ba ruột mk đã nghĩ nvay cả đời nên cuối đời ôg ấy ch* 1m trên giường bệnh nvay cs ph phí hoài kh?,ba ruột mình đã nghĩ như vậy cả đời nên cuối đời ông ấy chết 1 mình trên giường bệnh như vậy có phải phí hoài không?,"<s>: 0.0164, ▁ba: 0.0765, ▁ruột: 0.0102, ▁mình: 0.0891, ▁đã: 0.0548, ▁nghĩ: 0.0196, ▁như: 0.0079, ▁vậy: 0.0867, ▁cả: 0.04, ▁đời: 0.0493, ▁nên: 0.0408, ▁cuối: 0.0023, ▁đời: 0.0216, ▁ông: 0.0248, ▁ấy: 0.0189, ▁chết: 7.5626, ▁1: 1.5341, ▁mình: 0.1876, ▁trên: 0.0299, ▁giường: 0.0016, ▁bệnh: 0.0157, ▁như: 0.0177, ▁vậy: 0.1199, ▁có: 0.0764, ▁phải: 0.014, ▁phí: 0.0122, ▁h: 0.085, oài: 0.0006, ▁không: 0.0367, ?: 0.1189, </s>: 0.0748",0.337,7.5626
1663,Cj nghĩ là ko nma thực tế thì cj thấy các ngành trc của trg cj lây A00 cx đag dần bị loại bớt màk thay vào ds là A01,Chị nghĩ là không nhưng mà thực tế thì chị thấy các ngành trước của trường chị lấy A00 cũng đang dần bị loại bớt mà thay vào đó là A01,"<s>: 0.0145, ▁Chị: 0.0841, ▁nghĩ: 0.0181, ▁là: 0.0395, ▁không: 0.0602, ▁nhưng: 0.0606, ▁mà: 0.049, ▁thực: 0.0194, ▁tế: 0.0669, ▁thì: 0.0523, ▁chị: 0.1079, ▁thấy: 0.0269, ▁các: 0.0511, ▁ngành: 0.0061, ▁trước: 0.1243, ▁của: 0.0837, ▁trường: 0.0536, ▁chị: 0.1497, ▁lấy: 10.1078, ▁A: 0.0429, 00: 0.011, ▁cũng: 0.0413, ▁đang: 0.1351, ▁dần: 0.0096, ▁bị: 0.052, ▁loại: 0.0061, ▁bớt: 0.0061, ▁mà: 0.0504, ▁thay: 0.0124, ▁vào: 0.0115, ▁đó: 0.0146, ▁là: 0.0578, ▁A: 0.0316, 01: 0.015, </s>: 0.0962",0.3363,10.1078
6773,Kĩ hơn ah Kỳ Lê Ngọc Hân nka Nhg tôi vẫn ch giải mã đc sự độk thân của tôi🥲,Kỹ hơn anh Kỳ Lê Ngọc Hân nha Nhưng tôi vẫn chưa giải mã được sự độc thân của tôi🥲,"<s>: 0.0153, ▁Kỹ: 7.0262, ▁hơn: 0.0502, ▁anh: 0.0695, ▁Kỳ: 0.0031, ▁Lê: 0.0077, ▁Ngọc: 0.0047, ▁H: 0.0708, ân: 0.0267, ▁nha: 0.048, ▁Nhưng: 0.1364, ▁tôi: 0.0279, ▁vẫn: 0.0146, ▁chưa: 0.0315, ▁giải: 0.0087, ▁mã: 0.0023, ▁được: 0.0886, ▁sự: 0.0609, ▁độc: 0.0154, ▁thân: 0.0085, ▁của: 0.1668, ▁tôi: 0.0559, <unk>: 0.0571, </s>: 0.0599",0.3357,7.0262
1574,Ê ko nma t stalk cho zui th í =))) kiểu nta màk giỏi là t ngượng mộ as chứ kco kiểu ghét hay j đâu,Ê không nhưng mà tôi stalk cho vui thôi ý =))) kiểu người ta mà giỏi là tôi ngưỡng mộ á chứ không có kiểu ghét hay gì đâu,"<s>: 0.0144, ▁Ê: 0.0005, ▁không: 0.0893, ▁nhưng: 0.123, ▁mà: 0.0345, ▁tôi: 0.2135, ▁stal: 0.0058, k: 0.0632, ▁cho: 0.0547, ▁vui: 0.0054, ▁thôi: 0.0121, ▁ý: 0.676, ▁=: 0.0396, ))): 0.0095, ▁kiểu: 0.0029, ▁người: 0.1504, ▁ta: 0.4196, ▁mà: 0.1012, ▁giỏi: 0.0013, ▁là: 0.0686, ▁tôi: 0.0961, ▁ngưỡng: 8.7377, ▁mộ: 0.0013, ▁á: 0.046, ▁chứ: 0.0148, ▁không: 0.1051, ▁có: 0.0817, ▁kiểu: 0.0072, ▁ghé: 0.0048, t: 0.0218, ▁hay: 0.0429, ▁gì: 0.0332, ▁đâu: 0.0372, </s>: 0.0944",0.3356,8.7377
2530,"Đồng kảm vì y chang ck trc của mk, mik ph trả nợ dùm k bt bnhieu lần, bm ck cg trả nợ thay mấy tỷ.","Đồng cảm vì y chang chồng trước của mình, mình phải trả nợ giùm không biết bao nhiêu lần, bố mẹ chồng cũng trả nợ thay mấy tỷ.","<s>: 0.0128, ▁Đồng: 0.0111, ▁cảm: 0.0505, ▁vì: 0.054, ▁y: 0.006, ▁: 0.3215, chang: 0.0134, ▁chồng: 0.0198, ▁trước: 0.0897, ▁của: 0.0944, ▁mình: 0.0481, ,: 0.073, ▁mình: 0.028, ▁phải: 0.0171, ▁trả: 0.0144, ▁nợ: 0.0045, ▁gi: 9.812, ù: 0.0088, m: 0.0546, ▁không: 0.148, ▁biết: 0.0176, ▁bao: 0.0015, ▁nhiêu: 0.0539, ▁lần: 0.058, ,: 0.0985, ▁bố: 0.3977, ▁mẹ: 0.1356, ▁chồng: 0.0188, ▁cũng: 0.0386, ▁trả: 0.0145, ▁nợ: 0.0053, ▁thay: 0.0117, ▁mấy: 0.0128, ▁tỷ: 0.0285, .: 0.1026, </s>: 0.0605",0.3316,9.812
8786,Mìnk gửi chim mìnk cho ảnh trc (nếu cs) rùi ảnh sẽ chủ động gửi lại n (Nếu ảnh thấy chim mik to)🐧,Mình gửi chim mình cho ảnh trước (nếu có) rồi ảnh sẽ chủ động gửi lại nó (Nếu ảnh thấy chim mình to) 🐧,"<s>: 0.0147, ▁Mình: 0.0459, ▁gửi: 0.0168, ▁chi: 0.0161, m: 0.0348, ▁mình: 0.0143, ▁cho: 0.0588, ▁ảnh: 0.2838, ▁trước: 0.0777, ▁(: 0.045, n: 0.036, ếu: 0.0164, ▁có: 0.0558, ): 0.0111, ▁rồi: 0.0659, ▁ảnh: 0.211, ▁sẽ: 0.0377, ▁chủ: 0.0044, ▁động: 0.0312, ▁gửi: 0.0078, ▁lại: 0.0817, ▁nó: 0.0443, ▁(: 0.0525, Nếu: 0.3172, ▁ảnh: 0.2052, ▁thấy: 0.0129, ▁chi: 0.0166, m: 0.037, ▁mình: 0.0215, ▁to: 0.0299, ): 0.0349, ▁: 8.6412, <unk>: 0.5679, </s>: 0.0687",0.3299,8.6412
3216,mọi ng ai cs lướt thấy nhx bài cs hình ảnh chú này và cs stk thì đừng chuyển tiền hay zì nhé ạk,mọi người ai có lướt thấy những bài có hình ảnh chú này và có số tài khoản thì đừng chuyển tiền hay gì nhé ạ,"<s>: 0.0156, ▁mọi: 0.0164, ▁người: 0.0233, ▁ai: 0.0348, ▁có: 0.0372, ▁l: 0.0324, ư: 0.0149, ớt: 0.027, ▁thấy: 0.0365, ▁những: 0.0495, ▁bài: 0.007, ▁có: 0.0712, ▁hình: 0.014, ▁ảnh: 0.0248, ▁chú: 0.0074, ▁này: 0.0398, ▁và: 0.0616, ▁có: 0.0605, ▁số: 7.6555, ▁tài: 1.2021, ▁khoản: 0.0273, ▁thì: 0.0893, ▁đừng: 0.0073, ▁chuyển: 0.0078, ▁tiền: 0.0209, ▁hay: 0.0764, ▁gì: 0.0595, ▁nhé: 0.0223, ▁ạ: 0.0245, </s>: 0.0964",0.3288,7.6555
1633,BAN GIÁM KHẢO LỘ DIỆN | PHÓNG VIÊN ẢNH NGUYỄN KHÁNH - HƠN MỘT THẬP KỶ THEO ĐUỔI NHIẾP ẢNH BÁO CHÍ TẠI NHX “ĐIỂM NÓNG” THỜI SỰ,BAN GIÁM KHẢO LỘ DIỆN | PHÓNG VIÊN ẢNH NGUYỄN KHÁNH - HƠN MỘT THẬP KỶ THEO ĐUỔI NHIẾP ẢNH BÁO CHÍ TẠI NHỮNG “ĐIỂM NÓNG” THỜI SỰ,"<s>: 0.0148, ▁BAN: 0.0005, ▁GIÁ: 0.005, M: 0.0766, ▁KH: 0.079, ẢO: 0.008, ▁L: 0.0531, Ộ: 0.0102, ▁D: 0.0764, IỆN: 0.0059, ▁: 0.059, |: 0.037, ▁PH: 0.0122, Ó: 0.0015, NG: 0.0183, ▁V: 0.0068, IÊN: 0.0001, ▁: 0.0642, Ả: 0.0155, NH: 0.0081, ▁: 0.5116, NGU: 0.0093, Y: 0.0356, Ễ: 0.0029, N: 0.0608, ▁KH: 0.0095, ÁN: 0.0151, H: 0.1864, ▁-: 0.016, ▁H: 0.0406, Ơ: 0.0019, N: 0.0487, ▁M: 0.0109, Ộ: 0.0014, T: 0.1048, ▁TH: 0.0241, Ậ: 0.0037, P: 0.0331, ▁K: 0.0288, Ỷ: 0.0153, ▁THE: 0.0017, O: 0.0945, ▁Đ: 0.0234, U: 0.0984, Ổ: 0.0047, I: 0.0617, ▁N: 0.0143, HI: 0.0022, Ế: 0.0046, P: 0.0138, ▁: 0.1222, Ả: 0.0034, NH: 0.0027, ▁BÁO: 0.001, ▁CH: 0.0219, Í: 0.0058, ▁TẠI: 0.0049, ▁NH: 0.0281, Ữ: 4.5534, NG: 0.0461, ▁“: 2.6861, Đ: 0.0228, I: 0.0318, </s>: 11.3044",0.326,11.3044
3614,nhờ ngkhac lm.Lúc ckồnq cô mất r thì xảy ra xích mích zì đók z cô bỏ ht tất cả,nhờ người khác làm. Lúc chồng cô mất rồi thì xảy ra xích mích gì đó thế cô bỏ hết tất cả,"<s>: 0.013, ▁nhờ: 0.0185, ▁người: 0.0725, ▁khác: 0.0196, ▁làm: 0.0541, .: 0.0394, ▁Lúc: 7.1361, ▁chồng: 0.0039, ▁cô: 0.0363, ▁mất: 0.0043, ▁rồi: 0.041, ▁thì: 0.0587, ▁xả: 0.0603, y: 0.0273, ▁ra: 0.0978, ▁x: 0.0302, ích: 0.0145, ▁mí: 0.0126, ch: 0.1683, ▁gì: 0.0635, ▁đó: 0.0249, ▁thế: 0.8653, ▁cô: 0.0488, ▁bỏ: 0.0145, ▁hết: 0.0104, ▁tất: 0.0132, ▁cả: 0.0337, </s>: 0.0779",0.3236,7.1361
2561,"Nào bà đã thấy nh cảnh nnay đâu mak gào lên 🤭 Kiểu ""t khổ m cx p khổ"" n ăn sâu vào tư tưởng của z hệ cũ rùi hay s ấy","Nào bà đã thấy nhiều cảnh như này đâu mà gào lên 🤭 Kiểu ""tao khổ mày cũng phải khổ"" nó ăn sâu vào tư tưởng của thế hệ cũ rồi hay sao ấy","<s>: 0.0156, ▁N: 0.0958, à: 0.0168, o: 0.1469, ▁bà: 0.041, ▁đã: 0.0434, ▁thấy: 0.0239, ▁nhiều: 0.0693, ▁cảnh: 0.012, ▁như: 0.0495, ▁này: 0.1869, ▁đâu: 0.0308, ▁mà: 0.0335, ▁gà: 0.0006, o: 0.0538, ▁lên: 0.0324, ▁: 0.0598, <unk>: 0.0636, ▁Kiể: 0.0043, u: 0.027, ▁"": 0.0406, ta: 5.4066, o: 7.1727, ▁khổ: 0.0012, ▁mày: 0.0051, ▁cũng: 0.053, ▁phải: 0.1433, ▁khổ: 0.0012, "": 0.0553, ▁nó: 0.0264, ▁ăn: 0.0033, ▁sâu: 0.0022, ▁vào: 0.0124, ▁tư: 0.0159, ▁tưởng: 0.0086, ▁của: 0.0761, ▁thế: 0.0377, ▁hệ: 0.0046, ▁cũ: 0.0053, ▁rồi: 0.0217, ▁hay: 0.0214, ▁sao: 0.0119, ▁ấy: 0.0105, </s>: 0.069",0.323,7.1727
6753,tht ra cx k giống avt lắm =))) béo lên gòi nma xem 2 chỗ đều phán duyên âm ý ạk,thật ra cũng không giống avatar lắm =))) béo lên rồi nhưng mà xem 2 chỗ đều phán duyên âm ý ạ,"<s>: 0.015, ▁thật: 0.0345, ▁ra: 0.0601, ▁cũng: 0.0949, ▁không: 0.0561, ▁giống: 0.0144, ▁avatar: 7.0846, ▁lắm: 0.1148, ▁=: 0.0315, ))): 0.0138, ▁béo: 0.0005, ▁lên: 0.0338, ▁rồi: 0.3223, ▁nhưng: 0.1317, ▁mà: 0.0422, ▁xem: 0.0185, ▁2: 0.0686, ▁chỗ: 0.0086, ▁đều: 0.0579, ▁phán: 0.0038, ▁du: 0.0234, yên: 0.0104, ▁âm: 0.0014, ▁ý: 0.006, ▁ạ: 0.0329, </s>: 0.1037",0.3225,7.0846
1328,"B ấy cs thể tìn dc ng đối xử tốt, yêu và đc yêu thì b cx sẽ z mak 💕 Hãy tự tin lên nhíe","Bạn ấy có thể tìm được người đối xử tốt, yêu và được yêu thì bạn cũng sẽ thế mà 💕 Hãy tự tin lên nhé","<s>: 0.0146, ▁Bạn: 0.043, ▁ấy: 0.0326, ▁có: 0.069, ▁thể: 0.017, ▁tìm: 7.1943, ▁được: 0.1158, ▁người: 0.0421, ▁đối: 0.0195, ▁xử: 0.0247, ▁tốt: 0.0103, ,: 0.0898, ▁yêu: 0.0232, ▁và: 0.0785, ▁được: 0.0554, ▁yêu: 0.0353, ▁thì: 0.0586, ▁bạn: 0.0427, ▁cũng: 0.138, ▁sẽ: 0.0283, ▁thế: 0.4804, ▁mà: 0.0256, ▁: 0.1159, <unk>: 0.0485, ▁Hãy: 0.0295, ▁tự: 0.0154, ▁tin: 0.017, ▁lên: 0.0354, ▁nhé: 0.5516, </s>: 0.0783",0.3177,7.1943
1370,Cô N và bn thân đúng kiểu lũ mean girl chs zới nhau núp sau hình ảnh tri thức hc thức zì cứ thấy nyc hp là lên z ds:))),Cô Ngọc và bạn thân đúng kiểu lũ mean girl chơi với nhau núp sau hình ảnh tri thức học thức gì cứ thấy người yêu cũ hạnh phúc là lên vậy đó:))),"<s>: 0.0134, ▁Cô: 0.0237, ▁Ngọc: 9.4044, ▁và: 0.1445, ▁bạn: 0.0474, ▁thân: 0.0064, ▁đúng: 0.0049, ▁kiểu: 0.0145, ▁lũ: 0.0046, ▁mean: 0.0002, ▁girl: 0.0196, ▁chơi: 0.0234, ▁với: 0.0799, ▁nhau: 0.0105, ▁nú: 0.0003, p: 0.0265, ▁sau: 0.0273, ▁hình: 0.0233, ▁ảnh: 0.0395, ▁tri: 0.0033, ▁thức: 0.0129, ▁học: 0.038, ▁thức: 0.0043, ▁gì: 0.0206, ▁cứ: 0.0063, ▁thấy: 0.0196, ▁người: 0.0109, ▁yêu: 0.1414, ▁cũ: 0.761, ▁hạnh: 0.0588, ▁phúc: 0.0202, ▁là: 0.0844, ▁lên: 0.0191, ▁vậy: 0.8006, ▁đó: 0.0221, :: 0.041, ))): 0.0077, </s>: 0.0381",0.3164,9.4044
3352,Họ lm vì thoả mãn cái thân họ trc mak thì lgi mak bt nghĩ cho ai =))))))))) bk nghĩ thì ngay từ đầu đã ko lm vì ai cũg nhìn ra đc là n sai lè mak họ thì ko =))))),Họ làm vì thỏa mãn cái thân họ trước mà thì làm gì mà biết nghĩ cho ai =))))))))) biết nghĩ thì ngay từ đầu đã không làm vì ai cũng nhìn ra được là nó sai lè mà họ thì không =))))),"<s>: 0.0136, ▁Họ: 0.0191, ▁làm: 0.0612, ▁vì: 0.0406, <unk>: 9.3992, ▁mãn: 2.248, ▁cái: 0.0189, ▁thân: 0.0056, ▁họ: 0.0269, ▁trước: 0.0256, ▁mà: 0.0507, ▁thì: 0.1267, ▁làm: 0.0675, ▁gì: 0.1077, ▁mà: 0.0288, ▁biết: 0.2085, ▁nghĩ: 0.0095, ▁cho: 0.0764, ▁ai: 0.0148, ▁=: 0.0185, ))): 0.0054, <unk>: 0.1351, ▁biết: 1.4101, ▁nghĩ: 0.0139, ▁thì: 0.0493, ▁ngay: 0.0027, ▁từ: 0.0876, ▁đầu: 0.0241, ▁đã: 0.0292, ▁không: 0.0362, ▁làm: 0.044, ▁vì: 0.0237, ▁ai: 0.0088, ▁cũng: 0.0163, ▁nhìn: 0.0052, ▁ra: 0.0378, ▁được: 0.0565, ▁là: 0.056, ▁nó: 0.0271, ▁sai: 0.0087, ▁: 0.4603, lè: 0.0001, ▁mà: 0.0366, ▁họ: 0.0362, ▁thì: 0.1401, ▁không: 0.0554, ▁=): 0.0012, <unk>: 0.0341, </s>: 0.056",0.3156,9.3992
86,Ủa mak mấy cái group tele bả hay kiu mng join trên tik toàn là group mậm dai ko ah?!?,Ủa mà mấy cái group tele bả hay kêu mọi người join trên tiktok toàn là group mậm dai không à?!?,"<s>: 0.0162, ▁: 0.0631, Ủ: 0.0056, a: 0.0309, ▁mà: 0.0532, ▁mấy: 0.0156, ▁cái: 0.029, ▁group: 0.001, ▁tele: 0.0015, ▁b: 0.0242, ả: 0.0164, ▁hay: 0.035, ▁kêu: 7.5585, ▁mọi: 0.0581, ▁người: 0.0967, ▁join: 0.0169, ▁trên: 0.0309, ▁tik: 0.0094, tok: 0.0545, ▁toàn: 0.0078, ▁là: 0.0611, ▁group: 0.0009, ▁m: 0.1388, ậm: 0.002, ▁dai: 0.0008, ▁không: 0.115, ▁à: 0.625, <unk>: 0.0333, </s>: 0.0419",0.3153,7.5585
8602,"Tôi cx chỉ tìm hiểu sâu hơn tí tại Bông là bía tôi, tk bé ik đâu tôi theo đấy mak tìm ko thấy nên trăm sự nghe các bà","Tôi cũng chỉ tìm hiểu sâu hơn tí tại Bông là bias tôi, thằng bé đi đâu tôi theo đấy mà tìm không thấy nên trăm sự nghe các bà","<s>: 0.0147, ▁Tôi: 0.0365, ▁cũng: 0.0615, ▁chỉ: 0.0487, ▁tìm: 0.0302, ▁hiểu: 0.0283, ▁sâu: 0.0215, ▁hơn: 0.0318, ▁tí: 0.0079, ▁tại: 0.1196, ▁B: 0.0437, ông: 0.0127, ▁là: 0.0726, ▁bi: 7.8392, as: 1.879, ▁tôi: 0.0301, ,: 0.0833, ▁thằng: 0.018, ▁bé: 0.0054, ▁đi: 0.0328, ▁đâu: 0.0036, ▁tôi: 0.0327, ▁theo: 0.0146, ▁đấy: 0.0052, ▁mà: 0.0667, ▁tìm: 0.007, ▁không: 0.0909, ▁thấy: 0.0253, ▁nên: 0.0406, ▁trăm: 0.0025, ▁sự: 0.0116, ▁nghe: 0.0157, ▁các: 0.1412, ▁bà: 0.029, </s>: 0.0935",0.3142,7.8392
8620,Đồn yêu lâu r nhg cái nết mẻ hãm lắm b. Yêu Bông nhg tgia show hh r hint mập mờ vs ngkh,Đồn yêu lâu rồi nhưng cái nết mẻ hãm lắm bạn. Yêu Bông nhưng tham gia show hẹn hò rồi hint mập mờ với người khác,"<s>: 0.0142, ▁Đồ: 0.0065, n: 0.037, ▁yêu: 0.065, ▁lâu: 0.0153, ▁rồi: 0.0416, ▁nhưng: 0.1197, ▁cái: 0.0245, ▁n: 0.0329, ết: 0.0112, ▁m: 0.0784, ẻ: 0.0159, ▁: 0.1592, hã: 0.0016, m: 0.0132, ▁lắm: 0.0162, ▁bạn: 0.0442, .: 0.0731, ▁Yêu: 0.0518, ▁B: 0.1043, ông: 0.0224, ▁nhưng: 0.0616, ▁tham: 0.0539, ▁gia: 0.0345, ▁show: 0.0029, ▁hẹn: 9.9191, ▁hò: 0.0405, ▁rồi: 0.0671, ▁hin: 0.0229, t: 0.1003, ▁m: 0.0318, ập: 0.0005, ▁mờ: 0.0011, ▁với: 0.0466, ▁người: 0.0632, ▁khác: 0.0335, </s>: 0.1048",0.3117,9.9191
5215,Nếu đã kco bbe ng tân zề r thì bthan ph bik tiết kiệm và dự trù cho tương lai hoặc các trg hợp xấu chứ kp nghĩ đến ziệc nhờ ng khác giúp đỡ hoặc tệ hơn là vay tiền.,Nếu đã không có bạn bè người thân gì rồi thì bản thân phải biết tiết kiệm và dự trù cho tương lai hoặc các trường hợp xấu chứ không phải nghĩ đến việc nhờ người khác giúp đỡ hoặc tệ hơn là vay tiền.,"<s>: 0.0128, ▁Nếu: 0.0207, ▁đã: 0.0281, ▁không: 0.1211, ▁có: 0.0703, ▁bạn: 0.0447, ▁bè: 0.027, ▁người: 0.0431, ▁thân: 13.6037, ▁gì: 0.0315, ▁rồi: 0.063, ▁thì: 0.0319, ▁bản: 0.0365, ▁thân: 0.0246, ▁phải: 0.0267, ▁biết: 0.0421, ▁tiết: 0.0104, ▁kiệm: 0.0022, ▁và: 0.0943, ▁dự: 0.0065, ▁tr: 0.032, ù: 0.0082, ▁cho: 0.0243, ▁tương: 0.0014, ▁lai: 0.0825, ▁hoặc: 0.0609, ▁các: 0.0802, ▁trường: 0.0654, ▁hợp: 0.0257, ▁xấu: 0.008, ▁chứ: 0.0295, ▁không: 0.0388, ▁phải: 0.0702, ▁nghĩ: 0.0049, ▁đến: 0.0237, ▁việc: 0.0088, ▁nhờ: 0.0063, ▁người: 0.0452, ▁khác: 0.0077, ▁giúp: 0.0103, ▁đỡ: 0.0012, ▁hoặc: 0.0209, ▁tệ: 0.0012, ▁hơn: 0.0367, ▁là: 0.0205, ▁vay: 0.0023, ▁tiền: 0.0091, .: 0.0964, </s>: 0.0539",0.3106,13.6037
3682,Tất nhiênn fan nội địa baoh cũg sẽ nên cs một số đặc quyền tại vì cno gần idol hơn tụi inter :))))))) nhg nthe cug biến cno trở nên thượng đẳng vl.,Tất nhiên fan nội địa bao giờ cũng sẽ nên có một số đặc quyền tại vì chúng nó gần idol hơn tụi international :))))))) nhưng như thế cũng biến chúng nó trở nên thượng đẳng vãi lồn.,"<s>: 0.0131, ▁Tất: 0.0024, ▁nhiên: 0.009, ▁fan: 0.0531, ▁nội: 0.0396, ▁địa: 0.0112, ▁bao: 0.0041, ▁giờ: 0.1006, ▁cũng: 0.0136, ▁sẽ: 0.1656, ▁nên: 0.1682, ▁có: 0.1357, ▁một: 0.054, ▁số: 0.0231, ▁đặc: 0.0042, ▁quyền: 0.0209, ▁tại: 0.0439, ▁vì: 0.0618, ▁chúng: 0.0438, ▁nó: 0.258, ▁gần: 0.0052, ▁idol: 0.0022, ▁hơn: 0.046, ▁tụ: 0.0011, i: 0.0291, ▁international: 9.8595, <unk>: 0.1157, <unk>: 0.101, ▁nhưng: 0.0723, ▁như: 0.1104, ▁thế: 0.0583, ▁cũng: 0.0288, ▁biến: 0.0029, ▁chúng: 0.0928, ▁nó: 0.2655, ▁trở: 0.0208, ▁nên: 0.0231, ▁thượng: 0.0023, ▁đẳng: 0.0026, ▁v: 0.1379, ã: 1.7134, i: 0.0266, ▁lồ: 0.0722, n: 0.0865, .: 0.0872, </s>: 0.0523",0.3096,9.8595
4946,"Hóa ra ôg bán trâm là bên làng Sinh Dược, theo dõi page ở trên Face từ rất lâu r màk h ms tìm đc shop trên này.","Hóa ra ông bán trâm là bên làng Sinh Dược, theo dõi page ở trên Facebook từ rất lâu rồi mà giờ mới tìm được shop trên này.","<s>: 0.0137, <unk>: 1.1236, ▁ra: 0.0872, ▁ông: 0.0308, ▁bán: 0.0167, ▁tr: 0.5278, âm: 0.0009, ▁là: 0.0807, ▁bên: 0.0239, ▁làng: 0.0177, ▁Sinh: 0.0069, ▁Dược: 0.0114, ,: 0.0924, ▁theo: 0.0072, ▁dõi: 0.0037, ▁page: 0.0042, ▁ở: 0.0626, ▁trên: 0.0142, ▁Facebook: 7.4153, ▁từ: 0.0432, ▁rất: 0.0124, ▁lâu: 0.0392, ▁rồi: 0.0244, ▁mà: 0.0347, ▁giờ: 0.0599, ▁mới: 0.0114, ▁tìm: 0.0438, ▁được: 0.0633, ▁shop: 0.0082, ▁trên: 0.0549, ▁này: 0.071, .: 0.0941, </s>: 0.0717",0.3083,7.4153
6504,mã số thuế của cá nhân sẽ đc thay z bằng số CCCD r nên mng nhớ cập nhật CCCD cho mã số thuế nka.,mã số thuế của cá nhân sẽ được thay thế bằng số căn cước công dân rồi nên mọi người nhớ cập nhật căn cước công dân cho mã số thuế nha.,"<s>: 0.0126, ▁mã: 0.0021, ▁số: 0.0101, ▁thuế: 0.011, ▁của: 0.1025, ▁cá: 0.2379, ▁nhân: 0.0464, ▁sẽ: 0.0848, ▁được: 0.0458, ▁thay: 0.014, ▁thế: 0.0467, ▁bằng: 0.0368, ▁số: 0.0096, ▁căn: 7.6705, ▁c: 0.0794, ước: 0.0057, ▁công: 0.0509, ▁dân: 0.028, ▁rồi: 0.0985, ▁nên: 0.0286, ▁mọi: 0.0337, ▁người: 0.0861, ▁nhớ: 0.0142, ▁cập: 0.0065, ▁nhật: 0.0077, ▁căn: 2.2562, ▁c: 0.0008, ước: 0.0023, ▁công: 0.013, ▁dân: 0.0188, ▁cho: 0.0285, ▁mã: 0.0023, ▁số: 0.0076, ▁thuế: 0.0077, ▁nha: 0.0191, .: 0.0628, </s>: 0.0415",0.3035,7.6705
5618,ỏoo kảm ơn bà nka 🫶🫶🫶🫶 nhạc ổng đa dạng lắm as nhạc tình nhạc tết nhạc gđ nhạc phim nhạc đòi nợ,ỏ cảm ơn bà nha 🫶🫶🫶🫶 nhạc ổng đa dạng lắm á nhạc tình nhạc tết nhạc gia đình nhạc phim nhạc đòi nợ,"<s>: 0.015, ▁: 0.2243, ỏ: 0.0245, ▁cảm: 7.8028, ▁ơn: 0.0214, ▁bà: 0.0347, ▁nha: 0.0106, ▁: 0.0777, <unk>: 0.08, ▁nhạc: 0.0048, ▁ổn: 0.3475, g: 0.1044, ▁đa: 0.0056, ▁dạng: 0.0089, ▁lắm: 0.0213, ▁á: 0.0275, ▁nhạc: 0.0074, ▁tình: 0.0057, ▁nhạc: 0.0055, ▁tế: 0.0015, t: 0.0426, ▁nhạc: 0.0047, ▁gia: 0.0828, ▁đình: 0.024, ▁nhạc: 0.0031, ▁phim: 0.0059, ▁nhạc: 0.0092, ▁đòi: 0.0036, ▁nợ: 0.0011, </s>: 0.0836",0.3031,7.8028
7271,nếu em muốn xuất phát sớm nên xuất phát từ lúc nghỉ hè nka =))) bây h ôn kĩ kthuc trên lớp ik vì hsa cs cả kthuc lớp 10 11 as,nếu em muốn xuất phát sớm nên xuất phát từ lúc nghỉ hè nha =))) bây giờ ôn kỹ kiến thức trên lớp đi vì HSA có cả kiến thức lớp 10 11 á,"<s>: 0.0142, ▁nếu: 0.0495, ▁em: 0.0855, ▁muốn: 0.0139, ▁xuất: 0.0178, ▁phát: 0.0199, ▁sớm: 0.0072, ▁nên: 0.0544, ▁xuất: 0.0059, ▁phát: 0.021, ▁từ: 0.0519, ▁lúc: 0.0199, ▁nghỉ: 0.004, ▁hè: 0.0071, ▁nha: 0.0138, ▁=: 0.0239, ))): 0.0148, ▁bây: 0.0015, ▁giờ: 0.0101, ▁: 0.2712, ôn: 0.002, ▁kỹ: 1.0159, ▁kiến: 0.4601, ▁thức: 0.0194, ▁trên: 0.0661, ▁lớp: 0.0044, ▁đi: 0.0264, ▁vì: 0.0277, ▁H: 7.314, SA: 1.656, ▁có: 0.0873, ▁cả: 0.0217, ▁kiến: 0.118, ▁thức: 0.0585, ▁lớp: 0.0066, ▁10: 0.0068, ▁11: 0.0098, ▁á: 0.0234, </s>: 0.1291",0.3016,7.314
6025,Mọi thứ đều xây dựng từ gốc ms bền mk lm về sức khoẻ và cx ik từ ziệc tư vấn free cho hàng trăm ng họ thành côg,Mọi thứ đều xây dựng từ gốc mới bền mình làm về sức khỏe và cũng đi từ việc tư vấn free cho hàng trăm người họ thành công,"<s>: 0.0132, ▁Mọi: 0.0109, ▁thứ: 0.0539, ▁đều: 0.0337, ▁xây: 0.0076, ▁dựng: 0.0283, ▁từ: 0.0291, ▁gốc: 0.0048, ▁mới: 0.0317, ▁bền: 0.0038, ▁mình: 0.0476, ▁làm: 0.0923, ▁về: 0.0656, ▁sức: 0.0045, <unk>: 8.3114, ▁và: 0.079, ▁cũng: 0.0643, ▁đi: 0.0179, ▁từ: 0.0206, ▁việc: 0.0175, ▁tư: 0.0128, ▁vấn: 0.0161, ▁free: 0.0027, ▁cho: 0.0883, ▁hàng: 0.011, ▁trăm: 0.0275, ▁người: 0.0475, ▁họ: 0.032, ▁thành: 0.0671, ▁công: 0.0085, </s>: 0.0739",0.3008,8.3114
4663,"1, Academic Officer (Part-time) - Yêu cầu cs IELTS 7.0 trở lên và từng ik dạy TA ạk.","1, Academic Officer (Part-time) - Yêu cầu có IELTS 7.0 trở lên và từng đi dạy tiếng Anh ạ.","<s>: 0.0137, ▁1: 0.0431, ,: 0.064, ▁Academic: 0.0032, ▁Officer: 0.0102, ▁(: 0.0489, Part: 0.0005, -: 0.0016, time: 0.1305, ): 0.0163, ▁-: 0.0348, ▁Yêu: 0.0072, ▁cầu: 0.0527, ▁có: 0.0645, ▁IELTS: 0.0004, ▁: 0.1086, 7.0: 0.0008, ▁trở: 0.0063, ▁lên: 0.0241, ▁và: 0.0682, ▁từng: 0.0037, ▁đi: 0.0521, ▁dạy: 0.0026, ▁tiếng: 7.441, ▁Anh: 0.0259, ▁ạ: 0.0313, .: 0.053, </s>: 0.0511",0.2986,7.441
6612,nếu nghỉ thì bro cs tìn đc ziệc ms ngay k và tk tiết kiệm của bro cs đủ để sinh hoạt trg ít nhất 6 tháng mak k cs ziệc k,nếu nghỉ thì bro có tìm được việc mới ngay không và tài khoản tiết kiệm của bro có đủ để sinh hoạt trong ít nhất 6 tháng mà không có việc không,"<s>: 0.0145, ▁nếu: 0.0556, ▁nghỉ: 0.0064, ▁thì: 0.0768, ▁bro: 0.0002, ▁có: 0.0809, ▁tìm: 8.2228, ▁được: 0.2155, ▁việc: 0.0044, ▁mới: 0.0177, ▁ngay: 0.0192, ▁không: 0.0783, ▁và: 0.0616, ▁tài: 0.7574, ▁khoản: 0.1438, ▁tiết: 0.0035, ▁kiệm: 0.0013, ▁của: 0.0993, ▁bro: 0.0002, ▁có: 0.0754, ▁đủ: 0.0117, ▁để: 0.0381, ▁sinh: 0.0353, ▁hoạt: 0.0269, ▁trong: 0.0363, ▁ít: 0.0061, ▁nhất: 0.0256, ▁6: 0.0149, ▁tháng: 0.0125, ▁mà: 0.0343, ▁không: 0.0377, ▁có: 0.0615, ▁việc: 0.0299, ▁không: 0.0609, </s>: 0.0618",0.298,8.2228
798,"Hồi mìk chụp nhóm 6ng là 350k/ng nhé nma h mih cx ko bt giá nnao, b ib hỏi lại a thợ nka","Hồi mình chụp nhóm 6 người là 350k/người nhé nhưng mà giờ mình cũng không biết giá như nào, bạn inbox hỏi lại anh thợ nha","<s>: 0.0139, ▁Hồ: 0.0095, i: 0.0447, ▁mình: 0.0305, ▁chụp: 0.0046, ▁nhóm: 0.0152, ▁6: 0.0193, ▁người: 0.5262, ▁là: 0.0484, ▁350: 0.0061, k: 0.0254, /: 0.0222, ng: 0.2461, ười: 7.5497, ▁nhé: 0.0171, ▁nhưng: 0.0847, ▁mà: 0.0321, ▁giờ: 0.0706, ▁mình: 0.0306, ▁cũng: 0.0692, ▁không: 0.0349, ▁biết: 0.0288, ▁giá: 0.084, ▁như: 0.1615, ▁nào: 0.7099, ,: 0.0873, ▁bạn: 0.0366, ▁in: 0.211, box: 0.0452, ▁hỏi: 0.0104, ▁lại: 0.031, ▁anh: 0.2008, ▁th: 0.0172, ợ: 0.0028, ▁nha: 0.0195, </s>: 0.096",0.2956,7.5497
1182,"T neh má, năm ngoái tháng 11 12 bảo mua cp xăng dầu, check giá r nhưg đ mua vì bị xót tiền vì mua liền 100 cp.","Tôi nè má, năm ngoái tháng 11 12 bảo mua cổ phiếu xăng dầu, check giá rồi nhưng đéo mua vì bị xót tiền vì mua liền 100 cổ phiếu.","<s>: 0.0154, ▁Tôi: 0.3986, ▁nè: 0.2462, ▁má: 0.0022, ,: 0.082, ▁năm: 0.0108, ▁ngoái: 0.0077, ▁tháng: 0.0077, ▁11: 0.0041, ▁12: 0.0097, ▁bảo: 0.0191, ▁mua: 0.0096, ▁cổ: 8.0684, ▁phiếu: 0.0728, ▁xăng: 0.0013, ▁dầu: 0.0089, ,: 0.11, ▁check: 0.0036, ▁giá: 0.0554, ▁rồi: 0.0489, ▁nhưng: 0.0893, ▁đ: 0.2226, é: 0.1764, o: 0.0273, ▁mua: 0.0251, ▁vì: 0.0236, ▁bị: 0.071, ▁x: 0.0315, ót: 0.002, ▁tiền: 0.0111, ▁vì: 0.0257, ▁mua: 0.0073, ▁liền: 0.0072, ▁100: 0.0065, ▁cổ: 1.028, ▁phiếu: 0.1277, .: 0.0759, </s>: 0.0742",0.2951,8.0684
7351,Tr ưi tui bị bực as😭😭😭 phí tiền kinh khủng cho mấy quả thầy bà này cơ mak toàn ph ck full trc ms đc đặt lịch chờ xem,Trời ơi tui bị bực á😭😭😭 phí tiền kinh khủng cho mấy quả thầy bà này cơ mà toàn phải chuyển khoản full trước mới được đặt lịch chờ xem,"<s>: 0.0156, ▁Trời: 0.0872, ▁ơi: 0.601, ▁tui: 0.199, ▁bị: 0.0608, ▁b: 0.0285, ực: 0.012, ▁á: 0.0632, <unk>: 0.121, <unk>: 0.0599, <unk>: 0.0643, ▁phí: 0.0029, ▁tiền: 0.0137, ▁kinh: 0.0057, ▁khủng: 0.0107, ▁cho: 0.0535, ▁mấy: 0.0103, ▁quả: 0.0034, ▁thầy: 0.0091, ▁bà: 0.0416, ▁này: 0.0408, ▁cơ: 0.0058, ▁mà: 0.0331, ▁toàn: 0.007, ▁phải: 0.0167, ▁chuyển: 8.1639, ▁khoản: 0.5417, ▁full: 0.0025, ▁trước: 0.1026, ▁mới: 0.0374, ▁được: 0.0544, ▁đặt: 0.0043, ▁lịch: 0.0021, ▁chờ: 0.0178, ▁xem: 0.0087, </s>: 0.0862",0.2941,8.1639
6997,b này xem bói Đây là 3 cái tên mìh kảm thấy khá là ok đối zới phương diện trg tâm tinh mìnk kảm thấy rất ok,bạn này xem bói Đây là 3 cái tên mình cảm thấy khá là ok đối với phương diện trong tâm linh mình cảm thấy rất ok,"<s>: 0.0148, ▁bạn: 0.0696, ▁này: 0.032, ▁xem: 0.0174, ▁bó: 0.001, i: 0.0295, ▁Đây: 0.0152, ▁là: 0.0484, ▁3: 0.0446, ▁cái: 0.011, ▁tên: 0.0072, ▁mình: 0.0278, ▁cảm: 0.076, ▁thấy: 0.0163, ▁khá: 0.0063, ▁là: 0.0375, ▁ok: 0.0023, ▁đối: 0.032, ▁với: 0.0598, ▁phương: 0.0055, ▁diện: 0.0272, ▁trong: 0.4556, ▁tâm: 0.0105, ▁linh: 7.4948, ▁mình: 0.0302, ▁cảm: 0.0879, ▁thấy: 0.0261, ▁rất: 0.0133, ▁ok: 0.0017, </s>: 0.0846",0.2929,7.4948
3855,"B ơi, mik chúc b nh sức khoẻ để cs thể hỗ trợ thêm nh ôg bà khó khăn nx nka 😇🙏 Kảm ơn b nh 😊","Bạn ơi, mình chúc bạn nhiều sức khỏe để có thể hỗ trợ thêm nhiều ông bà khó khăn nữa nha 😇🙏 Cảm ơn bạn nhiều 😊","<s>: 0.0139, ▁Bạn: 0.3773, ▁ơi: 0.0214, ,: 0.0609, ▁mình: 0.0368, ▁chúc: 0.0182, ▁bạn: 0.0353, ▁nhiều: 0.0414, ▁sức: 0.0033, <unk>: 7.2422, ▁để: 0.1677, ▁có: 0.0663, ▁thể: 0.0178, ▁hỗ: 0.0032, ▁trợ: 0.045, ▁thêm: 0.0389, ▁nhiều: 0.0586, ▁ông: 0.016, ▁bà: 0.018, ▁khó: 0.0087, ▁khăn: 0.0246, ▁nữa: 0.3837, ▁nha: 0.0215, ▁: 0.0506, <unk>: 0.0517, <unk>: 0.0684, ▁Cảm: 0.3518, ▁ơn: 0.0229, ▁bạn: 0.0612, ▁nhiều: 0.0269, ▁: 0.0732, <unk>: 0.0643, </s>: 0.091",0.2904,7.2422
7051,"Mẹo là trc khi ik đậy bếp lại, bếp gas bếp từ bếp nảo các bà nấu cơm ấy là âm binh k soi ra đc nhe","Mẹo là trước khi đi đậy bếp lại, bếp gas bếp từ bếp nào các bà nấu cơm ấy là âm binh không soi ra được nhe","<s>: 0.0142, ▁Mẹ: 0.0044, o: 0.114, ▁là: 0.0852, ▁trước: 0.0327, ▁khi: 0.0532, ▁đi: 0.0569, ▁đ: 0.018, ậy: 0.0017, ▁bếp: 0.0078, ▁lại: 0.0238, ,: 0.1284, ▁bếp: 0.0072, ▁gas: 0.0139, ▁bếp: 0.0026, ▁từ: 0.0303, ▁bếp: 0.0027, ▁nào: 7.5903, ▁các: 0.1378, ▁bà: 0.0173, ▁nấu: 0.0075, ▁cơm: 0.0014, ▁ấy: 0.029, ▁là: 0.1194, ▁âm: 0.0021, ▁binh: 0.0013, ▁không: 0.1051, ▁soi: 0.0003, ▁ra: 0.1424, ▁được: 0.067, ▁nh: 0.3546, e: 0.0092, </s>: 0.0751",0.2805,7.5903
8644,"Đâu cs, ảnh cs 6 cô bồ lận màk fan boy mừng như trẩy hội í 😔 năm nay thêm cô nx là mở tiệc lun","Đâu có, ảnh có sáu cô bồ lận mà fan boy mừng như trẩy hội ý 😔 năm nay thêm cô nữa là mở tiệc luôn","<s>: 0.0161, ▁Đ: 0.0635, â: 0.0133, u: 0.0385, ▁có: 0.0749, ,: 0.0885, ▁ảnh: 0.2173, ▁có: 0.0998, ▁sáu: 7.8141, ▁cô: 0.0224, ▁b: 0.027, ồ: 0.0183, ▁l: 0.0464, ận: 0.0019, ▁mà: 0.0666, ▁fan: 0.002, ▁boy: 0.0071, ▁mừng: 0.0039, ▁như: 0.0374, ▁tr: 0.0365, ẩ: 0.0055, y: 0.035, ▁hội: 0.0017, ▁ý: 0.8336, ▁: 0.0665, <unk>: 0.0709, ▁năm: 0.0218, ▁nay: 0.0574, ▁thêm: 0.0298, ▁cô: 0.0391, ▁nữa: 0.023, ▁là: 0.0628, ▁mở: 0.0018, ▁tiệc: 0.0009, ▁luôn: 0.02, </s>: 0.1014",0.2796,7.8141
3237,"Bác cho em hỏi là tầm chục năm trc b em bảo sang Úc ik lm, ik theo chính ngạch v cs lúc đók cs ph XKLĐ ko bác.","Bác cho em hỏi là tầm chục năm trước bạn em bảo sang Úc đi làm, đi theo chính ngạch vậy có lúc đó có phải xuất khẩu lao động không bác.","<s>: 0.0132, ▁Bác: 0.0111, ▁cho: 0.0444, ▁em: 0.0677, ▁hỏi: 0.0115, ▁là: 0.0327, ▁tầm: 0.0029, ▁chục: 0.0034, ▁năm: 0.036, ▁trước: 0.0329, ▁bạn: 0.0763, ▁em: 0.179, ▁bảo: 0.0402, ▁sang: 0.0402, ▁Úc: 0.0133, ▁đi: 0.0684, ▁làm: 0.0463, ,: 0.054, ▁đi: 0.0171, ▁theo: 0.021, ▁chính: 0.0096, ▁ng: 0.0428, ạch: 0.001, ▁vậy: 0.0356, ▁có: 0.0847, ▁lúc: 0.017, ▁đó: 0.0324, ▁có: 0.0993, ▁phải: 0.0141, ▁xuất: 8.6628, ▁khẩu: 0.1091, ▁la: 0.3216, o: 0.17, ▁động: 0.0243, ▁không: 0.0468, ▁bác: 0.0085, .: 0.0868, </s>: 0.0407",0.2794,8.6628
2455,Mk thấy cb nữ đg cs xu hướng k muốn lấy ck.sao mấy b ko nghĩ xa một chút dc nhỉ hiện tại thì sướng tht đấy,Mình thấy các bạn nữ đang có xu hướng không muốn lấy chồng. Sao mấy bạn không nghĩ xa một chút được nhỉ hiện tại thì sướng thật đấy,"<s>: 0.0141, ▁Mình: 0.0467, ▁thấy: 0.0173, ▁các: 0.1208, ▁bạn: 0.0612, ▁nữ: 0.0274, ▁đang: 0.0373, ▁có: 0.0456, ▁xu: 0.0029, ▁hướng: 0.0313, ▁không: 0.1222, ▁muốn: 0.0343, ▁lấy: 0.0088, ▁chồng: 0.0044, .: 0.1075, ▁Sao: 7.639, ▁mấy: 0.011, ▁bạn: 0.011, ▁không: 0.0857, ▁nghĩ: 0.0139, ▁xa: 0.0111, ▁một: 0.1557, ▁chút: 0.0089, ▁được: 0.0558, ▁nhỉ: 0.0026, ▁hiện: 0.0158, ▁tại: 0.0496, ▁thì: 0.0622, ▁sướng: 0.0007, ▁thật: 0.0212, ▁đấy: 0.0029, </s>: 0.0755",0.2783,7.639
6173,"B ấy cống hiến 1 năm mak cj chủ tâm lý dzữ v , mìh cống hiến 6-7 năm mak xin nghỉ cái là say Bye lun.","Bạn ấy cống hiến 1 năm mà chị chủ tâm lý dữ vậy , mình cống hiến 6-7 năm mà xin nghỉ cái là say bye luôn.","<s>: 0.0137, ▁Bạn: 0.0551, ▁ấy: 0.0333, ▁cố: 0.0037, ng: 0.0102, ▁hiến: 0.0019, ▁1: 0.0517, ▁năm: 0.0246, ▁mà: 0.0702, ▁chị: 0.194, ▁chủ: 0.0363, ▁tâm: 0.0174, ▁lý: 0.0652, ▁dữ: 0.0098, ▁vậy: 0.0199, ▁: 0.1277, ,: 0.0761, ▁mình: 0.0696, ▁cố: 0.0052, ng: 0.0164, ▁hiến: 0.002, ▁6-7: 0.0019, ▁năm: 0.0438, ▁mà: 0.0533, ▁xin: 0.0177, ▁nghỉ: 0.0029, ▁cái: 0.034, ▁là: 0.0809, ▁say: 0.0007, ▁by: 8.0099, e: 0.0104, ▁luôn: 0.0672, .: 0.1234, </s>: 0.0606",0.2768,8.0099
1812,"Zạ ""Jagiya"" trg phim hàn cs nghĩa là bé c as bà =))) còn 🐿️ là do ổng hay dùng cái icon cn sóc nên fan hay gọi là sóc iu as =)))","Dạ ""Jagiya"" trong phim Hàn có nghĩa là bé con á bà =))) còn 🐿️ là do ông hay dùng cái icon con sóc nên fan hay gọi là sóc yêu á =)))","<s>: 0.0155, ▁Dạ: 0.0491, ▁"": 0.0374, Jag: 0.0019, iya: 0.0024, "": 0.0186, ▁trong: 0.0236, ▁phim: 0.0123, ▁Hàn: 7.2045, ▁có: 0.67, ▁nghĩa: 0.0113, ▁là: 0.0204, ▁bé: 0.0113, ▁con: 0.0834, ▁á: 0.1043, ▁bà: 0.0246, ▁=: 0.0238, ))): 0.004, ▁còn: 0.0162, ▁: 0.3685, <unk>: 0.0424, <unk>: 0.0518, ▁là: 0.0339, ▁do: 0.0604, ▁ông: 2.2869, ▁hay: 0.0167, ▁dùng: 0.0129, ▁cái: 0.0265, ▁icon: 0.0002, ▁con: 0.0967, ▁sóc: 0.0459, ▁nên: 0.0414, ▁fan: 0.0012, ▁hay: 0.0116, ▁gọi: 0.0066, ▁là: 0.0259, ▁sóc: 0.0107, ▁yêu: 0.0278, ▁á: 0.0255, ▁=: 0.014, ))): 0.0034, </s>: 0.0294",0.2756,7.2045
2575,"Ôi bè ơi hay z lắm ó, t mak cứ up ảnh ck hoặc khoe cgi về ck là y như rằng tối về cãi nhau :)))","Ôi bè ơi hay vậy lắm đó, tôi mà cứ up ảnh chồng hoặc khoe cái gì về chồng là y như rằng tối về cãi nhau :)))","<s>: 0.0127, ▁Ô: 0.0107, i: 0.0419, ▁bè: 0.1965, ▁ơi: 0.0185, ▁hay: 0.0247, ▁vậy: 0.4703, ▁lắm: 0.0094, ▁đó: 7.082, ,: 0.0936, ▁tôi: 0.1441, ▁mà: 0.0805, ▁cứ: 0.0183, ▁up: 0.012, ▁ảnh: 0.0355, ▁chồng: 0.0235, ▁hoặc: 0.0493, ▁kho: 0.0072, e: 0.024, ▁cái: 0.0302, ▁gì: 0.025, ▁về: 0.057, ▁chồng: 0.008, ▁là: 0.0669, ▁y: 0.0116, ▁như: 0.1258, ▁rằng: 0.0103, ▁tối: 0.0036, ▁về: 0.02, ▁cãi: 0.0018, ▁nhau: 0.0086, <unk>: 0.1992, </s>: 0.0616",0.2723,7.082
7686,sau này nghĩ lại do sở thik của mik là cgi ds phiêu phiêu bay bay chứ k ở mặt đất như mng nên tự lm tự chịu hoy 😅,sau này nghĩ lại do sở thích của mình là cái gì đó phiêu phiêu bay bay chứ không ở mặt đất như mọi người nên tự làm tự chịu thôi 😅,"<s>: 0.0148, ▁sau: 0.0456, ▁này: 0.0335, ▁nghĩ: 0.0072, ▁lại: 0.0349, ▁do: 0.0609, ▁sở: 0.0043, ▁thích: 0.0143, ▁của: 0.1442, ▁mình: 0.0207, ▁là: 0.1091, ▁cái: 0.0814, ▁gì: 0.0442, ▁đó: 0.0211, ▁ph: 0.0318, iêu: 0.007, ▁ph: 0.0185, iêu: 0.009, ▁bay: 0.0021, ▁bay: 0.0041, ▁chứ: 0.0131, ▁không: 0.0907, ▁ở: 0.0434, ▁mặt: 0.0051, ▁đất: 0.0072, ▁như: 0.3037, ▁mọi: 0.0326, ▁người: 0.0923, ▁nên: 0.042, ▁tự: 0.0405, ▁làm: 0.0289, ▁tự: 0.0395, ▁chịu: 0.0039, ▁thôi: 8.4247, ▁: 0.0648, <unk>: 0.0522, </s>: 0.0507",0.2715,8.4247
8442,R mấy đứa nào lên bài mồm ik hơi xa thì cx lên bài xl ik nhé 😃 đéo p kiểu chửi cho đã mồm xog đéo ph thì xoá bài phủi đít ik đâu,Rồi mấy đứa nào lên bài mồm đi hơi xa thì cũng lên bài xin lỗi đi nhé 😃 đéo phải kiểu chửi cho đã mồm xong đéo phải thì xóa bài phủi đít đi đâu,"<s>: 0.0152, ▁Rồi: 0.0265, ▁mấy: 0.0082, ▁đứa: 0.0101, ▁nào: 0.0232, ▁lên: 0.0315, ▁bài: 0.0046, ▁mồ: 0.0027, m: 0.0828, ▁đi: 0.0474, ▁hơi: 0.0041, ▁xa: 0.0136, ▁thì: 0.0324, ▁cũng: 0.071, ▁lên: 0.0384, ▁bài: 0.0047, ▁xin: 0.8907, ▁lỗi: 0.0037, ▁đi: 0.0223, ▁nhé: 0.017, <unk>: 0.281, ▁đ: 0.0107, é: 0.0124, o: 0.0282, ▁phải: 0.0465, ▁kiểu: 0.0308, ▁ch: 0.0586, ử: 0.0258, i: 0.0426, ▁cho: 0.0696, ▁đã: 0.0154, ▁mồ: 0.0018, m: 0.0658, ▁xong: 0.1244, ▁đ: 0.0028, é: 0.0049, o: 0.0241, ▁phải: 0.0147, ▁thì: 0.0319, <unk>: 10.4562, ▁bài: 0.0072, ▁phủ: 0.001, i: 0.068, ▁đ: 0.0402, ít: 0.0051, ▁đi: 0.0174, ▁đâu: 0.0177, </s>: 0.0745",0.2694,10.4562
1228,ko hiểu ts nc mik cs mỏ dầu cs nhà máy lọc dầu Dung Quất tầm cở z giới mak ng dân p chịu mức giá xăng cao hơn các nc trg khi vực hầu như họ ko cs zì đến 30%.,không hiểu tại sao nước mình có mỏ dầu có nhà máy lọc dầu Dung Quất tầm cỡ thế giới mà người dân phải chịu mức giá xăng cao hơn các nước trong khu vực hầu như họ không có gì đến 30%.,"<s>: 0.0137, ▁không: 0.1363, ▁hiểu: 0.0124, ▁tại: 0.0722, ▁sao: 0.4336, ▁nước: 0.1493, ▁mình: 0.0299, ▁có: 0.0578, ▁m: 0.0242, ỏ: 0.0111, ▁dầu: 0.0027, ▁có: 0.0879, ▁nhà: 0.0083, ▁máy: 0.0178, ▁lọc: 0.0002, ▁dầu: 0.0055, ▁Dung: 0.0007, ▁Qu: 0.0049, ấ: 0.0246, t: 0.017, ▁tầm: 0.0004, ▁cỡ: 3.1828, ▁thế: 0.4136, ▁giới: 0.0227, ▁mà: 0.1086, ▁người: 0.054, ▁dân: 0.0277, ▁phải: 0.1166, ▁chịu: 0.0072, ▁mức: 0.004, ▁giá: 0.0323, ▁xăng: 0.0024, ▁cao: 0.0318, ▁hơn: 0.0215, ▁các: 0.0331, ▁nước: 0.0192, ▁trong: 0.085, ▁khu: 7.2593, ▁vực: 0.0009, ▁hầu: 0.0006, ▁như: 0.021, ▁họ: 0.0321, ▁không: 0.0747, ▁có: 0.0634, ▁gì: 0.0309, ▁đến: 0.0238, ▁30%: 0.0022, .: 0.1042, </s>: 0.0553",0.2641,7.2593
8399,Các bông tuyết ơi nhắc đến Running Man là p chs dơ BB Trần noi r “Không chs dơ s màk thắng đc” ( khác vs chs bẩn,Các bông tuyết ơi nhắc đến Running Man là phải chơi dơ BB Trần nói rồi “Không chơi dơ sao mà thắng được” ( khác với chơi bẩn,"<s>: 0.0135, ▁Các: 0.0588, ▁bông: 0.0051, ▁tuyết: 0.0041, ▁ơi: 0.0179, ▁nhắc: 0.0042, ▁đến: 0.0203, ▁Run: 0.0026, ning: 0.0027, ▁Man: 0.0018, ▁là: 0.0723, ▁phải: 0.0667, ▁chơi: 0.0946, ▁d: 0.0916, ơ: 0.0101, ▁BB: 0.0025, ▁Trần: 0.0001, ▁nói: 8.2336, ▁rồi: 0.1029, ▁“: 0.0229, Không: 0.2374, ▁chơi: 0.037, ▁d: 0.1061, ơ: 0.0246, ▁sao: 0.0231, ▁mà: 0.056, ▁thắng: 0.0103, ▁được: 0.0489, ”: 0.0092, ▁(: 0.0269, ▁khác: 0.0045, ▁với: 0.026, ▁chơi: 0.0484, ▁b: 0.0159, ẩ: 0.0122, n: 0.0115, </s>: 0.0716",0.2594,8.2336
2073,"Khổ lắm bth ck bà vẫn tự rửa và tối nào cug rửa kìa:)) bữa nay ms k rửa mak k bảo bà ý cx kh bik ht bình nên bực chứ cgi màk "" ck khuyết tật""","Khổ lắm bình thường chồng bà vẫn tự rửa và tối nào cũng rửa kìa:)) bữa nay mới không rửa mà không bảo bà ấy cũng không biết hết bình nên bực chứ cái gì mà "" chồng khuyết tật""","<s>: 0.0144, ▁Kh: 0.0225, ổ: 0.0113, ▁lắm: 0.0139, ▁bình: 0.0736, ▁thường: 0.0262, ▁chồng: 0.0229, ▁bà: 0.034, ▁vẫn: 0.0201, ▁tự: 0.0316, ▁rửa: 0.0023, ▁và: 0.0687, ▁tối: 0.0371, ▁nào: 0.0156, ▁cũng: 0.0184, ▁rửa: 0.0076, ▁kì: 0.0054, a: 0.0074, :)): 0.0013, ▁bữa: 0.0019, ▁nay: 0.0823, ▁mới: 0.0077, ▁không: 0.0744, ▁rửa: 0.0023, ▁mà: 0.0394, ▁không: 0.0629, ▁bảo: 0.0347, ▁bà: 0.0681, ▁ấy: 10.548, ▁cũng: 0.0557, ▁không: 0.0159, ▁biết: 0.0051, ▁hết: 0.0071, ▁bình: 0.006, ▁nên: 0.1013, ▁b: 0.0192, ực: 0.0028, ▁chứ: 0.0043, ▁cái: 0.0727, ▁gì: 0.0701, ▁mà: 0.043, ▁"": 0.1092, ▁chồng: 0.0969, ▁khuyết: 0.0009, ▁tật: 0.0013, "": 0.0234, </s>: 0.085",0.2569,10.548
1937,thứ nhất nhé đã chấp nhận quen dhs thì trái h trái giấc nên ph chịu thứ hai là nếu đòi thì đòi tỏ ra hiểu chuyện lgi r lại đăng lên ấm ức?,thứ nhất nhé đã chấp nhận quen du học sinh thì trái giờ trái giấc nên phải chịu thứ hai là nếu đòi thì đòi tỏ ra hiểu chuyện làm gì rồi lại đăng lên ấm ức?,"<s>: 0.0137, ▁thứ: 0.0119, ▁nhất: 0.0899, ▁nhé: 0.0609, ▁đã: 0.0303, ▁chấp: 0.0047, ▁nhận: 0.0278, ▁quen: 0.0023, ▁du: 8.6991, ▁học: 0.2586, ▁sinh: 0.005, ▁thì: 0.0992, ▁trái: 0.0019, ▁giờ: 0.0389, ▁trái: 0.0008, ▁giấc: 0.0017, ▁nên: 0.0391, ▁phải: 0.0074, ▁chịu: 0.0034, ▁thứ: 0.02, ▁hai: 0.1234, ▁là: 0.1125, ▁nếu: 0.0262, ▁đòi: 0.0047, ▁thì: 0.1133, ▁đòi: 0.006, ▁tỏ: 0.0005, ▁ra: 0.026, ▁hiểu: 0.0086, ▁chuyện: 0.0124, ▁làm: 0.0547, ▁gì: 0.0721, ▁rồi: 0.0184, ▁lại: 0.0495, ▁đăng: 0.0042, ▁lên: 0.0287, ▁ấm: 0.0003, ▁: 0.0512, ức: 0.0026, ?: 0.062, </s>: 0.0641",0.2502,8.6991
6396,Lịch trình của mk đến ĐN đầu tiên và thuê xe máy ở ĐN tự ik xuống Hội An sẽ chủ động và chi phí zẻ hơn so vs b book taxi từ ĐN - HA ds,Lịch trình của mình đến Đà Nẵng đầu tiên và thuê xe máy ở Đà Nẵng tự đi xuống Hội An sẽ chủ động và chi phí rẻ hơn so với bạn book taxi từ Đà Nẵng - Hội An đó,"<s>: 0.0138, ▁Lịch: 0.0102, ▁trình: 0.0325, ▁của: 0.0677, ▁mình: 0.0528, ▁đến: 0.0277, ▁Đà: 0.2713, ▁Nẵng: 0.0438, ▁đầu: 0.0252, ▁tiên: 0.0303, ▁và: 0.0503, ▁thuê: 0.0038, ▁xe: 0.0227, ▁máy: 0.0048, ▁ở: 0.0584, ▁Đà: 0.136, ▁Nẵng: 0.0639, ▁tự: 0.0178, ▁đi: 0.0409, ▁xuống: 0.0061, ▁Hội: 0.0042, ▁An: 0.0216, ▁sẽ: 0.0254, ▁chủ: 0.0134, ▁động: 0.0233, ▁và: 0.1417, ▁chi: 0.0621, ▁phí: 0.0313, ▁rẻ: 0.0404, ▁hơn: 0.0734, ▁so: 0.0588, ▁với: 0.0248, ▁bạn: 0.0248, ▁book: 0.0003, ▁taxi: 0.0043, ▁từ: 0.0532, ▁Đà: 0.2588, ▁Nẵng: 0.0825, ▁-: 0.1059, ▁Hội: 8.0694, ▁An: 0.3485, ▁đó: 0.031, </s>: 0.0776",0.2455,8.0694
6,mng ơi tiếng trung hsk5 mak cs định hướng lm bank thì cs giúp ích j k ạk 😭để em cân nhắc lại định hướng chứ hc mak k dùng e thấy phí q,mọi người ơi tiếng trung hsk5 mà có định hướng làm bank thì có giúp ích gì không ạ 😭để em cân nhắc lại định hướng chứ học mà không dùng em thấy phí quá,"<s>: 0.0142, ▁mọi: 0.0578, ▁người: 0.0545, ▁ơi: 0.0125, ▁tiếng: 0.0159, ▁trung: 0.0144, ▁h: 7.7522, sk: 1.0543, 5: 0.0073, ▁mà: 0.0304, ▁có: 0.0631, ▁định: 0.0042, ▁hướng: 0.0068, ▁làm: 0.0427, ▁bank: 0.0168, ▁thì: 0.054, ▁có: 0.086, ▁giúp: 0.0141, ▁ích: 0.0175, ▁gì: 0.0207, ▁không: 0.0729, ▁ạ: 0.0095, ▁: 0.0908, <unk>: 0.0523, đ: 0.0209, ể: 0.1222, ▁em: 0.0607, ▁cân: 0.0003, ▁nhắc: 0.0056, ▁lại: 0.0226, ▁định: 0.0041, ▁hướng: 0.0059, ▁chứ: 0.0092, ▁học: 0.0172, ▁mà: 0.0318, ▁không: 0.0701, ▁dùng: 0.0148, ▁em: 0.1394, ▁thấy: 0.0111, ▁phí: 0.0031, ▁quá: 0.0248, </s>: 0.1473",0.2447,7.7522
5085,Nam Mô Đại Nguyên Địa Tạng Vương Bồ Tát Ma Ha Tát Nam Mô Đại Nguyện Địa Tạng Vương Bồ Tát Ma Ha Tát Nam Mô Đại Nguyện Địa Tạng Vương Bồ Tát Ma Ha Tát 🙏🏻🙏🏻🙏🏻,Nam Mô Đại Nguyện Địa Tạng Vương Bồ Tát Ma Ha Tát Nam Mô Đại Nguyện Địa Tạng Vương Bồ Tát Ma Ha Tát Nam Mô Đại Nguyện Địa Tạng Vương Bồ Tát Ma Ha Tát 🙏🏻🙏🏻🙏🏻,"<s>: 0.0137, ▁Nam: 0.0133, ▁Mô: 0.001, ▁Đại: 0.001, ▁Ngu: 10.2791, y: 0.0182, ệ: 0.0051, n: 0.0298, ▁Địa: 0.0064, ▁T: 0.0236, ạ: 0.0497, ng: 0.0101, ▁Vương: 0.0021, ▁Bồ: 0.0013, ▁Tá: 0.0038, t: 0.0469, ▁Ma: 0.1616, ▁Ha: 0.0109, ▁Tá: 0.0007, t: 0.039, ▁Nam: 0.007, ▁Mô: 0.001, ▁Đại: 0.0004, ▁Ngu: 0.0041, y: 0.0208, ệ: 0.0057, n: 0.0218, ▁Địa: 0.0073, ▁T: 0.0265, ạ: 0.0462, ng: 0.0117, ▁Vương: 0.0029, ▁Bồ: 0.0008, ▁Tá: 0.0086, t: 0.0652, ▁Ma: 0.0722, ▁Ha: 0.0087, ▁Tá: 0.0008, t: 0.0854, ▁Nam: 2.6214, ▁Mô: 0.0042, ▁Đại: 0.0018, ▁Ngu: 0.0135, y: 0.0179, ệ: 0.0082, n: 0.0269, ▁Địa: 0.0114, ▁T: 0.0301, ạ: 0.0471, ng: 0.0107, ▁Vương: 0.0038, ▁Bồ: 0.0011, ▁Tá: 0.0106, t: 0.0452, ▁Ma: 0.065, ▁Ha: 0.0101, ▁Tá: 0.0007, t: 0.0753, ▁: 0.7429, <unk>: 0.0394, <unk>: 0.0351, <unk>: 0.0267, <unk>: 0.0518, </s>: 0.6041",0.2441,10.2791
4411,❌ẢNH THT TUI CHỤP ĐÓK NKA Lm mẹ bỉm nên tui cần túi to bự thui nên pass lại 2 em này toàn cất tủ ko mang.,❌ẢNH THẬT TUI CHỤP ĐÓ NHA Làm mẹ bỉm nên tui cần túi to bự thôi nên pass lại 2 em này toàn cất tủ không mang.,"<s>: 0.0145, ▁: 0.0886, <unk>: 0.0432, Ả: 0.0181, NH: 0.0045, ▁TH: 0.8653, Ậ: 0.2179, T: 0.2119, ▁TU: 0.0963, I: 0.026, ▁CH: 0.0472, Ụ: 0.0075, P: 0.0384, ▁Đ: 0.061, Ó: 0.0214, ▁N: 7.0841, HA: 0.1183, ▁Làm: 0.1265, ▁mẹ: 0.041, ▁b: 0.084, ỉ: 0.024, m: 0.0241, ▁nên: 0.0938, ▁tui: 0.082, ▁cần: 0.0137, ▁túi: 0.0018, ▁to: 0.0397, ▁b: 0.0257, ự: 0.0083, ▁thôi: 0.0415, ▁nên: 0.0586, ▁pass: 0.0001, ▁lại: 0.1125, ▁2: 0.0448, ▁em: 0.0418, ▁này: 0.05, ▁toàn: 0.0039, ▁cất: 0.0019, ▁tủ: 0.001, ▁không: 0.0931, ▁mang: 0.0045, .: 0.0986, </s>: 0.0661",0.236,7.0841
7227,"🚨 Tạo hình của nàng Thiên Nga Đen Phùng Khánh Linh trg trailer MV ""Nhả Vía"" của c Kiều Ank 🥹🦢🖤 Mận qá các mẹ ơiiiiiii ‼️‼️‼️‼️","🚨 Tạo hình của nàng Thiên Nga Đen Phùng Khánh Linh trong trailer MV ""Nhả Vía"" của chị Kiều Anh 🥹🦢🖤 Mận quá các mẹ ơi ‼️‼️‼️‼️","<s>: 0.0142, ▁: 0.0762, <unk>: 0.0201, ▁T: 0.0338, ạo: 0.0036, ▁hình: 0.0213, ▁của: 0.123, ▁nàng: 0.0061, ▁Thiên: 0.0003, ▁Nga: 0.0086, ▁Đ: 0.0616, en: 0.0783, ▁Ph: 0.0097, ùng: 0.0008, ▁Khánh: 0.0002, ▁Linh: 0.0015, ▁trong: 0.0804, ▁trailer: 0.0031, ▁MV: 0.0087, ▁"": 0.0784, N: 0.0215, h: 0.0098, ả: 0.0131, ▁Ví: 0.0008, a: 0.0101, "": 0.0319, ▁của: 0.0481, ▁chị: 0.5475, ▁Kiều: 0.0003, ▁Anh: 0.361, ▁: 0.0792, <unk>: 0.0427, <unk>: 0.063, ▁M: 0.0252, ận: 0.0007, ▁quá: 0.0172, ▁các: 0.0734, ▁mẹ: 0.0126, ▁ơi: 0.014, <unk>: 7.5044, <unk>: 0.0834, !!: 0.057, <unk>: 0.0801, !!: 0.161, <unk>: 0.0781, !!: 0.1628, <unk>: 0.144, </s>: 0.7858",0.2304,7.5044
7383,"Lá này k xấu đâu ạk, vận ik hơi gánh vác tí th, b hợp lm các nghề về sư phạm, thiết kế, cs tíh tỉ mĩ cẩn thận cao.","Lá này không xấu đâu ạ, vận đi hơi gánh vác tí thôi, bạn hợp làm các nghề về sư phạm, thiết kế, có tính tỉ mỉ cẩn thận cao.","<s>: 0.0122, ▁Lá: 0.0058, ▁này: 0.0468, ▁không: 0.0769, ▁xấu: 0.0091, ▁đâu: 0.0128, ▁ạ: 0.0211, ,: 0.0613, ▁vận: 0.0023, ▁đi: 0.04, ▁hơi: 0.001, ▁gá: 0.0002, nh: 0.0649, ▁v: 0.0837, ác: 0.0086, ▁tí: 0.0035, ▁thôi: 0.0274, ,: 0.1124, ▁bạn: 0.0467, ▁hợp: 0.0211, ▁làm: 0.0262, ▁các: 0.0451, ▁nghề: 0.0072, ▁về: 0.0315, ▁sư: 0.0577, ▁phạm: 0.0012, ,: 0.1212, ▁thiết: 0.0033, ▁kế: 0.0395, ,: 0.0884, ▁có: 0.0641, ▁tính: 0.0044, ▁tỉ: 0.0008, ▁m: 0.1025, ỉ: 7.1867, ▁cẩn: 0.0009, ▁thận: 0.0064, ▁cao: 0.023, .: 0.1023, </s>: 0.0714",0.216,7.1867
895,… (được check mỹ phẩm thoải mai nếu cs yêu cầu) Lh zalo: 0869.245.247 (Thanh Thuỳ) Hoặc ig: stormi..h3t Cám ơn các tình iu 💋💋💋,… (được check mỹ phẩm thoải mái nếu có yêu cầu) Liên hệ zalo: 0869.245.247 (Thanh Thuỳ) Hoặc instagram: stormi..h3t Cám ơn các tình yêu 💋💋💋,"<s>: 0.0134, ▁...: 0.0166, ▁(: 0.1417, đ: 0.034, ược: 0.0593, ▁check: 0.006, ▁mỹ: 0.0016, ▁phẩm: 0.0435, ▁thoải: 0.0021, ▁mái: 8.511, ▁nếu: 0.0672, ▁có: 0.0512, ▁yêu: 0.0162, ▁cầu: 0.046, ): 0.0259, ▁Liên: 0.522, ▁hệ: 0.0121, ▁za: 0.0206, lo: 0.0091, :: 0.0418, ▁08: 0.0055, 69: 0.0009, .: 0.044, 24: 0.0043, 5.2: 0.0496, 47: 0.0451, ▁(: 0.0525, Tha: 0.0014, nh: 0.0421, ▁Thu: 0.014, ỳ: 0.0027, ): 0.0341, ▁Ho: 0.1032, ặc: 0.0221, ▁instagram: 0.1648, :: 0.0284, ▁stor: 0.0002, mi: 0.0036, .: 0.0865, .: 0.1064, h: 0.1202, 3: 0.0264, t: 0.4029, ▁Cá: 0.0016, m: 0.0249, ▁ơn: 0.0324, ▁các: 0.0733, ▁tình: 0.0062, ▁yêu: 0.0292, ▁: 0.2489, <unk>: 0.0455, <unk>: 0.0347, <unk>: 0.0416, </s>: 0.0616",0.2149,8.511
8278,Cho em nắm tay ank một chút dko Nhx điều sau đây xin phép đc ns tht lòng Em ko chắc em đg kảm thấy điều dzề Nma nhớ ank chỉ muốn thấy ah ngay ở bên cạnh=))),Cho em nắm tay anh một chút được không Những điều sau đây xin phép được nói thật lòng Em không chắc em đang cảm thấy điều gì Nhưng mà nhớ anh chỉ muốn thấy anh ngay ở bên cạnh =))),"<s>: 0.014, ▁Cho: 0.0318, ▁em: 0.0483, ▁nắm: 0.001, ▁tay: 0.0158, ▁anh: 0.0255, ▁một: 0.0529, ▁chút: 0.0049, ▁được: 0.1717, ▁không: 0.1087, ▁Những: 0.0761, ▁điều: 0.0238, ▁sau: 0.0275, ▁đây: 0.0172, ▁xin: 0.0062, ▁phép: 0.0015, ▁được: 0.0863, ▁nói: 0.0597, ▁thật: 0.0804, ▁lòng: 0.0085, ▁Em: 0.0145, ▁không: 0.0393, ▁chắc: 0.0065, ▁em: 0.0628, ▁đang: 0.0278, ▁cảm: 0.0597, ▁thấy: 0.0208, ▁điều: 0.0164, ▁gì: 0.0119, ▁Nhưng: 0.1327, ▁mà: 0.0334, ▁nhớ: 0.0222, ▁anh: 0.0182, ▁chỉ: 0.0898, ▁muốn: 0.0136, ▁thấy: 0.0188, ▁anh: 0.0109, ▁ngay: 0.0122, ▁ở: 0.0427, ▁bên: 0.0259, ▁cạnh: 0.0126, ▁=: 7.2689, ))): 0.0089, </s>: 0.0668",0.2023,7.2689
2780,Ý của mk: - Về nhà ny 26 Tết - tối 29 lên xe về nội - Ở nhà mk tới ht mùng 3 - Sáng mùng 4 về ngoại tới Mùng 10 Ý của ny: - Tết nhà ai về nhà nấy (nhưng mik khó yêu xa) - Mỗi năm 1 bên,Ý của mình: - Về nhà người yêu 26 Tết - tối 29 lên xe về nội - Ở nhà mình tới hết mùng 3 - Sáng mùng 4 về ngoại tới Mùng 10 Ý của người yêu: - Tết nhà ai về nhà nấy (nhưng mình khó yêu xa) - Mỗi năm 1 bên,"<s>: 0.0143, ▁Ý: 0.0064, ▁của: 0.0521, ▁mình: 0.3023, :: 0.0957, ▁-: 0.0355, ▁Về: 0.0073, ▁nhà: 0.0393, ▁người: 0.0252, ▁yêu: 0.0245, ▁26: 0.0037, ▁Tết: 0.0113, ▁-: 0.0543, ▁tối: 0.0323, ▁29: 0.0048, ▁lên: 0.0109, ▁xe: 0.013, ▁về: 0.0317, ▁nội: 0.0283, ▁-: 0.0366, ▁Ở: 0.0107, ▁nhà: 0.0416, ▁mình: 0.1625, ▁tới: 0.0137, ▁hết: 0.0314, ▁m: 0.1573, ùng: 0.003, ▁3: 0.0397, ▁-: 0.0438, ▁Sáng: 0.0085, ▁m: 0.1131, ùng: 0.0011, ▁4: 0.0125, ▁về: 0.0233, ▁ngoại: 0.0079, ▁tới: 0.0096, ▁M: 0.0511, ùng: 0.004, ▁10: 0.0031, ▁Ý: 0.0061, ▁của: 0.0579, ▁người: 0.0191, ▁yêu: 0.025, :: 0.0985, ▁-: 0.0243, ▁Tết: 0.0043, ▁nhà: 0.0825, ▁ai: 0.0102, ▁về: 0.0181, ▁nhà: 0.0318, ▁n: 0.371, ấ: 0.0029, y: 0.027, ▁(: 0.0307, nh: 0.0093, ư: 0.018, ng: 0.0102, ▁mình: 0.0527, ▁khó: 0.0064, ▁yêu: 0.0337, ▁xa: 0.0084, ): 0.0261, ▁-: 8.6693, </s>: 0.7691",0.1872,8.6693
4656,cực phù hợp cho sv) Part-time: 08:30 - 13:30 hoặc 17:00 - 22:00 Full-time: 08:30 - 17:30 hoặc 13:00 - 22:00 (Xoay ca) 📩 ỨNG TUYỂN NGAY TẠI: 📋 Điền form:,cực phù hợp cho sinh viên) Part-time: 08:30 - 13:30 hoặc 17:00 - 22:00 Full-time: 08:30 - 17:30 hoặc 13:00 - 22:00 (Xoay ca) 📩 ỨNG TUYỂN NGAY TẠI: 📋 Điền form:,"<s>: 0.0133, ▁cực: 0.0109, ▁phù: 0.0248, ▁hợp: 0.0733, ▁cho: 0.0293, ▁sinh: 0.0207, ▁viên: 0.028, ): 0.2094, ▁Part: 0.009, -: 0.0016, time: 0.1391, :: 0.0439, ▁08: 0.0072, :: 0.0581, 30: 0.0057, ▁-: 0.0302, ▁13:30: 0.0354, ▁hoặc: 0.0287, ▁17:00: 0.0089, ▁-: 0.0728, ▁22:00: 0.0066, ▁Full: 0.0355, -: 0.0022, time: 0.1707, :: 0.0458, ▁08: 0.0058, :: 0.0554, 30: 0.0055, ▁-: 0.0634, ▁17:30: 0.0421, ▁hoặc: 0.0236, ▁13:00: 0.0312, ▁-: 0.0573, ▁22:00: 0.0074, ▁(: 0.0339, X: 0.0132, o: 0.035, ay: 0.0002, ▁ca: 0.005, ): 0.0445, ▁: 0.0716, <unk>: 0.0198, ▁: 0.0613, Ứ: 0.0025, NG: 0.0205, ▁TU: 0.0038, Y: 0.0051, Ể: 0.0019, N: 0.0152, ▁N: 0.0646, GAY: 0.0006, ▁TẠI: 0.0019, :: 0.0335, ▁: 0.6849, <unk>: 0.0488, ▁Đ: 0.0407, iền: 0.0025, ▁form: 0.0003, :: 0.0678, </s>: 0.0943",0.0463,30.0
